45566	48332	136162	133368	2767	2795	96.10	6854980	137471	0.04	2.03	NC_030986.1	KK035846.1
48740	55215	106783	100323	6476	6461	97.41	6854980	137471	0.09	4.70	NC_030986.1	KK035846.1
55749	75748	99789	79787	20000	20003	97.55	6854980	137471	0.29	14.55	NC_030986.1	KK035846.1
76401	93609	79801	62633	17209	17169	98.10	6854980	137471	0.25	12.49	NC_030986.1	KK035846.1
107482	108078	61128	60531	597	598	90.13	6854980	137471	0.01	0.44	NC_030986.1	KK035846.1
108078	115999	60065	52153	7922	7913	96.85	6854980	137471	0.12	5.76	NC_030986.1	KK035846.1
117249	119959	41560	38848	2711	2713	96.24	6854980	137471	0.04	1.97	NC_030986.1	KK035846.1
124223	125093	32587	31716	871	872	93.23	6854980	137471	0.01	0.63	NC_030986.1	KK035846.1
126839	129074	31436	29199	2236	2238	97.28	6854980	137471	0.03	1.63	NC_030986.1	KK035846.1
129275	136855	29120	21538	7581	7583	98.00	6854980	137471	0.11	5.52	NC_030986.1	KK035846.1
136857	140171	21392	18079	3315	3314	95.61	6854980	137471	0.05	2.41	NC_030986.1	KK035846.1
140690	144352	14873	11214	3663	3660	96.89	6854980	137471	0.05	2.66	NC_030986.1	KK035846.1
147089	153692	11216	4605	6604	6612	95.41	6854980	137471	0.10	4.81	NC_030986.1	KK035846.1
153680	153983	3527	3195	304	333	85.29	6854980	137471	0.00	0.24	NC_030986.1	KK035846.1
153898	154139	2259	2018	242	242	93.80	6854980	137471	0.00	0.18	NC_030986.1	KK035846.1
154253	154471	23180	23393	219	214	94.52	6854980	51956	0.00	0.41	NC_030986.1	JH651418.1
154894	156516	152675	151050	1623	1626	86.96	6854980	2142601	0.02	0.08	NC_030986.1	JH651393.1
154963	157007	2014735	2016780	2045	2046	86.27	6854980	2019370	0.03	0.10	NC_030986.1	JH651394.1
156847	157698	150749	149898	852	852	85.58	6854980	2142601	0.01	0.04	NC_030986.1	JH651393.1
157696	160366	113848	111183	2671	2666	89.48	6854980	250012	0.04	1.07	NC_030986.1	JH651405.1
157752	160862	149691	146574	3111	3118	89.60	6854980	2142601	0.05	0.15	NC_030986.1	JH651393.1
161341	162896	10322	11879	1556	1558	91.08	6854980	2142601	0.02	0.07	NC_030986.1	JH651393.1
161346	162899	23755	22200	1554	1556	89.91	6854980	2471847	0.02	0.06	NC_030986.1	JH651391.1
163586	163850	144998	144734	265	265	93.96	6854980	2142601	0.00	0.01	NC_030986.1	JH651393.1
163858	164751	2022	1111	894	912	90.91	6854980	137471	0.01	0.66	NC_030986.1	KK035846.1
170541	171256	1038	325	716	714	94.97	6854980	137471	0.01	0.52	NC_030986.1	KK035846.1
171390	171576	325	139	187	187	96.26	6854980	137471	0.00	0.14	NC_030986.1	KK035846.1
171606	208351	132	36806	36746	36675	97.27	6854980	1675914	0.54	2.19	NC_030986.1	JH651395.1
210538	216308	36895	42661	5771	5767	97.14	6854980	1675914	0.08	0.34	NC_030986.1	JH651395.1
216954	240836	42645	66518	23883	23874	98.39	6854980	1675914	0.35	1.42	NC_030986.1	JH651395.1
243297	263058	68424	88149	19762	19726	97.52	6854980	1675914	0.29	1.18	NC_030986.1	JH651395.1
263059	269135	90144	96221	6077	6078	98.44	6854980	1675914	0.09	0.36	NC_030986.1	JH651395.1
269329	269739	107658	108069	411	412	89.81	6854980	1675914	0.01	0.02	NC_030986.1	JH651395.1
269740	274794	108409	113491	5055	5083	97.60	6854980	1675914	0.07	0.30	NC_030986.1	JH651395.1
275032	288042	113708	126716	13011	13009	98.73	6854980	1675914	0.19	0.78	NC_030986.1	JH651395.1
288195	295842	126712	134363	7648	7652	97.58	6854980	1675914	0.11	0.46	NC_030986.1	JH651395.1
295819	359230	134400	197804	63412	63405	97.86	6854980	1675914	0.93	3.78	NC_030986.1	JH651395.1
359218	370712	202648	214125	11495	11478	97.09	6854980	1675914	0.17	0.68	NC_030986.1	JH651395.1
370955	389964	214113	233128	19010	19016	97.86	6854980	1675914	0.28	1.13	NC_030986.1	JH651395.1
390507	391886	233988	235365	1380	1378	89.37	6854980	1675914	0.02	0.08	NC_030986.1	JH651395.1
393099	393489	237977	237587	391	391	87.47	6854980	1675914	0.01	0.02	NC_030986.1	JH651395.1
395197	401555	238909	245261	6359	6353	96.64	6854980	1675914	0.09	0.38	NC_030986.1	JH651395.1
401736	405601	245263	249136	3866	3874	96.52	6854980	1675914	0.06	0.23	NC_030986.1	JH651395.1
409547	431855	277407	299706	22309	22300	97.49	6854980	1675914	0.33	1.33	NC_030986.1	JH651395.1
433916	438830	301665	306594	4915	4930	97.12	6854980	1675914	0.07	0.29	NC_030986.1	JH651395.1
438971	479491	306722	347262	40521	40541	97.55	6854980	1675914	0.59	2.42	NC_030986.1	JH651395.1
479491	481194	347375	349078	1704	1704	98.24	6854980	1675914	0.02	0.10	NC_030986.1	JH651395.1
481158	499907	349198	368001	18750	18804	96.16	6854980	1675914	0.27	1.12	NC_030986.1	JH651395.1
500152	506642	368002	374423	6491	6422	95.19	6854980	1675914	0.09	0.38	NC_030986.1	JH651395.1
507998	510146	383747	381605	2149	2143	93.79	6854980	1675914	0.03	0.13	NC_030986.1	JH651395.1
510409	516823	380858	374426	6415	6433	95.86	6854980	1675914	0.09	0.38	NC_030986.1	JH651395.1
516975	527785	383877	394655	10811	10779	97.76	6854980	1675914	0.16	0.64	NC_030986.1	JH651395.1
527878	532326	394655	399107	4449	4453	97.13	6854980	1675914	0.06	0.27	NC_030986.1	JH651395.1
533110	538527	405651	411067	5418	5417	96.92	6854980	1675914	0.08	0.32	NC_030986.1	JH651395.1
538640	539794	411179	412332	1155	1154	91.96	6854980	1675914	0.02	0.07	NC_030986.1	JH651395.1
539941	564344	412463	436888	24404	24426	98.89	6854980	1675914	0.36	1.46	NC_030986.1	JH651395.1
564466	577955	436989	450456	13490	13468	98.60	6854980	1675914	0.20	0.80	NC_030986.1	JH651395.1
578148	637619	450648	510090	59472	59443	99.04	6854980	1675914	0.87	3.55	NC_030986.1	JH651395.1
638790	640417	511350	512976	1628	1627	98.96	6854980	1675914	0.02	0.10	NC_030986.1	JH651395.1
640737	642387	513153	514812	1651	1660	98.25	6854980	1675914	0.02	0.10	NC_030986.1	JH651395.1
643088	691454	515222	563604	48367	48383	99.38	6854980	1675914	0.71	2.89	NC_030986.1	JH651395.1
691581	737649	563713	609801	46069	46089	99.13	6854980	1675914	0.67	2.75	NC_030986.1	JH651395.1
738266	751480	610222	623447	13215	13226	98.90	6854980	1675914	0.19	0.79	NC_030986.1	JH651395.1
751607	764513	623448	636366	12907	12919	99.13	6854980	1675914	0.19	0.77	NC_030986.1	JH651395.1
764681	787841	636467	659596	23161	23130	98.59	6854980	1675914	0.34	1.38	NC_030986.1	JH651395.1
787840	789228	660484	661847	1389	1364	95.76	6854980	1675914	0.02	0.08	NC_030986.1	JH651395.1
789223	847960	662474	721118	58738	58645	98.71	6854980	1675914	0.86	3.50	NC_030986.1	JH651395.1
848100	855774	721275	728954	7675	7680	98.80	6854980	1675914	0.11	0.46	NC_030986.1	JH651395.1
856348	891228	729513	764485	34881	34973	98.62	6854980	1675914	0.51	2.09	NC_030986.1	JH651395.1
891386	937471	764586	810517	46086	45932	98.76	6854980	1675914	0.67	2.74	NC_030986.1	JH651395.1
937971	973717	811084	846751	35747	35668	98.52	6854980	1675914	0.52	2.13	NC_030986.1	JH651395.1
973872	1025821	846900	898929	51950	52030	99.12	6854980	1675914	0.76	3.10	NC_030986.1	JH651395.1
1026042	1059906	899147	932990	33865	33844	99.37	6854980	1675914	0.49	2.02	NC_030986.1	JH651395.1
1059906	1062598	933089	935781	2693	2693	99.29	6854980	1675914	0.04	0.16	NC_030986.1	JH651395.1
1062724	1123970	935890	997143	61247	61254	99.14	6854980	1675914	0.89	3.65	NC_030986.1	JH651395.1
1127153	1137952	1000486	1011256	10800	10771	98.98	6854980	1675914	0.16	0.64	NC_030986.1	JH651395.1
1138110	1157906	1011403	1031197	19797	19795	99.14	6854980	1675914	0.29	1.18	NC_030986.1	JH651395.1
1158045	1216048	1031206	1089143	58004	57938	98.80	6854980	1675914	0.85	3.46	NC_030986.1	JH651395.1
1217459	1243454	1090794	1116748	25996	25955	98.99	6854980	1675914	0.38	1.55	NC_030986.1	JH651395.1
1244348	1268316	1117690	1141701	23969	24012	98.93	6854980	1675914	0.35	1.43	NC_030986.1	JH651395.1
1268967	1396925	1141686	1269589	127959	127904	99.08	6854980	1675914	1.87	7.63	NC_030986.1	JH651395.1
1397117	1400314	1269720	1272918	3198	3199	99.22	6854980	1675914	0.05	0.19	NC_030986.1	JH651395.1
1401055	1432093	1273496	1304530	31039	31035	99.26	6854980	1675914	0.45	1.85	NC_030986.1	JH651395.1
1439347	1442108	1311398	1314157	2762	2760	97.47	6854980	1675914	0.04	0.16	NC_030986.1	JH651395.1
1442179	1450627	1314302	1322742	8449	8441	98.31	6854980	1675914	0.12	0.50	NC_030986.1	JH651395.1
1450612	1457757	1323573	1330730	7146	7158	98.77	6854980	1675914	0.10	0.43	NC_030986.1	JH651395.1
1458421	1474429	1330717	1346730	16009	16014	99.21	6854980	1675914	0.23	0.96	NC_030986.1	JH651395.1
1474736	1488438	1346725	1360495	13703	13771	98.43	6854980	1675914	0.20	0.82	NC_030986.1	JH651395.1
1488584	1523757	1360568	1395749	35174	35182	99.34	6854980	1675914	0.51	2.10	NC_030986.1	JH651395.1
1523968	1565615	1395742	1437353	41648	41612	99.15	6854980	1675914	0.61	2.48	NC_030986.1	JH651395.1
1566059	1574979	1437736	1446651	8921	8916	99.33	6854980	1675914	0.13	0.53	NC_030986.1	JH651395.1
1575150	1579654	1446810	1451314	4505	4505	99.42	6854980	1675914	0.07	0.27	NC_030986.1	JH651395.1
1579560	1603705	1451415	1475549	24146	24135	99.03	6854980	1675914	0.35	1.44	NC_030986.1	JH651395.1
1604706	1608527	1531379	1535196	3822	3818	99.27	6854980	1675914	0.06	0.23	NC_030986.1	JH651395.1
1610345	1711439	1536779	1637827	101095	101049	99.12	6854980	1675914	1.47	6.03	NC_030986.1	JH651395.1
1711538	1713236	1637930	1639627	1699	1698	99.06	6854980	1675914	0.02	0.10	NC_030986.1	JH651395.1
1713236	1733541	1639723	1659973	20306	20251	98.95	6854980	1675914	0.30	1.21	NC_030986.1	JH651395.1
1734177	1736717	1660470	1663027	2541	2558	98.71	6854980	1675914	0.04	0.15	NC_030986.1	JH651395.1
1736685	1749061	1663134	1675517	12377	12384	99.27	6854980	1675914	0.18	0.74	NC_030986.1	JH651395.1
1749056	1755293	1268	7507	6238	6240	98.64	6854980	2218604	0.09	0.28	NC_030986.1	JH651392.1
1755402	1784806	7627	36991	29405	29365	99.10	6854980	2218604	0.43	1.32	NC_030986.1	JH651392.1
1784962	1838835	37071	90940	53874	53870	99.23	6854980	2218604	0.79	2.43	NC_030986.1	JH651392.1
1839424	1859148	91522	111248	19725	19727	99.23	6854980	2218604	0.29	0.89	NC_030986.1	JH651392.1
1859805	1859907	111237	111339	103	103	97.09	6854980	2218604	0.00	0.00	NC_030986.1	JH651392.1
1860081	1866177	111335	117435	6097	6101	99.05	6854980	2218604	0.09	0.27	NC_030986.1	JH651392.1
1867886	1879114	118958	130159	11229	11202	98.57	6854980	2218604	0.16	0.50	NC_030986.1	JH651392.1
1879755	1889717	130668	140678	9963	10011	98.38	6854980	2218604	0.15	0.45	NC_030986.1	JH651392.1
1889475	1910582	140779	161864	21108	21086	98.54	6854980	2218604	0.31	0.95	NC_030986.1	JH651392.1
1911218	1930505	162312	181594	19288	19283	99.21	6854980	2218604	0.28	0.87	NC_030986.1	JH651392.1
1930961	1960778	181669	211427	29818	29759	99.04	6854980	2218604	0.43	1.34	NC_030986.1	JH651392.1
1961366	1988142	211951	238710	26777	26760	99.08	6854980	2218604	0.39	1.21	NC_030986.1	JH651392.1
1988595	2017609	239081	268098	29015	29018	99.16	6854980	2218604	0.42	1.31	NC_030986.1	JH651392.1
2017716	2030028	268114	280487	12313	12374	98.50	6854980	2218604	0.18	0.56	NC_030986.1	JH651392.1
2030209	2035931	280485	286157	5723	5673	97.68	6854980	2218604	0.08	0.26	NC_030986.1	JH651392.1
2036757	2040066	286700	289996	3310	3297	98.76	6854980	2218604	0.05	0.15	NC_030986.1	JH651392.1
2040529	2053768	290549	303769	13240	13221	98.94	6854980	2218604	0.19	0.60	NC_030986.1	JH651392.1
2054278	2055172	304495	305390	895	896	97.11	6854980	2218604	0.01	0.04	NC_030986.1	JH651392.1
2056137	2087448	305382	336686	31312	31305	99.15	6854980	2218604	0.46	1.41	NC_030986.1	JH651392.1
2087897	2090637	337303	340043	2741	2741	99.02	6854980	2218604	0.04	0.12	NC_030986.1	JH651392.1
2090634	2250775	340080	500204	160142	160125	99.27	6854980	2218604	2.34	7.22	NC_030986.1	JH651392.1
2251303	2252610	500591	501897	1308	1307	99.77	6854980	2218604	0.02	0.06	NC_030986.1	JH651392.1
2252711	2274027	502023	523333	21317	21311	99.19	6854980	2218604	0.31	0.96	NC_030986.1	JH651392.1
2273934	2308623	523435	558136	34690	34702	99.22	6854980	2218604	0.51	1.56	NC_030986.1	JH651392.1
2308743	2376118	558250	625618	67376	67369	99.05	6854980	2218604	0.98	3.04	NC_030986.1	JH651392.1
2376108	2377969	625717	627576	1862	1860	99.36	6854980	2218604	0.03	0.08	NC_030986.1	JH651392.1
2378058	2465849	627765	715580	87792	87816	99.20	6854980	2218604	1.28	3.96	NC_030986.1	JH651392.1
2465895	2560638	715560	810253	94744	94694	99.27	6854980	2218604	1.38	4.27	NC_030986.1	JH651392.1
2561019	2591621	810511	841171	30603	30661	97.12	6854980	2218604	0.45	1.38	NC_030986.1	JH651392.1
2597438	2598618	841736	842928	1181	1193	90.99	6854980	2218604	0.02	0.05	NC_030986.1	JH651392.1
2598620	2598827	843278	843485	208	208	98.56	6854980	2218604	0.00	0.01	NC_030986.1	JH651392.1
2598818	2632522	843626	877322	33705	33697	98.57	6854980	2218604	0.49	1.52	NC_030986.1	JH651392.1
2634086	2643069	878201	887163	8984	8963	99.03	6854980	2218604	0.13	0.40	NC_030986.1	JH651392.1
2643071	2662913	887309	907157	19843	19849	99.27	6854980	2218604	0.29	0.89	NC_030986.1	JH651392.1
2663282	2678201	907384	922303	14920	14920	99.30	6854980	2218604	0.22	0.67	NC_030986.1	JH651392.1
2678481	2698506	922592	942618	20026	20027	99.39	6854980	2218604	0.29	0.90	NC_030986.1	JH651392.1
2698480	2698649	942748	942929	170	182	88.46	6854980	2218604	0.00	0.01	NC_030986.1	JH651392.1
2698779	2704155	942939	948327	5377	5389	99.16	6854980	2218604	0.08	0.24	NC_030986.1	JH651392.1
2704315	2711806	948486	955982	7492	7497	99.49	6854980	2218604	0.11	0.34	NC_030986.1	JH651392.1
2711848	2753121	955980	997224	41274	41245	99.26	6854980	2218604	0.60	1.86	NC_030986.1	JH651392.1
2753121	2815323	997392	1059555	62203	62164	99.13	6854980	2218604	0.91	2.80	NC_030986.1	JH651392.1
2815971	2899757	1059540	1143343	83787	83804	99.32	6854980	2218604	1.22	3.78	NC_030986.1	JH651392.1
2900220	2909690	1143837	1153311	9471	9475	99.16	6854980	2218604	0.14	0.43	NC_030986.1	JH651392.1
2910154	2941759	1153612	1185242	31606	31631	98.90	6854980	2218604	0.46	1.43	NC_030986.1	JH651392.1
2941752	2950021	1185506	1193778	8270	8273	99.32	6854980	2218604	0.12	0.37	NC_030986.1	JH651392.1
2950138	2975731	1193899	1219461	25594	25563	99.22	6854980	2218604	0.37	1.15	NC_030986.1	JH651392.1
2977184	2992114	1220245	1235171	14931	14927	99.50	6854980	2218604	0.22	0.67	NC_030986.1	JH651392.1
2992343	3111369	1235314	1354391	119027	119078	99.31	6854980	2218604	1.74	5.37	NC_030986.1	JH651392.1
3111355	3147822	1354413	1390786	36468	36374	99.03	6854980	2218604	0.53	1.64	NC_030986.1	JH651392.1
3147920	3171920	1390786	1414814	24001	24029	99.31	6854980	2218604	0.35	1.08	NC_030986.1	JH651392.1
3171920	3274241	1414985	1517346	102322	102362	99.28	6854980	2218604	1.49	4.61	NC_030986.1	JH651392.1
3274487	3279088	1517586	1522181	4602	4596	99.05	6854980	2218604	0.07	0.21	NC_030986.1	JH651392.1
3279411	3328448	1522541	1571443	49038	48903	98.91	6854980	2218604	0.72	2.20	NC_030986.1	JH651392.1
3328637	3341020	1571495	1583865	12384	12371	98.90	6854980	2218604	0.18	0.56	NC_030986.1	JH651392.1
3341779	3384547	1584739	1627532	42769	42794	99.29	6854980	2218604	0.62	1.93	NC_030986.1	JH651392.1
3384727	3511518	1627719	1754553	126792	126835	99.13	6854980	2218604	1.85	5.72	NC_030986.1	JH651392.1
3511845	3625585	1755039	1868795	113741	113757	99.23	6854980	2218604	1.66	5.13	NC_030986.1	JH651392.1
3625719	3630814	1868927	1874010	5096	5084	97.17	6854980	2218604	0.07	0.23	NC_030986.1	JH651392.1
3631043	3632428	1874142	1875519	1386	1378	98.99	6854980	2218604	0.02	0.06	NC_030986.1	JH651392.1
3632626	3636079	1875744	1879186	3454	3443	98.93	6854980	2218604	0.05	0.16	NC_030986.1	JH651392.1
3636081	3714483	1879296	1957701	78403	78406	99.09	6854980	2218604	1.14	3.53	NC_030986.1	JH651392.1
3715878	3749639	1959113	1992898	33762	33786	99.16	6854980	2218604	0.49	1.52	NC_030986.1	JH651392.1
3749763	3825770	1993015	2068964	76008	75950	99.14	6854980	2218604	1.11	3.42	NC_030986.1	JH651392.1
3826508	3903713	2069020	2146159	77206	77140	98.94	6854980	2218604	1.13	3.48	NC_030986.1	JH651392.1
3905334	3914650	2146870	2156190	9317	9321	99.11	6854980	2218604	0.14	0.42	NC_030986.1	JH651392.1
3915301	3927165	2156175	2167986	11865	11812	98.09	6854980	2218604	0.17	0.53	NC_030986.1	JH651392.1
3927500	3959592	2168236	2200388	32093	32153	98.76	6854980	2218604	0.47	1.45	NC_030986.1	JH651392.1
3959736	3977854	2200457	2218602	18119	18146	98.84	6854980	2218604	0.26	0.82	NC_030986.1	JH651392.1
3973250	3979754	2	6579	6505	6578	97.58	6854980	1468334	0.09	0.45	NC_030986.1	JH651398.1
3979900	3983062	6711	9868	3163	3158	98.61	6854980	1468334	0.05	0.22	NC_030986.1	JH651398.1
3983165	4031489	9849	58183	48325	48335	99.33	6854980	1468334	0.70	3.29	NC_030986.1	JH651398.1
4032198	4038151	58819	64765	5954	5947	99.40	6854980	1468334	0.09	0.41	NC_030986.1	JH651398.1
4038497	4067950	65000	94417	29454	29418	98.90	6854980	1468334	0.43	2.00	NC_030986.1	JH651398.1
4068605	4178604	94405	204248	110000	109844	99.04	6854980	1468334	1.60	7.48	NC_030986.1	JH651398.1
4178604	4276331	204344	302047	97728	97704	99.22	6854980	1468334	1.43	6.65	NC_030986.1	JH651398.1
4276884	4282043	302550	307759	5160	5210	98.56	6854980	1468334	0.08	0.35	NC_030986.1	JH651398.1
4282846	4294882	308118	320107	12037	11990	99.14	6854980	1468334	0.18	0.82	NC_030986.1	JH651398.1
4295893	4296206	321088	321411	314	324	96.60	6854980	1468334	0.00	0.02	NC_030986.1	JH651398.1
4295990	4313534	321512	339065	17545	17554	98.91	6854980	1468334	0.26	1.20	NC_030986.1	JH651398.1
4313681	4343293	339095	368635	29613	29541	99.07	6854980	1468334	0.43	2.01	NC_030986.1	JH651398.1
4343647	4398476	368899	423682	54830	54784	99.36	6854980	1468334	0.80	3.73	NC_030986.1	JH651398.1
4398452	4444585	423838	469806	46134	45969	98.32	6854980	1468334	0.67	3.13	NC_030986.1	JH651398.1
4444494	4444607	470028	469915	114	114	100.00	6854980	1468334	0.00	0.01	NC_030986.1	JH651398.1
4447489	4447697	469916	469709	209	208	96.17	6854980	1468334	0.00	0.01	NC_030986.1	JH651398.1
4447599	4454121	469937	476445	6523	6509	98.87	6854980	1468334	0.10	0.44	NC_030986.1	JH651398.1
4454411	4456309	476728	478614	1899	1887	98.53	6854980	1468334	0.03	0.13	NC_030986.1	JH651398.1
4456443	4467888	478630	490072	11446	11443	98.39	6854980	1468334	0.17	0.78	NC_030986.1	JH651398.1
4468134	4474776	490212	496871	6643	6660	98.93	6854980	1468334	0.10	0.45	NC_030986.1	JH651398.1
4474774	4485570	498620	509483	10797	10864	98.41	6854980	1468334	0.16	0.74	NC_030986.1	JH651398.1
4487516	4489031	509933	511448	1516	1516	99.08	6854980	1468334	0.02	0.10	NC_030986.1	JH651398.1
4491869	4493145	513773	515047	1277	1275	98.90	6854980	1468334	0.02	0.09	NC_030986.1	JH651398.1
4493247	4519427	515416	541573	26181	26158	97.46	6854980	1468334	0.38	1.78	NC_030986.1	JH651398.1
4521290	4524813	543463	546985	3524	3523	99.21	6854980	1468334	0.05	0.24	NC_030986.1	JH651398.1
4524977	4540914	547148	563081	15938	15934	98.78	6854980	1468334	0.23	1.09	NC_030986.1	JH651398.1
4540918	4542862	566524	568463	1945	1940	98.10	6854980	1468334	0.03	0.13	NC_030986.1	JH651398.1
4543089	4580341	568463	605700	37253	37238	99.28	6854980	1468334	0.54	2.54	NC_030986.1	JH651398.1
4580549	4588702	605892	614047	8154	8156	99.20	6854980	1468334	0.12	0.56	NC_030986.1	JH651398.1
4588904	4812752	614045	837904	223849	223860	99.16	6854980	1468334	3.27	15.25	NC_030986.1	JH651398.1
4812902	4814386	838056	839538	1485	1483	99.39	6854980	1468334	0.02	0.10	NC_030986.1	JH651398.1
4815043	4818583	839525	843065	3541	3541	99.07	6854980	1468334	0.05	0.24	NC_030986.1	JH651398.1
4819231	4823462	843050	847272	4232	4223	97.97	6854980	1468334	0.06	0.29	NC_030986.1	JH651398.1
4823692	4859669	847382	883346	35978	35965	98.93	6854980	1468334	0.52	2.45	NC_030986.1	JH651398.1
4859669	4927338	883508	951064	67670	67557	99.05	6854980	1468334	0.99	4.60	NC_030986.1	JH651398.1
4927848	4945864	951246	969311	18017	18066	98.68	6854980	1468334	0.26	1.23	NC_030986.1	JH651398.1
4945964	4949000	969312	972332	3037	3021	98.72	6854980	1468334	0.04	0.21	NC_030986.1	JH651398.1
4949450	4952427	972684	975663	2978	2980	99.50	6854980	1468334	0.04	0.20	NC_030986.1	JH651398.1
4952812	4955394	975916	978500	2583	2585	99.38	6854980	1468334	0.04	0.18	NC_030986.1	JH651398.1
4955992	4966801	979270	990075	10810	10806	98.84	6854980	1468334	0.16	0.74	NC_030986.1	JH651398.1
4966967	4975590	990043	998669	8624	8627	98.90	6854980	1468334	0.13	0.59	NC_030986.1	JH651398.1
4975717	5058605	998847	1081694	82889	82848	99.01	6854980	1468334	1.21	5.64	NC_030986.1	JH651398.1
5059888	5060599	1082861	1083580	712	720	83.13	6854980	1468334	0.01	0.05	NC_030986.1	JH651398.1
5064200	5124523	1090594	1150826	60324	60233	97.91	6854980	1468334	0.88	4.10	NC_030986.1	JH651398.1
5125631	5158304	1151924	1184613	32674	32690	99.05	6854980	1468334	0.48	2.23	NC_030986.1	JH651398.1
5158565	5308002	1184803	1334125	149438	149323	99.19	6854980	1468334	2.18	10.17	NC_030986.1	JH651398.1
5308135	5346658	1334318	1372779	38524	38462	98.76	6854980	1468334	0.56	2.62	NC_030986.1	JH651398.1
5347195	5361443	1373266	1387513	14249	14248	99.42	6854980	1468334	0.21	0.97	NC_030986.1	JH651398.1
5361588	5378674	1387681	1404783	17087	17103	98.98	6854980	1468334	0.25	1.16	NC_030986.1	JH651398.1
5378856	5399615	1404869	1425683	20760	20815	98.25	6854980	1468334	0.30	1.42	NC_030986.1	JH651398.1
5400837	5412580	1427778	1439556	11744	11779	96.94	6854980	1468334	0.17	0.80	NC_030986.1	JH651398.1
5412697	5434408	1439662	1461376	21712	21715	98.80	6854980	1468334	0.32	1.48	NC_030986.1	JH651398.1
5435538	5438304	1461950	1464663	2767	2714	91.79	6854980	1468334	0.04	0.18	NC_030986.1	JH651398.1
5438684	5441409	1465591	1468334	2726	2744	97.70	6854980	1468334	0.04	0.19	NC_030986.1	JH651398.1
5438833	5453300	272278	257837	14468	14442	98.30	6854980	272278	0.21	5.30	NC_030986.1	KK035842.1
5453482	5466914	257684	244258	13433	13427	98.22	6854980	272278	0.20	4.93	NC_030986.1	KK035842.1
5466914	5478898	243653	231764	11985	11890	97.22	6854980	272278	0.17	4.37	NC_030986.1	KK035842.1
5478897	5534061	229536	174280	55165	55257	98.14	6854980	272278	0.80	20.29	NC_030986.1	KK035842.1
5534379	5544019	174044	164342	9641	9703	97.81	6854980	272278	0.14	3.56	NC_030986.1	KK035842.1
5544020	5552654	164168	155540	8635	8629	98.76	6854980	272278	0.13	3.17	NC_030986.1	KK035842.1
5553108	5635023	155118	73189	81916	81930	98.97	6854980	272278	1.19	30.09	NC_030986.1	KK035842.1
5637913	5642946	71457	66434	5034	5024	98.71	6854980	272278	0.07	1.85	NC_030986.1	KK035842.1
5643248	5650316	66189	59122	7069	7068	99.28	6854980	272278	0.10	2.60	NC_030986.1	KK035842.1
5650475	5708063	58955	1216	57589	57740	98.19	6854980	272278	0.84	21.21	NC_030986.1	KK035842.1
5708733	5759985	211	51430	51253	51220	97.90	6854980	711798	0.75	7.20	NC_030986.1	JH651402.1
5760597	5763645	52065	55127	3049	3063	86.37	6854980	711798	0.04	0.43	NC_030986.1	JH651402.1
5764817	5784737	55228	75026	19921	19799	95.88	6854980	711798	0.29	2.78	NC_030986.1	JH651402.1
5784732	5790084	75722	81083	5353	5362	97.58	6854980	711798	0.08	0.75	NC_030986.1	JH651402.1
5790085	5799709	81988	91609	9625	9622	98.90	6854980	711798	0.14	1.35	NC_030986.1	JH651402.1
5799708	5813134	92721	106153	13427	13433	97.62	6854980	711798	0.20	1.89	NC_030986.1	JH651402.1
5813743	5851505	106155	143918	37763	37764	97.39	6854980	711798	0.55	5.31	NC_030986.1	JH651402.1
5851653	5859669	143985	151978	8017	7994	96.90	6854980	711798	0.12	1.12	NC_030986.1	JH651402.1
5860204	5863629	152426	155791	3426	3366	94.69	6854980	711798	0.05	0.47	NC_030986.1	JH651402.1
5940173	5941760	4120	2530	1588	1591	96.54	6854980	4833	0.02	32.92	NC_030986.1	KK035909.1
5979472	5984159	1	4693	4688	4693	93.70	6854980	4724	0.07	99.34	NC_030986.1	KK035914.1
5986710	5988837	57433	55340	2128	2094	95.68	6854980	106902	0.03	1.96	NC_030986.1	JH651408.1
5988774	5989356	55277	54695	583	583	96.40	6854980	106902	0.01	0.55	NC_030986.1	JH651408.1
6032401	6033081	3179	3859	681	681	98.68	6854980	26737	0.01	2.55	NC_030986.1	JH651446.1
6177989	6181538	50348	53897	3550	3550	90.74	6854980	106902	0.05	3.32	NC_030986.1	JH651408.1
6182019	6182182	161	1	164	161	91.46	6854980	10109	0.00	1.59	NC_030986.1	JH651478.1
6183340	6185679	640433	642754	2340	2322	84.26	6854980	711798	0.03	0.33	NC_030986.1	JH651402.1
6216648	6216843	25224	25419	196	196	90.82	6854980	250012	0.00	0.08	NC_030986.1	JH651405.1
6242423	6242746	1	324	324	324	98.15	6854980	1638	0.00	19.78	NC_030986.1	KK036033.1
6263118	6263348	5041890	5041659	231	232	93.97	6854980	5064356	0.00	0.00	NC_030986.1	JH651385.1
6267029	6267180	101323	101474	152	152	98.68	6854980	152588	0.00	0.10	NC_030986.1	JH651406.1
6291438	6292283	46720	45868	846	853	82.33	6854980	84110	0.01	1.01	NC_030986.1	JH651412.1
6293459	6294762	14978	16280	1304	1303	98.08	6854980	57426	0.02	2.27	NC_030986.1	JH651415.1
6316885	6318013	39882	41006	1129	1125	88.25	6854980	152588	0.02	0.74	NC_030986.1	JH651406.1
6380578	6380726	1396	1544	149	149	99.33	6854980	3454	0.00	4.31	NC_030986.1	KK035942.1
6403672	6404777	2631370	2630283	1106	1088	90.21	6854980	2759859	0.02	0.04	NC_030986.1	JH651390.1
6410136	6410308	5035904	5036076	173	173	95.38	6854980	5064356	0.00	0.00	NC_030986.1	JH651385.1
6413158	6413568	1	411	411	411	99.76	6854980	61333	0.01	0.67	NC_030986.1	KK035849.1
6429353	6431843	602750	605256	2491	2507	87.97	6854980	711798	0.04	0.35	NC_030986.1	JH651402.1
6432484	6433908	606215	607629	1425	1415	86.54	6854980	711798	0.02	0.20	NC_030986.1	JH651402.1
6434627	6436679	609380	611444	2053	2065	87.42	6854980	711798	0.03	0.29	NC_030986.1	JH651402.1
6438306	6438472	613010	613175	167	166	89.82	6854980	711798	0.00	0.02	NC_030986.1	JH651402.1
6438469	6440263	614362	616155	1795	1794	95.16	6854980	711798	0.03	0.25	NC_030986.1	JH651402.1
6459335	6461199	6533	8397	1865	1865	95.34	6854980	44983	0.03	4.15	NC_030986.1	JH651428.1
6574196	6576966	55128	52359	2771	2770	82.78	6854980	2471847	0.04	0.11	NC_030986.1	JH651391.1
6594552	6609808	2525899	2541144	15257	15246	99.16	6854980	2759859	0.22	0.55	NC_030986.1	JH651390.1
6610400	6611486	2541660	2542746	1087	1087	88.50	6854980	2759859	0.02	0.04	NC_030986.1	JH651390.1
6652123	6660646	2553559	2545036	8524	8524	99.40	6854980	2759859	0.12	0.31	NC_030986.1	JH651390.1
6678141	6686110	2602450	2610415	7970	7966	98.85	6854980	2759859	0.12	0.29	NC_030986.1	JH651390.1
6689627	6690211	2612456	2613039	585	584	99.32	6854980	2759859	0.01	0.02	NC_030986.1	JH651390.1
6690652	6691634	2613038	2614014	983	977	98.98	6854980	2759859	0.01	0.04	NC_030986.1	JH651390.1
6691599	6707358	2614015	2629775	15760	15761	99.77	6854980	2759859	0.23	0.57	NC_030986.1	JH651390.1
6707955	6709271	2629767	2631077	1317	1311	99.16	6854980	2759859	0.02	0.05	NC_030986.1	JH651390.1
6709256	6712360	2635132	2638229	3105	3098	95.07	6854980	2759859	0.05	0.11	NC_030986.1	JH651390.1
6714452	6716361	2638853	2640760	1910	1908	91.21	6854980	2759859	0.03	0.07	NC_030986.1	JH651390.1
6719081	6719206	1022	898	126	125	96.03	6854980	57426	0.00	0.22	NC_030986.1	JH651415.1
6724121	6725037	66541	65625	917	917	88.36	6854980	77375	0.01	1.19	NC_030986.1	KK035848.1
6749306	6750354	5246	6292	1049	1047	93.33	6854980	17569	0.02	5.96	NC_030986.1	KK035862.1
6788254	6789831	337633	339143	1578	1511	82.14	6854980	711798	0.02	0.21	NC_030986.1	JH651402.1
6808467	6809906	201	1642	1440	1442	96.19	6854980	4477	0.02	32.21	NC_030986.1	JH651502.1
6841181	6843482	2301	1	2302	2301	96.22	6854980	4537458	0.03	0.05	NC_030986.1	JH651386.1
6841728	6844066	1	2339	2339	2339	96.32	6854980	143271	0.03	1.63	NC_030986.1	KK035845.1
6852498	6854359	3567	5428	1862	1862	99.36	6854980	45697	0.03	4.07	NC_030986.1	JH651427.1
36375	51847	107519	92046	15473	15474	98.31	5577357	143271	0.28	10.80	NC_030987.1	KK035845.1
52327	66573	91949	77631	14247	14319	97.70	5577357	143271	0.26	9.99	NC_030987.1	KK035845.1
101289	102107	283463	284297	819	835	87.07	5577357	2870791	0.01	0.03	NC_030987.1	JH651389.1
102341	102635	76867	76573	295	295	89.19	5577357	5064356	0.01	0.01	NC_030987.1	JH651385.1
103124	103393	2747785	2748062	270	278	89.21	5577357	4395809	0.00	0.01	NC_030987.1	JH651387.1
103671	104150	1164815	1164312	480	504	82.68	5577357	2471847	0.01	0.02	NC_030987.1	JH651391.1
104474	107056	67912	65333	2583	2580	95.32	5577357	143271	0.05	1.80	NC_030987.1	KK035845.1
107056	132607	64764	39200	25552	25565	97.61	5577357	143271	0.46	17.84	NC_030987.1	KK035845.1
138219	138343	37935	37811	125	125	96.00	5577357	143271	0.00	0.09	NC_030987.1	KK035845.1
138342	149389	35464	24402	11048	11063	96.80	5577357	143271	0.20	7.72	NC_030987.1	KK035845.1
149727	151413	15818	14134	1687	1685	95.79	5577357	143271	0.03	1.18	NC_030987.1	KK035845.1
151405	159468	13486	5436	8064	8051	97.14	5577357	143271	0.14	5.62	NC_030987.1	KK035845.1
159704	162737	5363	2338	3034	3026	98.88	5577357	143271	0.05	2.11	NC_030987.1	KK035845.1
162735	162960	2299	2526	226	228	99.12	5577357	4537458	0.00	0.01	NC_030987.1	JH651386.1
165848	172033	2518	8781	6186	6264	96.41	5577357	4537458	0.11	0.14	NC_030987.1	JH651386.1
178141	179009	8783	9653	869	871	98.05	5577357	4537458	0.02	0.02	NC_030987.1	JH651386.1
179981	181740	10614	12376	1760	1763	98.01	5577357	4537458	0.03	0.04	NC_030987.1	JH651386.1
182809	203699	13329	34293	20891	20965	97.58	5577357	4537458	0.37	0.46	NC_030987.1	JH651386.1
203849	204334	34781	34294	486	488	94.26	5577357	4537458	0.01	0.01	NC_030987.1	JH651386.1
204335	208087	34836	38577	3753	3742	97.90	5577357	4537458	0.07	0.08	NC_030987.1	JH651386.1
208306	211503	38580	41777	3198	3198	99.03	5577357	4537458	0.06	0.07	NC_030987.1	JH651386.1
211682	254721	41913	84975	43040	43063	96.99	5577357	4537458	0.77	0.95	NC_030987.1	JH651386.1
256598	270130	96269	109838	13533	13570	97.68	5577357	4537458	0.24	0.30	NC_030987.1	JH651386.1
270591	276750	109851	116031	6160	6181	95.06	5577357	4537458	0.11	0.14	NC_030987.1	JH651386.1
276897	278632	116031	117768	1736	1738	98.04	5577357	4537458	0.03	0.04	NC_030987.1	JH651386.1
280006	284261	118828	123093	4256	4266	97.68	5577357	4537458	0.08	0.09	NC_030987.1	JH651386.1
284375	286874	123098	125599	2500	2502	98.40	5577357	4537458	0.04	0.06	NC_030987.1	JH651386.1
287728	288936	126412	127623	1209	1212	99.01	5577357	4537458	0.02	0.03	NC_030987.1	JH651386.1
289681	302043	128395	140755	12363	12361	98.04	5577357	4537458	0.22	0.27	NC_030987.1	JH651386.1
302221	305807	140775	144359	3587	3585	97.83	5577357	4537458	0.06	0.08	NC_030987.1	JH651386.1
305945	308258	144475	146788	2314	2314	98.49	5577357	4537458	0.04	0.05	NC_030987.1	JH651386.1
308699	336910	147086	175354	28212	28269	97.62	5577357	4537458	0.51	0.62	NC_030987.1	JH651386.1
337580	338987	175343	176743	1408	1401	97.73	5577357	4537458	0.03	0.03	NC_030987.1	JH651386.1
339350	340818	177073	178535	1469	1463	97.35	5577357	4537458	0.03	0.03	NC_030987.1	JH651386.1
341090	361101	178641	198681	20012	20041	97.86	5577357	4537458	0.36	0.44	NC_030987.1	JH651386.1
361325	362662	198920	200261	1338	1342	81.45	5577357	4537458	0.02	0.03	NC_030987.1	JH651386.1
364224	365628	201089	202488	1405	1400	84.26	5577357	4537458	0.03	0.03	NC_030987.1	JH651386.1
365903	367851	202490	204431	1949	1942	92.32	5577357	4537458	0.03	0.04	NC_030987.1	JH651386.1
370104	371046	205903	206849	943	947	84.01	5577357	4537458	0.02	0.02	NC_030987.1	JH651386.1
372319	372964	208149	208793	646	645	88.24	5577357	4537458	0.01	0.01	NC_030987.1	JH651386.1
381705	383987	214614	216898	2283	2285	98.29	5577357	4537458	0.04	0.05	NC_030987.1	JH651386.1
385364	395746	216890	227279	10383	10390	97.41	5577357	4537458	0.19	0.23	NC_030987.1	JH651386.1
396693	408047	227846	239193	11355	11348	97.95	5577357	4537458	0.20	0.25	NC_030987.1	JH651386.1
408161	417102	239312	248229	8942	8918	98.39	5577357	4537458	0.16	0.20	NC_030987.1	JH651386.1
417280	464857	248422	295999	47578	47578	98.56	5577357	4537458	0.85	1.05	NC_030987.1	JH651386.1
464852	474247	296980	306361	9396	9382	95.99	5577357	4537458	0.17	0.21	NC_030987.1	JH651386.1
474741	486267	306352	317863	11527	11512	96.52	5577357	4537458	0.21	0.25	NC_030987.1	JH651386.1
486372	487098	317995	318719	727	725	92.99	5577357	4537458	0.01	0.02	NC_030987.1	JH651386.1
487266	490215	319179	322130	2950	2952	94.06	5577357	4537458	0.05	0.07	NC_030987.1	JH651386.1
490734	521302	322088	352668	30569	30581	97.83	5577357	4537458	0.55	0.67	NC_030987.1	JH651386.1
523525	539525	354618	370726	16001	16109	95.26	5577357	4537458	0.29	0.36	NC_030987.1	JH651386.1
541596	579469	375913	413835	37874	37923	97.87	5577357	4537458	0.68	0.84	NC_030987.1	JH651386.1
579471	608213	414007	442732	28743	28726	97.87	5577357	4537458	0.52	0.63	NC_030987.1	JH651386.1
614336	621183	442732	449578	6848	6847	98.03	5577357	4537458	0.12	0.15	NC_030987.1	JH651386.1
627310	631721	451161	455573	4412	4413	98.44	5577357	4537458	0.08	0.10	NC_030987.1	JH651386.1
631878	646633	455702	470440	14756	14739	97.71	5577357	4537458	0.26	0.32	NC_030987.1	JH651386.1
646845	654323	470599	478053	7479	7455	98.14	5577357	4537458	0.13	0.16	NC_030987.1	JH651386.1
654365	656599	478227	480421	2235	2195	93.04	5577357	4537458	0.04	0.05	NC_030987.1	JH651386.1
659889	660142	484395	484648	254	254	92.55	5577357	4537458	0.00	0.01	NC_030987.1	JH651386.1
660369	666397	484850	490877	6029	6028	98.49	5577357	4537458	0.11	0.13	NC_030987.1	JH651386.1
666750	693913	490876	517988	27164	27113	97.29	5577357	4537458	0.49	0.60	NC_030987.1	JH651386.1
694378	717676	520267	543568	23299	23302	98.60	5577357	4537458	0.42	0.51	NC_030987.1	JH651386.1
717781	812653	543572	638529	94873	94958	98.51	5577357	4537458	1.70	2.09	NC_030987.1	JH651386.1
812800	814976	638529	640706	2177	2178	98.39	5577357	4537458	0.04	0.05	NC_030987.1	JH651386.1
814964	831284	640815	657140	16321	16326	98.65	5577357	4537458	0.29	0.36	NC_030987.1	JH651386.1
831430	851288	657261	677132	19859	19872	98.92	5577357	4537458	0.36	0.44	NC_030987.1	JH651386.1
851971	880947	677159	706150	28977	28992	98.76	5577357	4537458	0.52	0.64	NC_030987.1	JH651386.1
880942	915787	706245	741095	34846	34851	98.74	5577357	4537458	0.62	0.77	NC_030987.1	JH651386.1
915788	944922	744457	773626	29135	29170	98.94	5577357	4537458	0.52	0.64	NC_030987.1	JH651386.1
945177	996768	773879	825501	51592	51623	99.13	5577357	4537458	0.93	1.14	NC_030987.1	JH651386.1
996767	1010814	825547	839587	14048	14041	99.37	5577357	4537458	0.25	0.31	NC_030987.1	JH651386.1
1011059	1046302	839582	874826	35244	35245	99.25	5577357	4537458	0.63	0.78	NC_030987.1	JH651386.1
1046546	1071864	874981	900337	25319	25357	98.89	5577357	4537458	0.45	0.56	NC_030987.1	JH651386.1
1071862	1072208	900681	900335	347	347	99.14	5577357	4537458	0.01	0.01	NC_030987.1	JH651386.1
1072206	1082321	900679	910798	10116	10120	98.96	5577357	4537458	0.18	0.22	NC_030987.1	JH651386.1
1082841	1095831	911006	924007	12991	13002	99.35	5577357	4537458	0.23	0.29	NC_030987.1	JH651386.1
1095829	1097171	161609	162950	1343	1342	96.28	5577357	282688	0.02	0.47	NC_030987.1	JH651404.1
1097220	1140137	924006	966792	42918	42787	98.52	5577357	4537458	0.77	0.94	NC_030987.1	JH651386.1
1140139	1141658	969890	968371	1520	1520	97.76	5577357	4537458	0.03	0.03	NC_030987.1	JH651386.1
1141658	1142021	967448	967066	364	383	90.86	5577357	4537458	0.01	0.01	NC_030987.1	JH651386.1
1142019	1142138	3955477	3955357	120	121	93.39	5577357	4395809	0.00	0.00	NC_030987.1	JH651387.1
1142466	1142745	967078	966790	280	289	94.46	5577357	4537458	0.01	0.01	NC_030987.1	JH651386.1
1142751	1148668	969888	975806	5918	5919	99.36	5577357	4537458	0.11	0.13	NC_030987.1	JH651386.1
1148848	1185962	975818	1012756	37115	36939	98.76	5577357	4537458	0.67	0.81	NC_030987.1	JH651386.1
1186119	1254407	1012890	1081149	68289	68260	99.22	5577357	4537458	1.22	1.50	NC_030987.1	JH651386.1
1254809	1259635	1081539	1086362	4827	4824	98.53	5577357	4537458	0.09	0.11	NC_030987.1	JH651386.1
1259823	1269882	1086532	1096590	10060	10059	99.32	5577357	4537458	0.18	0.22	NC_030987.1	JH651386.1
1269875	1304823	1096670	1131595	34949	34926	99.17	5577357	4537458	0.63	0.77	NC_030987.1	JH651386.1
1304818	1304971	1131741	1131588	154	154	94.16	5577357	4537458	0.00	0.00	NC_030987.1	JH651386.1
1304964	1305555	1131736	1132328	592	593	97.81	5577357	4537458	0.01	0.01	NC_030987.1	JH651386.1
1306470	1342921	1132326	1168812	36452	36487	98.75	5577357	4537458	0.65	0.80	NC_030987.1	JH651386.1
1342631	1361102	1168913	1187303	18472	18391	98.54	5577357	4537458	0.33	0.41	NC_030987.1	JH651386.1
1361359	1363687	1187498	1189830	2329	2333	98.71	5577357	4537458	0.04	0.05	NC_030987.1	JH651386.1
1365393	1377347	1190255	1202212	11955	11958	98.76	5577357	4537458	0.21	0.26	NC_030987.1	JH651386.1
1377866	1403852	1202229	1228182	25987	25954	99.10	5577357	4537458	0.47	0.57	NC_030987.1	JH651386.1
1404492	1441683	1228628	1265770	37192	37143	99.09	5577357	4537458	0.67	0.82	NC_030987.1	JH651386.1
1441689	1458993	1265908	1283179	17305	17272	97.98	5577357	4537458	0.31	0.38	NC_030987.1	JH651386.1
1459227	1472754	1283381	1296880	13528	13500	98.87	5577357	4537458	0.24	0.30	NC_030987.1	JH651386.1
1474080	1522998	1296866	1345719	48919	48854	99.07	5577357	4537458	0.88	1.08	NC_030987.1	JH651386.1
1523951	1593279	1346848	1416194	69329	69347	98.77	5577357	4537458	1.24	1.53	NC_030987.1	JH651386.1
1593320	1595838	1416173	1418689	2519	2517	99.21	5577357	4537458	0.05	0.06	NC_030987.1	JH651386.1
1596305	1597438	1418700	1419833	1134	1134	91.81	5577357	4537458	0.02	0.02	NC_030987.1	JH651386.1
1597593	1606735	1419959	1429105	9143	9147	99.41	5577357	4537458	0.16	0.20	NC_030987.1	JH651386.1
1606990	1637135	1429627	1459754	30146	30128	98.82	5577357	4537458	0.54	0.66	NC_030987.1	JH651386.1
1637281	1669146	1459762	1491636	31866	31875	98.90	5577357	4537458	0.57	0.70	NC_030987.1	JH651386.1
1669336	1690980	1491630	1513305	21645	21676	98.92	5577357	4537458	0.39	0.48	NC_030987.1	JH651386.1
1691081	1702802	1513311	1525024	11722	11714	98.91	5577357	4537458	0.21	0.26	NC_030987.1	JH651386.1
1702826	1741694	1525013	1563880	38869	38868	98.83	5577357	4537458	0.70	0.86	NC_030987.1	JH651386.1
1741979	1770495	1564018	1592575	28517	28558	99.27	5577357	4537458	0.51	0.63	NC_030987.1	JH651386.1
1779083	1806062	1592785	1619764	26980	26980	99.22	5577357	4537458	0.48	0.59	NC_030987.1	JH651386.1
1805654	1850871	1619865	1665066	45218	45202	99.34	5577357	4537458	0.81	1.00	NC_030987.1	JH651386.1
1851043	1857185	1665222	1671368	6143	6147	98.59	5577357	4537458	0.11	0.14	NC_030987.1	JH651386.1
1857298	2029157	1671497	1843338	171860	171842	99.32	5577357	4537458	3.08	3.79	NC_030987.1	JH651386.1
2029319	2070892	1843485	1885038	41574	41554	99.33	5577357	4537458	0.75	0.92	NC_030987.1	JH651386.1
2071109	2073353	1885100	1887349	2245	2250	99.33	5577357	4537458	0.04	0.05	NC_030987.1	JH651386.1
2075235	2146037	1889251	1959995	70803	70745	99.40	5577357	4537458	1.27	1.56	NC_030987.1	JH651386.1
2146179	2152511	1960091	1966424	6333	6334	99.48	5577357	4537458	0.11	0.14	NC_030987.1	JH651386.1
2152775	2153172	1966671	1967076	398	406	97.29	5577357	4537458	0.01	0.01	NC_030987.1	JH651386.1
2153640	2174767	1967563	1988684	21128	21122	99.11	5577357	4537458	0.38	0.47	NC_030987.1	JH651386.1
2174913	2196626	1988817	2010524	21714	21708	99.21	5577357	4537458	0.39	0.48	NC_030987.1	JH651386.1
2196796	2216126	2010691	2030019	19331	19329	99.57	5577357	4537458	0.35	0.43	NC_030987.1	JH651386.1
2216249	2220237	2030124	2034110	3989	3987	99.45	5577357	4537458	0.07	0.09	NC_030987.1	JH651386.1
2220826	2225872	2034606	2039647	5047	5042	98.71	5577357	4537458	0.09	0.11	NC_030987.1	JH651386.1
2226040	2230918	2039787	2044651	4879	4865	98.89	5577357	4537458	0.09	0.11	NC_030987.1	JH651386.1
2231305	2272178	2044972	2085831	40874	40860	98.92	5577357	4537458	0.73	0.90	NC_030987.1	JH651386.1
2273565	2339376	2085828	2151641	65812	65814	98.93	5577357	4537458	1.18	1.45	NC_030987.1	JH651386.1
2339581	2358412	2151819	2170628	18832	18810	98.27	5577357	4537458	0.34	0.41	NC_030987.1	JH651386.1
2358520	2368977	2170623	2181083	10458	10461	98.62	5577357	4537458	0.19	0.23	NC_030987.1	JH651386.1
2369160	2424776	2181221	2236789	55617	55569	99.06	5577357	4537458	1.00	1.22	NC_030987.1	JH651386.1
2425071	2430646	2236965	2242538	5576	5574	99.55	5577357	4537458	0.10	0.12	NC_030987.1	JH651386.1
2430816	2457423	2242533	2269137	26608	26605	99.29	5577357	4537458	0.48	0.59	NC_030987.1	JH651386.1
2457955	2515623	2269604	2327266	57669	57663	99.05	5577357	4537458	1.03	1.27	NC_030987.1	JH651386.1
2516055	2538185	2327525	2349657	22131	22133	99.30	5577357	4537458	0.40	0.49	NC_030987.1	JH651386.1
2538637	2542109	2350033	2353514	3473	3482	99.60	5577357	4537458	0.06	0.08	NC_030987.1	JH651386.1
2542663	2572681	2353993	2384042	30019	30050	99.25	5577357	4537458	0.54	0.66	NC_030987.1	JH651386.1
2573658	2583136	2384528	2393995	9479	9468	99.14	5577357	4537458	0.17	0.21	NC_030987.1	JH651386.1
2583265	2585234	2393995	2395964	1970	1970	99.44	5577357	4537458	0.04	0.04	NC_030987.1	JH651386.1
2585436	2628186	2396136	2438822	42751	42687	99.08	5577357	4537458	0.77	0.94	NC_030987.1	JH651386.1
2629067	2645700	2439644	2456275	16634	16632	99.63	5577357	4537458	0.30	0.37	NC_030987.1	JH651386.1
2645801	2657023	2456282	2467523	11223	11242	99.41	5577357	4537458	0.20	0.25	NC_030987.1	JH651386.1
2658024	2669555	2511125	2522645	11532	11521	99.49	5577357	4537458	0.21	0.25	NC_030987.1	JH651386.1
2669797	2697569	2522883	2550642	27773	27760	99.15	5577357	4537458	0.50	0.61	NC_030987.1	JH651386.1
2698152	2730664	2551018	2583500	32513	32483	99.23	5577357	4537458	0.58	0.72	NC_030987.1	JH651386.1
2730765	2749942	2583634	2602819	19178	19186	99.13	5577357	4537458	0.34	0.42	NC_030987.1	JH651386.1
2751837	2802246	2602834	2653228	50410	50395	99.04	5577357	4537458	0.90	1.11	NC_030987.1	JH651386.1
2802229	2840848	2653335	2691931	38620	38597	99.08	5577357	4537458	0.69	0.85	NC_030987.1	JH651386.1
2841505	2870355	2691918	2720742	28851	28825	99.27	5577357	4537458	0.52	0.64	NC_030987.1	JH651386.1
2870353	2888617	2721264	2739532	18265	18269	99.43	5577357	4537458	0.33	0.40	NC_030987.1	JH651386.1
2888817	2899928	2739522	2750614	11112	11093	99.33	5577357	4537458	0.20	0.24	NC_030987.1	JH651386.1
2900388	2950075	2750955	2800642	49688	49688	99.54	5577357	4537458	0.89	1.10	NC_030987.1	JH651386.1
2950371	2977376	2800869	2827917	27006	27049	99.27	5577357	4537458	0.48	0.60	NC_030987.1	JH651386.1
2977649	2982983	2828107	2833441	5335	5335	99.51	5577357	4537458	0.10	0.12	NC_030987.1	JH651386.1
2983084	2986659	2833555	2837130	3576	3576	99.66	5577357	4537458	0.06	0.08	NC_030987.1	JH651386.1
2986766	2995472	2837227	2845936	8707	8710	99.53	5577357	4537458	0.16	0.19	NC_030987.1	JH651386.1
2995602	3067898	2846061	2918328	72297	72268	99.36	5577357	4537458	1.30	1.59	NC_030987.1	JH651386.1
3069138	3087055	2919368	2937286	17918	17919	98.85	5577357	4537458	0.32	0.39	NC_030987.1	JH651386.1
3087615	3107255	2937600	2957258	19641	19659	98.61	5577357	4537458	0.35	0.43	NC_030987.1	JH651386.1
3107355	3111930	2957363	2961936	4576	4574	99.10	5577357	4537458	0.08	0.10	NC_030987.1	JH651386.1
3114863	3190036	2961920	3036919	75174	75000	98.96	5577357	4537458	1.35	1.65	NC_030987.1	JH651386.1
3190052	3209294	3036896	3056210	19243	19315	98.77	5577357	4537458	0.35	0.43	NC_030987.1	JH651386.1
3209412	3288908	3056733	3136209	79497	79477	99.06	5577357	4537458	1.43	1.75	NC_030987.1	JH651386.1
3289212	3311835	3136359	3158983	22624	22625	99.24	5577357	4537458	0.41	0.50	NC_030987.1	JH651386.1
3311833	3335966	3159349	3183477	24134	24129	99.06	5577357	4537458	0.43	0.53	NC_030987.1	JH651386.1
3336631	3353681	3183464	3200508	17051	17045	99.05	5577357	4537458	0.31	0.38	NC_030987.1	JH651386.1
3354270	3381450	3201394	3228508	27181	27115	99.15	5577357	4537458	0.49	0.60	NC_030987.1	JH651386.1
3381745	3403931	3228659	3250830	22187	22172	99.22	5577357	4537458	0.40	0.49	NC_030987.1	JH651386.1
3403920	3475442	3250762	3322313	71523	71552	99.10	5577357	4537458	1.28	1.58	NC_030987.1	JH651386.1
3475718	3484099	3322626	3331009	8382	8384	99.43	5577357	4537458	0.15	0.18	NC_030987.1	JH651386.1
3483929	3520246	3331110	3367458	36318	36349	99.24	5577357	4537458	0.65	0.80	NC_030987.1	JH651386.1
3520475	3523586	3367674	3370840	3112	3167	96.32	5577357	4537458	0.06	0.07	NC_030987.1	JH651386.1
3523559	3576624	3370723	3423836	53066	53114	99.04	5577357	4537458	0.95	1.17	NC_030987.1	JH651386.1
3576780	3639219	3423991	3486465	62440	62475	99.09	5577357	4537458	1.12	1.38	NC_030987.1	JH651386.1
3639344	3743849	3486588	3591083	104506	104496	99.19	5577357	4537458	1.87	2.30	NC_030987.1	JH651386.1
3744058	3756458	3591278	3603691	12401	12414	99.32	5577357	4537458	0.22	0.27	NC_030987.1	JH651386.1
3756625	3775910	3603779	3623072	19286	19294	98.83	5577357	4537458	0.35	0.43	NC_030987.1	JH651386.1
3777190	3793801	3624324	3640963	16612	16640	99.15	5577357	4537458	0.30	0.37	NC_030987.1	JH651386.1
3793794	3818866	3641140	3666203	25073	25064	99.31	5577357	4537458	0.45	0.55	NC_030987.1	JH651386.1
3818973	3895057	3666210	3742242	76085	76033	99.13	5577357	4537458	1.36	1.68	NC_030987.1	JH651386.1
3895520	3928972	3742583	3776063	33453	33481	99.10	5577357	4537458	0.60	0.74	NC_030987.1	JH651386.1
3929335	3965835	3776320	3812794	36501	36475	98.96	5577357	4537458	0.65	0.80	NC_030987.1	JH651386.1
3966090	3972261	3813024	3819216	6172	6193	99.27	5577357	4537458	0.11	0.14	NC_030987.1	JH651386.1
3972562	3976581	3819365	3823394	4020	4030	98.61	5577357	4537458	0.07	0.09	NC_030987.1	JH651386.1
3976818	4033039	3823536	3879710	56222	56175	98.68	5577357	4537458	1.01	1.24	NC_030987.1	JH651386.1
4033457	4175546	3880104	4022152	142090	142049	98.69	5577357	4537458	2.55	3.13	NC_030987.1	JH651386.1
4182326	4265897	4027826	4111371	83572	83546	98.16	5577357	4537458	1.50	1.84	NC_030987.1	JH651386.1
4265896	4278402	4111562	4124077	12507	12516	97.41	5577357	4537458	0.22	0.28	NC_030987.1	JH651386.1
4278402	4289048	4124276	4134904	10647	10629	98.02	5577357	4537458	0.19	0.23	NC_030987.1	JH651386.1
4301655	4302954	2665844	2664545	1300	1300	85.40	5577357	2759859	0.02	0.05	NC_030987.1	JH651390.1
4303634	4304245	2816490	2815880	612	611	90.88	5577357	2870791	0.01	0.02	NC_030987.1	JH651389.1
4304242	4311819	4134903	4142323	7578	7421	95.66	5577357	4537458	0.14	0.16	NC_030987.1	JH651386.1
4312049	4323939	4142318	4154230	11891	11913	98.28	5577357	4537458	0.21	0.26	NC_030987.1	JH651386.1
4323939	4362952	4163035	4202011	39014	38977	97.90	5577357	4537458	0.70	0.86	NC_030987.1	JH651386.1
4369108	4371455	4206560	4208897	2348	2338	95.91	5577357	4537458	0.04	0.05	NC_030987.1	JH651386.1
4371608	4439837	4208914	4277178	68230	68265	98.72	5577357	4537458	1.22	1.50	NC_030987.1	JH651386.1
4439837	4452159	4277572	4289868	12323	12297	97.22	5577357	4537458	0.22	0.27	NC_030987.1	JH651386.1
4452405	4455673	4290134	4293388	3269	3255	97.13	5577357	4537458	0.06	0.07	NC_030987.1	JH651386.1
4455858	4458878	4293553	4296573	3021	3021	98.25	5577357	4537458	0.05	0.07	NC_030987.1	JH651386.1
4459638	4462219	4296566	4299137	2582	2572	96.71	5577357	4537458	0.05	0.06	NC_030987.1	JH651386.1
4462346	4478995	4299274	4315932	16650	16659	98.63	5577357	4537458	0.30	0.37	NC_030987.1	JH651386.1
4479095	4481769	4316106	4318778	2675	2673	98.92	5577357	4537458	0.05	0.06	NC_030987.1	JH651386.1
4482454	4485917	4318871	4322338	3464	3468	96.54	5577357	4537458	0.06	0.08	NC_030987.1	JH651386.1
4486347	4490707	4322335	4326690	4361	4356	98.60	5577357	4537458	0.08	0.10	NC_030987.1	JH651386.1
4490707	4496765	4326816	4332909	6059	6094	96.70	5577357	4537458	0.11	0.13	NC_030987.1	JH651386.1
4496773	4497042	4332742	4333011	270	270	92.59	5577357	4537458	0.00	0.01	NC_030987.1	JH651386.1
4536663	4542768	4371287	4365195	6106	6093	97.45	5577357	4537458	0.11	0.13	NC_030987.1	JH651386.1
4543566	4554716	4365195	4354035	11151	11161	97.87	5577357	4537458	0.20	0.25	NC_030987.1	JH651386.1
4554716	4566217	4353850	4342347	11502	11504	98.38	5577357	4537458	0.21	0.25	NC_030987.1	JH651386.1
4566575	4567099	4342349	4341825	525	525	93.35	5577357	4537458	0.01	0.01	NC_030987.1	JH651386.1
4573765	4598060	4373523	4397827	24296	24305	98.30	5577357	4537458	0.44	0.54	NC_030987.1	JH651386.1
4597837	4606408	4397490	4406057	8572	8568	98.33	5577357	4537458	0.15	0.19	NC_030987.1	JH651386.1
4612196	4612536	4406058	4406398	341	341	97.36	5577357	4537458	0.01	0.01	NC_030987.1	JH651386.1
4612750	4646017	4406394	4439610	33268	33217	97.59	5577357	4537458	0.60	0.73	NC_030987.1	JH651386.1
4646020	4661986	4439701	4455750	15967	16050	96.15	5577357	4537458	0.29	0.35	NC_030987.1	JH651386.1
4662846	4696701	4456573	4490421	33856	33849	98.79	5577357	4537458	0.61	0.75	NC_030987.1	JH651386.1
4697282	4697635	4490423	4490773	354	351	93.79	5577357	4537458	0.01	0.01	NC_030987.1	JH651386.1
4697641	4717956	4492395	4512720	20316	20326	97.02	5577357	4537458	0.36	0.45	NC_030987.1	JH651386.1
4718598	4720237	369	2017	1640	1649	85.10	5577357	9120	0.03	18.08	NC_030987.1	JH651480.1
4721689	4722378	15598	14910	690	689	85.96	5577357	34243	0.01	2.01	NC_030987.1	JH651437.1
4722153	4722786	5530	6163	634	634	83.44	5577357	33600	0.01	1.89	NC_030987.1	KK035852.1
4739491	4739693	26908	26708	203	201	92.16	5577357	32620	0.00	0.62	NC_030987.1	JH651438.1
4825571	4825773	26908	26708	203	201	92.16	5577357	32620	0.00	0.62	NC_030987.1	JH651438.1
4903165	4906455	5016011	5019371	3291	3361	89.42	5577357	5064356	0.06	0.07	NC_030987.1	JH651385.1
4906358	4906691	2655668	2655335	334	334	93.43	5577357	2759859	0.01	0.01	NC_030987.1	JH651390.1
4906723	4907065	120295	120666	343	372	89.28	5577357	152588	0.01	0.24	NC_030987.1	JH651406.1
4906723	4907066	21053	20680	344	374	89.04	5577357	31881	0.01	1.17	NC_030987.1	JH651441.1
4914157	4915202	12483	13528	1046	1046	96.08	5577357	2759859	0.02	0.04	NC_030987.1	JH651390.1
4919559	4919822	241540	241802	264	263	92.05	5577357	282688	0.00	0.09	NC_030987.1	JH651404.1
4923289	4925112	37119	38939	1824	1821	96.60	5577357	52559	0.03	3.46	NC_030987.1	JH651420.1
4925108	4929258	4974968	4970843	4151	4126	93.98	5577357	5064356	0.07	0.08	NC_030987.1	JH651385.1
4935647	4936058	23591	23180	412	412	96.36	5577357	106902	0.01	0.39	NC_030987.1	JH651408.1
4936664	4936852	4143	3955	189	189	94.71	5577357	14292	0.00	1.32	NC_030987.1	JH651471.1
4937742	4938526	1	785	785	785	93.50	5577357	84110	0.01	0.93	NC_030987.1	JH651412.1
4937950	4938530	3854	3274	581	581	92.25	5577357	14292	0.01	4.07	NC_030987.1	JH651471.1
4945596	4946818	160363	161570	1223	1208	86.27	5577357	282688	0.02	0.43	NC_030987.1	JH651404.1
4946890	4947027	26529	26393	138	137	92.03	5577357	32620	0.00	0.42	NC_030987.1	JH651438.1
4970248	4971190	889	1822	943	934	93.98	5577357	50000	0.02	1.87	NC_030987.1	JH651421.1
4976428	4979878	76760	73319	3451	3442	88.69	5577357	2142601	0.06	0.16	NC_030987.1	JH651393.1
5007974	5008175	7032	7233	202	202	93.07	5577357	10428	0.00	1.94	NC_030987.1	KK035881.1
5008319	5008485	6263	6428	167	166	92.22	5577357	16437	0.00	1.01	NC_030987.1	KK035864.1
5008544	5008756	15098	14875	213	224	84.38	5577357	16437	0.00	1.36	NC_030987.1	KK035864.1
5010636	5010856	3648	3427	221	222	90.54	5577357	89040	0.00	0.25	NC_030987.1	JH651411.1
5038103	5040455	414	2787	2353	2374	90.26	5577357	61333	0.04	3.87	NC_030987.1	KK035849.1
5053101	5054618	3624	2119	1518	1506	88.64	5577357	6486	0.03	23.22	NC_030987.1	KK035894.1
5057483	5057705	767	546	223	222	90.62	5577357	11945	0.00	1.86	NC_030987.1	KK035876.1
5057488	5057860	31900	32271	373	372	89.63	5577357	35650	0.01	1.04	NC_030987.1	JH651434.1
5060070	5061922	14455	16308	1853	1854	83.61	5577357	26737	0.03	6.93	NC_030987.1	JH651446.1
5061248	5061922	5198	5873	675	676	96.75	5577357	52559	0.01	1.29	NC_030987.1	JH651420.1
5088564	5090233	4989089	4990755	1670	1667	88.10	5577357	5064356	0.03	0.03	NC_030987.1	JH651385.1
5091240	5091415	120294	120469	176	176	96.59	5577357	152588	0.00	0.12	NC_030987.1	JH651406.1
5091421	5092276	272432	271577	856	856	84.01	5577357	282688	0.02	0.30	NC_030987.1	JH651404.1
5098631	5099060	240	674	430	435	90.91	5577357	57168	0.01	0.76	NC_030987.1	JH651417.1
5109864	5116402	6531	1	6539	6531	96.74	5577357	7395	0.12	88.32	NC_030987.1	KK035887.1
5114395	5119049	6058	1419	4655	4640	96.50	5577357	6058	0.08	76.59	NC_030987.1	KK035899.1
5119184	5119591	71561	71139	408	423	91.49	5577357	152588	0.01	0.28	NC_030987.1	JH651406.1
5125446	5127545	32900	34989	2100	2090	95.29	5577357	44689	0.04	4.68	NC_030987.1	JH651425.1
5129428	5129572	254400	254542	145	143	97.93	5577357	282688	0.00	0.05	NC_030987.1	JH651404.1
5129789	5129927	30923	30785	139	139	97.14	5577357	35650	0.00	0.39	NC_030987.1	JH651434.1
5130700	5131589	71291	70402	890	890	83.28	5577357	250012	0.02	0.36	NC_030987.1	JH651405.1
5142000	5142241	2999	2758	242	242	90.91	5577357	9096	0.00	2.66	NC_030987.1	KK035882.1
5144057	5145405	19606	20949	1349	1344	91.18	5577357	57426	0.02	2.34	NC_030987.1	JH651415.1
5145741	5147996	21284	23552	2256	2269	87.95	5577357	57426	0.04	3.95	NC_030987.1	JH651415.1
5149027	5149322	24842	24539	296	304	89.47	5577357	44689	0.01	0.68	NC_030987.1	JH651425.1
5149489	5149567	297	219	79	79	100.00	5577357	5623	0.00	1.40	NC_030987.1	KK035903.1
5158649	5159711	2918	3975	1063	1058	83.82	5577357	17746	0.02	5.96	NC_030987.1	KK035861.1
5171577	5172105	106641	107168	529	528	97.16	5577357	152588	0.01	0.35	NC_030987.1	JH651406.1
5191499	5193349	8084	9929	1851	1846	94.56	5577357	17569	0.03	10.51	NC_030987.1	KK035862.1
5193529	5193894	9916	10268	366	353	86.96	5577357	17569	0.01	2.01	NC_030987.1	KK035862.1
5195695	5195887	2676612	2676420	193	193	98.96	5577357	2759859	0.00	0.01	NC_030987.1	JH651390.1
5196322	5196467	9067	8922	146	146	90.48	5577357	16437	0.00	0.89	NC_030987.1	KK035864.1
5201255	5201391	9158	9022	137	137	91.97	5577357	52215	0.00	0.26	NC_030987.1	JH651419.1
5206748	5207641	37290	36392	894	899	87.78	5577357	2759859	0.02	0.03	NC_030987.1	JH651390.1
5221915	5222066	34091	33941	152	151	90.13	5577357	57426	0.00	0.26	NC_030987.1	JH651415.1
5226464	5226900	2645930	2646366	437	437	85.35	5577357	2759859	0.01	0.02	NC_030987.1	JH651390.1
5227742	5229107	110239	108852	1366	1388	89.83	5577357	152588	0.02	0.91	NC_030987.1	JH651406.1
5229199	5229943	129913	130652	745	740	94.26	5577357	152588	0.01	0.48	NC_030987.1	JH651406.1
5230504	5230925	14950	15372	422	423	91.49	5577357	44689	0.01	0.95	NC_030987.1	JH651425.1
5237042	5237405	22356	21993	364	364	93.13	5577357	61333	0.01	0.59	NC_030987.1	KK035849.1
5244610	5246453	2361658	2359806	1844	1853	93.85	5577357	5064356	0.03	0.04	NC_030987.1	JH651385.1
5246115	5246453	1976535	1976879	339	345	87.25	5577357	2019370	0.01	0.02	NC_030987.1	JH651394.1
5252542	5253480	255854	254912	939	943	84.53	5577357	282688	0.02	0.33	NC_030987.1	JH651404.1
5259016	5259472	2488	2946	457	459	95.42	5577357	4072	0.01	11.27	NC_030987.1	KK035917.1
5259475	5259942	3088	3556	468	469	95.97	5577357	4072	0.01	11.52	NC_030987.1	KK035917.1
5259951	5260409	3302	3759	459	458	93.91	5577357	3760	0.01	12.18	NC_030987.1	KK035934.1
5260063	5262733	3662	6340	2671	2679	88.80	5577357	11037	0.05	24.27	NC_030987.1	JH651476.1
5262841	5263688	44689	43839	848	851	92.05	5577357	44689	0.02	1.90	NC_030987.1	JH651425.1
5264005	5266211	43837	41689	2207	2149	89.45	5577357	44689	0.04	4.81	NC_030987.1	JH651425.1
5269206	5269747	2993	3535	542	543	96.32	5577357	35525	0.01	1.53	NC_030987.1	JH651435.1
5269910	5270939	41047	40015	1030	1033	92.32	5577357	44689	0.02	2.31	NC_030987.1	JH651425.1
5282481	5282982	5038453	5038960	502	508	84.24	5577357	5064356	0.01	0.01	NC_030987.1	JH651385.1
5283016	5283189	4966427	4966255	174	173	91.95	5577357	5064356	0.00	0.00	NC_030987.1	JH651385.1
5304157	5304537	9401	9021	381	381	94.49	5577357	46602	0.01	0.82	NC_030987.1	JH651424.1
5304539	5304837	2018312	2018012	299	301	92.03	5577357	2019370	0.01	0.01	NC_030987.1	JH651394.1
5304541	5305024	5063891	5063389	484	503	87.60	5577357	5064356	0.01	0.01	NC_030987.1	JH651385.1
5305026	5305221	89565	89370	196	196	95.41	5577357	152588	0.00	0.13	NC_030987.1	JH651406.1
5308304	5309752	2048608	2047158	1449	1451	83.56	5577357	2759859	0.03	0.05	NC_030987.1	JH651390.1
5310473	5312338	2717022	2715157	1866	1866	92.34	5577357	2870791	0.03	0.06	NC_030987.1	JH651389.1
5314772	5314923	2704502	2704351	152	152	93.42	5577357	2759859	0.00	0.01	NC_030987.1	JH651390.1
5321485	5321917	780682	781092	433	411	87.33	5577357	2471847	0.01	0.02	NC_030987.1	JH651391.1
5388525	5388651	9905	10031	127	127	99.21	5577357	15173	0.00	0.84	NC_030987.1	JH651465.1
5388611	5388817	213436	213642	207	207	94.20	5577357	2142601	0.00	0.01	NC_030987.1	JH651393.1
5401516	5401697	165554	165735	182	182	93.41	5577357	2759859	0.00	0.01	NC_030987.1	JH651390.1
5402023	5403429	454192	452787	1407	1406	86.60	5577357	1653966	0.03	0.09	NC_030987.1	JH651396.1
5402286	5403801	233329	231815	1516	1515	87.15	5577357	2142601	0.03	0.07	NC_030987.1	JH651393.1
5417983	5418313	12394	12723	331	330	85.93	5577357	15866	0.01	2.08	NC_030987.1	JH651464.1
5427724	5428099	336399	336041	376	359	89.63	5577357	5064356	0.01	0.01	NC_030987.1	JH651385.1
16655	16972	32650	32967	318	318	98.43	5634991	33739	0.01	0.94	NC_030988.1	JH651439.1
17191	19745	38494	35941	2555	2554	97.89	5634991	50000	0.05	5.11	NC_030988.1	JH651421.1
19938	20498	35946	35396	561	551	95.72	5634991	50000	0.01	1.10	NC_030988.1	JH651421.1
24792	25386	131809	132403	595	595	98.99	5634991	152588	0.01	0.39	NC_030988.1	JH651406.1
31583	31727	233093	233237	145	145	93.10	5634991	2759859	0.00	0.01	NC_030988.1	JH651390.1
41680	41874	38453	38646	195	194	95.90	5634991	41155	0.00	0.47	NC_030988.1	JH651431.1
53539	55894	7601	9954	2356	2354	97.54	5634991	36238	0.04	6.50	NC_030988.1	JH651433.1
60463	60556	1073	1166	94	94	91.49	5634991	10428	0.00	0.90	NC_030988.1	KK035881.1
78388	78598	35166	34956	211	211	92.42	5634991	46602	0.00	0.45	NC_030988.1	JH651424.1
81439	83478	2041	2	2040	2040	91.32	5634991	2202	0.04	92.64	NC_030988.1	KK035985.1
88854	93329	10496	6071	4476	4426	93.30	5634991	106902	0.08	4.14	NC_030988.1	JH651408.1
136430	137242	1020	208	813	813	95.33	5634991	1453	0.01	55.95	NC_030988.1	KK036054.1
137170	137247	21642	21565	78	78	98.72	5634991	57168	0.00	0.14	NC_030988.1	JH651417.1
172430	174283	3202	5052	1854	1851	82.88	5634991	33600	0.03	5.51	NC_030988.1	KK035852.1
387296	389259	61067	63038	1964	1972	83.64	5634991	282688	0.03	0.70	NC_030988.1	JH651404.1
404728	404931	71869	72076	204	208	91.83	5634991	272278	0.00	0.08	NC_030988.1	KK035842.1
428566	430786	13178	10960	2221	2219	97.84	5634991	15131	0.04	14.67	NC_030988.1	KK035865.1
451046	451205	17088	17247	160	160	94.38	5634991	17569	0.00	0.91	NC_030988.1	KK035862.1
461501	461632	7248	7379	132	132	90.91	5634991	22731	0.00	0.58	NC_030988.1	JH651450.1
499752	500694	3351	2408	943	944	90.69	5634991	40904	0.02	2.31	NC_030988.1	JH651430.1
514902	517669	4918050	4920827	2768	2778	88.25	5634991	5064356	0.05	0.05	NC_030988.1	JH651385.1
527884	528082	74789	74987	199	199	88.67	5634991	1091311	0.00	0.02	NC_030988.1	JH651399.1
527948	528566	99820	99202	619	619	87.16	5634991	111915	0.01	0.55	NC_030988.1	JH651407.1
528611	528825	11009	10795	215	215	83.41	5634991	45697	0.00	0.47	NC_030988.1	JH651427.1
529021	529475	99196	98741	455	456	81.33	5634991	111915	0.01	0.41	NC_030988.1	JH651407.1
529551	532310	2766	1	2760	2766	88.14	5634991	5500	0.05	50.29	NC_030988.1	KK035906.1
545582	545984	2604	2204	403	401	97.02	5634991	12766	0.01	3.14	NC_030988.1	KK035871.1
599166	599392	2611	2384	227	228	88.60	5634991	8750	0.00	2.61	NC_030988.1	JH651482.1
601055	601147	28189	28281	93	93	98.92	5634991	40904	0.00	0.23	NC_030988.1	JH651430.1
675842	676236	11517	11911	395	395	92.93	5634991	12910	0.01	3.06	NC_030988.1	KK035870.1
695142	696554	10209	8797	1413	1413	97.38	5634991	13070	0.03	10.81	NC_030988.1	JH651472.1
696302	696559	174827	175083	258	257	88.03	5634991	282688	0.00	0.09	NC_030988.1	JH651404.1
698796	699930	4452	3316	1135	1137	84.89	5634991	5819	0.02	19.54	NC_030988.1	KK035900.1
995429	995619	11155	11342	191	188	93.19	5634991	17184	0.00	1.09	NC_030988.1	JH651455.1
1029005	1029691	4704	4018	687	687	94.78	5634991	30340	0.01	2.26	NC_030988.1	JH651440.1
1049840	1049983	2762561	2762417	144	145	97.93	5634991	2870791	0.00	0.01	NC_030988.1	JH651389.1
1092411	1094167	19568	17821	1757	1748	97.10	5634991	22213	0.03	7.87	NC_030988.1	KK035858.1
1094833	1096084	17833	16580	1252	1254	97.53	5634991	22213	0.02	5.65	NC_030988.1	KK035858.1
1129643	1133587	12923	16865	3945	3943	92.01	5634991	39416	0.07	10.00	NC_030988.1	JH651432.1
1134246	1135417	35182	36357	1172	1176	83.72	5634991	44953	0.02	2.62	NC_030988.1	JH651426.1
1143102	1145502	5675	3282	2401	2394	92.73	5634991	22213	0.04	10.78	NC_030988.1	KK035858.1
1148878	1150583	17668	15962	1706	1707	90.35	5634991	27012	0.03	6.32	NC_030988.1	JH651442.1
1238387	1238472	17405	17490	86	86	95.35	5634991	74538	0.00	0.12	NC_030988.1	JH651413.1
1240440	1240672	20308	20540	233	233	90.99	5634991	74538	0.00	0.31	NC_030988.1	JH651413.1
1267884	1268110	8798	8572	227	227	98.24	5634991	11077	0.00	2.05	NC_030988.1	KK035878.1
1288468	1288809	3592	3253	342	340	90.99	5634991	14995	0.01	2.27	NC_030988.1	JH651469.1
1293276	1293473	32565	32367	198	199	94.47	5634991	46602	0.00	0.43	NC_030988.1	JH651424.1
1308375	1308541	10482	10647	167	166	95.81	5634991	16763	0.00	0.99	NC_030988.1	JH651462.1
1315691	1315941	2655970	2656222	251	253	94.47	5634991	2759859	0.00	0.01	NC_030988.1	JH651390.1
1317589	1318213	17368	16745	625	624	92.96	5634991	48835	0.01	1.28	NC_030988.1	KK035851.1
1333623	1333780	2697336	2697495	158	160	96.25	5634991	2759859	0.00	0.01	NC_030988.1	JH651390.1
1355135	1356653	204157	202614	1519	1544	88.90	5634991	206411	0.03	0.75	NC_030988.1	KK035844.1
1427647	1428711	4846	5913	1065	1068	85.74	5634991	15113	0.02	7.07	NC_030988.1	JH651467.1
1429091	1429244	7372	7219	154	154	89.68	5634991	19639	0.00	0.78	NC_030988.1	JH651453.1
1441451	1443127	3283468	3285145	1677	1678	94.46	5634991	5064356	0.03	0.03	NC_030988.1	JH651385.1
1517574	1520200	24550	21910	2627	2641	93.46	5634991	45983	0.05	5.74	NC_030988.1	JH651423.1
1525802	1526739	18669	17736	938	934	91.01	5634991	27012	0.02	3.46	NC_030988.1	JH651442.1
1534133	1536906	18227	20983	2774	2757	87.84	5634991	21276	0.05	12.96	NC_030988.1	KK035859.1
1535977	1536906	6092	5154	930	939	92.76	5634991	13873	0.02	6.77	NC_030988.1	JH651470.1
1542365	1545907	19634	16063	3543	3572	92.09	5634991	19639	0.06	18.19	NC_030988.1	JH651453.1
1546090	1547822	1744	1	1733	1744	94.50	5634991	13873	0.03	12.57	NC_030988.1	JH651470.1
1550631	1551613	8750	7748	983	1003	93.53	5634991	8750	0.02	11.46	NC_030988.1	JH651482.1
1556642	1557013	2848	2479	372	370	91.96	5634991	8750	0.01	4.23	NC_030988.1	JH651482.1
1559967	1562498	9482	12046	2532	2565	90.32	5634991	14995	0.04	17.11	NC_030988.1	JH651469.1
1568305	1569440	4	1146	1136	1143	87.10	5634991	3163	0.02	36.14	NC_030988.1	KK035950.1
1579190	1581622	2443	1	2433	2443	97.79	5634991	2443	0.04	100.00	NC_030988.1	KK035976.1
1587911	1590017	2107	1	2107	2107	95.45	5634991	2107	0.04	100.00	NC_030988.1	KK035990.1
1598131	1599220	13625	14714	1090	1090	92.48	5634991	14714	0.02	7.41	NC_030988.1	KK035866.1
1598541	1599639	7300	6202	1099	1099	93.73	5634991	7300	0.02	15.05	NC_030988.1	JH651488.1
1599813	1600580	5361	4601	768	761	86.64	5634991	7300	0.01	10.42	NC_030988.1	JH651488.1
1610963	1611834	1	852	872	852	89.53	5634991	1678	0.02	50.77	NC_030988.1	KK036021.1
1611872	1612246	1020	1391	375	372	85.15	5634991	1678	0.01	22.17	NC_030988.1	KK036021.1
1630370	1632904	2541	1	2535	2541	90.49	5634991	4672	0.04	54.39	NC_030988.1	KK035913.1
1637853	1638802	1617	2557	950	941	97.79	5634991	2557	0.02	36.80	NC_030988.1	JH651515.1
1638318	1639611	2053	755	1294	1299	91.61	5634991	3458	0.02	37.57	NC_030988.1	KK035941.1
1661086	1661678	12252	11660	593	593	80.90	5634991	58138	0.01	1.02	NC_030988.1	JH651416.1
1670238	1672382	2174	1	2145	2174	93.77	5634991	2392	0.04	90.89	NC_030988.1	KK035975.1
1679560	1681261	6814	5150	1702	1665	86.89	5634991	6850	0.03	24.31	NC_030988.1	KK035889.1
1683878	1689023	5155	1	5146	5155	91.76	5634991	6850	0.09	75.26	NC_030988.1	KK035889.1
1698752	1700612	8	1844	1861	1837	88.12	5634991	1844	0.03	99.62	NC_030988.1	KK036007.1
1706406	1707268	2188	1326	863	863	91.19	5634991	2795	0.02	30.88	NC_030988.1	JH651511.1
1707338	1708401	1094	21	1064	1074	87.12	5634991	2795	0.02	38.43	NC_030988.1	JH651511.1
1717136	1717931	796	1	796	796	90.60	5634991	1380	0.01	57.68	NC_030988.1	KK036075.1
1724083	1725088	4316	5322	1006	1007	97.72	5634991	30340	0.02	3.32	NC_030988.1	JH651440.1
1735020	1735112	93	1	93	93	98.92	5634991	3623	0.00	2.57	NC_030988.1	KK035937.1
1751818	1753671	876	2723	1854	1848	91.65	5634991	16871	0.03	10.95	NC_030988.1	JH651463.1
1775952	1776733	43974	43190	782	785	90.97	5634991	61333	0.01	1.28	NC_030988.1	KK035849.1
1779119	1780082	16277	15321	964	957	96.58	5634991	17309	0.02	5.53	NC_030988.1	JH651456.1
1784204	1786018	12640	10825	1815	1816	96.15	5634991	12640	0.03	14.37	NC_030988.1	KK035874.1
1787392	1788818	1430	2	1427	1429	94.19	5634991	1433	0.03	99.72	NC_030988.1	KK036063.1
1792737	1792832	4978684	4978779	96	96	100.00	5634991	5064356	0.00	0.00	NC_030988.1	JH651385.1
1814055	1814167	42331	42443	113	113	96.49	5634991	52559	0.00	0.21	NC_030988.1	JH651420.1
1814165	1815160	38735	39730	996	996	95.09	5634991	106902	0.02	0.93	NC_030988.1	JH651408.1
1831499	1832071	14719	14146	573	574	96.17	5634991	52215	0.01	1.10	NC_030988.1	JH651419.1
1842123	1846769	38495	43139	4647	4645	97.55	5634991	50000	0.08	9.29	NC_030988.1	JH651421.1
1847284	1847373	2141	2052	90	90	96.67	5634991	12640	0.00	0.71	NC_030988.1	KK035874.1
1847368	1848278	898	1	911	898	95.50	5634991	3875	0.02	23.17	NC_030988.1	KK035931.1
1854468	1856681	7895	5684	2214	2212	93.72	5634991	12640	0.04	17.50	NC_030988.1	KK035874.1
1856679	1859241	14076	16655	2563	2580	85.84	5634991	40904	0.05	6.31	NC_030988.1	JH651430.1
1860423	1860627	4800	5004	205	205	94.63	5634991	52215	0.00	0.39	NC_030988.1	JH651419.1
1891432	1893597	32693	30527	2166	2167	98.52	5634991	50000	0.04	4.33	NC_030988.1	JH651421.1
1895829	1897006	30524	29349	1178	1176	98.90	5634991	50000	0.02	2.35	NC_030988.1	JH651421.1
1904317	1905000	3859	3179	684	681	97.37	5634991	26737	0.01	2.55	NC_030988.1	JH651446.1
1907115	1908538	80989	82415	1424	1427	86.49	5634991	1038905	0.03	0.14	NC_030988.1	KK035840.1
1922402	1922911	23780	24288	510	509	89.56	5634991	61333	0.01	0.83	NC_030988.1	KK035849.1
1924590	1925135	202821	203364	546	544	85.37	5634991	2142601	0.01	0.03	NC_030988.1	JH651393.1
1935041	1935256	28396	28609	216	214	94.95	5634991	40904	0.00	0.52	NC_030988.1	JH651430.1
1946793	1946922	29551	29422	130	130	94.62	5634991	40904	0.00	0.32	NC_030988.1	JH651430.1
1949447	1950508	13263	14352	1062	1090	86.18	5634991	27712	0.02	3.93	NC_030988.1	KK035854.1
1968676	1969028	4518	4166	353	353	98.30	5634991	5303	0.01	6.66	NC_030988.1	JH651500.1
2012720	2013377	10709	11365	658	657	96.50	5634991	11365	0.01	5.78	NC_030988.1	KK035877.1
2014301	2019600	2692178	2686876	5300	5303	99.13	5634991	2759859	0.09	0.19	NC_030988.1	JH651390.1
2024896	2025156	2737797	2738058	261	262	93.89	5634991	2759859	0.00	0.01	NC_030988.1	JH651390.1
2027529	2027764	2718534	2718302	236	233	87.76	5634991	2759859	0.00	0.01	NC_030988.1	JH651390.1
2029975	2030051	14462	14538	77	77	98.70	5634991	27152	0.00	0.28	NC_030988.1	JH651443.1
2030049	2031263	36587	37811	1215	1225	87.05	5634991	2759859	0.02	0.04	NC_030988.1	JH651390.1
2089756	2090467	1	710	712	710	98.18	5634991	10663	0.01	6.66	NC_030988.1	JH651479.1
2101905	2101991	35525	35439	87	87	97.70	5634991	35525	0.00	0.24	NC_030988.1	JH651435.1
2123962	2124070	8954	9062	109	109	96.33	5634991	5064356	0.00	0.00	NC_030988.1	JH651385.1
2128379	2128459	66411	66491	81	81	100.00	5634991	84110	0.00	0.10	NC_030988.1	JH651412.1
2128381	2128765	13529	13910	385	382	97.93	5634991	13910	0.01	2.75	NC_030988.1	JH651468.1
2129139	2130939	66808	68607	1801	1800	87.25	5634991	84110	0.03	2.14	NC_030988.1	JH651412.1
2131789	2135789	69608	73591	4001	3984	88.71	5634991	84110	0.07	4.74	NC_030988.1	JH651412.1
2136983	2138537	73765	75321	1555	1557	86.71	5634991	84110	0.03	1.85	NC_030988.1	JH651412.1
2138768	2139764	125660	126641	997	982	86.37	5634991	206411	0.02	0.48	NC_030988.1	KK035844.1
2144952	2145234	7788	8073	283	286	91.96	5634991	13077	0.01	2.19	NC_030988.1	KK035869.1
2171686	2172096	6233	6642	411	410	98.05	5634991	13910	0.01	2.95	NC_030988.1	JH651468.1
2186437	2186662	5237	5461	226	225	93.36	5634991	5623	0.00	4.00	NC_030988.1	KK035903.1
2200130	2200258	10424	10552	129	129	99.22	5634991	27712	0.00	0.47	NC_030988.1	KK035854.1
2201460	2203205	2667	914	1746	1754	95.44	5634991	57168	0.03	3.07	NC_030988.1	JH651417.1
2217067	2217416	27361	27710	350	350	92.00	5634991	52559	0.01	0.67	NC_030988.1	JH651420.1
2258993	2261541	33136	30581	2549	2556	89.37	5634991	61333	0.05	4.17	NC_030988.1	KK035849.1
2279630	2280311	26335	25658	682	678	90.78	5634991	27152	0.01	2.50	NC_030988.1	JH651443.1
2284611	2285843	153498	154736	1233	1239	87.17	5634991	282688	0.02	0.44	NC_030988.1	JH651404.1
2337725	2339264	25551	24011	1540	1541	93.66	5634991	27712	0.03	5.56	NC_030988.1	KK035854.1
2342371	2345063	24015	21313	2693	2703	95.18	5634991	27712	0.05	9.75	NC_030988.1	KK035854.1
2460601	2460761	5878	6030	161	153	77.71	5634991	52559	0.00	0.29	NC_030988.1	JH651420.1
2474320	2474711	44945	44556	392	390	93.11	5634991	89040	0.01	0.44	NC_030988.1	JH651411.1
2477938	2478157	733126	732907	220	220	98.64	5634991	790686	0.00	0.03	NC_030988.1	JH651401.1
2494096	2494620	42444	42968	525	525	98.29	5634991	57426	0.01	0.91	NC_030988.1	JH651415.1
2505394	2506995	101066	99465	1602	1602	99.44	5634991	152588	0.03	1.05	NC_030988.1	JH651406.1
2529103	2529307	26491	26695	205	205	100.00	5634991	27712	0.00	0.74	NC_030988.1	KK035854.1
2543422	2543695	129638	129912	274	275	97.82	5634991	152588	0.00	0.18	NC_030988.1	JH651406.1
2631392	2632957	121995	120430	1566	1566	95.91	5634991	2759859	0.03	0.06	NC_030988.1	JH651390.1
2672766	2675067	25708	27985	2302	2278	87.87	5634991	91901	0.04	2.48	NC_030988.1	KK035847.1
2701494	2702689	12115	13302	1196	1188	88.16	5634991	26737	0.02	4.44	NC_030988.1	JH651446.1
2703225	2704111	13558	14444	887	887	93.01	5634991	26737	0.02	3.32	NC_030988.1	JH651446.1
2707687	2709018	89077	87748	1332	1330	90.10	5634991	2759859	0.02	0.05	NC_030988.1	JH651390.1
2728171	2729428	2741956	2740699	1258	1258	87.55	5634991	2759859	0.02	0.05	NC_030988.1	JH651390.1
2746546	2747942	63817	65192	1397	1376	97.71	5634991	106902	0.02	1.29	NC_030988.1	JH651408.1
2763399	2774712	78002	89320	11314	11319	94.67	5634991	106902	0.20	10.59	NC_030988.1	JH651408.1
2780909	2781290	248085	248465	382	381	92.41	5634991	282688	0.01	0.13	NC_030988.1	JH651404.1
2791186	2791561	8025	8397	376	373	91.01	5634991	17522	0.01	2.13	NC_030988.1	KK035863.1
2791642	2793507	123538	121673	1866	1866	94.75	5634991	137471	0.03	1.36	NC_030988.1	KK035846.1
2813808	2813938	130	1	131	130	96.18	5634991	1213	0.00	10.72	NC_030988.1	KK036108.1
2815978	2817857	2735790	2733915	1880	1876	96.65	5634991	2759859	0.03	0.07	NC_030988.1	JH651390.1
2884848	2884985	991	1128	138	138	92.75	5634991	3671	0.00	3.76	NC_030988.1	JH651504.1
2885071	2888189	11891	8773	3119	3119	99.68	5634991	91901	0.06	3.39	NC_030988.1	KK035847.1
2885212	2888196	1058449	1055465	2985	2985	99.63	5634991	1058449	0.05	0.28	NC_030988.1	JH651400.1
2898056	2899140	132	1213	1085	1082	97.51	5634991	1213	0.02	89.20	NC_030988.1	KK036108.1
2898895	2900250	22412	23763	1356	1352	87.42	5634991	61333	0.02	2.20	NC_030988.1	KK035849.1
2941946	2942227	870	589	282	282	98.94	5634991	4505	0.01	6.26	NC_030988.1	KK035920.1
2943432	2949109	11978	17584	5678	5607	93.95	5634991	45697	0.10	12.27	NC_030988.1	JH651427.1
2977458	2977544	17704	17618	87	87	97.70	5634991	27152	0.00	0.32	NC_030988.1	JH651443.1
2980070	2980373	4028599	4028899	304	301	80.19	5634991	5064356	0.01	0.01	NC_030988.1	JH651385.1
3037707	3037987	2938	3218	281	281	85.41	5634991	7306	0.00	3.85	NC_030988.1	JH651486.1
3038046	3042051	4471	462	4006	4010	89.03	5634991	4471	0.07	89.69	NC_030988.1	KK035921.1
3042076	3042608	10377	10910	533	534	91.95	5634991	13910	0.01	3.84	NC_030988.1	JH651468.1
3055498	3055648	1815	1665	151	151	99.34	5634991	8634	0.00	1.75	NC_030988.1	KK035883.1
3117206	3117536	2686418	2686091	331	328	88.52	5634991	2759859	0.01	0.01	NC_030988.1	JH651390.1
3133620	3134613	13628	12635	994	994	91.95	5634991	16437	0.02	6.05	NC_030988.1	KK035864.1
3151842	3152145	4028899	4028599	304	301	80.19	5634991	5064356	0.01	0.01	NC_030988.1	JH651385.1
3162350	3163565	1208	1	1216	1208	96.79	5634991	272278	0.02	0.44	NC_030988.1	KK035842.1
3163583	3164912	209299	210621	1330	1323	88.30	5634991	282688	0.02	0.47	NC_030988.1	JH651404.1
3199459	3201613	5042514	5044647	2155	2134	93.69	5634991	5064356	0.04	0.04	NC_030988.1	JH651385.1
3201786	3203645	5044647	5046489	1860	1843	86.35	5634991	5064356	0.03	0.04	NC_030988.1	JH651385.1
3231965	3233320	23763	22412	1356	1352	87.42	5634991	61333	0.02	2.20	NC_030988.1	KK035849.1
3235598	3237611	341060	339084	2014	1977	92.56	5634991	711798	0.04	0.28	NC_030988.1	JH651402.1
3306098	3307691	204418	206010	1594	1593	91.66	5634991	282688	0.03	0.56	NC_030988.1	JH651404.1
3313994	3314162	2733741	2733909	169	169	99.41	5634991	2759859	0.00	0.01	NC_030988.1	JH651390.1
3337489	3337667	8563	8389	179	175	94.97	5634991	17522	0.00	1.00	NC_030988.1	KK035863.1
3348039	3350514	91969	89494	2476	2476	99.23	5634991	106902	0.04	2.32	NC_030988.1	JH651408.1
3351817	3351964	89460	89316	148	145	97.30	5634991	106902	0.00	0.14	NC_030988.1	JH651408.1
3386023	3390626	63820	59306	4604	4515	97.20	5634991	106902	0.08	4.22	NC_030988.1	JH651408.1
3419582	3419737	11723	11878	156	156	97.44	5634991	12431	0.00	1.25	NC_030988.1	KK035873.1
3425930	3427826	18179	16307	1897	1873	91.66	5634991	26737	0.03	7.01	NC_030988.1	JH651446.1
3432105	3434101	21546	19545	1997	2002	89.68	5634991	25838	0.04	7.75	NC_030988.1	JH651447.1
3437351	3440112	335445	338205	2762	2761	91.16	5634991	711798	0.05	0.39	NC_030988.1	JH651402.1
3447848	3450033	12979	10791	2186	2189	97.90	5634991	14313	0.04	15.29	NC_030988.1	KK035867.1
3478377	3478496	143739	143858	120	120	97.50	5634991	152588	0.00	0.08	NC_030988.1	JH651406.1
3543978	3544128	35614	35464	151	151	100.00	5634991	35650	0.00	0.42	NC_030988.1	JH651434.1
3605996	3606443	4923081	4922635	448	447	91.07	5634991	5064356	0.01	0.01	NC_030988.1	JH651385.1
3638546	3638663	107491	107608	118	118	98.31	5634991	152588	0.00	0.08	NC_030988.1	JH651406.1
3638663	3639141	61223	60743	479	481	90.18	5634991	91740	0.01	0.52	NC_030988.1	JH651409.1
3687061	3687221	6030	5878	161	153	77.98	5634991	52559	0.00	0.29	NC_030988.1	JH651420.1
3707528	3707908	8295	7915	381	381	82.51	5634991	17300	0.01	2.20	NC_030988.1	JH651454.1
3708387	3711000	1	2616	2614	2616	97.33	5634991	2616	0.05	100.00	NC_030988.1	KK035971.1
3748828	3749419	774	186	592	589	90.37	5634991	9096	0.01	6.48	NC_030988.1	KK035882.1
3792147	3792809	28217	27556	663	662	94.12	5634991	57168	0.01	1.16	NC_030988.1	JH651417.1
3806891	3807250	50464	50104	360	361	93.91	5634991	91901	0.01	0.39	NC_030988.1	KK035847.1
3818334	3819458	21588	20462	1125	1127	86.04	5634991	61333	0.02	1.84	NC_030988.1	KK035849.1
3849379	3850767	27593	28983	1389	1391	91.16	5634991	35525	0.02	3.92	NC_030988.1	JH651435.1
3849379	3850768	24929	26319	1390	1391	90.54	5634991	26737	0.02	5.20	NC_030988.1	JH651446.1
3865956	3867330	11611	12989	1375	1379	88.70	5634991	14313	0.02	9.63	NC_030988.1	KK035867.1
3885028	3886084	28787	27728	1057	1060	89.64	5634991	61333	0.02	1.73	NC_030988.1	KK035849.1
3930180	3930622	731	1173	443	443	96.39	5634991	1284	0.01	34.50	NC_030988.1	KK036096.1
3955582	3955670	325	413	89	89	100.00	5634991	1638	0.00	5.43	NC_030988.1	KK036033.1
3968928	3969707	3114	2333	780	782	89.78	5634991	3355	0.01	23.31	NC_030988.1	KK035945.1
3969778	3970220	2134	1644	443	491	85.54	5634991	3355	0.01	14.63	NC_030988.1	KK035945.1
3990308	3993757	39347	35884	3450	3464	87.76	5634991	91901	0.06	3.77	NC_030988.1	KK035847.1
3994081	3995540	35587	34109	1460	1479	88.45	5634991	91901	0.03	1.61	NC_030988.1	KK035847.1
3995800	3999502	27979	24289	3703	3691	91.00	5634991	91901	0.07	4.02	NC_030988.1	KK035847.1
4018852	4019339	24931	24444	488	488	99.59	5634991	26737	0.01	1.83	NC_030988.1	JH651446.1
4062488	4062982	32463	31993	495	471	92.93	5634991	32620	0.01	1.44	NC_030988.1	JH651438.1
4062975	4063163	6244	6055	189	190	87.43	5634991	15131	0.00	1.26	NC_030988.1	KK035865.1
4071582	4072362	32959	33739	781	781	99.36	5634991	33739	0.01	2.31	NC_030988.1	JH651439.1
4080334	4080621	5664	5379	288	286	97.22	5634991	52215	0.01	0.55	NC_030988.1	JH651419.1
4178872	4179642	893	123	771	771	94.56	5634991	50000	0.01	1.54	NC_030988.1	JH651421.1
4200005	4204814	8821	13637	4810	4817	94.47	5634991	50000	0.09	9.63	NC_030988.1	JH651421.1
4258594	4260851	43555	41295	2258	2261	88.93	5634991	91901	0.04	2.46	NC_030988.1	KK035847.1
4261662	4263611	41294	39352	1950	1943	89.05	5634991	91901	0.03	2.11	NC_030988.1	KK035847.1
4294429	4294532	3759	3862	104	104	91.35	5634991	10428	0.00	1.00	NC_030988.1	KK035881.1
4306414	4312744	61685	55350	6331	6336	93.55	5634991	91901	0.11	6.89	NC_030988.1	KK035847.1
4314674	4315047	54948	54589	374	360	88.24	5634991	91901	0.01	0.39	NC_030988.1	KK035847.1
4315050	4318636	54041	50509	3587	3533	91.13	5634991	91901	0.06	3.84	NC_030988.1	KK035847.1
4389738	4389863	7863	7988	126	126	92.06	5634991	33600	0.00	0.38	NC_030988.1	KK035852.1
4392494	4392639	59532	59387	146	146	100.00	5634991	91740	0.00	0.16	NC_030988.1	JH651409.1
4393058	4393181	28710	28833	124	124	97.58	5634991	44983	0.00	0.28	NC_030988.1	JH651428.1
4393181	4397002	38734	34949	3822	3786	95.48	5634991	106902	0.07	3.54	NC_030988.1	JH651408.1
4405553	4405704	8165	8014	152	152	96.71	5634991	14025	0.00	1.08	NC_030988.1	KK035868.1
4447585	4453519	7924	1979	5935	5946	92.35	5634991	7924	0.11	75.04	NC_030988.1	JH651485.1
4463102	4463692	1	585	591	585	84.85	5634991	2103	0.01	27.82	NC_030988.1	KK035992.1
4474442	4475154	692	1	713	692	87.54	5634991	2811	0.01	24.62	NC_030988.1	JH651512.1
4478255	4478914	660	1	660	660	96.67	5634991	1980	0.01	33.33	NC_030988.1	KK035994.1
4479541	4481024	2403	3880	1484	1478	91.01	5634991	3880	0.03	38.09	NC_030988.1	JH651503.1
4488444	4490592	2777	4935	2149	2159	91.57	5634991	4935	0.04	43.75	NC_030988.1	JH651499.1
4515386	4515585	1	200	200	200	99.00	5634991	4477	0.00	4.47	NC_030988.1	JH651502.1
4516476	4519352	2824	1	2877	2824	93.03	5634991	2824	0.05	100.00	NC_030988.1	KK035963.1
4524691	4525099	54988	55399	409	412	85.27	5634991	106902	0.01	0.39	NC_030988.1	JH651408.1
4526248	4528721	4538	7005	2474	2468	87.98	5634991	58138	0.04	4.25	NC_030988.1	JH651416.1
4529030	4532022	7143	10132	2993	2990	92.12	5634991	58138	0.05	5.14	NC_030988.1	JH651416.1
4532140	4532737	10265	10861	598	597	84.00	5634991	58138	0.01	1.03	NC_030988.1	JH651416.1
4560449	4561542	1099	1	1094	1099	95.00	5634991	1099	0.02	100.00	NC_030988.1	KK036121.1
4596233	4597453	1	1220	1221	1220	95.74	5634991	1220	0.02	100.00	NC_030988.1	KK036109.1
4628004	4632280	14409	10127	4277	4283	90.13	5634991	15113	0.08	28.34	NC_030988.1	JH651467.1
4677738	4680813	7554	4468	3076	3087	93.67	5634991	21276	0.05	14.51	NC_030988.1	KK035859.1
4684515	4688823	4307	1	4309	4307	99.03	5634991	21276	0.08	20.24	NC_030988.1	KK035859.1
4691866	4693500	469	2103	1635	1635	99.51	5634991	5526	0.03	29.59	NC_030988.1	KK035904.1
4694812	4696920	3205	5319	2109	2115	98.35	5634991	5526	0.04	38.27	NC_030988.1	KK035904.1
4696922	4697216	5194	4898	295	297	90.57	5634991	39416	0.01	0.75	NC_030988.1	JH651432.1
4697475	4701454	6965	2978	3980	3988	93.82	5634991	44953	0.07	8.87	NC_030988.1	JH651426.1
4701133	4702524	1390	1	1392	1390	95.62	5634991	1390	0.02	100.00	NC_030988.1	KK036081.1
4702043	4703255	1216	1	1213	1216	97.04	5634991	44953	0.02	2.71	NC_030988.1	JH651426.1
4705437	4706983	4833	3288	1547	1546	93.28	5634991	4833	0.03	31.99	NC_030988.1	KK035909.1
4716791	4717228	849	1286	438	438	97.03	5634991	1286	0.01	34.06	NC_030988.1	KK036089.1
4716886	4717784	50105	49206	899	900	94.78	5634991	50541	0.02	1.78	NC_030988.1	JH651422.1
4717602	4719340	35462	33718	1739	1745	91.85	5634991	35650	0.03	4.89	NC_030988.1	JH651434.1
4718569	4723848	1	5293	5280	5293	95.06	5634991	44983	0.09	11.77	NC_030988.1	JH651428.1
4722704	4724414	44813	43097	1711	1717	95.06	5634991	50541	0.03	3.40	NC_030988.1	JH651422.1
4725581	4729332	3753	1	3752	3753	97.39	5634991	50541	0.07	7.43	NC_030988.1	JH651422.1
4725628	4730370	4752	1	4743	4752	95.16	5634991	4752	0.08	100.00	NC_030988.1	KK035912.1
4732621	4733720	6317	5208	1100	1110	95.50	5634991	6317	0.02	17.57	NC_030988.1	JH651496.1
4733899	4734749	5107	4255	851	853	96.83	5634991	6317	0.02	13.50	NC_030988.1	JH651496.1
4734747	4735626	1018	1899	880	882	95.47	5634991	6317	0.02	13.96	NC_030988.1	JH651496.1
4735277	4736740	3281	1820	1464	1462	97.61	5634991	3454	0.03	42.33	NC_030988.1	KK035942.1
4736738	4737994	1260	1	1257	1260	96.60	5634991	3454	0.02	36.48	NC_030988.1	KK035942.1
4739743	4741414	1	1660	1672	1660	93.37	5634991	33739	0.03	4.92	NC_030988.1	JH651439.1
4741416	4741529	4515	4628	114	114	99.12	5634991	4628	0.00	2.46	NC_030988.1	KK035916.1
4744591	4747449	3935	1079	2859	2857	98.50	5634991	3935	0.05	72.60	NC_030988.1	KK035929.1
4747448	4748485	510	1552	1038	1043	96.17	5634991	1552	0.02	67.20	NC_030988.1	KK036044.1
4747902	4750236	2053	4392	2335	2340	94.37	5634991	4392	0.04	53.28	NC_030988.1	JH651507.1
4749854	4758169	4393	12696	8316	8304	94.34	5634991	33739	0.15	24.61	NC_030988.1	JH651439.1
4756566	4758564	54021	56027	1999	2007	83.58	5634991	58138	0.04	3.45	NC_030988.1	JH651416.1
4758698	4759049	595203	595550	352	348	85.84	5634991	711798	0.01	0.05	NC_030988.1	JH651402.1
4759116	4762096	13491	16447	2981	2957	87.39	5634991	33739	0.05	8.76	NC_030988.1	JH651439.1
4766537	4769286	16489	19184	2750	2696	88.49	5634991	33739	0.05	7.99	NC_030988.1	JH651439.1
4769396	4770771	19285	20660	1376	1376	95.42	5634991	33739	0.02	4.08	NC_030988.1	JH651439.1
4771194	4772678	1485	1	1485	1485	98.25	5634991	1485	0.03	100.00	NC_030988.1	KK036047.1
4771220	4775197	20761	24779	3978	4019	93.86	5634991	33739	0.07	11.91	NC_030988.1	JH651439.1
4775603	4777477	1875	1	1875	1875	99.20	5634991	2779	0.03	67.47	NC_030988.1	KK035966.1
4776577	4781328	25514	30258	4752	4745	91.97	5634991	33739	0.08	14.06	NC_030988.1	JH651439.1
4779983	4781683	1	1699	1701	1699	95.12	5634991	1699	0.03	100.00	NC_030988.1	KK036013.1
4781993	4784293	30359	32649	2301	2291	95.23	5634991	33739	0.04	6.79	NC_030988.1	JH651439.1
4785635	4786180	1488	949	546	540	91.03	5634991	1488	0.01	36.29	NC_030988.1	KK036050.1
4786176	4786372	215	19	197	197	90.86	5634991	1488	0.00	13.24	NC_030988.1	KK036050.1
4787522	4788617	1	1087	1096	1087	91.39	5634991	1087	0.02	100.00	NC_030988.1	KK036111.1
4789218	4790943	1721	1	1726	1721	96.58	5634991	1721	0.03	100.00	NC_030988.1	KK036011.1
4791010	4792218	1406	191	1209	1216	89.92	5634991	1406	0.02	86.49	NC_030988.1	KK036079.1
4791941	4793975	1	2051	2035	2051	91.24	5634991	3458	0.04	59.31	NC_030988.1	KK035941.1
4802688	4804105	3223	4672	1418	1450	86.89	5634991	4672	0.03	31.04	NC_030988.1	KK035913.1
4804262	4805082	1268	2079	821	812	91.35	5634991	2082	0.01	39.00	NC_030988.1	KK035989.1
4811739	4813246	1514	1	1508	1514	93.07	5634991	1514	0.03	100.00	NC_030988.1	KK036046.1
4825071	4826484	23	1430	1414	1408	93.81	5634991	1430	0.03	98.46	NC_030988.1	KK036052.1
4830398	4832396	1	2002	1999	2002	92.96	5634991	3093	0.04	64.73	NC_030988.1	KK035953.1
4834453	4835774	1	1318	1322	1318	96.52	5634991	1318	0.02	100.00	NC_030988.1	KK036082.1
4836405	4837292	1	891	888	891	93.96	5634991	11445	0.02	7.79	NC_030988.1	JH651474.1
4841224	4841319	1737	1642	96	96	100.00	5634991	4477	0.00	2.14	NC_030988.1	JH651502.1
4842985	4843211	2872	2643	227	230	88.70	5634991	2874	0.00	8.00	NC_030988.1	KK035959.1
4843205	4843781	2427	1846	577	582	90.66	5634991	2874	0.01	20.25	NC_030988.1	KK035959.1
4844002	4845196	1	1195	1195	1195	80.75	5634991	3184	0.02	37.53	NC_030988.1	KK035951.1
4845773	4846988	1785	2998	1216	1214	91.86	5634991	3184	0.02	38.13	NC_030988.1	KK035951.1
4847456	4848403	1	948	948	948	99.26	5634991	1926	0.02	49.22	NC_030988.1	KK036003.1
4851154	4852140	940	1926	987	987	99.90	5634991	1926	0.02	51.25	NC_030988.1	KK036003.1
4854489	4857656	8504	5345	3168	3160	92.90	5634991	8504	0.06	37.16	NC_030988.1	KK035884.1
4861031	4861985	1392	440	955	953	95.81	5634991	1638	0.02	58.18	NC_030988.1	KK036033.1
4861973	4864179	133	2339	2207	2207	98.37	5634991	6740	0.04	32.74	NC_030988.1	KK035891.1
4864173	4864677	12328	12832	505	505	92.50	5634991	15004	0.01	3.37	NC_030988.1	JH651466.1
4864676	4868647	2768	6740	3972	3973	98.11	5634991	6740	0.07	58.95	NC_030988.1	KK035891.1
4869821	4870684	10439	9576	864	864	91.60	5634991	14833	0.02	5.82	NC_030988.1	JH651473.1
4869887	4871239	1	1359	1353	1359	91.06	5634991	1539	0.02	88.30	NC_030988.1	KK036048.1
4871589	4872943	28576	27216	1355	1361	83.72	5634991	51956	0.02	2.62	NC_030988.1	JH651418.1
4874485	4874703	9158	8940	219	219	97.72	5634991	14833	0.00	1.48	NC_030988.1	JH651473.1
4874487	4875222	6041	5305	736	737	90.93	5634991	6824	0.01	10.80	NC_030988.1	JH651492.1
4880603	4881724	3830	4956	1122	1127	95.47	5634991	5873	0.02	19.19	NC_030988.1	JH651505.1
4881676	4883039	1364	1	1364	1364	96.19	5634991	6824	0.02	19.99	NC_030988.1	JH651492.1
4883206	4884743	1556	1	1538	1556	90.10	5634991	14833	0.03	10.49	NC_030988.1	JH651473.1
4887230	4889015	1	1786	1786	1786	98.43	5634991	1788	0.03	99.89	NC_030988.1	KK036014.1
4887594	4889170	3	1564	1577	1562	94.23	5634991	1980	0.03	78.89	NC_030988.1	KK035994.1
4893790	4894722	1	933	933	933	99.36	5634991	33600	0.02	2.78	NC_030988.1	KK035852.1
4896740	4897452	1	692	713	692	87.96	5634991	2811	0.01	24.62	NC_030988.1	JH651512.1
4896907	4900562	3648	1	3656	3648	98.80	5634991	3657	0.06	99.75	NC_030988.1	KK035936.1
4898913	4900804	793	2685	1892	1893	90.77	5634991	4916	0.03	38.51	NC_030988.1	KK035907.1
4900804	4901732	3991	4916	929	926	88.77	5634991	4916	0.02	18.84	NC_030988.1	KK035907.1
4902134	4902243	6380	6489	110	110	94.55	5634991	6489	0.00	1.70	NC_030988.1	JH651493.1
4904500	4905401	2103	1202	902	902	91.84	5634991	2103	0.02	42.89	NC_030988.1	KK035992.1
4909107	4910333	1	1233	1227	1233	96.52	5634991	1233	0.02	100.00	NC_030988.1	KK036093.1
4910752	4911400	3623	2974	649	650	93.42	5634991	3623	0.01	17.94	NC_030988.1	KK035937.1
4915027	4916902	1	1878	1876	1878	93.24	5634991	7924	0.03	23.70	NC_030988.1	JH651485.1
4925625	4926551	1	927	927	927	98.28	5634991	17309	0.02	5.36	NC_030988.1	JH651456.1
4926498	4928044	5227	3678	1547	1550	92.20	5634991	5871	0.03	26.40	NC_030988.1	JH651494.1
4930776	4932052	1	1280	1277	1280	96.81	5634991	1280	0.02	100.00	NC_030988.1	KK036098.1
4931771	4932477	24475	23769	707	707	97.45	5634991	24628	0.01	2.87	NC_030988.1	JH651449.1
4932445	4932645	2793	2993	201	201	95.52	5634991	16871	0.00	1.19	NC_030988.1	JH651463.1
4932699	4934179	1641	153	1481	1489	94.77	5634991	5871	0.03	25.36	NC_030988.1	JH651494.1
4933545	4934546	1	997	1002	997	96.23	5634991	3671	0.02	27.16	NC_030988.1	JH651504.1
4934542	4934773	3219	3450	232	232	97.84	5634991	3671	0.00	6.32	NC_030988.1	JH651504.1
4936755	4936906	871	718	152	154	90.32	5634991	8585	0.00	1.79	NC_030988.1	JH651481.1
4937164	4937430	5976	5710	267	267	96.25	5634991	6783	0.00	3.94	NC_030988.1	KK035890.1
4943133	4947549	5478	1093	4417	4386	92.42	5634991	17569	0.08	24.96	NC_030988.1	KK035862.1
4947554	4947762	5025183	5025391	209	209	92.34	5634991	5064356	0.00	0.00	NC_030988.1	JH651385.1
4969674	4970141	39065	39532	468	468	98.50	5634991	84110	0.01	0.56	NC_030988.1	JH651412.1
4970140	4970330	191	1	191	191	100.00	5634991	17569	0.00	1.09	NC_030988.1	KK035862.1
4973346	4976578	39532	42764	3233	3233	98.21	5634991	84110	0.06	3.84	NC_030988.1	JH651412.1
4976576	4976742	131053	130888	167	166	95.21	5634991	152588	0.00	0.11	NC_030988.1	JH651406.1
4977165	4977409	130888	130646	245	243	91.84	5634991	152588	0.00	0.16	NC_030988.1	JH651406.1
5002872	5003124	25838	25586	253	253	96.05	5634991	25838	0.00	0.98	NC_030988.1	JH651447.1
5003400	5003854	20079	20532	455	454	89.23	5634991	89040	0.01	0.51	NC_030988.1	JH651411.1
5003905	5004891	987	1	987	987	96.76	5634991	1457	0.02	67.74	NC_030988.1	KK036070.1
5015377	5015468	7327	7236	92	92	94.57	5634991	10428	0.00	0.88	NC_030988.1	KK035881.1
5015943	5016297	20450	20100	355	351	87.32	5634991	31881	0.01	1.10	NC_030988.1	JH651441.1
5021527	5021702	2757	2582	176	176	96.05	5634991	9096	0.00	1.93	NC_030988.1	KK035882.1
5024709	5025708	15862	14889	1000	974	88.51	5634991	24628	0.02	3.95	NC_030988.1	JH651449.1
5034309	5034477	2642	2474	169	169	94.08	5634991	31881	0.00	0.53	NC_030988.1	JH651441.1
5034845	5035369	89052	89575	525	524	90.49	5634991	282688	0.01	0.19	NC_030988.1	JH651404.1
5037309	5039463	831	2984	2155	2154	97.50	5634991	6058	0.04	35.56	NC_030988.1	KK035899.1
5048003	5048609	43281	43887	607	607	99.18	5634991	50000	0.01	1.21	NC_030988.1	JH651421.1
5055030	5058236	56460	59698	3207	3239	91.43	5634991	281853	0.06	1.15	NC_030988.1	JH651403.1
5058647	5058893	59705	59951	247	247	90.32	5634991	281853	0.00	0.09	NC_030988.1	JH651403.1
5065083	5065266	4060	3873	184	188	88.83	5634991	89040	0.00	0.21	NC_030988.1	JH651411.1
5067768	5068437	7467	8136	670	670	90.30	5634991	13910	0.01	4.82	NC_030988.1	JH651468.1
5069239	5076650	14482	7067	7412	7416	95.52	5634991	57168	0.13	12.97	NC_030988.1	JH651417.1
5076930	5077406	5034467	5034945	477	479	82.12	5634991	5064356	0.01	0.01	NC_030988.1	JH651385.1
5091045	5091205	113169	113004	161	166	81.93	5634991	282688	0.00	0.06	NC_030988.1	JH651404.1
5124464	5124639	846	1021	176	176	93.75	5634991	17569	0.00	1.00	NC_030988.1	KK035862.1
5126783	5126870	17615	17702	88	88	98.86	5634991	27152	0.00	0.32	NC_030988.1	JH651443.1
5127869	5129114	24035	25281	1246	1247	89.17	5634991	68668	0.02	1.82	NC_030988.1	JH651414.1
5129794	5132413	2822	191	2620	2632	89.14	5634991	17522	0.05	15.02	NC_030988.1	KK035863.1
5132999	5136292	129099	125807	3294	3293	91.90	5634991	2947611	0.06	0.11	NC_030988.1	JH651388.1
5142737	5142972	948	1184	236	237	96.62	5634991	6276	0.00	3.78	NC_030988.1	KK035897.1
5144591	5146697	257719	259836	2107	2118	82.28	5634991	282688	0.04	0.75	NC_030988.1	JH651404.1
5146690	5148962	205194	207472	2273	2279	93.47	5634991	5064356	0.04	0.05	NC_030988.1	JH651385.1
5149898	5150090	51219	51025	193	195	92.35	5634991	52215	0.00	0.37	NC_030988.1	JH651419.1
5150206	5151946	51028	49289	1741	1740	95.93	5634991	52215	0.03	3.33	NC_030988.1	JH651419.1
5152484	5152615	46658	46533	132	126	91.67	5634991	57426	0.00	0.22	NC_030988.1	JH651415.1
5152870	5153299	8769	8337	430	433	84.17	5634991	91901	0.01	0.47	NC_030988.1	KK035847.1
5158966	5159374	2727117	2727520	409	404	86.59	5634991	2759859	0.01	0.01	NC_030988.1	JH651390.1
5164930	5165024	24583	24678	95	96	94.79	5634991	89040	0.00	0.11	NC_030988.1	JH651411.1
5165986	5167676	57591	59282	1691	1692	98.58	5634991	91740	0.03	1.84	NC_030988.1	JH651409.1
5170676	5170931	263282	263027	256	256	97.66	5634991	282688	0.00	0.09	NC_030988.1	JH651404.1
5171736	5171844	29663	29771	109	109	94.50	5634991	91740	0.00	0.12	NC_030988.1	JH651409.1
5171741	5172320	66861	67428	580	568	91.38	5634991	77375	0.01	0.73	NC_030988.1	KK035848.1
5173030	5177690	602765	607371	4661	4607	87.59	5634991	711798	0.08	0.65	NC_030988.1	JH651402.1
5178012	5179849	609649	611455	1838	1807	90.48	5634991	711798	0.03	0.25	NC_030988.1	JH651402.1
5179843	5181516	54818	56491	1674	1674	98.75	5634991	57168	0.03	2.93	NC_030988.1	JH651417.1
5198779	5199555	5028404	5029179	777	776	92.80	5634991	5064356	0.01	0.02	NC_030988.1	JH651385.1
5199805	5200220	5029231	5029646	416	416	95.43	5634991	5064356	0.01	0.01	NC_030988.1	JH651385.1
5203211	5204495	239011	237725	1285	1287	84.00	5634991	250012	0.02	0.51	NC_030988.1	JH651405.1
5204764	5205558	157293	156499	795	795	88.94	5634991	282688	0.01	0.28	NC_030988.1	JH651404.1
5208695	5209044	20682	21061	350	380	88.45	5634991	31881	0.01	1.19	NC_030988.1	JH651441.1
5219908	5221398	2646268	2644777	1491	1492	93.17	5634991	2759859	0.03	0.05	NC_030988.1	JH651390.1
5221964	5223784	19439	17613	1821	1827	96.77	5634991	57426	0.03	3.18	NC_030988.1	JH651415.1
5224225	5224389	17613	17449	165	165	95.18	5634991	57426	0.00	0.29	NC_030988.1	JH651415.1
5233304	5233999	85447	84749	696	699	83.36	5634991	91740	0.01	0.76	NC_030988.1	JH651409.1
5255052	5257760	5041656	5038950	2709	2707	96.94	5634991	5064356	0.05	0.05	NC_030988.1	JH651385.1
5271630	5274914	9140	12365	3285	3226	94.68	5634991	12766	0.06	25.27	NC_030988.1	KK035871.1
5279767	5280224	268381	267924	458	458	96.07	5634991	282688	0.01	0.16	NC_030988.1	JH651404.1
5286202	5287510	11522	10213	1309	1310	94.48	5634991	14025	0.02	9.34	NC_030988.1	KK035868.1
5293046	5295110	10225	8165	2065	2061	96.56	5634991	14025	0.04	14.70	NC_030988.1	KK035868.1
5295105	5302899	8015	213	7795	7803	98.71	5634991	14025	0.14	55.64	NC_030988.1	KK035868.1
5302891	5305679	3038	247	2789	2792	96.13	5634991	3839	0.05	72.73	NC_030988.1	KK035932.1
5320478	5320614	3320	3459	137	140	93.57	5634991	31881	0.00	0.44	NC_030988.1	JH651441.1
5320624	5320820	3568	3761	197	194	89.85	5634991	31881	0.00	0.61	NC_030988.1	JH651441.1
5320791	5321295	3840	4346	505	507	98.42	5634991	31881	0.01	1.59	NC_030988.1	JH651441.1
5321481	5323960	4452	6938	2480	2487	96.51	5634991	31881	0.04	7.80	NC_030988.1	JH651441.1
5350545	5350723	60433	60609	179	177	91.62	5634991	91740	0.00	0.19	NC_030988.1	JH651409.1
5350801	5351090	4511	4222	290	290	88.62	5634991	5623	0.01	5.16	NC_030988.1	KK035903.1
5351865	5353319	1	1455	1455	1455	96.63	5634991	27152	0.03	5.36	NC_030988.1	JH651443.1
5367176	5370188	29657	26645	3013	3013	98.87	5634991	89040	0.05	3.38	NC_030988.1	JH651411.1
5370216	5375378	5969	11121	5163	5153	96.06	5634991	61333	0.09	8.40	NC_030988.1	KK035849.1
5375536	5376259	11185	11904	724	720	91.70	5634991	61333	0.01	1.17	NC_030988.1	KK035849.1
5376255	5384664	12055	20454	8410	8400	95.39	5634991	61333	0.15	13.70	NC_030988.1	KK035849.1
5390178	5390356	538	715	179	178	98.88	5634991	4392	0.00	4.05	NC_030988.1	JH651507.1
5398162	5399401	2947566	2946340	1240	1227	95.08	5634991	2947611	0.02	0.04	NC_030988.1	JH651388.1
5402563	5406547	32566	28594	3985	3973	91.72	5634991	61333	0.07	6.48	NC_030988.1	KK035849.1
5406547	5407577	28448	27420	1031	1029	91.95	5634991	61333	0.02	1.68	NC_030988.1	KK035849.1
5409169	5410120	27422	26465	952	958	90.52	5634991	61333	0.02	1.56	NC_030988.1	KK035849.1
5419888	5423725	49056	45248	3838	3809	88.22	5634991	57168	0.07	6.66	NC_030988.1	JH651417.1
5426514	5427963	4568	6019	1450	1452	91.85	5634991	57168	0.03	2.54	NC_030988.1	JH651417.1
5453499	5453696	765	969	198	205	90.73	5634991	11945	0.00	1.72	NC_030988.1	KK035876.1
5463506	5463720	12778	12564	215	215	95.81	5634991	13077	0.00	1.64	NC_030988.1	KK035869.1
5464147	5465482	51147	49809	1336	1339	94.03	5634991	57168	0.02	2.34	NC_030988.1	JH651417.1
5465254	5465997	14454	15197	744	744	96.64	5634991	17184	0.01	4.33	NC_030988.1	JH651455.1
5466617	5475348	121378	130109	8732	8732	97.24	5634991	143271	0.15	6.09	NC_030988.1	KK035845.1
5475420	5481553	130700	136827	6134	6128	97.77	5634991	143271	0.11	4.28	NC_030988.1	KK035845.1
5481814	5485310	11923	15428	3497	3506	98.12	5634991	24018	0.06	14.60	NC_030988.1	KK035856.1
5497279	5497665	1	387	387	387	100.00	5634991	41155	0.01	0.94	NC_030988.1	JH651431.1
5497335	5497666	30612	30281	332	332	99.40	5634991	52559	0.01	0.63	NC_030988.1	JH651420.1
5508885	5508983	1860	1764	99	97	94.00	5634991	7119	0.00	1.36	NC_030988.1	JH651491.1
5509155	5509633	5192	4694	479	499	89.42	5634991	7283	0.01	6.85	NC_030988.1	KK035888.1
5546273	5546782	1	510	510	510	97.25	5634991	1565	0.01	32.59	NC_030988.1	KK036043.1
5552828	5555711	2941	60	2884	2882	90.62	5634991	2941	0.05	97.99	NC_030988.1	KK035956.1
5568940	5569021	10515	10434	82	82	97.56	5634991	15173	0.00	0.54	NC_030988.1	JH651465.1
5573455	5574389	7994	7060	935	935	83.99	5634991	27152	0.02	3.44	NC_030988.1	JH651443.1
5575065	5575767	10796	10093	703	704	97.87	5634991	45697	0.01	1.54	NC_030988.1	JH651427.1
5575763	5578005	740	3004	2243	2265	90.39	5634991	3022	0.04	74.95	NC_030988.1	KK035954.1
5576122	5579071	11211	8248	2950	2964	88.65	5634991	89040	0.05	3.33	NC_030988.1	JH651411.1
5583522	5584214	52855	53547	693	693	95.38	5634991	84110	0.01	0.82	NC_030988.1	JH651412.1
5585204	5585342	118837	118975	139	139	92.09	5634991	282688	0.00	0.05	NC_030988.1	JH651404.1
5596705	5598565	50119	52016	1861	1898	87.95	5634991	91740	0.03	2.07	NC_030988.1	JH651409.1
5603090	5605712	7065	9738	2623	2674	93.62	5634991	30340	0.05	8.81	NC_030988.1	JH651440.1
5605712	5605830	9838	9956	119	119	98.32	5634991	30340	0.00	0.39	NC_030988.1	JH651440.1
5609082	5609169	1130	1217	88	88	96.59	5634991	272278	0.00	0.03	NC_030988.1	KK035842.1
1	28300	2668619	2640319	28300	28301	98.22	5212762	2870791	0.54	0.99	NC_030989.1	JH651389.1
28575	29373	2639981	2639183	799	799	98.25	5212762	2870791	0.02	0.03	NC_030989.1	JH651389.1
39358	41625	2628774	2626507	2268	2268	98.54	5212762	2870791	0.04	0.08	NC_030989.1	JH651389.1
42964	64259	2618767	2597541	21296	21227	96.59	5212762	2870791	0.41	0.74	NC_030989.1	JH651389.1
87600	87953	2587790	2587429	354	362	89.56	5212762	2870791	0.01	0.01	NC_030989.1	JH651389.1
87941	103424	2587088	2571517	15484	15572	95.79	5212762	2870791	0.30	0.54	NC_030989.1	JH651389.1
108622	131665	2566379	2543356	23044	23024	96.54	5212762	2870791	0.44	0.80	NC_030989.1	JH651389.1
131661	132291	2511784	2511153	631	632	94.94	5212762	2870791	0.01	0.02	NC_030989.1	JH651389.1
132248	153662	2509526	2488106	21415	21421	96.89	5212762	2870791	0.41	0.75	NC_030989.1	JH651389.1
153662	162271	2487939	2479360	8610	8580	98.59	5212762	2870791	0.17	0.30	NC_030989.1	JH651389.1
162922	176762	2479375	2465533	13841	13843	99.76	5212762	2870791	0.27	0.48	NC_030989.1	JH651389.1
178622	208539	2465535	2435628	29918	29908	98.25	5212762	2870791	0.57	1.04	NC_030989.1	JH651389.1
208537	209344	2435461	2434654	808	808	98.64	5212762	2870791	0.02	0.03	NC_030989.1	JH651389.1
210100	220313	2434665	2424440	10214	10226	97.65	5212762	2870791	0.20	0.36	NC_030989.1	JH651389.1
220590	231779	2424446	2413349	11190	11098	96.92	5212762	2870791	0.21	0.39	NC_030989.1	JH651389.1
234868	239394	2413360	2408835	4527	4526	98.54	5212762	2870791	0.09	0.16	NC_030989.1	JH651389.1
240055	248882	2408856	2400027	8828	8830	96.76	5212762	2870791	0.17	0.31	NC_030989.1	JH651389.1
249020	249527	2400030	2399520	508	511	87.74	5212762	2870791	0.01	0.02	NC_030989.1	JH651389.1
250274	252858	2395421	2392838	2585	2584	97.45	5212762	2870791	0.05	0.09	NC_030989.1	JH651389.1
254793	255305	2392842	2392331	513	512	97.86	5212762	2870791	0.01	0.02	NC_030989.1	JH651389.1
256578	261035	2392344	2387892	4458	4453	97.87	5212762	2870791	0.09	0.16	NC_030989.1	JH651389.1
261467	269236	2387516	2379750	7770	7767	98.87	5212762	2870791	0.15	0.27	NC_030989.1	JH651389.1
269142	283062	2379649	2365661	13921	13989	96.87	5212762	2870791	0.27	0.49	NC_030989.1	JH651389.1
283062	302183	2347149	2327981	19122	19169	97.82	5212762	2870791	0.37	0.67	NC_030989.1	JH651389.1
305274	314710	2327990	2318540	9437	9451	98.24	5212762	2870791	0.18	0.33	NC_030989.1	JH651389.1
314853	315520	2318396	2317730	668	667	98.50	5212762	2870791	0.01	0.02	NC_030989.1	JH651389.1
316128	332249	2317215	2301071	16122	16145	97.76	5212762	2870791	0.31	0.56	NC_030989.1	JH651389.1
333318	378043	2301010	2256209	44726	44802	97.31	5212762	2870791	0.86	1.56	NC_030989.1	JH651389.1
378164	385405	2256104	2248861	7242	7244	98.92	5212762	2870791	0.14	0.25	NC_030989.1	JH651389.1
385404	388998	2248663	2245075	3595	3589	95.81	5212762	2870791	0.07	0.13	NC_030989.1	JH651389.1
389004	421084	2244276	2212154	32081	32123	98.26	5212762	2870791	0.62	1.12	NC_030989.1	JH651389.1
421084	429653	2211992	2203422	8570	8571	98.37	5212762	2870791	0.16	0.30	NC_030989.1	JH651389.1
431515	482329	2203420	2152662	50815	50759	98.72	5212762	2870791	0.97	1.77	NC_030989.1	JH651389.1
482742	484774	2152452	2150420	2033	2033	99.07	5212762	2870791	0.04	0.07	NC_030989.1	JH651389.1
485588	510681	2149676	2124590	25094	25087	99.27	5212762	2870791	0.48	0.87	NC_030989.1	JH651389.1
510850	541836	2124590	2093681	30987	30910	97.81	5212762	2870791	0.59	1.08	NC_030989.1	JH651389.1
541828	562267	2093395	2072986	20440	20410	99.25	5212762	2870791	0.39	0.71	NC_030989.1	JH651389.1
562371	570757	2072824	2064446	8387	8379	98.89	5212762	2870791	0.16	0.29	NC_030989.1	JH651389.1
571570	572261	2064456	2063764	692	693	97.40	5212762	2870791	0.01	0.02	NC_030989.1	JH651389.1
572893	593915	2063764	2042736	21023	21029	98.92	5212762	2870791	0.40	0.73	NC_030989.1	JH651389.1
594078	685358	2042615	1951363	91281	91253	99.21	5212762	2870791	1.75	3.18	NC_030989.1	JH651389.1
685478	704218	1951255	1932530	18741	18726	99.13	5212762	2870791	0.36	0.65	NC_030989.1	JH651389.1
704218	829443	1932432	1807193	125226	125240	98.82	5212762	2870791	2.40	4.36	NC_030989.1	JH651389.1
829298	881415	1807051	1754922	52118	52130	99.04	5212762	2870791	1.00	1.82	NC_030989.1	JH651389.1
881417	883869	1754773	1752313	2453	2461	98.90	5212762	2870791	0.05	0.09	NC_030989.1	JH651389.1
884012	904545	1752011	1731451	20534	20561	99.15	5212762	2870791	0.39	0.72	NC_030989.1	JH651389.1
904747	915159	1731232	1720813	10413	10420	99.24	5212762	2870791	0.20	0.36	NC_030989.1	JH651389.1
915325	971545	1720653	1664468	56221	56186	99.05	5212762	2870791	1.08	1.96	NC_030989.1	JH651389.1
971531	973365	1664262	1662430	1835	1833	98.96	5212762	2870791	0.04	0.06	NC_030989.1	JH651389.1
973470	975355	1661512	1659630	1886	1883	99.10	5212762	2870791	0.04	0.07	NC_030989.1	JH651389.1
976552	1024921	1659056	1610676	48370	48381	99.13	5212762	2870791	0.93	1.69	NC_030989.1	JH651389.1
1024726	1069633	1610575	1565687	44908	44889	98.55	5212762	2870791	0.86	1.56	NC_030989.1	JH651389.1
1069632	1171239	1565582	1463946	101608	101637	98.92	5212762	2870791	1.95	3.54	NC_030989.1	JH651389.1
1175629	1208399	1459629	1426870	32771	32760	98.91	5212762	2870791	0.63	1.14	NC_030989.1	JH651389.1
1208548	1244708	1426745	1390569	36161	36177	99.20	5212762	2870791	0.69	1.26	NC_030989.1	JH651389.1
1244905	1282464	1390381	1352811	37560	37571	99.30	5212762	2870791	0.72	1.31	NC_030989.1	JH651389.1
1282747	1306225	1352732	1329248	23479	23485	98.50	5212762	2870791	0.45	0.82	NC_030989.1	JH651389.1
1306471	1367001	1329245	1268716	60531	60530	98.94	5212762	2870791	1.16	2.11	NC_030989.1	JH651389.1
1367961	1437465	1267833	1198388	69505	69446	99.00	5212762	2870791	1.33	2.42	NC_030989.1	JH651389.1
1440341	1443742	1195691	1192277	3402	3415	98.62	5212762	2870791	0.07	0.12	NC_030989.1	JH651389.1
1444600	1602852	1192274	1034179	158253	158096	98.98	5212762	2870791	3.04	5.51	NC_030989.1	JH651389.1
1603189	1642288	1033927	994821	39100	39107	98.83	5212762	2870791	0.75	1.36	NC_030989.1	JH651389.1
1642393	1708356	994821	928826	65964	65996	99.20	5212762	2870791	1.27	2.30	NC_030989.1	JH651389.1
1708384	1721090	928840	916149	12707	12692	99.21	5212762	2870791	0.24	0.44	NC_030989.1	JH651389.1
1721154	1795353	916158	841862	74200	74297	99.05	5212762	2870791	1.42	2.59	NC_030989.1	JH651389.1
1796693	1800878	840731	836556	4186	4176	98.35	5212762	2870791	0.08	0.15	NC_030989.1	JH651389.1
1801644	1804652	835848	832848	3009	3001	99.10	5212762	2870791	0.06	0.10	NC_030989.1	JH651389.1
1805099	1806277	831882	830687	1179	1196	94.90	5212762	2870791	0.02	0.04	NC_030989.1	JH651389.1
1807842	1810407	829629	827064	2566	2566	96.82	5212762	2870791	0.05	0.09	NC_030989.1	JH651389.1
1810815	1949030	826667	688488	138216	138180	99.00	5212762	2870791	2.65	4.81	NC_030989.1	JH651389.1
1949338	2013103	688008	624285	63766	63724	99.10	5212762	2870791	1.22	2.22	NC_030989.1	JH651389.1
2013318	2071950	624058	565473	58633	58586	99.27	5212762	2870791	1.12	2.04	NC_030989.1	JH651389.1
2071951	2243201	565522	394374	171251	171149	99.13	5212762	2870791	3.29	5.96	NC_030989.1	JH651389.1
2243358	2255826	394225	381795	12469	12431	98.90	5212762	2870791	0.24	0.43	NC_030989.1	JH651389.1
2256850	2269835	380749	367823	12986	12927	98.93	5212762	2870791	0.25	0.45	NC_030989.1	JH651389.1
2270016	2305892	367642	331769	35877	35874	99.37	5212762	2870791	0.69	1.25	NC_030989.1	JH651389.1
2306121	2321880	331612	315872	15760	15741	99.24	5212762	2870791	0.30	0.55	NC_030989.1	JH651389.1
2322864	2328039	315034	309811	5176	5224	98.22	5212762	2870791	0.10	0.18	NC_030989.1	JH651389.1
2329039	2369608	248916	208372	40570	40545	99.17	5212762	2870791	0.78	1.41	NC_030989.1	JH651389.1
2370121	2387163	207879	190834	17043	17046	99.37	5212762	2870791	0.33	0.59	NC_030989.1	JH651389.1
2387353	2393974	190739	184115	6622	6625	99.41	5212762	2870791	0.13	0.23	NC_030989.1	JH651389.1
2394328	2409412	183992	168919	15085	15074	99.22	5212762	2870791	0.29	0.53	NC_030989.1	JH651389.1
2409413	2426183	168636	151863	16771	16774	99.43	5212762	2870791	0.32	0.58	NC_030989.1	JH651389.1
2426313	2472767	151862	105412	46455	46451	99.21	5212762	2870791	0.89	1.62	NC_030989.1	JH651389.1
2472871	2507046	105303	71163	34176	34141	98.98	5212762	2870791	0.66	1.19	NC_030989.1	JH651389.1
2509660	2522300	71171	58547	12641	12625	98.63	5212762	2870791	0.24	0.44	NC_030989.1	JH651389.1
2522293	2580492	58322	84	58200	58239	97.83	5212762	2870791	1.12	2.03	NC_030989.1	JH651389.1
2580477	2619044	206	38759	38568	38554	99.02	5212762	590168	0.74	6.53	NC_030989.1	KK035841.1
2619223	2626494	38927	46197	7272	7271	98.38	5212762	590168	0.14	1.23	NC_030989.1	KK035841.1
2627767	2631214	47457	50866	3448	3410	91.78	5212762	590168	0.07	0.58	NC_030989.1	KK035841.1
2631999	2659943	50865	78797	27945	27933	98.47	5212762	590168	0.54	4.73	NC_030989.1	KK035841.1
2661802	2664654	78797	81664	2853	2868	97.59	5212762	590168	0.05	0.49	NC_030989.1	KK035841.1
2664651	2670839	82146	88336	6189	6191	98.98	5212762	590168	0.12	1.05	NC_030989.1	KK035841.1
2671488	2716405	88324	133301	44918	44978	98.72	5212762	590168	0.86	7.62	NC_030989.1	KK035841.1
2716595	2739931	133301	156618	23337	23318	98.45	5212762	590168	0.45	3.95	NC_030989.1	KK035841.1
2739931	2753864	159074	173004	13934	13931	98.37	5212762	590168	0.27	2.36	NC_030989.1	KK035841.1
2757031	2802296	173974	219261	45266	45288	98.60	5212762	590168	0.87	7.67	NC_030989.1	KK035841.1
2802288	2834327	219454	251423	32040	31970	98.26	5212762	590168	0.61	5.42	NC_030989.1	KK035841.1
2835087	2847931	251416	264253	12845	12838	97.82	5212762	590168	0.25	2.18	NC_030989.1	KK035841.1
2848344	2855290	264533	271479	6947	6947	98.52	5212762	590168	0.13	1.18	NC_030989.1	KK035841.1
2856308	2856595	1	288	288	288	99.65	5212762	14292	0.01	2.02	NC_030989.1	JH651471.1
2856597	2867900	271464	282779	11304	11316	98.81	5212762	590168	0.22	1.92	NC_030989.1	KK035841.1
2867900	2871366	283187	286651	3467	3465	96.91	5212762	590168	0.07	0.59	NC_030989.1	KK035841.1
2871524	2880180	286651	295305	8657	8655	99.02	5212762	590168	0.17	1.47	NC_030989.1	KK035841.1
2880482	2927254	295459	342239	46773	46781	98.17	5212762	590168	0.90	7.93	NC_030989.1	KK035841.1
2930350	2930761	345253	345665	412	413	84.54	5212762	590168	0.01	0.07	NC_030989.1	KK035841.1
2931718	2944915	351420	364622	13198	13203	98.70	5212762	590168	0.25	2.24	NC_030989.1	KK035841.1
2945241	2951216	364620	370519	5976	5900	95.88	5212762	590168	0.11	1.00	NC_030989.1	KK035841.1
2951613	2982907	370712	402024	31295	31313	98.11	5212762	590168	0.60	5.31	NC_030989.1	KK035841.1
2984731	3013614	402021	430915	28884	28895	99.07	5212762	590168	0.55	4.90	NC_030989.1	KK035841.1
3019722	3056622	430915	467797	36901	36883	98.02	5212762	590168	0.71	6.25	NC_030989.1	KK035841.1
3059224	3079482	467776	488053	20259	20278	98.74	5212762	590168	0.39	3.44	NC_030989.1	KK035841.1
3082371	3095882	488046	501538	13512	13493	98.70	5212762	590168	0.26	2.29	NC_030989.1	KK035841.1
3096221	3097064	501889	502732	844	844	98.46	5212762	590168	0.02	0.14	NC_030989.1	KK035841.1
3097060	3101154	503414	507510	4095	4097	98.27	5212762	590168	0.08	0.69	NC_030989.1	KK035841.1
3101368	3112490	507502	518622	11123	11121	98.71	5212762	590168	0.21	1.88	NC_030989.1	KK035841.1
3113148	3137546	518609	542986	24399	24378	98.14	5212762	590168	0.47	4.13	NC_030989.1	KK035841.1
3138305	3179345	542978	584050	41041	41073	98.74	5212762	590168	0.79	6.96	NC_030989.1	KK035841.1
3179535	3185241	584058	589760	5707	5703	98.67	5212762	590168	0.11	0.97	NC_030989.1	KK035841.1
3185232	3190242	560	5570	5011	5011	98.90	5212762	2019370	0.10	0.25	NC_030989.1	JH651394.1
3190243	3200921	5729	16407	10679	10679	98.60	5212762	2019370	0.20	0.53	NC_030989.1	JH651394.1
3201682	3203091	16401	17800	1410	1400	96.88	5212762	2019370	0.03	0.07	NC_030989.1	JH651394.1
3205825	3206186	281853	281492	362	362	100.00	5212762	281853	0.01	0.13	NC_030989.1	JH651403.1
3206185	3222232	17792	33840	16048	16049	98.59	5212762	2019370	0.31	0.79	NC_030989.1	JH651394.1
3225203	3243140	33832	51760	17938	17929	98.45	5212762	2019370	0.34	0.89	NC_030989.1	JH651394.1
3243799	3250351	51746	58295	6553	6550	97.64	5212762	2019370	0.13	0.32	NC_030989.1	JH651394.1
3250341	3252414	60233	62307	2074	2075	95.28	5212762	2019370	0.04	0.10	NC_030989.1	JH651394.1
3265335	3306994	63293	104966	41660	41674	97.89	5212762	2019370	0.80	2.06	NC_030989.1	JH651394.1
3307319	3312597	104963	110162	5279	5200	96.48	5212762	2019370	0.10	0.26	NC_030989.1	JH651394.1
3312849	3318611	110160	115920	5763	5761	96.92	5212762	2019370	0.11	0.29	NC_030989.1	JH651394.1
3319845	3320307	117017	117483	463	467	83.33	5212762	2019370	0.01	0.02	NC_030989.1	JH651394.1
3321967	3323134	119153	120321	1168	1169	89.86	5212762	2019370	0.02	0.06	NC_030989.1	JH651394.1
3323317	3328054	120477	125211	4738	4735	97.07	5212762	2019370	0.09	0.23	NC_030989.1	JH651394.1
3330046	3378087	125202	173145	48042	47944	98.48	5212762	2019370	0.92	2.37	NC_030989.1	JH651394.1
3378153	3460673	173144	255589	82521	82446	98.33	5212762	2019370	1.58	4.08	NC_030989.1	JH651394.1
3460672	3474043	255634	269000	13372	13367	98.68	5212762	2019370	0.26	0.66	NC_030989.1	JH651394.1
3474202	3474718	269001	269517	517	517	99.42	5212762	2019370	0.01	0.03	NC_030989.1	JH651394.1
3475235	3476599	269899	271269	1365	1371	96.06	5212762	2019370	0.03	0.07	NC_030989.1	JH651394.1
3478505	3499777	273307	294536	21273	21230	98.63	5212762	2019370	0.41	1.05	NC_030989.1	JH651394.1
3499669	3502901	296053	299285	3233	3233	97.28	5212762	2019370	0.06	0.16	NC_030989.1	JH651394.1
3502900	3509849	299617	306566	6950	6950	99.25	5212762	2019370	0.13	0.34	NC_030989.1	JH651394.1
3515114	3517792	306562	309240	2679	2679	98.92	5212762	2019370	0.05	0.13	NC_030989.1	JH651394.1
3517944	3518288	309267	309613	345	347	98.56	5212762	2019370	0.01	0.02	NC_030989.1	JH651394.1
3518287	3518418	309743	309612	132	132	99.24	5212762	2019370	0.00	0.01	NC_030989.1	JH651394.1
3518417	3533852	309742	325142	15436	15401	98.24	5212762	2019370	0.30	0.76	NC_030989.1	JH651394.1
3533852	3542676	328524	337358	8825	8835	98.70	5212762	2019370	0.17	0.44	NC_030989.1	JH651394.1
3542879	3560087	337459	354614	17209	17156	98.41	5212762	2019370	0.33	0.85	NC_030989.1	JH651394.1
3560405	3561643	356319	355024	1239	1296	86.57	5212762	2019370	0.02	0.06	NC_030989.1	JH651394.1
3562328	3565300	360835	363875	2973	3041	96.16	5212762	2019370	0.06	0.15	NC_030989.1	JH651394.1
3565643	3601717	363877	399936	36075	36060	99.04	5212762	2019370	0.69	1.79	NC_030989.1	JH651394.1
3601912	3635442	400183	433694	33531	33512	99.28	5212762	2019370	0.64	1.66	NC_030989.1	JH651394.1
3636094	3652843	433681	450449	16750	16769	98.92	5212762	2019370	0.32	0.83	NC_030989.1	JH651394.1
3652972	3660544	450524	458108	7573	7585	98.06	5212762	2019370	0.15	0.38	NC_030989.1	JH651394.1
3660603	3694722	458041	492167	34120	34127	99.34	5212762	2019370	0.65	1.69	NC_030989.1	JH651394.1
3694831	3749282	492271	546709	54452	54439	99.19	5212762	2019370	1.04	2.70	NC_030989.1	JH651394.1
3749506	3784471	546833	581795	34966	34963	99.42	5212762	2019370	0.67	1.73	NC_030989.1	JH651394.1
3784709	3814283	582021	611589	29575	29569	99.09	5212762	2019370	0.57	1.46	NC_030989.1	JH651394.1
3814482	3830668	611771	627948	16187	16178	99.14	5212762	2019370	0.31	0.80	NC_030989.1	JH651394.1
3830932	3855128	628232	652394	24197	24163	99.09	5212762	2019370	0.46	1.20	NC_030989.1	JH651394.1
3856400	3891531	653607	688734	35132	35128	99.24	5212762	2019370	0.67	1.74	NC_030989.1	JH651394.1
3891633	3930982	688742	728013	39350	39272	99.01	5212762	2019370	0.75	1.94	NC_030989.1	JH651394.1
3931636	3933937	727999	730294	2302	2296	99.17	5212762	2019370	0.04	0.11	NC_030989.1	JH651394.1
3934408	3984357	730632	780560	49950	49929	98.28	5212762	2019370	0.96	2.47	NC_030989.1	JH651394.1
3984937	4017289	781142	813455	32353	32314	99.15	5212762	2019370	0.62	1.60	NC_030989.1	JH651394.1
4017572	4020946	813632	816999	3375	3368	99.08	5212762	2019370	0.06	0.17	NC_030989.1	JH651394.1
4021864	4069386	817759	865247	47523	47489	99.13	5212762	2019370	0.91	2.35	NC_030989.1	JH651394.1
4069625	4105022	865462	900798	35398	35337	98.70	5212762	2019370	0.68	1.75	NC_030989.1	JH651394.1
4105686	4127785	900784	922760	22100	21977	98.38	5212762	2019370	0.42	1.09	NC_030989.1	JH651394.1
4127928	4129697	922807	924575	1770	1769	98.53	5212762	2019370	0.03	0.09	NC_030989.1	JH651394.1
4129830	4195061	927164	992342	65232	65179	98.65	5212762	2019370	1.25	3.23	NC_030989.1	JH651394.1
4195060	4213610	992635	1011166	18551	18532	98.59	5212762	2019370	0.36	0.92	NC_030989.1	JH651394.1
4213611	4222289	1011362	1020040	8679	8679	99.33	5212762	2019370	0.17	0.43	NC_030989.1	JH651394.1
4222530	4236887	1020196	1034578	14358	14383	98.83	5212762	2019370	0.28	0.71	NC_030989.1	JH651394.1
4238184	4245217	1034454	1041486	7034	7033	99.63	5212762	2019370	0.13	0.35	NC_030989.1	JH651394.1
4245471	4256719	1041820	1053054	11249	11235	99.34	5212762	2019370	0.22	0.56	NC_030989.1	JH651394.1
4256841	4259852	1053069	1056053	3012	2985	96.89	5212762	2019370	0.06	0.15	NC_030989.1	JH651394.1
4260664	4272371	1056969	1068676	11708	11708	99.21	5212762	2019370	0.22	0.58	NC_030989.1	JH651394.1
4272568	4350128	1068865	1146380	77561	77516	98.83	5212762	2019370	1.49	3.84	NC_030989.1	JH651394.1
4350406	4353281	1146437	1149307	2876	2871	98.71	5212762	2019370	0.06	0.14	NC_030989.1	JH651394.1
4353441	4409058	1149986	1205651	55618	55666	99.13	5212762	2019370	1.07	2.76	NC_030989.1	JH651394.1
4409058	4415960	1205754	1212652	6903	6899	99.35	5212762	2019370	0.13	0.34	NC_030989.1	JH651394.1
4416107	4502197	1212662	1298705	86091	86044	99.15	5212762	2019370	1.65	4.26	NC_030989.1	JH651394.1
4502191	4509431	1298948	1306200	7241	7253	98.54	5212762	2019370	0.14	0.36	NC_030989.1	JH651394.1
4509357	4542080	1306718	1339442	32724	32725	98.24	5212762	2019370	0.63	1.62	NC_030989.1	JH651394.1
4542234	4542824	1344764	1345353	591	590	93.57	5212762	2019370	0.01	0.03	NC_030989.1	JH651394.1
4550409	4560084	1346219	1355897	9676	9679	98.55	5212762	2019370	0.19	0.48	NC_030989.1	JH651394.1
4565281	4569089	1355905	1359713	3809	3809	95.70	5212762	2019370	0.07	0.19	NC_030989.1	JH651394.1
4569357	4610571	1360044	1401223	41215	41180	98.72	5212762	2019370	0.79	2.04	NC_030989.1	JH651394.1
4610569	4610702	1401354	1401221	134	134	99.25	5212762	2019370	0.00	0.01	NC_030989.1	JH651394.1
4610700	4611195	1401352	1401848	496	497	95.18	5212762	2019370	0.01	0.02	NC_030989.1	JH651394.1
4612233	4644216	1403810	1435784	31984	31975	97.94	5212762	2019370	0.61	1.58	NC_030989.1	JH651394.1
4647082	4650420	1445095	1448431	3339	3337	95.33	5212762	2019370	0.06	0.17	NC_030989.1	JH651394.1
4650653	4656449	1451174	1456995	5797	5822	98.20	5212762	2019370	0.11	0.29	NC_030989.1	JH651394.1
4659709	4672211	1479253	1491762	12503	12510	98.03	5212762	2019370	0.24	0.62	NC_030989.1	JH651394.1
4672372	4697017	1491759	1516414	24646	24656	98.45	5212762	2019370	0.47	1.22	NC_030989.1	JH651394.1
4701920	4741482	1516409	1555981	39563	39573	98.45	5212762	2019370	0.76	1.96	NC_030989.1	JH651394.1
4742156	4744342	1555969	1558183	2187	2215	87.87	5212762	2019370	0.04	0.11	NC_030989.1	JH651394.1
4747928	4755104	1564752	1571897	7177	7146	92.95	5212762	2019370	0.14	0.35	NC_030989.1	JH651394.1
4755103	4767560	1572161	1584617	12458	12457	98.16	5212762	2019370	0.24	0.62	NC_030989.1	JH651394.1
4767609	4769885	1593773	1596076	2277	2304	93.45	5212762	2019370	0.04	0.11	NC_030989.1	JH651394.1
4775705	4776066	1599725	1600086	362	362	92.27	5212762	2019370	0.01	0.02	NC_030989.1	JH651394.1
4777188	4780396	1600886	1604099	3209	3214	96.24	5212762	2019370	0.06	0.16	NC_030989.1	JH651394.1
4784188	4797920	1606874	1620602	13733	13729	95.35	5212762	2019370	0.26	0.68	NC_030989.1	JH651394.1
4798987	4805021	1624401	1630429	6035	6029	97.70	5212762	2019370	0.12	0.30	NC_030989.1	JH651394.1
4805364	4823638	1630768	1649123	18275	18356	97.06	5212762	2019370	0.35	0.91	NC_030989.1	JH651394.1
4823858	4823933	1649120	1649195	76	76	98.68	5212762	2019370	0.00	0.00	NC_030989.1	JH651394.1
4824181	4832406	1649252	1657478	8226	8227	98.80	5212762	2019370	0.16	0.41	NC_030989.1	JH651394.1
4832593	4832710	1657479	1657596	118	118	98.31	5212762	2019370	0.00	0.01	NC_030989.1	JH651394.1
4833366	4833847	1657581	1658038	482	458	92.53	5212762	2019370	0.01	0.02	NC_030989.1	JH651394.1
4835066	4848302	1658039	1671277	13237	13239	95.54	5212762	2019370	0.25	0.66	NC_030989.1	JH651394.1
4854858	4867902	1671277	1684331	13045	13055	97.91	5212762	2019370	0.25	0.65	NC_030989.1	JH651394.1
4870155	4940477	1687978	1758319	70323	70342	97.76	5212762	2019370	1.35	3.48	NC_030989.1	JH651394.1
4940993	4943822	1758414	1761247	2830	2834	95.35	5212762	2019370	0.05	0.14	NC_030989.1	JH651394.1
4943816	4946922	1761439	1764530	3107	3092	96.12	5212762	2019370	0.06	0.15	NC_030989.1	JH651394.1
4946923	4947747	1764846	1765659	825	814	94.92	5212762	2019370	0.02	0.04	NC_030989.1	JH651394.1
4948271	4951109	1765950	1768767	2839	2818	88.99	5212762	2019370	0.05	0.14	NC_030989.1	JH651394.1
4961465	4964850	1777261	1780648	3386	3388	90.66	5212762	2019370	0.06	0.17	NC_030989.1	JH651394.1
4965461	4965685	1781515	1781739	225	225	84.96	5212762	2019370	0.00	0.01	NC_030989.1	JH651394.1
4965779	4967409	1066	2690	1631	1625	84.40	5212762	84110	0.03	1.93	NC_030989.1	JH651412.1
4969140	4969824	1484921	1484237	685	685	84.69	5212762	1675914	0.01	0.04	NC_030989.1	JH651395.1
4969762	4970708	5055576	5054630	947	947	82.84	5212762	5064356	0.02	0.02	NC_030989.1	JH651385.1
4972522	4975493	66722	69693	2972	2972	88.13	5212762	111915	0.06	2.66	NC_030989.1	JH651407.1
4999610	4999741	254911	254780	132	132	100.00	5212762	282688	0.00	0.05	NC_030989.1	JH651404.1
5003137	5006470	1784297	1787653	3334	3357	84.28	5212762	2019370	0.06	0.17	NC_030989.1	JH651394.1
5007246	5008627	1788408	1789788	1382	1381	93.93	5212762	2019370	0.03	0.07	NC_030989.1	JH651394.1
5009067	5011203	1790179	1792314	2137	2136	88.28	5212762	2019370	0.04	0.11	NC_030989.1	JH651394.1
5011258	5011730	1792607	1793082	473	476	89.29	5212762	2019370	0.01	0.02	NC_030989.1	JH651394.1
5024716	5025716	9363	8363	1001	1001	96.11	5212762	12431	0.02	8.05	NC_030989.1	KK035873.1
5025116	5026481	1	1366	1366	1366	99.56	5212762	3355	0.03	40.72	NC_030989.1	KK035945.1
5029573	5029862	1358	1647	290	290	100.00	5212762	3355	0.01	8.64	NC_030989.1	KK035945.1
5034911	5035368	2191518	2191975	458	458	79.96	5212762	2759859	0.01	0.02	NC_030989.1	JH651390.1
5036164	5037978	1811503	1813282	1815	1780	93.68	5212762	2019370	0.03	0.09	NC_030989.1	JH651394.1
5041360	5049735	1820222	1828631	8376	8410	96.25	5212762	2019370	0.16	0.42	NC_030989.1	JH651394.1
5049737	5049912	1828806	1828631	176	176	97.73	5212762	2019370	0.00	0.01	NC_030989.1	JH651394.1
5049910	5070636	1828806	1849455	20727	20650	96.85	5212762	2019370	0.40	1.02	NC_030989.1	JH651394.1
5072688	5100761	1860910	1888944	28074	28035	96.59	5212762	2019370	0.54	1.39	NC_030989.1	JH651394.1
5100760	5102825	1890213	1892278	2066	2066	97.77	5212762	2019370	0.04	0.10	NC_030989.1	JH651394.1
5102823	5118691	1892958	1908833	15869	15876	98.00	5212762	2019370	0.30	0.79	NC_030989.1	JH651394.1
5118721	5140559	1912040	1933872	21839	21833	98.17	5212762	2019370	0.42	1.08	NC_030989.1	JH651394.1
5140854	5142841	1934317	1936303	1988	1987	97.08	5212762	2019370	0.04	0.10	NC_030989.1	JH651394.1
5143179	5149192	1936304	1942318	6014	6015	98.21	5212762	2019370	0.12	0.30	NC_030989.1	JH651394.1
5149188	5149649	1942776	1942314	462	463	98.06	5212762	2019370	0.01	0.02	NC_030989.1	JH651394.1
5149645	5158096	1942772	1951166	8452	8395	94.78	5212762	2019370	0.16	0.42	NC_030989.1	JH651394.1
5158486	5158588	1494122	1494224	103	103	93.20	5212762	1675914	0.00	0.01	NC_030989.1	JH651395.1
5158586	5159473	15115	14229	888	887	90.44	5212762	250012	0.02	0.35	NC_030989.1	JH651405.1
5212336	5212580	2840998	2841242	245	245	89.39	5212762	2870791	0.00	0.01	NC_030989.1	JH651389.1
2	6640	4900625	4893978	6639	6648	97.20	4914260	5064356	0.14	0.13	NC_030990.1	JH651385.1
8660	8904	4893970	4893727	245	244	92.24	4914260	5064356	0.00	0.00	NC_030990.1	JH651385.1
9003	11988	4885669	4882695	2986	2975	95.68	4914260	5064356	0.06	0.06	NC_030990.1	JH651385.1
11988	22812	4882363	4871583	10825	10781	97.66	4914260	5064356	0.22	0.21	NC_030990.1	JH651385.1
22965	25186	4871452	4869224	2222	2229	95.26	4914260	5064356	0.05	0.04	NC_030990.1	JH651385.1
27817	31968	4866937	4862785	4152	4153	96.70	4914260	5064356	0.08	0.08	NC_030990.1	JH651385.1
31968	36429	4862482	4858004	4462	4479	94.75	4914260	5064356	0.09	0.09	NC_030990.1	JH651385.1
37082	39727	4858023	4855370	2646	2654	97.10	4914260	5064356	0.05	0.05	NC_030990.1	JH651385.1
39728	40276	4853652	4853018	549	635	82.83	4914260	5064356	0.01	0.01	NC_030990.1	JH651385.1
48879	56605	4853016	4845284	7727	7733	97.47	4914260	5064356	0.16	0.15	NC_030990.1	JH651385.1
57264	65793	4845298	4836751	8530	8548	97.59	4914260	5064356	0.17	0.17	NC_030990.1	JH651385.1
65793	65937	286580	286724	145	145	93.79	4914260	1038905	0.00	0.01	NC_030990.1	KK035840.1
65942	68549	4836608	4833941	2608	2668	96.21	4914260	5064356	0.05	0.05	NC_030990.1	JH651385.1
68657	99551	4833844	4802948	30895	30897	97.96	4914260	5064356	0.63	0.61	NC_030990.1	JH651385.1
99699	105514	4802805	4796975	5816	5831	96.13	4914260	5064356	0.12	0.12	NC_030990.1	JH651385.1
106100	139098	4796562	4763584	32999	32979	97.94	4914260	5064356	0.67	0.65	NC_030990.1	JH651385.1
139834	141053	4762836	4761625	1220	1212	96.64	4914260	5064356	0.02	0.02	NC_030990.1	JH651385.1
141051	141224	4761454	4761627	174	174	98.85	4914260	5064356	0.00	0.00	NC_030990.1	JH651385.1
141222	151901	4761456	4750863	10680	10594	97.46	4914260	5064356	0.22	0.21	NC_030990.1	JH651385.1
153385	178782	4750863	4725432	25398	25432	97.65	4914260	5064356	0.52	0.50	NC_030990.1	JH651385.1
178774	178928	4725286	4725440	155	155	96.13	4914260	5064356	0.00	0.00	NC_030990.1	JH651385.1
178920	189252	4725294	4715009	10333	10286	95.63	4914260	5064356	0.21	0.20	NC_030990.1	JH651385.1
194065	228438	4714481	4680080	34374	34402	97.20	4914260	5064356	0.70	0.68	NC_030990.1	JH651385.1
228650	232135	4679913	4676421	3486	3493	97.80	4914260	5064356	0.07	0.07	NC_030990.1	JH651385.1
232319	238783	4676238	4669778	6465	6461	97.53	4914260	5064356	0.13	0.13	NC_030990.1	JH651385.1
239014	243079	4669571	4665551	4066	4021	96.12	4914260	5064356	0.08	0.08	NC_030990.1	JH651385.1
243077	244971	4664470	4662575	1895	1896	95.21	4914260	5064356	0.04	0.04	NC_030990.1	JH651385.1
244974	245066	120052	120144	93	93	95.70	4914260	137471	0.00	0.07	NC_030990.1	KK035846.1
246027	247030	17387	18388	1004	1002	89.04	4914260	2471847	0.02	0.04	NC_030990.1	JH651391.1
247158	247272	18380	18494	115	115	95.65	4914260	2471847	0.00	0.00	NC_030990.1	JH651391.1
247300	248029	4662577	4661852	730	726	94.13	4914260	5064356	0.01	0.01	NC_030990.1	JH651385.1
250317	262061	4660841	4649098	11745	11744	98.26	4914260	5064356	0.24	0.23	NC_030990.1	JH651385.1
267310	267567	4647057	4646797	258	261	90.42	4914260	5064356	0.01	0.01	NC_030990.1	JH651385.1
267571	308255	4646588	4605880	40685	40709	97.47	4914260	5064356	0.83	0.80	NC_030990.1	JH651385.1
309014	323835	4605888	4591066	14822	14823	96.35	4914260	5064356	0.30	0.29	NC_030990.1	JH651385.1
323832	325263	4588250	4586798	1432	1453	93.74	4914260	5064356	0.03	0.03	NC_030990.1	JH651385.1
325258	328419	4586355	4583193	3162	3163	94.66	4914260	5064356	0.06	0.06	NC_030990.1	JH651385.1
328438	365144	4576444	4539733	36707	36712	98.46	4914260	5064356	0.75	0.72	NC_030990.1	JH651385.1
365306	382098	4539657	4522943	16793	16715	97.38	4914260	5064356	0.34	0.33	NC_030990.1	JH651385.1
382233	399611	4522790	4505405	17379	17386	97.49	4914260	5064356	0.35	0.34	NC_030990.1	JH651385.1
400266	429437	4505418	4476266	29172	29153	97.39	4914260	5064356	0.59	0.58	NC_030990.1	JH651385.1
429433	431526	4475898	4473803	2094	2096	98.43	4914260	5064356	0.04	0.04	NC_030990.1	JH651385.1
433918	440293	4471033	4464645	6376	6389	97.11	4914260	5064356	0.13	0.13	NC_030990.1	JH651385.1
446327	460173	4464656	4450827	13847	13830	98.39	4914260	5064356	0.28	0.27	NC_030990.1	JH651385.1
460825	471655	4450839	4440026	10831	10814	97.93	4914260	5064356	0.22	0.21	NC_030990.1	JH651385.1
471903	473297	4375569	4376963	1395	1395	91.48	4914260	5064356	0.03	0.03	NC_030990.1	JH651385.1
481570	481708	4377392	4377531	139	140	90.71	4914260	5064356	0.00	0.00	NC_030990.1	JH651385.1
481859	482619	4439928	4439169	761	760	98.82	4914260	5064356	0.02	0.02	NC_030990.1	JH651385.1
483330	488029	4438329	4433679	4700	4651	94.33	4914260	5064356	0.10	0.09	NC_030990.1	JH651385.1
488147	504570	4433456	4417030	16424	16427	98.70	4914260	5064356	0.33	0.32	NC_030990.1	JH651385.1
505354	544816	4417035	4377584	39463	39452	97.81	4914260	5064356	0.80	0.78	NC_030990.1	JH651385.1
544844	572656	4375569	4347806	27813	27764	95.94	4914260	5064356	0.57	0.55	NC_030990.1	JH651385.1
575143	576411	4345426	4344159	1269	1268	84.59	4914260	5064356	0.03	0.03	NC_030990.1	JH651385.1
576497	593191	4344143	4327345	16695	16799	94.80	4914260	5064356	0.34	0.33	NC_030990.1	JH651385.1
593430	661045	4327314	4259720	67616	67595	98.05	4914260	5064356	1.38	1.33	NC_030990.1	JH651385.1
663963	726629	4259738	4197030	62667	62709	98.54	4914260	5064356	1.28	1.24	NC_030990.1	JH651385.1
727287	731544	4197045	4192806	4258	4240	98.52	4914260	5064356	0.09	0.08	NC_030990.1	JH651385.1
732823	733783	345	1305	961	961	97.29	4914260	25391	0.02	3.78	NC_030990.1	KK035855.1
733779	748865	4192807	4177831	15087	14977	97.72	4914260	5064356	0.31	0.30	NC_030990.1	JH651385.1
749131	763006	4177580	4163733	13876	13848	98.48	4914260	5064356	0.28	0.27	NC_030990.1	JH651385.1
763529	819839	4163321	4107008	56311	56314	98.69	4914260	5064356	1.15	1.11	NC_030990.1	JH651385.1
820474	832205	4106764	4095035	11732	11730	98.89	4914260	5064356	0.24	0.23	NC_030990.1	JH651385.1
832814	852378	4094433	4074855	19565	19579	98.87	4914260	5064356	0.40	0.39	NC_030990.1	JH651385.1
852782	879105	4074593	4048295	26324	26299	98.50	4914260	5064356	0.54	0.52	NC_030990.1	JH651385.1
880110	936144	3998552	3942572	56035	55981	99.18	4914260	5064356	1.14	1.11	NC_030990.1	JH651385.1
936291	1077391	3942441	3801242	141101	141200	99.08	4914260	5064356	2.87	2.79	NC_030990.1	JH651385.1
1077628	1105673	3801013	3772964	28046	28050	99.16	4914260	5064356	0.57	0.55	NC_030990.1	JH651385.1
1105787	1112963	3772855	3765675	7177	7181	99.39	4914260	5064356	0.15	0.14	NC_030990.1	JH651385.1
1113516	1116787	3765232	3761968	3272	3265	98.87	4914260	5064356	0.07	0.06	NC_030990.1	JH651385.1
1117163	1124387	3761640	3754433	7225	7208	98.64	4914260	5064356	0.15	0.14	NC_030990.1	JH651385.1
1127238	1128033	3753819	3753106	796	714	80.70	4914260	5064356	0.02	0.01	NC_030990.1	JH651385.1
1133342	1158737	3748843	3723413	25396	25431	98.81	4914260	5064356	0.52	0.50	NC_030990.1	JH651385.1
1158896	1180411	3723263	3701829	21516	21435	98.61	4914260	5064356	0.44	0.42	NC_030990.1	JH651385.1
1181207	1251209	3701145	3631207	70003	69939	99.01	4914260	5064356	1.42	1.38	NC_030990.1	JH651385.1
1251345	1288391	3631208	3594177	37047	37032	99.07	4914260	5064356	0.75	0.73	NC_030990.1	JH651385.1
1288877	1312953	3593887	3569793	24077	24095	98.19	4914260	5064356	0.49	0.48	NC_030990.1	JH651385.1
1313165	1328597	3569580	3554164	15433	15417	98.96	4914260	5064356	0.31	0.30	NC_030990.1	JH651385.1
1328707	1357367	3554069	3525406	28661	28664	98.94	4914260	5064356	0.58	0.57	NC_030990.1	JH651385.1
1357369	1388413	3525301	3494287	31045	31015	99.23	4914260	5064356	0.63	0.61	NC_030990.1	JH651385.1
1389063	1395841	3494312	3487527	6779	6786	98.72	4914260	5064356	0.14	0.13	NC_030990.1	JH651385.1
1395941	1399926	3487527	3483564	3986	3964	98.70	4914260	5064356	0.08	0.08	NC_030990.1	JH651385.1
1400427	1442254	3483133	3441299	41828	41835	98.94	4914260	5064356	0.85	0.83	NC_030990.1	JH651385.1
1442751	1446018	3441300	3438041	3268	3260	95.04	4914260	5064356	0.07	0.06	NC_030990.1	JH651385.1
1447291	1464169	3437147	3420277	16879	16871	98.95	4914260	5064356	0.34	0.33	NC_030990.1	JH651385.1
1476778	1512065	3407966	3372713	35288	35254	99.09	4914260	5064356	0.72	0.70	NC_030990.1	JH651385.1
1512097	1513020	3372718	3371818	924	901	96.65	4914260	5064356	0.02	0.02	NC_030990.1	JH651385.1
1514158	1521934	3370613	3362863	7777	7751	99.01	4914260	5064356	0.16	0.15	NC_030990.1	JH651385.1
1522393	1532743	3362906	3352557	10351	10350	99.45	4914260	5064356	0.21	0.20	NC_030990.1	JH651385.1
1532667	1599213	3352438	3285927	66547	66512	99.02	4914260	5064356	1.35	1.31	NC_030990.1	JH651385.1
1599551	1601459	3285706	3283799	1909	1908	99.27	4914260	5064356	0.04	0.04	NC_030990.1	JH651385.1
1601969	1602755	3282857	3282068	787	790	99.11	4914260	5064356	0.02	0.02	NC_030990.1	JH651385.1
1603103	1623835	3281760	3261029	20733	20732	99.07	4914260	5064356	0.42	0.41	NC_030990.1	JH651385.1
1623867	1639602	3261033	3245308	15736	15726	99.11	4914260	5064356	0.32	0.31	NC_030990.1	JH651385.1
1639984	1652793	3244933	3232111	12810	12823	98.74	4914260	5064356	0.26	0.25	NC_030990.1	JH651385.1
1652787	1653690	3228095	3227195	904	901	98.23	4914260	5064356	0.02	0.02	NC_030990.1	JH651385.1
1656507	1660730	3224337	3220121	4224	4217	98.05	4914260	5064356	0.09	0.08	NC_030990.1	JH651385.1
1660909	1743620	3220083	3137462	82712	82622	99.10	4914260	5064356	1.68	1.63	NC_030990.1	JH651385.1
1743983	1778772	3137393	3102612	34790	34782	98.90	4914260	5064356	0.71	0.69	NC_030990.1	JH651385.1
1779182	1785576	3102285	3095890	6395	6396	99.48	4914260	5064356	0.13	0.13	NC_030990.1	JH651385.1
1785765	1851190	3095895	3030560	65426	65336	99.13	4914260	5064356	1.33	1.29	NC_030990.1	JH651385.1
1856203	1894594	3030566	2992197	38392	38370	99.06	4914260	5064356	0.78	0.76	NC_030990.1	JH651385.1
1894595	1937867	2991993	2948742	43273	43252	99.10	4914260	5064356	0.88	0.85	NC_030990.1	JH651385.1
1937988	1942065	2948627	2944546	4078	4082	98.92	4914260	5064356	0.08	0.08	NC_030990.1	JH651385.1
1942211	1945020	2944408	2941602	2810	2807	99.40	4914260	5064356	0.06	0.06	NC_030990.1	JH651385.1
1945151	1950447	2941478	2936195	5297	5284	99.07	4914260	5064356	0.11	0.10	NC_030990.1	JH651385.1
1950611	1993926	2936044	2892753	43316	43292	99.09	4914260	5064356	0.88	0.85	NC_030990.1	JH651385.1
1993924	1994210	397409	397695	287	287	99.30	4914260	2471847	0.01	0.01	NC_030990.1	JH651391.1
1994208	2035318	2892754	2851722	41111	41033	98.99	4914260	5064356	0.84	0.81	NC_030990.1	JH651385.1
2036215	2073795	2850919	2813244	37581	37676	98.89	4914260	5064356	0.76	0.74	NC_030990.1	JH651385.1
2073645	2099290	2813030	2787424	25646	25607	98.88	4914260	5064356	0.52	0.51	NC_030990.1	JH651385.1
2099606	2149535	2787428	2737456	49930	49973	98.72	4914260	5064356	1.02	0.99	NC_030990.1	JH651385.1
2150196	2153476	2737470	2734193	3281	3278	99.36	4914260	5064356	0.07	0.06	NC_030990.1	JH651385.1
2153631	2200615	2734159	2687162	46985	46998	99.41	4914260	5064356	0.96	0.93	NC_030990.1	JH651385.1
2200610	2254821	2687085	2632857	54212	54229	99.27	4914260	5064356	1.10	1.07	NC_030990.1	JH651385.1
2255478	2298058	2632870	2590289	42581	42582	99.17	4914260	5064356	0.87	0.84	NC_030990.1	JH651385.1
2298534	2332259	2590023	2556312	33726	33712	99.32	4914260	5064356	0.69	0.67	NC_030990.1	JH651385.1
2332542	2348600	2556313	2540247	16059	16067	99.29	4914260	5064356	0.33	0.32	NC_030990.1	JH651385.1
2348761	2363439	2540088	2525449	14679	14640	98.91	4914260	5064356	0.30	0.29	NC_030990.1	JH651385.1
2363439	2374917	2525351	2513888	11479	11464	99.29	4914260	5064356	0.23	0.23	NC_030990.1	JH651385.1
2376625	2379983	2512609	2509254	3359	3356	99.43	4914260	5064356	0.07	0.07	NC_030990.1	JH651385.1
2380085	2397183	2509121	2492089	17099	17033	98.83	4914260	5064356	0.35	0.34	NC_030990.1	JH651385.1
2397840	2409549	2492102	2480371	11710	11732	99.05	4914260	5064356	0.24	0.23	NC_030990.1	JH651385.1
2409491	2413819	2480504	2476160	4329	4345	99.19	4914260	5064356	0.09	0.09	NC_030990.1	JH651385.1
2414081	2419159	2476039	2470963	5079	5077	99.23	4914260	5064356	0.10	0.10	NC_030990.1	JH651385.1
2419390	2452137	2470874	2438121	32748	32754	99.21	4914260	5064356	0.67	0.65	NC_030990.1	JH651385.1
2452322	2455542	2438038	2434823	3221	3216	98.85	4914260	5064356	0.07	0.06	NC_030990.1	JH651385.1
2456198	2467034	2434326	2423491	10837	10836	98.89	4914260	5064356	0.22	0.21	NC_030990.1	JH651385.1
2467273	2526183	2423383	2364413	58911	58971	99.21	4914260	5064356	1.20	1.16	NC_030990.1	JH651385.1
2526574	2529061	2364155	2361667	2488	2489	99.04	4914260	5064356	0.05	0.05	NC_030990.1	JH651385.1
2529060	2536417	2359808	2352444	7358	7365	98.90	4914260	5064356	0.15	0.15	NC_030990.1	JH651385.1
2537806	2549092	2352445	2341156	11287	11290	99.05	4914260	5064356	0.23	0.22	NC_030990.1	JH651385.1
2549191	2559075	2340986	2331098	9885	9889	99.23	4914260	5064356	0.20	0.20	NC_030990.1	JH651385.1
2559073	2599873	2330797	2289934	40801	40864	99.13	4914260	5064356	0.83	0.81	NC_030990.1	JH651385.1
2600518	2614030	2289947	2276457	13513	13491	99.01	4914260	5064356	0.27	0.27	NC_030990.1	JH651385.1
2614609	2622090	2275850	2268373	7482	7478	99.22	4914260	5064356	0.15	0.15	NC_030990.1	JH651385.1
2622191	2666681	2268041	2223563	44491	44479	99.09	4914260	5064356	0.91	0.88	NC_030990.1	JH651385.1
2666820	2726244	2223444	2164055	59425	59390	99.17	4914260	5064356	1.21	1.17	NC_030990.1	JH651385.1
2726237	2751349	2163637	2138525	25113	25113	98.87	4914260	5064356	0.51	0.50	NC_030990.1	JH651385.1
2751328	2783909	2138413	2105833	32582	32581	99.33	4914260	5064356	0.66	0.64	NC_030990.1	JH651385.1
2784337	2836751	2105060	2052647	52415	52414	99.24	4914260	5064356	1.07	1.03	NC_030990.1	JH651385.1
2836867	2889670	2052542	1999785	52804	52758	99.29	4914260	5064356	1.07	1.04	NC_030990.1	JH651385.1
2889841	2890139	1999731	1999432	299	300	99.00	4914260	5064356	0.01	0.01	NC_030990.1	JH651385.1
2890141	2892199	1999292	1997240	2059	2053	99.13	4914260	5064356	0.04	0.04	NC_030990.1	JH651385.1
2892663	2917525	1996931	1972117	24863	24815	99.03	4914260	5064356	0.51	0.49	NC_030990.1	JH651385.1
2918055	3009577	1971802	1880345	91523	91458	99.15	4914260	5064356	1.86	1.81	NC_030990.1	JH651385.1
3009619	3043023	1880243	1846881	33405	33363	98.81	4914260	5064356	0.68	0.66	NC_030990.1	JH651385.1
3043020	3053866	1845601	1834775	10847	10827	99.12	4914260	5064356	0.22	0.21	NC_030990.1	JH651385.1
3054307	3088168	1834404	1800584	33862	33821	98.95	4914260	5064356	0.69	0.67	NC_030990.1	JH651385.1
3088324	3201469	1800467	1687392	113146	113076	99.04	4914260	5064356	2.30	2.23	NC_030990.1	JH651385.1
3201618	3212138	1687247	1676733	10521	10515	99.14	4914260	5064356	0.21	0.21	NC_030990.1	JH651385.1
3212902	3254423	1676051	1634554	41522	41498	99.26	4914260	5064356	0.84	0.82	NC_030990.1	JH651385.1
3254416	3257861	1634446	1631002	3446	3445	99.54	4914260	5064356	0.07	0.07	NC_030990.1	JH651385.1
3258036	3272414	1630898	1616521	14379	14378	99.26	4914260	5064356	0.29	0.28	NC_030990.1	JH651385.1
3273250	3273808	29615	30174	559	560	86.30	4914260	152588	0.01	0.37	NC_030990.1	JH651406.1
3273803	3398310	1616522	1492324	124508	124199	99.15	4914260	5064356	2.53	2.45	NC_030990.1	JH651385.1
3399484	3431185	1491137	1459449	31702	31689	99.43	4914260	5064356	0.65	0.63	NC_030990.1	JH651385.1
3431456	3439561	1459054	1450928	8106	8127	98.78	4914260	5064356	0.16	0.16	NC_030990.1	JH651385.1
3439848	3491487	1450861	1399240	51640	51622	99.04	4914260	5064356	1.05	1.02	NC_030990.1	JH651385.1
3491994	3515589	1398735	1375199	23596	23537	99.07	4914260	5064356	0.48	0.46	NC_030990.1	JH651385.1
3516253	3525558	1375212	1365889	9306	9324	99.35	4914260	5064356	0.19	0.18	NC_030990.1	JH651385.1
3526700	3528034	1362547	1361289	1335	1259	93.63	4914260	5064356	0.03	0.02	NC_030990.1	JH651385.1
3528030	3538560	1361095	1350569	10531	10527	99.61	4914260	5064356	0.21	0.21	NC_030990.1	JH651385.1
3538804	3540887	1350335	1348250	2084	2086	99.38	4914260	5064356	0.04	0.04	NC_030990.1	JH651385.1
3541547	3572679	1348262	1317127	31133	31136	99.08	4914260	5064356	0.63	0.61	NC_030990.1	JH651385.1
3572674	3593888	1317009	1295792	21215	21218	99.23	4914260	5064356	0.43	0.42	NC_030990.1	JH651385.1
3594217	3635814	1295536	1253941	41598	41596	99.42	4914260	5064356	0.85	0.82	NC_030990.1	JH651385.1
3636544	3662428	1253607	1227706	25885	25902	99.34	4914260	5064356	0.53	0.51	NC_030990.1	JH651385.1
3662393	3706433	1227678	1183678	44041	44001	99.22	4914260	5064356	0.90	0.87	NC_030990.1	JH651385.1
3706342	3724787	1184105	1165652	18446	18454	99.09	4914260	5064356	0.38	0.36	NC_030990.1	JH651385.1
3725546	3729596	1164609	1160574	4051	4036	99.04	4914260	5064356	0.08	0.08	NC_030990.1	JH651385.1
3729739	3744445	1160529	1145834	14707	14696	99.12	4914260	5064356	0.30	0.29	NC_030990.1	JH651385.1
3744691	3813655	1145708	1076741	68965	68968	99.05	4914260	5064356	1.40	1.36	NC_030990.1	JH651385.1
3813806	3814420	1076602	1075991	615	612	92.87	4914260	5064356	0.01	0.01	NC_030990.1	JH651385.1
3814838	3815991	1075620	1074470	1154	1151	99.22	4914260	5064356	0.02	0.02	NC_030990.1	JH651385.1
3815995	3839598	1073929	1050317	23604	23613	99.12	4914260	5064356	0.48	0.47	NC_030990.1	JH651385.1
3839943	3915849	1050215	974278	75907	75938	98.98	4914260	5064356	1.54	1.50	NC_030990.1	JH651385.1
3915854	3937041	974138	952924	21188	21215	98.87	4914260	5064356	0.43	0.42	NC_030990.1	JH651385.1
3939040	3955555	951727	935195	16516	16533	98.94	4914260	5064356	0.34	0.33	NC_030990.1	JH651385.1
3956014	3963651	934909	927277	7638	7633	96.86	4914260	5064356	0.16	0.15	NC_030990.1	JH651385.1
3963997	3990461	927414	900902	26465	26513	98.92	4914260	5064356	0.54	0.52	NC_030990.1	JH651385.1
3990620	4023430	900913	868059	32811	32855	98.22	4914260	5064356	0.67	0.65	NC_030990.1	JH651385.1
4023561	4054245	867929	837224	30685	30706	98.91	4914260	5064356	0.62	0.61	NC_030990.1	JH651385.1
4054535	4084154	837053	807435	29620	29619	98.99	4914260	5064356	0.60	0.58	NC_030990.1	JH651385.1
4084836	4100533	806886	791178	15698	15709	99.25	4914260	5064356	0.32	0.31	NC_030990.1	JH651385.1
4100531	4103675	790982	787929	3145	3054	96.09	4914260	5064356	0.06	0.06	NC_030990.1	JH651385.1
4103670	4103887	44965	45182	218	218	95.87	4914260	281853	0.00	0.08	NC_030990.1	JH651403.1
4103890	4133392	787903	758425	29503	29479	98.79	4914260	5064356	0.60	0.58	NC_030990.1	JH651385.1
4133764	4162180	758125	729714	28417	28412	98.97	4914260	5064356	0.58	0.56	NC_030990.1	JH651385.1
4162850	4195908	729729	696624	33059	33106	98.22	4914260	5064356	0.67	0.65	NC_030990.1	JH651385.1
4196332	4225615	696299	667001	29284	29299	98.78	4914260	5064356	0.60	0.58	NC_030990.1	JH651385.1
4225718	4249750	666897	642902	24033	23996	99.06	4914260	5064356	0.49	0.47	NC_030990.1	JH651385.1
4249750	4279359	642773	613183	29610	29591	99.08	4914260	5064356	0.60	0.58	NC_030990.1	JH651385.1
4279304	4293153	613063	599217	13850	13847	98.15	4914260	5064356	0.28	0.27	NC_030990.1	JH651385.1
4293170	4391897	599242	500656	98728	98587	98.51	4914260	5064356	2.01	1.95	NC_030990.1	JH651385.1
4410459	4420755	493818	483506	10297	10313	95.79	4914260	5064356	0.21	0.20	NC_030990.1	JH651385.1
4420982	4423308	483291	480965	2327	2327	94.07	4914260	5064356	0.05	0.05	NC_030990.1	JH651385.1
4428023	4449970	480631	458671	21948	21961	98.50	4914260	5064356	0.45	0.43	NC_030990.1	JH651385.1
4450172	4465678	458673	443155	15507	15519	98.36	4914260	5064356	0.32	0.31	NC_030990.1	JH651385.1
4466130	4466466	443172	442836	337	337	98.52	4914260	5064356	0.01	0.01	NC_030990.1	JH651385.1
4468330	4469678	442834	441484	1349	1351	96.16	4914260	5064356	0.03	0.03	NC_030990.1	JH651385.1
4470531	4474489	440693	436736	3959	3958	97.30	4914260	5064356	0.08	0.08	NC_030990.1	JH651385.1
4474705	4475950	436562	435316	1246	1247	90.88	4914260	5064356	0.03	0.02	NC_030990.1	JH651385.1
4479867	4480136	420919	421178	270	260	90.00	4914260	5064356	0.01	0.01	NC_030990.1	JH651385.1
4481520	4481754	28229	28468	235	240	90.83	4914260	35650	0.00	0.67	NC_030990.1	JH651434.1
4481882	4482057	599382	599207	176	176	95.45	4914260	2471847	0.00	0.01	NC_030990.1	JH651391.1
4482072	4482704	2722588	2721962	633	627	91.31	4914260	2870791	0.01	0.02	NC_030990.1	JH651389.1
4483760	4484957	63801	62604	1198	1198	89.32	4914260	2142601	0.02	0.06	NC_030990.1	JH651393.1
4485439	4486429	40517	41507	991	991	89.92	4914260	2759859	0.02	0.04	NC_030990.1	JH651390.1
4492884	4494273	250512	249139	1390	1374	87.60	4914260	282688	0.03	0.49	NC_030990.1	JH651404.1
4494275	4495721	61620	60174	1447	1447	91.25	4914260	2142601	0.03	0.07	NC_030990.1	JH651393.1
4494280	4497374	41508	44602	3095	3095	89.19	4914260	2759859	0.06	0.11	NC_030990.1	JH651390.1
4498539	4499777	2721962	2720729	1239	1234	89.68	4914260	2870791	0.03	0.04	NC_030990.1	JH651389.1
4505808	4506034	2717270	2717491	227	222	86.84	4914260	2870791	0.00	0.01	NC_030990.1	JH651389.1
4506482	4507235	18631	17885	754	747	85.87	4914260	2142601	0.02	0.03	NC_030990.1	JH651393.1
4506818	4507586	1076992	1077770	769	779	82.72	4914260	1091311	0.02	0.07	NC_030990.1	JH651399.1
4507418	4507607	113458	113269	190	190	84.82	4914260	137471	0.00	0.14	NC_030990.1	KK035846.1
4507592	4507731	260621	260490	140	132	87.86	4914260	2870791	0.00	0.00	NC_030990.1	JH651389.1
4508865	4509074	2717673	2717460	210	214	87.38	4914260	2870791	0.00	0.01	NC_030990.1	JH651389.1
4508865	4509077	952330	952114	213	217	86.24	4914260	1058449	0.00	0.02	NC_030990.1	JH651400.1
4513602	4516403	419879	417077	2802	2803	91.74	4914260	5064356	0.06	0.06	NC_030990.1	JH651385.1
4516857	4520974	416461	412334	4118	4128	96.97	4914260	5064356	0.08	0.08	NC_030990.1	JH651385.1
4521626	4531563	412347	402411	9938	9937	98.20	4914260	5064356	0.20	0.20	NC_030990.1	JH651385.1
4531563	4532349	402009	401228	787	782	96.32	4914260	5064356	0.02	0.02	NC_030990.1	JH651385.1
4535970	4538523	401227	398673	2554	2555	98.75	4914260	5064356	0.05	0.05	NC_030990.1	JH651385.1
4538577	4556865	397979	379701	18289	18279	97.75	4914260	5064356	0.37	0.36	NC_030990.1	JH651385.1
4556729	4577013	379600	359422	20285	20179	97.54	4914260	5064356	0.41	0.40	NC_030990.1	JH651385.1
4586416	4588047	359419	357875	1632	1545	84.47	4914260	5064356	0.03	0.03	NC_030990.1	JH651385.1
4588231	4595695	357877	350486	7465	7392	96.08	4914260	5064356	0.15	0.15	NC_030990.1	JH651385.1
4606969	4610663	340922	337299	3695	3624	95.71	4914260	5064356	0.08	0.07	NC_030990.1	JH651385.1
4612559	4628737	315152	298951	16179	16202	96.04	4914260	5064356	0.33	0.32	NC_030990.1	JH651385.1
4629646	4638864	297858	288626	9219	9233	95.68	4914260	5064356	0.19	0.18	NC_030990.1	JH651385.1
4639077	4655783	288495	271862	16707	16634	96.87	4914260	5064356	0.34	0.33	NC_030990.1	JH651385.1
4658135	4659488	270029	268675	1354	1355	84.31	4914260	5064356	0.03	0.03	NC_030990.1	JH651385.1
4660758	4676156	267420	252023	15399	15398	97.31	4914260	5064356	0.31	0.30	NC_030990.1	JH651385.1
4676280	4680733	251918	247492	4454	4427	96.12	4914260	5064356	0.09	0.09	NC_030990.1	JH651385.1
4680729	4684741	247316	243300	4013	4017	96.17	4914260	5064356	0.08	0.08	NC_030990.1	JH651385.1
4689937	4695784	243304	237453	5848	5852	98.58	4914260	5064356	0.12	0.12	NC_030990.1	JH651385.1
4696051	4703883	237214	229392	7833	7823	98.20	4914260	5064356	0.16	0.15	NC_030990.1	JH651385.1
4707985	4708455	227001	226529	471	473	97.04	4914260	5064356	0.01	0.01	NC_030990.1	JH651385.1
4708943	4726555	226124	208542	17613	17583	97.36	4914260	5064356	0.36	0.35	NC_030990.1	JH651385.1
4726850	4729839	204857	201914	2990	2944	95.60	4914260	5064356	0.06	0.06	NC_030990.1	JH651385.1
4731731	4731815	201915	201831	85	85	100.00	4914260	5064356	0.00	0.00	NC_030990.1	JH651385.1
4731806	4740142	201223	192884	8337	8340	98.11	4914260	5064356	0.17	0.16	NC_030990.1	JH651385.1
4740803	4756935	192896	176762	16133	16135	97.73	4914260	5064356	0.33	0.32	NC_030990.1	JH651385.1
4773761	4775135	175386	174012	1375	1375	98.33	4914260	5064356	0.03	0.03	NC_030990.1	JH651385.1
4775792	4785235	174025	164582	9444	9444	98.32	4914260	5064356	0.19	0.19	NC_030990.1	JH651385.1
4785994	4790117	164590	160465	4124	4126	98.59	4914260	5064356	0.08	0.08	NC_030990.1	JH651385.1
4790154	4791709	2633360	2634915	1556	1556	85.25	4914260	2759859	0.03	0.06	NC_030990.1	JH651390.1
4791961	4792812	160466	159613	852	854	96.84	4914260	5064356	0.02	0.02	NC_030990.1	JH651385.1
4792803	4792967	159392	159228	165	165	95.76	4914260	5064356	0.00	0.00	NC_030990.1	JH651385.1
4793103	4811078	159103	141094	17976	18010	97.74	4914260	5064356	0.37	0.36	NC_030990.1	JH651385.1
4811669	4824117	140723	128197	12449	12527	96.63	4914260	5064356	0.25	0.25	NC_030990.1	JH651385.1
4824117	4824252	60821	60957	136	137	90.51	4914260	111915	0.00	0.12	NC_030990.1	JH651407.1
4828621	4828767	273903	273760	147	144	86.58	4914260	790686	0.00	0.02	NC_030990.1	JH651401.1
4828892	4829308	138140	138561	417	422	84.83	4914260	143271	0.01	0.29	NC_030990.1	KK035845.1
4831545	4832548	126095	125109	1004	987	88.35	4914260	5064356	0.02	0.02	NC_030990.1	JH651385.1
4832794	4842157	124909	115571	9364	9339	97.29	4914260	5064356	0.19	0.18	NC_030990.1	JH651385.1
4842153	4856885	111959	97220	14733	14740	96.56	4914260	5064356	0.30	0.29	NC_030990.1	JH651385.1
4857010	4858537	97108	95581	1528	1528	97.12	4914260	5064356	0.03	0.03	NC_030990.1	JH651385.1
4858536	4866061	95168	87660	7526	7509	97.25	4914260	5064356	0.15	0.15	NC_030990.1	JH651385.1
4866060	4868263	85799	83609	2204	2191	93.72	4914260	5064356	0.04	0.04	NC_030990.1	JH651385.1
4868258	4872957	82201	77505	4700	4697	95.44	4914260	5064356	0.10	0.09	NC_030990.1	JH651385.1
4873164	4873500	19924	20275	337	352	82.10	4914260	2471847	0.01	0.01	NC_030990.1	JH651391.1
4873514	4873637	70335	70456	124	122	92.74	4914260	111915	0.00	0.11	NC_030990.1	JH651407.1
4903638	4903922	161621	161337	285	285	83.39	4914260	250012	0.01	0.11	NC_030990.1	JH651405.1
4904266	4905352	160149	159061	1087	1089	85.08	4914260	250012	0.02	0.44	NC_030990.1	JH651405.1
4905634	4905848	588651	588865	215	215	92.09	4914260	711798	0.00	0.03	NC_030990.1	JH651402.1
4905942	4906328	26878	26519	387	360	85.32	4914260	84110	0.01	0.43	NC_030990.1	JH651412.1
4911916	4912100	63	247	185	185	91.94	4914260	57426	0.00	0.32	NC_030990.1	JH651415.1
4912577	4913095	240	723	519	484	82.12	4914260	57426	0.01	0.84	NC_030990.1	JH651415.1
4913145	4914124	16414	17393	980	980	91.53	4914260	25598	0.02	3.83	NC_030990.1	JH651445.1
8735	9034	12372	12670	300	299	96.33	4589937	89040	0.01	0.34	NC_030991.1	JH651411.1
8934	9085	3396	3244	152	153	89.54	4589937	17522	0.00	0.87	NC_030991.1	KK035863.1
37078	37828	2663743	2662993	751	751	99.60	4589937	2759859	0.02	0.03	NC_030991.1	JH651390.1
38296	38685	6578	6967	390	390	84.10	4589937	45983	0.01	0.85	NC_030991.1	JH651423.1
51733	52969	2661754	2662990	1237	1237	99.11	4589937	2759859	0.03	0.04	NC_030991.1	JH651390.1
62055	62261	2691	2895	207	205	87.98	4589937	11068	0.00	1.85	NC_030991.1	KK035879.1
64212	65514	86849	85547	1303	1303	84.21	4589937	89040	0.03	1.46	NC_030991.1	JH651411.1
66783	66889	64169	64063	107	107	99.07	4589937	89040	0.00	0.12	NC_030991.1	JH651411.1
74517	74823	35362	35054	307	309	93.85	4589937	57168	0.01	0.54	NC_030991.1	JH651417.1
76721	76914	77859	78052	194	194	97.42	4589937	89040	0.00	0.22	NC_030991.1	JH651411.1
90500	90584	2907	2823	85	85	100.00	4589937	17522	0.00	0.49	NC_030991.1	KK035863.1
90501	92126	10391	8766	1626	1626	98.65	4589937	14313	0.04	11.36	NC_030991.1	KK035867.1
92472	93308	8458	7622	837	837	99.64	4589937	14313	0.02	5.85	NC_030991.1	KK035867.1
132778	134145	10758	12117	1368	1360	88.70	4589937	20798	0.03	6.54	NC_030991.1	KK035860.1
152354	152687	1348	1017	334	332	88.32	4589937	17569	0.01	1.89	NC_030991.1	KK035862.1
152391	152894	128890	128384	504	507	88.76	4589937	152588	0.01	0.33	NC_030991.1	JH651406.1
175538	175985	173319	172873	448	447	87.05	4589937	250012	0.01	0.18	NC_030991.1	JH651405.1
190250	192087	28163	26323	1838	1841	94.68	4589937	40904	0.04	4.50	NC_030991.1	JH651430.1
199106	202381	34357	31077	3276	3281	91.76	4589937	91901	0.07	3.57	NC_030991.1	KK035847.1
217817	219251	49745	51178	1435	1434	90.82	4589937	61333	0.03	2.34	NC_030991.1	KK035849.1
250299	250391	164	73	93	92	98.92	4589937	14313	0.00	0.64	NC_030991.1	KK035867.1
260368	260574	6629	6814	207	186	83.17	4589937	25838	0.00	0.72	NC_030991.1	JH651447.1
281555	282957	10212	8797	1403	1416	82.44	4589937	13070	0.03	10.83	NC_030991.1	JH651472.1
289522	290419	5821	6716	898	896	87.01	4589937	44689	0.02	2.00	NC_030991.1	JH651425.1
327500	327699	925	1124	200	200	97.50	4589937	3282	0.00	6.09	NC_030991.1	KK035946.1
343234	344946	78750	80462	1713	1713	85.51	4589937	1091311	0.04	0.16	NC_030991.1	JH651399.1
346851	347256	95569	95164	406	406	95.57	4589937	5064356	0.01	0.01	NC_030991.1	JH651385.1
357221	357355	64599	64466	135	134	93.33	4589937	152588	0.00	0.09	NC_030991.1	JH651406.1
362081	363003	29590	30517	923	928	87.74	4589937	57168	0.02	1.62	NC_030991.1	JH651417.1
368461	370304	30720	32586	1844	1867	86.99	4589937	57168	0.04	3.27	NC_030991.1	JH651417.1
371254	374998	17986	21748	3745	3763	95.75	4589937	50000	0.08	7.53	NC_030991.1	JH651421.1
375001	377894	22895	25735	2894	2841	87.38	4589937	50000	0.06	5.68	NC_030991.1	JH651421.1
378303	378685	2365	2753	383	389	92.80	4589937	12431	0.01	3.13	NC_030991.1	KK035873.1
392316	392522	25494	25700	207	207	97.10	4589937	25838	0.00	0.80	NC_030991.1	JH651447.1
394820	394913	1	94	94	94	97.87	4589937	137471	0.00	0.07	NC_030991.1	KK035846.1
401205	401631	622	1057	427	436	93.35	4589937	1487	0.01	29.32	NC_030991.1	KK036059.1
411146	412840	114909	113167	1695	1743	87.59	4589937	282688	0.04	0.62	NC_030991.1	JH651404.1
412838	413365	1128	601	528	528	95.45	4589937	4169	0.01	12.66	NC_030991.1	KK035924.1
416212	418375	18832	16611	2164	2222	95.55	4589937	32620	0.05	6.81	NC_030991.1	JH651438.1
427875	429899	59322	61333	2025	2012	99.21	4589937	61333	0.04	3.28	NC_030991.1	KK035849.1
427930	430459	1	2519	2530	2519	99.21	4589937	91740	0.06	2.75	NC_030991.1	JH651409.1
443328	445965	40247	37635	2638	2613	95.11	4589937	61333	0.06	4.26	NC_030991.1	KK035849.1
445966	446197	2718302	2718534	232	233	91.85	4589937	2759859	0.01	0.01	NC_030991.1	JH651390.1
453443	453586	7320	7462	144	143	87.67	4589937	17184	0.00	0.83	NC_030991.1	JH651455.1
468981	469062	6679	6598	82	82	97.56	4589937	17309	0.00	0.47	NC_030991.1	JH651456.1
472740	473927	31044	32229	1188	1186	90.50	4589937	91901	0.03	1.29	NC_030991.1	KK035847.1
476530	478939	40544	42954	2410	2411	98.80	4589937	57426	0.05	4.20	NC_030991.1	JH651415.1
481485	481616	9467	9336	132	132	87.88	4589937	91740	0.00	0.14	NC_030991.1	JH651409.1
500933	501759	537016	537831	827	816	94.56	4589937	2142601	0.02	0.04	NC_030991.1	JH651393.1
501759	503405	537983	539648	1647	1666	86.32	4589937	2142601	0.04	0.08	NC_030991.1	JH651393.1
503741	506160	539995	542382	2420	2388	92.32	4589937	2142601	0.05	0.11	NC_030991.1	JH651393.1
506551	506707	537016	536860	157	157	97.45	4589937	2142601	0.00	0.01	NC_030991.1	JH651393.1
528010	529781	16953	18718	1772	1766	84.27	4589937	52559	0.04	3.36	NC_030991.1	JH651420.1
536838	538554	5553	7278	1717	1726	95.83	4589937	7283	0.04	23.70	NC_030991.1	KK035888.1
538742	538914	241538	241709	173	172	94.22	4589937	282688	0.00	0.06	NC_030991.1	JH651404.1
540847	541039	7608	7809	193	202	88.61	4589937	31881	0.00	0.63	NC_030991.1	JH651441.1
544837	544968	26531	26662	132	132	99.24	4589937	42699	0.00	0.31	NC_030991.1	JH651429.1
544865	546702	22124	20287	1838	1838	97.44	4589937	22503	0.04	8.17	NC_030991.1	KK035857.1
548820	551357	1116	3662	2538	2547	95.13	4589937	4505	0.06	56.54	NC_030991.1	KK035920.1
560644	560820	25591	25759	177	169	83.05	4589937	250012	0.00	0.07	NC_030991.1	JH651405.1
560644	560817	6804	6629	174	176	95.45	4589937	25838	0.00	0.68	NC_030991.1	JH651447.1
569077	571384	50258	52518	2308	2261	87.04	4589937	91740	0.05	2.46	NC_030991.1	JH651409.1
576776	577230	10107	9653	455	455	92.75	4589937	36238	0.01	1.26	NC_030991.1	JH651433.1
577554	577628	41173	41099	75	75	96.00	4589937	152588	0.00	0.05	NC_030991.1	JH651406.1
586014	588084	4527983	4525916	2071	2068	95.66	4589937	4537458	0.05	0.05	NC_030991.1	JH651386.1
589628	590049	56749	57168	422	420	89.39	4589937	57168	0.01	0.73	NC_030991.1	JH651417.1
589889	594114	7905	12137	4226	4233	97.64	4589937	12137	0.09	34.88	NC_030991.1	KK035875.1
602026	611759	27130	17407	9734	9724	97.36	4589937	2759859	0.21	0.35	NC_030991.1	JH651390.1
613687	614856	17409	16239	1170	1171	99.49	4589937	2759859	0.03	0.04	NC_030991.1	JH651390.1
615172	617650	16241	13763	2479	2479	99.19	4589937	2759859	0.05	0.09	NC_030991.1	JH651390.1
618929	621275	4925455	4923112	2347	2344	92.68	4589937	5064356	0.05	0.05	NC_030991.1	JH651385.1
623338	623616	2676461	2676179	279	283	94.70	4589937	2759859	0.01	0.01	NC_030991.1	JH651390.1
623767	623878	1038768	1038879	112	112	98.21	4589937	1038905	0.00	0.01	NC_030991.1	KK035840.1
629854	633308	10946	7492	3455	3455	94.88	4589937	11037	0.08	31.30	NC_030991.1	JH651476.1
644956	645036	128	207	81	80	96.30	4589937	1453	0.00	5.51	NC_030991.1	KK036054.1
644957	645106	20181	20330	150	150	92.67	4589937	57168	0.00	0.26	NC_030991.1	JH651417.1
645563	646201	209	852	639	644	92.26	4589937	17569	0.01	3.67	NC_030991.1	KK035862.1
646840	647062	699	476	223	224	93.30	4589937	5693	0.00	3.93	NC_030991.1	KK035901.1
656138	656673	2659534	2660059	536	526	86.25	4589937	2759859	0.01	0.02	NC_030991.1	JH651390.1
656415	656963	821	285	549	537	89.47	4589937	6058	0.01	8.86	NC_030991.1	KK035899.1
664414	666322	75932	74046	1909	1887	83.72	4589937	89040	0.04	2.12	NC_030991.1	JH651411.1
669325	671192	32542	30677	1868	1866	95.30	4589937	35525	0.04	5.25	NC_030991.1	JH651435.1
671883	673154	12335	13606	1272	1272	84.87	4589937	22503	0.03	5.65	NC_030991.1	KK035857.1
680549	680644	10942	11037	96	96	100.00	4589937	11037	0.00	0.87	NC_030991.1	JH651476.1
680553	681255	13749	13047	703	703	97.87	4589937	44689	0.02	1.57	NC_030991.1	JH651425.1
688483	688671	46053	45867	189	187	91.53	4589937	84110	0.00	0.22	NC_030991.1	JH651412.1
702655	704489	20741	22574	1835	1834	97.55	4589937	36238	0.04	5.06	NC_030991.1	JH651433.1
705202	705993	14952	14154	792	799	87.41	4589937	15131	0.02	5.28	NC_030991.1	KK035865.1
718388	718769	39198	38822	382	377	84.62	4589937	58138	0.01	0.65	NC_030991.1	JH651416.1
720860	721019	5349	5192	160	158	93.75	4589937	8504	0.00	1.86	NC_030991.1	KK035884.1
726634	726956	6581	6244	323	338	80.58	4589937	11068	0.01	3.05	NC_030991.1	KK035879.1
727855	729639	6244	4451	1785	1794	81.26	4589937	11068	0.04	16.21	NC_030991.1	KK035879.1
751513	751771	1	259	259	259	99.61	4589937	40904	0.01	0.63	NC_030991.1	JH651430.1
754491	754779	8665	8377	289	289	95.16	4589937	152588	0.01	0.19	NC_030991.1	JH651406.1
759181	761761	565	3166	2581	2602	92.85	4589937	3166	0.06	82.19	NC_030991.1	KK035952.1
764570	765185	1	615	616	615	86.69	4589937	16871	0.01	3.65	NC_030991.1	JH651463.1
778825	779735	11086	11987	911	902	87.38	4589937	17569	0.02	5.13	NC_030991.1	KK035862.1
779805	782651	34374	37211	2847	2838	95.23	4589937	52559	0.06	5.40	NC_030991.1	JH651420.1
796341	797436	6037	7133	1096	1097	96.72	4589937	35525	0.02	3.09	NC_030991.1	JH651435.1
835195	835981	3603	4391	787	789	89.73	4589937	25391	0.02	3.11	NC_030991.1	KK035855.1
837656	838388	14453	15184	733	732	97.27	4589937	17184	0.02	4.26	NC_030991.1	JH651455.1
851856	858296	4292	10792	6441	6501	90.81	4589937	22503	0.14	28.89	NC_030991.1	KK035857.1
893682	893806	127463	127339	125	125	94.40	4589937	152588	0.00	0.08	NC_030991.1	JH651406.1
899884	900037	914	1067	154	154	96.75	4589937	10428	0.00	1.48	NC_030991.1	KK035881.1
905259	906200	3993	3051	942	943	97.25	4589937	30340	0.02	3.11	NC_030991.1	JH651440.1
906277	908290	149713	151716	2014	2004	97.17	4589937	152588	0.04	1.31	NC_030991.1	JH651406.1
908218	909057	151749	152588	840	840	98.57	4589937	152588	0.02	0.55	NC_030991.1	JH651406.1
910253	915660	1	5404	5408	5404	98.72	4589937	5696	0.12	94.87	NC_030991.1	KK035902.1
921816	921972	1171	1015	157	157	98.09	4589937	14313	0.00	1.10	NC_030991.1	KK035867.1
922461	924326	22431	20568	1866	1864	98.39	4589937	25046	0.04	7.44	NC_030991.1	JH651444.1
930210	932809	5605	8189	2600	2585	96.31	4589937	14292	0.06	18.09	NC_030991.1	JH651471.1
934743	935864	9523	10655	1122	1133	97.35	4589937	14292	0.02	7.93	NC_030991.1	JH651471.1
936063	936904	13452	14292	842	841	98.10	4589937	14292	0.02	5.88	NC_030991.1	JH651471.1
940823	941343	4335	4843	521	509	89.71	4589937	6783	0.01	7.50	NC_030991.1	KK035890.1
941881	942171	288	1	291	288	93.54	4589937	3294	0.01	8.74	NC_030991.1	KK035947.1
942025	943237	13509	14720	1213	1212	94.06	4589937	24628	0.03	4.92	NC_030991.1	JH651449.1
943292	943914	621	1	623	621	92.30	4589937	7119	0.01	8.72	NC_030991.1	JH651491.1
943683	944301	1	614	619	614	95.48	4589937	3101	0.01	19.80	NC_030991.1	JH651513.1
944294	944521	1402	1629	228	228	96.93	4589937	3101	0.00	7.35	NC_030991.1	JH651513.1
944921	946318	1399	1	1398	1399	97.43	4589937	1399	0.03	100.00	NC_030991.1	KK036080.1
946041	946370	279530	279857	330	328	90.63	4589937	282688	0.01	0.12	NC_030991.1	JH651404.1
946368	947015	282073	282688	648	616	92.28	4589937	282688	0.01	0.22	NC_030991.1	JH651404.1
950796	952329	7	1540	1534	1534	92.76	4589937	1747	0.03	87.81	NC_030991.1	KK036017.1
951927	952335	7858	8265	409	408	95.84	4589937	35525	0.01	1.15	NC_030991.1	JH651435.1
962859	963482	14500	15121	624	622	98.24	4589937	89040	0.01	0.70	NC_030991.1	JH651411.1
966586	966942	262408	262052	357	357	96.64	4589937	282688	0.01	0.13	NC_030991.1	JH651404.1
970436	970889	32559	32106	454	454	87.89	4589937	52559	0.01	0.86	NC_030991.1	JH651420.1
984110	987973	2639038	2635183	3864	3856	91.75	4589937	2759859	0.08	0.14	NC_030991.1	JH651390.1
1001883	1002099	1357	1140	217	218	97.25	4589937	17309	0.00	1.26	NC_030991.1	JH651456.1
1001953	1002409	877486	877957	457	472	86.47	4589937	1058449	0.01	0.04	NC_030991.1	JH651400.1
1004891	1006256	79732	81092	1366	1361	92.51	4589937	2142601	0.03	0.06	NC_030991.1	JH651393.1
1008642	1010484	52236	50394	1843	1843	96.37	4589937	52559	0.04	3.51	NC_030991.1	JH651420.1
1037392	1038639	2680	3927	1248	1248	97.36	4589937	36238	0.03	3.44	NC_030991.1	JH651433.1
1046329	1047260	85571	86501	932	931	86.50	4589937	91740	0.02	1.01	NC_030991.1	JH651409.1
1051809	1052401	103483	102888	593	596	81.91	4589937	2759859	0.01	0.02	NC_030991.1	JH651390.1
1077946	1079257	46128	47439	1312	1312	95.66	4589937	52215	0.03	2.51	NC_030991.1	JH651419.1
1081454	1081849	47436	47831	396	396	96.97	4589937	52215	0.01	0.76	NC_030991.1	JH651419.1
1087944	1088373	2659221	2658788	430	434	92.18	4589937	2759859	0.01	0.02	NC_030991.1	JH651390.1
1107877	1107969	17289	17381	93	93	100.00	4589937	17569	0.00	0.53	NC_030991.1	KK035862.1
1107965	1108131	88	254	167	167	98.20	4589937	6783	0.00	2.46	NC_030991.1	KK035890.1
1108985	1109847	44557	43686	863	872	89.28	4589937	89040	0.02	0.98	NC_030991.1	JH651411.1
1109276	1109939	4946115	4946779	664	665	83.78	4589937	5064356	0.01	0.01	NC_030991.1	JH651385.1
1121421	1121808	540	925	388	386	90.49	4589937	13910	0.01	2.77	NC_030991.1	JH651468.1
1125440	1127248	2113	305	1809	1809	97.84	4589937	12640	0.04	14.31	NC_030991.1	KK035874.1
1126397	1127263	14231	15097	867	867	88.59	4589937	24904	0.02	3.48	NC_030991.1	JH651448.1
1130924	1131519	89717	89129	596	589	85.26	4589937	282688	0.01	0.21	NC_030991.1	JH651404.1
1154137	1156370	2462293	2464518	2234	2226	93.92	4589937	2759859	0.05	0.08	NC_030991.1	JH651390.1
1156371	1158406	2464737	2466771	2036	2035	90.90	4589937	2759859	0.04	0.07	NC_030991.1	JH651390.1
1158407	1158723	2467592	2467908	317	317	88.01	4589937	2759859	0.01	0.01	NC_030991.1	JH651390.1
1159013	1159165	6887	6735	153	153	99.35	4589937	2759859	0.00	0.01	NC_030991.1	JH651390.1
1179696	1179878	6630	6447	183	184	92.93	4589937	11068	0.00	1.66	NC_030991.1	KK035879.1
1180826	1181035	94	301	210	208	96.19	4589937	1240	0.00	16.77	NC_030991.1	KK036105.1
1182667	1182892	299	524	226	226	98.67	4589937	1240	0.00	18.23	NC_030991.1	KK036105.1
1189730	1189921	6541	6350	192	192	97.92	4589937	17309	0.00	1.11	NC_030991.1	JH651456.1
1202276	1203326	47135	48173	1051	1039	85.19	4589937	91901	0.02	1.13	NC_030991.1	KK035847.1
1211273	1211848	12407	12982	576	576	86.63	4589937	68668	0.01	0.84	NC_030991.1	JH651414.1
1220852	1221833	35724	34738	982	987	87.41	4589937	91901	0.02	1.07	NC_030991.1	KK035847.1
1227195	1231090	4873	8787	3896	3915	95.26	4589937	50000	0.08	7.83	NC_030991.1	JH651421.1
1233985	1238874	12006	16902	4890	4897	93.30	4589937	50000	0.11	9.79	NC_030991.1	JH651421.1
1245730	1246567	187	1011	838	825	96.06	4589937	27712	0.02	2.98	NC_030991.1	KK035854.1
1257031	1257693	28217	27556	663	662	93.82	4589937	57168	0.01	1.16	NC_030991.1	JH651417.1
1258604	1261641	12282	15320	3038	3039	97.73	4589937	17309	0.07	17.56	NC_030991.1	JH651456.1
1262750	1263354	16220	16823	605	604	97.36	4589937	27712	0.01	2.18	NC_030991.1	KK035854.1
1263848	1268311	16915	21320	4464	4406	96.89	4589937	27712	0.10	15.90	NC_030991.1	KK035854.1
1321866	1322156	17054	16762	291	293	92.49	4589937	24628	0.01	1.19	NC_030991.1	JH651449.1
1326538	1326979	684	241	442	444	97.97	4589937	42699	0.01	1.04	NC_030991.1	JH651429.1
1336389	1337112	17627	16899	724	729	94.79	4589937	50000	0.02	1.46	NC_030991.1	JH651421.1
1346970	1350421	23216	19765	3452	3452	90.96	4589937	40904	0.08	8.44	NC_030991.1	JH651430.1
1354047	1354548	5033170	5032671	502	500	86.51	4589937	5064356	0.01	0.01	NC_030991.1	JH651385.1
1365527	1365994	233353	233813	468	461	81.24	4589937	2759859	0.01	0.02	NC_030991.1	JH651390.1
1365758	1366434	524263	524937	677	675	87.33	4589937	711798	0.01	0.09	NC_030991.1	JH651402.1
1370014	1370238	11013	11237	225	225	92.44	4589937	27152	0.00	0.83	NC_030991.1	JH651443.1
1370583	1370849	4516822	4516553	267	270	88.15	4589937	4537458	0.01	0.01	NC_030991.1	JH651386.1
1370583	1370847	53643	53376	265	268	91.04	4589937	68668	0.01	0.39	NC_030991.1	JH651414.1
1372058	1372293	239431	239198	236	234	83.68	4589937	250012	0.01	0.09	NC_030991.1	JH651405.1
1385074	1385229	85618	85774	156	157	94.90	4589937	90235	0.00	0.17	NC_030991.1	JH651410.1
1408842	1409050	34524	34732	209	209	88.04	4589937	58138	0.00	0.36	NC_030991.1	JH651416.1
1419619	1420954	598	1934	1336	1337	84.16	4589937	25838	0.03	5.17	NC_030991.1	JH651447.1
1425521	1426140	12906	12284	620	623	80.29	4589937	12910	0.01	4.83	NC_030991.1	KK035870.1
1432885	1433362	28591	29068	478	478	98.74	4589937	50000	0.01	0.96	NC_030991.1	JH651421.1
1444549	1446935	123933	121546	2387	2388	98.70	4589937	152588	0.05	1.56	NC_030991.1	JH651406.1
1447096	1447552	121444	120988	457	457	98.69	4589937	152588	0.01	0.30	NC_030991.1	JH651406.1
1454249	1455025	67265	66467	777	799	92.70	4589937	91740	0.02	0.87	NC_030991.1	JH651409.1
1455022	1455746	25263	25984	725	722	93.38	4589937	89040	0.02	0.81	NC_030991.1	JH651411.1
1467625	1467954	1186	1513	330	328	91.52	4589937	20798	0.01	1.58	NC_030991.1	KK035860.1
1483963	1484195	37565	37797	233	233	85.29	4589937	89040	0.01	0.26	NC_030991.1	JH651411.1
1486633	1487265	1	633	633	633	99.53	4589937	11077	0.01	5.71	NC_030991.1	KK035878.1
1513473	1513966	18083	17588	494	496	95.36	4589937	45697	0.01	1.09	NC_030991.1	JH651427.1
1513969	1514159	8763	8573	191	191	98.95	4589937	13070	0.00	1.46	NC_030991.1	JH651472.1
1514157	1519834	17584	11978	5678	5607	93.95	4589937	45697	0.12	12.27	NC_030991.1	JH651427.1
1520008	1521039	25203	26233	1032	1031	95.45	4589937	57168	0.02	1.80	NC_030991.1	JH651417.1
1534697	1534986	10917	11206	290	290	97.59	4589937	91740	0.01	0.32	NC_030991.1	JH651409.1
1538252	1538411	160	1	160	160	98.12	4589937	1336	0.00	11.98	NC_030991.1	KK036092.1
1553302	1559036	3	5734	5735	5732	97.49	4589937	24628	0.12	23.27	NC_030991.1	JH651449.1
1578193	1578412	22143	21923	220	221	86.04	4589937	34243	0.00	0.65	NC_030991.1	JH651437.1
1585128	1586589	16306	14847	1462	1460	94.25	4589937	18026	0.03	8.10	NC_030991.1	JH651458.1
1587260	1589355	7018	4936	2096	2083	92.95	4589937	9811	0.05	21.23	NC_030991.1	JH651487.1
1589162	1590055	13735	12846	894	890	89.67	4589937	18026	0.02	4.94	NC_030991.1	JH651458.1
1590060	1590685	58419	57794	626	626	87.24	4589937	61333	0.01	1.02	NC_030991.1	KK035849.1
1594793	1594871	12901	12823	79	79	100.00	4589937	13070	0.00	0.60	NC_030991.1	JH651472.1
1594842	1594938	8341	8245	97	97	100.00	4589937	8341	0.00	1.16	NC_030991.1	JH651483.1
1601796	1601933	2716902	2717039	138	138	92.75	4589937	2759859	0.00	0.01	NC_030991.1	JH651390.1
1604947	1605049	2660060	2660162	103	103	96.12	4589937	2759859	0.00	0.00	NC_030991.1	JH651390.1
1617810	1618241	118253	118689	432	437	90.87	4589937	282688	0.01	0.15	NC_030991.1	JH651404.1
1636526	1636691	19476	19311	166	166	92.17	4589937	25838	0.00	0.64	NC_030991.1	JH651447.1
1652100	1652957	1025	1881	858	857	95.22	4589937	1881	0.02	45.56	NC_030991.1	KK036008.1
1655766	1658733	2676034	2673031	2968	3004	97.24	4589937	2759859	0.06	0.11	NC_030991.1	JH651390.1
1672408	1672864	29517	29973	457	457	93.01	4589937	30340	0.01	1.51	NC_030991.1	JH651440.1
1681554	1681963	27941	27531	410	411	79.61	4589937	50541	0.01	0.81	NC_030991.1	JH651422.1
1702575	1713914	77951	66603	11340	11349	98.42	4589937	106902	0.25	10.62	NC_030991.1	JH651408.1
1722702	1724275	2156	583	1574	1574	99.43	4589937	2156	0.03	73.01	NC_030991.1	KK035988.1
1752123	1753051	13176	14103	929	928	96.66	4589937	17184	0.02	5.40	NC_030991.1	JH651455.1
1755935	1757742	89541	91347	1808	1807	90.16	4589937	2759859	0.04	0.07	NC_030991.1	JH651390.1
1798205	1799410	24784	25997	1206	1214	88.63	4589937	50000	0.03	2.43	NC_030991.1	JH651421.1
1799588	1799667	26007	26086	80	80	97.50	4589937	50000	0.00	0.16	NC_030991.1	JH651421.1
1800077	1800648	27891	28466	572	576	91.72	4589937	50000	0.01	1.15	NC_030991.1	JH651421.1
1802465	1802753	99474	99186	289	289	94.83	4589937	152588	0.01	0.19	NC_030991.1	JH651406.1
1804425	1804725	2353	2051	301	303	93.73	4589937	10663	0.01	2.84	NC_030991.1	JH651479.1
1804723	1805136	41083	41495	414	413	93.48	4589937	50541	0.01	0.82	NC_030991.1	JH651422.1
1805149	1806489	2050	711	1341	1340	88.02	4589937	10663	0.03	12.57	NC_030991.1	JH651479.1
1828648	1829003	642	997	356	356	98.88	4589937	89040	0.01	0.40	NC_030991.1	JH651411.1
1834927	1836729	121990	123772	1803	1783	95.06	4589937	2759859	0.04	0.06	NC_030991.1	JH651390.1
1842317	1846084	85502	89368	3768	3867	94.03	4589937	152588	0.08	2.53	NC_030991.1	JH651406.1
1852474	1852573	11874	11973	100	100	97.00	4589937	89040	0.00	0.11	NC_030991.1	JH651411.1
1874163	1874415	58995	59245	253	251	90.51	4589937	61333	0.01	0.41	NC_030991.1	KK035849.1
1874839	1875965	2772448	2773595	1127	1148	83.80	4589937	2870791	0.02	0.04	NC_030991.1	JH651389.1
1876989	1877423	2775231	2775664	435	434	94.27	4589937	2870791	0.01	0.02	NC_030991.1	JH651389.1
1877433	1879067	42606	44244	1635	1639	93.30	4589937	52215	0.04	3.14	NC_030991.1	JH651419.1
1879064	1879738	12817	13487	675	671	94.67	4589937	41155	0.01	1.63	NC_030991.1	JH651431.1
1881192	1883083	1	1893	1892	1893	96.25	4589937	15866	0.04	11.93	NC_030991.1	JH651464.1
1883084	1884348	2048	3312	1265	1265	94.03	4589937	15866	0.03	7.97	NC_030991.1	JH651464.1
1888184	1888838	29504	30161	655	658	82.20	4589937	152588	0.01	0.43	NC_030991.1	JH651406.1
1892620	1893136	27957	28468	517	512	86.68	4589937	50000	0.01	1.02	NC_030991.1	JH651421.1
1903360	1903904	1133841	1133297	545	545	84.22	4589937	2471847	0.01	0.02	NC_030991.1	JH651391.1
1904460	1905318	1132878	1132020	859	859	82.07	4589937	2471847	0.02	0.03	NC_030991.1	JH651391.1
1923671	1923879	2232	2438	209	207	93.33	4589937	7119	0.00	2.91	NC_030991.1	JH651491.1
1933210	1933421	2759648	2759859	212	212	96.23	4589937	2759859	0.00	0.01	NC_030991.1	JH651390.1
1962807	1963032	120853	121080	226	228	90.04	4589937	152588	0.00	0.15	NC_030991.1	JH651406.1
1985116	1986593	60426	61894	1478	1469	92.58	4589937	84110	0.03	1.75	NC_030991.1	JH651412.1
1995141	1995210	70	1	70	70	100.00	4589937	17300	0.00	0.40	NC_030991.1	JH651454.1
1995219	1995333	144000	144113	115	114	93.04	4589937	152588	0.00	0.07	NC_030991.1	JH651406.1
2003040	2003288	1	250	249	250	96.41	4589937	22534	0.01	1.11	NC_030991.1	JH651451.1
2003525	2003819	46747	46451	295	297	93.94	4589937	137471	0.01	0.22	NC_030991.1	KK035846.1
2006921	2010639	46446	42715	3719	3732	94.51	4589937	137471	0.08	2.71	NC_030991.1	KK035846.1
2017867	2018040	10253	10079	174	175	90.40	4589937	12640	0.00	1.38	NC_030991.1	KK035874.1
2018038	2018283	11212	11460	246	249	90.76	4589937	27152	0.01	0.92	NC_030991.1	JH651443.1
2019620	2020325	18731	19440	706	710	84.62	4589937	36238	0.02	1.96	NC_030991.1	JH651433.1
2020980	2021371	8240	7847	392	394	83.08	4589937	17300	0.01	2.28	NC_030991.1	JH651454.1
2051695	2052017	50000	49676	323	325	98.46	4589937	50000	0.01	0.65	NC_030991.1	JH651421.1
2065584	2067196	11951	13563	1613	1613	93.00	4589937	22503	0.04	7.17	NC_030991.1	KK035857.1
2074564	2074957	17268	17663	394	396	81.82	4589937	40904	0.01	0.97	NC_030991.1	JH651430.1
2077351	2077460	10828	10937	110	110	90.91	4589937	15004	0.00	0.73	NC_030991.1	JH651466.1
2079250	2079445	18640	18834	196	195	86.22	4589937	40904	0.00	0.48	NC_030991.1	JH651430.1
2079463	2083302	19283	23159	3840	3877	91.40	4589937	40904	0.08	9.48	NC_030991.1	JH651430.1
2106825	2106926	11147	11248	102	102	98.04	4589937	17309	0.00	0.59	NC_030991.1	JH651456.1
2118823	2119355	543	1	533	543	93.74	4589937	52559	0.01	1.03	NC_030991.1	JH651420.1
2126994	2127209	40152	40367	216	216	91.71	4589937	41155	0.00	0.52	NC_030991.1	JH651431.1
2127205	2127716	2742	2235	512	508	90.79	4589937	7119	0.01	7.14	NC_030991.1	JH651491.1
2138824	2138972	1340	1192	149	149	85.91	4589937	1487	0.00	10.02	NC_030991.1	KK036059.1
2184162	2184733	18337	18901	572	565	83.68	4589937	48835	0.01	1.16	NC_030991.1	KK035851.1
2186923	2188379	1457	1	1457	1457	97.60	4589937	1457	0.03	100.00	NC_030991.1	KK036053.1
2205052	2205166	6217	6102	115	116	95.69	4589937	20798	0.00	0.56	NC_030991.1	KK035860.1
2294402	2295155	2457752	2458488	754	737	83.20	4589937	2759859	0.02	0.03	NC_030991.1	JH651390.1
2307799	2307882	212612	212697	84	86	97.67	4589937	1091311	0.00	0.01	NC_030991.1	JH651399.1
2321857	2322853	126641	125660	997	982	86.37	4589937	206411	0.02	0.48	NC_030991.1	KK035844.1
2455286	2455473	38419	38232	188	188	98.94	4589937	44953	0.00	0.42	NC_030991.1	JH651426.1
2460119	2461437	1	1314	1319	1314	97.13	4589937	5352	0.03	24.55	NC_030991.1	JH651498.1
2514705	2514892	28711	28898	188	188	92.02	4589937	32620	0.00	0.58	NC_030991.1	JH651438.1
2521276	2524463	47759	44582	3188	3178	86.38	4589937	91901	0.07	3.46	NC_030991.1	KK035847.1
2559490	2560348	14152	13293	859	860	94.77	4589937	52215	0.02	1.65	NC_030991.1	JH651419.1
2598398	2599436	50106	49066	1039	1041	94.62	4589937	91901	0.02	1.13	NC_030991.1	KK035847.1
2614251	2616473	44015	41791	2223	2225	94.16	4589937	91901	0.05	2.42	NC_030991.1	KK035847.1
2630246	2634349	50347	46267	4104	4081	97.03	4589937	106902	0.09	3.82	NC_030991.1	JH651408.1
2635945	2640071	45932	41806	4127	4127	97.19	4589937	106902	0.09	3.86	NC_030991.1	JH651408.1
2643173	2647093	2458262	2454316	3921	3947	88.12	4589937	2759859	0.09	0.14	NC_030991.1	JH651390.1
2660317	2664143	38734	34949	3827	3786	95.09	4589937	106902	0.08	3.54	NC_030991.1	JH651408.1
2664140	2665888	2361669	2359912	1749	1758	94.54	4589937	5064356	0.04	0.03	NC_030991.1	JH651385.1
2679235	2681198	7956	9911	1964	1956	97.56	4589937	17309	0.04	11.30	NC_030991.1	JH651456.1
2680211	2681452	9912	11147	1242	1236	97.99	4589937	17309	0.03	7.14	NC_030991.1	JH651456.1
2682345	2682410	124	189	66	66	100.00	4589937	11945	0.00	0.55	NC_030991.1	KK035876.1
2686527	2687921	43990	45384	1395	1395	96.99	4589937	61333	0.03	2.27	NC_030991.1	KK035849.1
2707856	2709709	2723	876	1854	1848	91.65	4589937	16871	0.04	10.95	NC_030991.1	JH651463.1
2754339	2755916	1584	1	1578	1584	98.86	4589937	5873	0.03	26.97	NC_030991.1	JH651505.1
2762512	2764240	1731	1	1729	1731	98.50	4589937	1731	0.04	100.00	NC_030991.1	KK036020.1
2763602	2766890	1868	5180	3289	3313	91.21	4589937	8504	0.07	38.96	NC_030991.1	KK035884.1
2770591	2770981	7306	6917	391	390	97.19	4589937	7306	0.01	5.34	NC_030991.1	JH651486.1
2770980	2771433	455	1	454	455	98.46	4589937	7306	0.01	6.23	NC_030991.1	JH651486.1
2799927	2800254	2879	2552	328	328	81.93	4589937	58138	0.01	0.56	NC_030991.1	JH651416.1
2833120	2833937	1274	2082	818	809	90.71	4589937	2082	0.02	38.86	NC_030991.1	KK035989.1
2843975	2846581	4125	1527	2607	2599	94.72	4589937	4125	0.06	63.01	NC_030991.1	JH651506.1
2847319	2847622	1307	1004	304	304	94.75	4589937	4125	0.01	7.37	NC_030991.1	JH651506.1
2847718	2848596	1004	208	879	797	86.12	4589937	4125	0.02	19.32	NC_030991.1	JH651506.1
2867909	2868895	987	1	987	987	95.14	4589937	14714	0.02	6.71	NC_030991.1	KK035866.1
2873062	2876805	1921	5669	3744	3749	89.36	4589937	5672	0.08	66.10	NC_030991.1	JH651495.1
2882086	2883727	1	1657	1642	1657	92.84	4589937	8634	0.04	19.19	NC_030991.1	KK035883.1
2883732	2890575	1817	8634	6844	6818	93.93	4589937	8634	0.15	78.97	NC_030991.1	KK035883.1
2912509	2914581	6063	3989	2073	2075	96.87	4589937	6063	0.05	34.22	NC_030991.1	JH651497.1
2918034	2920245	2212	1	2212	2212	99.28	4589937	6063	0.05	36.48	NC_030991.1	JH651497.1
2930566	2933547	7387	10331	2982	2945	93.36	4589937	13873	0.06	21.23	NC_030991.1	JH651470.1
2933558	2935755	29684	27483	2198	2202	90.43	4589937	39416	0.05	5.59	NC_030991.1	JH651432.1
2962095	2964030	692241	694112	1936	1872	80.19	4589937	711798	0.04	0.26	NC_030991.1	JH651402.1
3007832	3008536	1	693	705	693	92.56	4589937	1610	0.02	43.04	NC_030991.1	KK036040.1
3014441	3015284	759	1602	844	844	93.60	4589937	1610	0.02	52.42	NC_030991.1	KK036040.1
3029529	3031924	10094	7689	2396	2406	96.68	4589937	14995	0.05	16.05	NC_030991.1	JH651469.1
3031881	3032544	7804	7141	664	664	98.95	4589937	14995	0.01	4.43	NC_030991.1	JH651469.1
3103881	3104269	50198	49812	389	387	88.69	4589937	89040	0.01	0.43	NC_030991.1	JH651411.1
3156211	3156435	159120	158907	225	214	87.56	4589937	2759859	0.00	0.01	NC_030991.1	JH651390.1
3159085	3159634	295	869	550	575	90.55	4589937	5623	0.01	10.23	NC_030991.1	KK035903.1
3206287	3206646	679083	679448	360	366	90.16	4589937	711798	0.01	0.05	NC_030991.1	JH651402.1
3207580	3210545	679488	682441	2966	2954	90.47	4589937	711798	0.06	0.42	NC_030991.1	JH651402.1
3242137	3242698	1	562	562	562	99.47	4589937	2019370	0.01	0.03	NC_030991.1	JH651394.1
3312404	3313295	12965	13860	892	896	86.54	4589937	13873	0.02	6.46	NC_030991.1	JH651470.1
3362498	3362886	50198	49812	389	387	88.69	4589937	89040	0.01	0.43	NC_030991.1	JH651411.1
3459597	3460907	36724	38022	1311	1299	98.02	4589937	152588	0.03	0.85	NC_030991.1	JH651406.1
3577870	3579809	13464	15412	1940	1949	94.10	4589937	17569	0.04	11.09	NC_030991.1	KK035862.1
3729212	3729647	12074	12509	436	436	92.43	4589937	14833	0.01	2.94	NC_030991.1	JH651473.1
3766574	3767009	1501	1068	436	434	94.95	4589937	2824	0.01	15.37	NC_030991.1	KK035965.1
3821514	3821724	823	615	211	209	82.08	4589937	16346	0.00	1.28	NC_030991.1	JH651460.1
3822896	3823085	33537	33724	190	188	93.23	4589937	106902	0.00	0.18	NC_030991.1	JH651408.1
3831453	3831539	3865	3951	87	87	100.00	4589937	13910	0.00	0.63	NC_030991.1	JH651468.1
3834835	3836399	5257	6827	1565	1571	90.13	4589937	14714	0.03	10.68	NC_030991.1	KK035866.1
3886880	3892964	12849	18904	6085	6056	96.47	4589937	30340	0.13	19.96	NC_030991.1	JH651440.1
3922776	3924242	66469	67939	1467	1471	89.82	4589937	89040	0.03	1.65	NC_030991.1	JH651411.1
3931936	3932031	6643	6548	96	96	100.00	4589937	6643	0.00	1.45	NC_030991.1	KK035895.1
3957258	3958587	2223	893	1330	1331	96.47	4589937	11445	0.03	11.63	NC_030991.1	JH651474.1
3984942	3989723	20034	24814	4782	4781	98.58	4589937	41155	0.10	11.62	NC_030991.1	JH651431.1
4003506	4004150	84180	84838	645	659	90.90	4589937	282688	0.01	0.23	NC_030991.1	JH651404.1
4106884	4108747	11504	13363	1864	1860	95.55	4589937	14025	0.04	13.26	NC_030991.1	KK035868.1
4139429	4139893	1441	1907	465	467	87.97	4589937	50000	0.01	0.93	NC_030991.1	JH651421.1
4161913	4162821	352	1260	909	909	84.29	4589937	282688	0.02	0.32	NC_030991.1	JH651404.1
4219429	4220337	13819	12911	909	909	83.21	4589937	282688	0.02	0.32	NC_030991.1	JH651404.1
4262491	4263096	45218	44624	606	595	92.26	4589937	52215	0.01	1.14	NC_030991.1	JH651419.1
4269025	4269431	3903	4309	407	407	100.00	4589937	8585	0.01	4.74	NC_030991.1	JH651481.1
4284484	4284636	186	34	153	153	100.00	4589937	9096	0.00	1.68	NC_030991.1	KK035882.1
4363583	4364095	1	513	513	513	91.23	4589937	3166	0.01	16.20	NC_030991.1	KK035952.1
4408955	4409142	188	1	188	188	97.87	4589937	17522	0.00	1.07	NC_030991.1	KK035863.1
4418197	4418974	13149	12372	778	778	96.92	4589937	16346	0.02	4.76	NC_030991.1	JH651460.1
4419429	4419682	539	289	254	251	96.06	4589937	14292	0.01	1.76	NC_030991.1	JH651471.1
4420340	4420460	107166	107286	121	121	98.35	4589937	152588	0.00	0.08	NC_030991.1	JH651406.1
4420759	4421268	20081	20592	510	512	86.55	4589937	89040	0.01	0.58	NC_030991.1	JH651411.1
4421825	4424339	21137	23667	2515	2531	86.82	4589937	89040	0.05	2.84	NC_030991.1	JH651411.1
4435130	4440938	5001779	4995994	5809	5786	91.53	4589937	5064356	0.13	0.11	NC_030991.1	JH651385.1
4450472	4451231	1598485	1599241	760	757	85.92	4589937	1600540	0.02	0.05	NC_030991.1	JH651397.1
4454636	4455423	12572	13356	788	785	86.78	4589937	15866	0.02	4.95	NC_030991.1	JH651464.1
4460332	4460437	132516	132411	106	106	100.00	4589937	152588	0.00	0.07	NC_030991.1	JH651406.1
4462068	4463754	366237	367875	1687	1639	88.01	4589937	1038905	0.04	0.16	NC_030991.1	KK035840.1
4471654	4472082	23364	22936	429	429	99.30	4589937	42699	0.01	1.00	NC_030991.1	JH651429.1
4509223	4509404	40880	40699	182	182	97.80	4589937	91740	0.00	0.20	NC_030991.1	JH651409.1
4514954	4515203	5033366	5033615	250	250	87.25	4589937	5064356	0.01	0.00	NC_030991.1	JH651385.1
4551112	4552738	97	1723	1627	1627	98.83	4589937	36238	0.04	4.49	NC_030991.1	JH651433.1
4582606	4585509	367875	365007	2904	2869	87.29	4589937	1038905	0.06	0.28	NC_030991.1	KK035840.1
4585557	4586093	364720	364172	537	549	81.02	4589937	1038905	0.01	0.05	NC_030991.1	KK035840.1
8998	9715	6636	7359	718	724	93.95	4347182	11068	0.02	6.54	NC_030992.1	KK035879.1
9841	10343	179	679	503	501	96.02	4347182	7283	0.01	6.88	NC_030992.1	KK035888.1
10574	12266	44670	46339	1693	1670	96.40	4347182	4395809	0.04	0.04	NC_030992.1	JH651387.1
12255	20304	46521	54575	8050	8055	96.69	4347182	4395809	0.19	0.18	NC_030992.1	JH651387.1
20393	20616	11146	10924	224	223	89.33	4347182	12812	0.01	1.74	NC_030992.1	KK035872.1
22684	26105	54576	58015	3422	3440	95.82	4347182	4395809	0.08	0.08	NC_030992.1	JH651387.1
26109	27980	59685	61566	1872	1882	97.03	4347182	4395809	0.04	0.04	NC_030992.1	JH651387.1
28008	68402	62058	102440	40395	40383	97.77	4347182	4395809	0.93	0.92	NC_030992.1	JH651387.1
68401	98505	106988	137063	30105	30076	97.23	4347182	4395809	0.69	0.68	NC_030992.1	JH651387.1
99157	114470	137048	152307	15314	15260	96.97	4347182	4395809	0.35	0.35	NC_030992.1	JH651387.1
114642	133181	152462	170922	18540	18461	96.33	4347182	4395809	0.43	0.42	NC_030992.1	JH651387.1
133467	145766	171247	183591	12300	12345	96.21	4347182	4395809	0.28	0.28	NC_030992.1	JH651387.1
146191	153627	183892	191323	7437	7432	97.74	4347182	4395809	0.17	0.17	NC_030992.1	JH651387.1
156553	167521	191343	202306	10969	10964	97.47	4347182	4395809	0.25	0.25	NC_030992.1	JH651387.1
170980	172622	205898	207525	1643	1628	97.14	4347182	4395809	0.04	0.04	NC_030992.1	JH651387.1
172625	172882	2626347	2626090	258	258	90.70	4347182	2870791	0.01	0.01	NC_030992.1	JH651389.1
172938	177910	207524	212391	4973	4868	94.97	4347182	4395809	0.11	0.11	NC_030992.1	JH651387.1
178064	178411	2505872	2505525	348	348	87.36	4347182	4537458	0.01	0.01	NC_030992.1	JH651386.1
178107	178413	766077	765774	307	304	85.34	4347182	2471847	0.01	0.01	NC_030992.1	JH651391.1
178547	178831	100249	99969	285	281	89.12	4347182	2947611	0.01	0.01	NC_030992.1	JH651388.1
178834	179246	35604	35185	413	420	86.56	4347182	68668	0.01	0.61	NC_030992.1	JH651414.1
181179	182566	2542765	2544152	1388	1388	90.42	4347182	2759859	0.03	0.05	NC_030992.1	JH651390.1
182745	183092	2544270	2544616	348	347	84.77	4347182	2759859	0.01	0.01	NC_030992.1	JH651390.1
182745	183083	2583470	2583132	339	339	86.43	4347182	2759859	0.01	0.01	NC_030992.1	JH651390.1
183387	183756	260622	260990	370	369	87.30	4347182	2870791	0.01	0.01	NC_030992.1	JH651389.1
184004	205499	212386	233877	21496	21492	98.27	4347182	4395809	0.49	0.49	NC_030992.1	JH651387.1
206063	209228	234377	237561	3166	3185	97.96	4347182	4395809	0.07	0.07	NC_030992.1	JH651387.1
213669	219901	242022	248269	6233	6248	97.20	4347182	4395809	0.14	0.14	NC_030992.1	JH651387.1
220025	228747	248284	256900	8723	8617	96.50	4347182	4395809	0.20	0.20	NC_030992.1	JH651387.1
229557	230483	39573	38646	927	928	90.13	4347182	2471847	0.02	0.04	NC_030992.1	JH651391.1
230586	230766	256917	257097	181	181	91.26	4347182	4395809	0.00	0.00	NC_030992.1	JH651387.1
231300	232425	1136004	1134880	1126	1125	90.06	4347182	2471847	0.03	0.05	NC_030992.1	JH651391.1
232434	235882	257212	260652	3449	3441	95.60	4347182	4395809	0.08	0.08	NC_030992.1	JH651387.1
236487	239790	261239	264524	3304	3286	87.45	4347182	4395809	0.08	0.07	NC_030992.1	JH651387.1
239850	288974	264665	313780	49125	49116	97.61	4347182	4395809	1.13	1.12	NC_030992.1	JH651387.1
289088	289485	592628	592231	398	398	89.70	4347182	4395809	0.01	0.01	NC_030992.1	JH651387.1
289482	291224	313768	315510	1743	1743	97.30	4347182	4395809	0.04	0.04	NC_030992.1	JH651387.1
291225	342356	316887	368064	51132	51178	97.25	4347182	4395809	1.18	1.16	NC_030992.1	JH651387.1
342357	352810	369608	380041	10454	10434	96.53	4347182	4395809	0.24	0.24	NC_030992.1	JH651387.1
352816	353449	380426	381059	634	634	94.01	4347182	4395809	0.01	0.01	NC_030992.1	JH651387.1
353452	373792	382962	403421	20341	20460	97.03	4347182	4395809	0.47	0.47	NC_030992.1	JH651387.1
373861	377401	403571	407104	3541	3534	91.70	4347182	4395809	0.08	0.08	NC_030992.1	JH651387.1
377969	381172	411563	414764	3204	3202	88.81	4347182	4395809	0.07	0.07	NC_030992.1	JH651387.1
381179	419237	417959	456025	38059	38067	98.14	4347182	4395809	0.88	0.87	NC_030992.1	JH651387.1
420217	428139	456024	463947	7923	7924	98.35	4347182	4395809	0.18	0.18	NC_030992.1	JH651387.1
428140	430151	469938	471949	2012	2012	97.86	4347182	4395809	0.05	0.05	NC_030992.1	JH651387.1
430146	463879	472399	506142	33734	33744	98.23	4347182	4395809	0.78	0.77	NC_030992.1	JH651387.1
464119	466105	506145	508128	1987	1984	97.74	4347182	4395809	0.05	0.05	NC_030992.1	JH651387.1
466102	467633	508463	509982	1532	1520	92.44	4347182	4395809	0.04	0.03	NC_030992.1	JH651387.1
467846	472811	510084	515074	4966	4991	95.20	4347182	4395809	0.11	0.11	NC_030992.1	JH651387.1
473088	480074	515074	522057	6987	6984	96.72	4347182	4395809	0.16	0.16	NC_030992.1	JH651387.1
484231	487351	522056	525173	3121	3118	93.53	4347182	4395809	0.07	0.07	NC_030992.1	JH651387.1
488637	488941	527077	527382	305	306	84.79	4347182	4395809	0.01	0.01	NC_030992.1	JH651387.1
489469	489822	527835	528188	354	354	90.70	4347182	4395809	0.01	0.01	NC_030992.1	JH651387.1
490095	491274	528408	529585	1180	1178	85.61	4347182	4395809	0.03	0.03	NC_030992.1	JH651387.1
494637	513124	530097	548572	18488	18476	97.87	4347182	4395809	0.43	0.42	NC_030992.1	JH651387.1
513794	539087	548559	573855	25294	25297	97.64	4347182	4395809	0.58	0.58	NC_030992.1	JH651387.1
540531	543300	575227	577992	2770	2766	93.13	4347182	4395809	0.06	0.06	NC_030992.1	JH651387.1
543554	547534	578090	582071	3981	3982	98.65	4347182	4395809	0.09	0.09	NC_030992.1	JH651387.1
547534	557640	582162	592246	10107	10085	97.54	4347182	4395809	0.23	0.23	NC_030992.1	JH651387.1
557615	568026	592633	603079	10412	10447	98.15	4347182	4395809	0.24	0.24	NC_030992.1	JH651387.1
568210	569261	603076	604127	1052	1052	98.38	4347182	4395809	0.02	0.02	NC_030992.1	JH651387.1
569173	569585	604451	604039	413	413	99.03	4347182	4395809	0.01	0.01	NC_030992.1	JH651387.1
569497	574586	604363	609453	5090	5091	98.86	4347182	4395809	0.12	0.12	NC_030992.1	JH651387.1
576506	584886	611272	619656	8381	8385	99.37	4347182	4395809	0.19	0.19	NC_030992.1	JH651387.1
585291	673851	620034	708515	88561	88482	98.91	4347182	4395809	2.04	2.01	NC_030992.1	JH651387.1
674052	692455	708667	727030	18404	18364	97.31	4347182	4395809	0.42	0.42	NC_030992.1	JH651387.1
692854	696841	727341	731315	3988	3975	98.52	4347182	4395809	0.09	0.09	NC_030992.1	JH651387.1
696843	697210	733905	734269	368	365	94.85	4347182	4395809	0.01	0.01	NC_030992.1	JH651387.1
697401	730769	734293	767623	33369	33331	98.44	4347182	4395809	0.77	0.76	NC_030992.1	JH651387.1
730986	733919	767834	770762	2934	2929	99.05	4347182	4395809	0.07	0.07	NC_030992.1	JH651387.1
734987	758460	771365	794800	23474	23436	98.32	4347182	4395809	0.54	0.53	NC_030992.1	JH651387.1
758559	787069	794947	823421	28511	28475	98.43	4347182	4395809	0.66	0.65	NC_030992.1	JH651387.1
787603	806233	823841	842469	18631	18629	97.87	4347182	4395809	0.43	0.42	NC_030992.1	JH651387.1
812007	813082	842510	843602	1076	1093	87.75	4347182	4395809	0.02	0.02	NC_030992.1	JH651387.1
815679	817696	844638	846648	2018	2011	88.58	4347182	4395809	0.05	0.05	NC_030992.1	JH651387.1
817818	827645	846801	856633	9828	9833	94.57	4347182	4395809	0.23	0.22	NC_030992.1	JH651387.1
827971	829963	856693	858689	1993	1997	82.72	4347182	4395809	0.05	0.05	NC_030992.1	JH651387.1
831856	835951	860761	864852	4096	4092	97.54	4347182	4395809	0.09	0.09	NC_030992.1	JH651387.1
837073	851168	865847	879863	14096	14017	97.85	4347182	4395809	0.32	0.32	NC_030992.1	JH651387.1
851439	855518	880119	884201	4080	4083	99.02	4347182	4395809	0.09	0.09	NC_030992.1	JH651387.1
855516	868005	884235	896805	12490	12571	98.14	4347182	4395809	0.29	0.29	NC_030992.1	JH651387.1
868109	872848	896806	901546	4740	4741	98.69	4347182	4395809	0.11	0.11	NC_030992.1	JH651387.1
872844	878265	902359	907784	5422	5426	97.37	4347182	4395809	0.12	0.12	NC_030992.1	JH651387.1
878373	879336	907786	908749	964	964	96.68	4347182	4395809	0.02	0.02	NC_030992.1	JH651387.1
879336	913502	909771	943859	34167	34089	97.60	4347182	4395809	0.79	0.78	NC_030992.1	JH651387.1
914160	922233	943844	951916	8074	8073	99.12	4347182	4395809	0.19	0.18	NC_030992.1	JH651387.1
922266	986814	951898	1016478	64549	64581	98.73	4347182	4395809	1.48	1.47	NC_030992.1	JH651387.1
987141	988972	1016638	1018451	1832	1814	98.26	4347182	4395809	0.04	0.04	NC_030992.1	JH651387.1
988943	991942	1018545	1021547	3000	3003	98.60	4347182	4395809	0.07	0.07	NC_030992.1	JH651387.1
991918	998159	1021636	1027852	6242	6217	99.01	4347182	4395809	0.14	0.14	NC_030992.1	JH651387.1
998194	1025996	1027851	1055590	27803	27740	99.04	4347182	4395809	0.64	0.63	NC_030992.1	JH651387.1
1026596	1121840	1056106	1151266	95245	95161	99.09	4347182	4395809	2.19	2.16	NC_030992.1	JH651387.1
1121839	1134883	1152107	1165151	13045	13045	99.16	4347182	4395809	0.30	0.30	NC_030992.1	JH651387.1
1135874	1205623	1166136	1235887	69750	69752	98.69	4347182	4395809	1.60	1.59	NC_030992.1	JH651387.1
1205615	1250996	1235974	1281331	45382	45358	99.10	4347182	4395809	1.04	1.03	NC_030992.1	JH651387.1
1251319	1320174	1281609	1350501	68856	68893	99.02	4347182	4395809	1.58	1.57	NC_030992.1	JH651387.1
1320544	1335332	1350807	1365594	14789	14788	99.35	4347182	4395809	0.34	0.34	NC_030992.1	JH651387.1
1335477	1343229	1365718	1373469	7753	7752	99.36	4347182	4395809	0.18	0.18	NC_030992.1	JH651387.1
1343332	1361174	1373469	1391301	17843	17833	99.21	4347182	4395809	0.41	0.41	NC_030992.1	JH651387.1
1361543	1469281	1391842	1499563	107739	107722	99.08	4347182	4395809	2.48	2.45	NC_030992.1	JH651387.1
1470017	1471608	1499564	1501153	1592	1590	98.43	4347182	4395809	0.04	0.04	NC_030992.1	JH651387.1
1471829	1501828	1501147	1531190	30000	30044	98.71	4347182	4395809	0.69	0.68	NC_030992.1	JH651387.1
1502041	1562016	1531395	1591341	59976	59947	99.19	4347182	4395809	1.38	1.36	NC_030992.1	JH651387.1
1562911	1603180	1591962	1632277	40270	40316	98.96	4347182	4395809	0.93	0.92	NC_030992.1	JH651387.1
1604503	1653746	1632262	1681458	49244	49197	98.83	4347182	4395809	1.13	1.12	NC_030992.1	JH651387.1
1653972	1702086	1681659	1729675	48115	48017	99.07	4347182	4395809	1.11	1.09	NC_030992.1	JH651387.1
1702121	1703427	1729653	1730959	1307	1307	99.08	4347182	4395809	0.03	0.03	NC_030992.1	JH651387.1
1703427	1703717	2769974	2770265	291	292	99.32	4347182	2870791	0.01	0.01	NC_030992.1	JH651389.1
1703818	1711896	1731142	1739213	8079	8072	99.08	4347182	4395809	0.19	0.18	NC_030992.1	JH651387.1
1712560	1734419	1739200	1761057	21860	21858	99.15	4347182	4395809	0.50	0.50	NC_030992.1	JH651387.1
1734560	1740309	1761131	1766854	5750	5724	98.66	4347182	4395809	0.13	0.13	NC_030992.1	JH651387.1
1741466	1772270	1767958	1798684	30805	30727	98.85	4347182	4395809	0.71	0.70	NC_030992.1	JH651387.1
1772640	1785640	1798978	1811943	13001	12966	98.77	4347182	4395809	0.30	0.29	NC_030992.1	JH651387.1
1786050	1819315	1812204	1845461	33266	33258	98.44	4347182	4395809	0.77	0.76	NC_030992.1	JH651387.1
1819313	1824386	1845973	1851023	5074	5051	98.74	4347182	4395809	0.12	0.11	NC_030992.1	JH651387.1
1824577	1850565	1851029	1877010	25989	25982	99.14	4347182	4395809	0.60	0.59	NC_030992.1	JH651387.1
1850847	1855571	1877103	1881833	4725	4731	99.13	4347182	4395809	0.11	0.11	NC_030992.1	JH651387.1
1855804	1857094	1881879	1883165	1291	1287	98.61	4347182	4395809	0.03	0.03	NC_030992.1	JH651387.1
1858298	1860576	1883481	1885759	2279	2279	99.39	4347182	4395809	0.05	0.05	NC_030992.1	JH651387.1
1860874	1870756	1886516	1896402	9883	9887	99.40	4347182	4395809	0.23	0.22	NC_030992.1	JH651387.1
1871529	1921753	1896471	1946646	50225	50176	98.84	4347182	4395809	1.16	1.14	NC_030992.1	JH651387.1
1921753	1961275	1946864	1986335	39523	39472	98.89	4347182	4395809	0.91	0.90	NC_030992.1	JH651387.1
1961354	1964832	1986477	1989959	3479	3483	98.63	4347182	4395809	0.08	0.08	NC_030992.1	JH651387.1
1965325	1968365	1990260	1993301	3041	3042	99.41	4347182	4395809	0.07	0.07	NC_030992.1	JH651387.1
1969624	1970181	1994645	1995201	558	557	99.46	4347182	4395809	0.01	0.01	NC_030992.1	JH651387.1
1970218	1997072	1995190	2022104	26855	26915	98.82	4347182	4395809	0.62	0.61	NC_030992.1	JH651387.1
1998903	2000805	2023315	2025221	1903	1907	99.32	4347182	4395809	0.04	0.04	NC_030992.1	JH651387.1
2000907	2003807	2025863	2028760	2901	2898	98.76	4347182	4395809	0.07	0.07	NC_030992.1	JH651387.1
2004978	2056067	2029788	2080861	51090	51074	99.14	4347182	4395809	1.18	1.16	NC_030992.1	JH651387.1
2056342	2075660	2081160	2100436	19319	19277	99.15	4347182	4395809	0.44	0.44	NC_030992.1	JH651387.1
2075658	2077738	958753	960833	2081	2081	88.50	4347182	1058449	0.05	0.20	NC_030992.1	JH651400.1
2077849	2138185	2100435	2160763	60337	60329	99.18	4347182	4395809	1.39	1.37	NC_030992.1	JH651387.1
2138218	2233369	2160756	2255964	95152	95209	99.05	4347182	4395809	2.19	2.17	NC_030992.1	JH651387.1
2233368	2235070	2256228	2257930	1703	1703	99.35	4347182	4395809	0.04	0.04	NC_030992.1	JH651387.1
2235064	2239090	2257735	2261757	4027	4023	96.04	4347182	4395809	0.09	0.09	NC_030992.1	JH651387.1
2239095	2242379	2271518	2268174	3285	3345	95.41	4347182	4395809	0.08	0.08	NC_030992.1	JH651387.1
2242532	2243713	2268023	2266836	1182	1188	96.55	4347182	4395809	0.03	0.03	NC_030992.1	JH651387.1
2243805	2248338	2266834	2262274	4534	4561	96.15	4347182	4395809	0.10	0.10	NC_030992.1	JH651387.1
2248338	2248763	2262180	2261755	426	426	97.42	4347182	4395809	0.01	0.01	NC_030992.1	JH651387.1
2248780	2250930	2271526	2273676	2151	2151	98.93	4347182	4395809	0.05	0.05	NC_030992.1	JH651387.1
2251137	2281972	2273676	2304475	30836	30800	99.15	4347182	4395809	0.71	0.70	NC_030992.1	JH651387.1
2283477	2283784	2307187	2307493	308	307	88.82	4347182	4395809	0.01	0.01	NC_030992.1	JH651387.1
2283760	2285461	2308014	2309727	1702	1714	98.37	4347182	4395809	0.04	0.04	NC_030992.1	JH651387.1
2286018	2289540	2309817	2313339	3523	3523	99.40	4347182	4395809	0.08	0.08	NC_030992.1	JH651387.1
2289543	2337122	2313537	2361156	47580	47620	99.18	4347182	4395809	1.09	1.08	NC_030992.1	JH651387.1
2337119	2340582	2361257	2364731	3464	3475	98.79	4347182	4395809	0.08	0.08	NC_030992.1	JH651387.1
2340581	2384351	2364854	2408621	43771	43768	99.37	4347182	4395809	1.01	1.00	NC_030992.1	JH651387.1
2384457	2409226	2408720	2433471	24770	24752	98.92	4347182	4395809	0.57	0.56	NC_030992.1	JH651387.1
2409356	2410392	2433590	2434626	1037	1037	99.61	4347182	4395809	0.02	0.02	NC_030992.1	JH651387.1
2410496	2424436	2434991	2448922	13941	13932	99.16	4347182	4395809	0.32	0.32	NC_030992.1	JH651387.1
2424433	2509884	2449044	2534422	85452	85379	99.27	4347182	4395809	1.97	1.94	NC_030992.1	JH651387.1
2510565	2514831	2534870	2539137	4267	4268	99.20	4347182	4395809	0.10	0.10	NC_030992.1	JH651387.1
2515425	2561537	2539861	2585984	46113	46124	99.19	4347182	4395809	1.06	1.05	NC_030992.1	JH651387.1
2561659	2688630	2586079	2712948	126972	126870	99.19	4347182	4395809	2.92	2.89	NC_030992.1	JH651387.1
2689633	2754735	2757500	2822579	65103	65080	99.01	4347182	4395809	1.50	1.48	NC_030992.1	JH651387.1
2754959	2758815	2822812	2826644	3857	3833	98.76	4347182	4395809	0.09	0.09	NC_030992.1	JH651387.1
2758923	2786826	2826751	2854633	27904	27883	99.12	4347182	4395809	0.64	0.63	NC_030992.1	JH651387.1
2786940	2928601	2854743	2996478	141662	141736	98.97	4347182	4395809	3.26	3.22	NC_030992.1	JH651387.1
2928589	2928679	12303	12213	91	91	100.00	4347182	5064356	0.00	0.00	NC_030992.1	JH651385.1
2928661	2945360	2996460	3013204	16700	16745	98.85	4347182	4395809	0.38	0.38	NC_030992.1	JH651387.1
2945717	2991060	3013503	3058798	45344	45296	99.08	4347182	4395809	1.04	1.03	NC_030992.1	JH651387.1
2992851	3031491	3060143	3098800	38641	38658	98.99	4347182	4395809	0.89	0.88	NC_030992.1	JH651387.1
3031684	3101377	3098989	3168657	69694	69669	98.74	4347182	4395809	1.60	1.58	NC_030992.1	JH651387.1
3102143	3122200	3168655	3188710	20058	20056	98.18	4347182	4395809	0.46	0.46	NC_030992.1	JH651387.1
3122429	3125658	3188926	3192154	3230	3229	99.60	4347182	4395809	0.07	0.07	NC_030992.1	JH651387.1
3126332	3143159	3192142	3208981	16828	16840	98.86	4347182	4395809	0.39	0.38	NC_030992.1	JH651387.1
3143320	3159926	3209087	3225678	16607	16592	98.92	4347182	4395809	0.38	0.38	NC_030992.1	JH651387.1
3160595	3216380	3225666	3281427	55786	55762	99.02	4347182	4395809	1.28	1.27	NC_030992.1	JH651387.1
3216725	3292051	3281544	3356856	75327	75313	99.16	4347182	4395809	1.73	1.71	NC_030992.1	JH651387.1
3292769	3298512	3356855	3362613	5744	5759	97.94	4347182	4395809	0.13	0.13	NC_030992.1	JH651387.1
3298270	3316152	3362714	3380561	17883	17848	98.85	4347182	4395809	0.41	0.41	NC_030992.1	JH651387.1
3316573	3340155	3380910	3404486	23583	23577	98.78	4347182	4395809	0.54	0.54	NC_030992.1	JH651387.1
3340155	3369891	3404654	3434388	29737	29735	99.48	4347182	4395809	0.68	0.68	NC_030992.1	JH651387.1
3369890	3384502	3436582	3451201	14613	14620	99.32	4347182	4395809	0.34	0.33	NC_030992.1	JH651387.1
3384134	3439544	3451302	3506669	55411	55368	99.15	4347182	4395809	1.27	1.26	NC_030992.1	JH651387.1
3439854	3485511	3506984	3552656	45658	45673	99.25	4347182	4395809	1.05	1.04	NC_030992.1	JH651387.1
3485619	3492428	3552665	3559485	6810	6821	98.65	4347182	4395809	0.16	0.16	NC_030992.1	JH651387.1
3492795	3499964	3559742	3566909	7170	7168	99.34	4347182	4395809	0.16	0.16	NC_030992.1	JH651387.1
3500760	3502594	3567637	3569479	1835	1843	99.24	4347182	4395809	0.04	0.04	NC_030992.1	JH651387.1
3502708	3504205	3569583	3571081	1498	1499	99.27	4347182	4395809	0.03	0.03	NC_030992.1	JH651387.1
3504493	3569254	3571273	3636029	64762	64757	99.39	4347182	4395809	1.49	1.47	NC_030992.1	JH651387.1
3570111	3583095	3636691	3649676	12985	12986	98.73	4347182	4395809	0.30	0.30	NC_030992.1	JH651387.1
3583291	3595012	3649795	3661516	11722	11722	99.54	4347182	4395809	0.27	0.27	NC_030992.1	JH651387.1
3595183	3616750	3661618	3683199	21568	21582	99.30	4347182	4395809	0.50	0.49	NC_030992.1	JH651387.1
3617401	3648010	3683186	3713825	30610	30640	99.42	4347182	4395809	0.70	0.70	NC_030992.1	JH651387.1
3648036	3726767	3713811	3792528	78732	78718	98.82	4347182	4395809	1.81	1.79	NC_030992.1	JH651387.1
3727534	3752110	3793243	3817789	24577	24547	98.04	4347182	4395809	0.57	0.56	NC_030992.1	JH651387.1
3757232	3784069	3822093	3848880	26838	26788	98.33	4347182	4395809	0.62	0.61	NC_030992.1	JH651387.1
3785274	3796689	3848881	3860292	11416	11412	97.49	4347182	4395809	0.26	0.26	NC_030992.1	JH651387.1
3796815	3802007	3860292	3865484	5193	5193	99.10	4347182	4395809	0.12	0.12	NC_030992.1	JH651387.1
3802166	3804271	3865479	3867591	2106	2113	98.20	4347182	4395809	0.05	0.05	NC_030992.1	JH651387.1
3804361	3860454	3867559	3923583	56094	56025	98.90	4347182	4395809	1.29	1.27	NC_030992.1	JH651387.1
3860593	3870835	3923559	3933793	10243	10235	98.43	4347182	4395809	0.24	0.23	NC_030992.1	JH651387.1
3871803	3889420	3933790	3951385	17618	17596	98.92	4347182	4395809	0.41	0.40	NC_030992.1	JH651387.1
3890993	3920362	3956579	3985902	29370	29324	97.79	4347182	4395809	0.68	0.67	NC_030992.1	JH651387.1
3932207	3960932	3987334	4016035	28726	28702	98.07	4347182	4395809	0.66	0.65	NC_030992.1	JH651387.1
3961097	3965039	4016083	4020026	3943	3944	98.17	4347182	4395809	0.09	0.09	NC_030992.1	JH651387.1
3965178	3979471	4020026	4034344	14294	14319	97.72	4347182	4395809	0.33	0.33	NC_030992.1	JH651387.1
3980124	3996161	4034330	4050394	16038	16065	98.25	4347182	4395809	0.37	0.37	NC_030992.1	JH651387.1
3996570	4001597	4050800	4055816	5028	5017	97.77	4347182	4395809	0.12	0.11	NC_030992.1	JH651387.1
4001593	4004782	4059009	4055812	3190	3198	96.03	4347182	4395809	0.07	0.07	NC_030992.1	JH651387.1
4004778	4017489	4059005	4071649	12712	12645	97.37	4347182	4395809	0.29	0.29	NC_030992.1	JH651387.1
4018703	4042474	4071711	4095434	23772	23724	96.56	4347182	4395809	0.55	0.54	NC_030992.1	JH651387.1
4042713	4058253	4095471	4110916	15541	15446	96.42	4347182	4395809	0.36	0.35	NC_030992.1	JH651387.1
4058778	4084282	4110916	4136421	25505	25506	97.75	4347182	4395809	0.59	0.58	NC_030992.1	JH651387.1
4084944	4092125	4136405	4143555	7182	7151	97.07	4347182	4395809	0.17	0.16	NC_030992.1	JH651387.1
4092332	4096929	4143554	4148113	4598	4560	94.59	4347182	4395809	0.11	0.10	NC_030992.1	JH651387.1
4097777	4098043	318871	319139	267	269	90.37	4347182	4537458	0.01	0.01	NC_030992.1	JH651386.1
4119392	4120478	4156634	4157720	1087	1087	96.96	4347182	4395809	0.03	0.02	NC_030992.1	JH651387.1
4120915	4146577	4158144	4183800	25663	25657	98.54	4347182	4395809	0.59	0.58	NC_030992.1	JH651387.1
4146576	4160987	4184853	4199277	14412	14425	98.27	4347182	4395809	0.33	0.33	NC_030992.1	JH651387.1
4162473	4174910	4199416	4211862	12438	12447	97.57	4347182	4395809	0.29	0.28	NC_030992.1	JH651387.1
4175309	4177359	4224932	4222890	2051	2043	85.74	4347182	4395809	0.05	0.05	NC_030992.1	JH651387.1
4177647	4179433	4220681	4218897	1787	1785	91.74	4347182	4395809	0.04	0.04	NC_030992.1	JH651387.1
4179445	4180348	4217985	4217084	904	902	90.04	4347182	4395809	0.02	0.02	NC_030992.1	JH651387.1
4180921	4186178	4268865	4263607	5258	5259	97.47	4347182	4395809	0.12	0.12	NC_030992.1	JH651387.1
4186320	4186648	4263607	4263279	329	329	93.01	4347182	4395809	0.01	0.01	NC_030992.1	JH651387.1
4188845	4190302	4212954	4214408	1458	1455	91.56	4347182	4395809	0.03	0.03	NC_030992.1	JH651387.1
4190606	4191040	4214579	4215013	435	435	94.27	4347182	4395809	0.01	0.01	NC_030992.1	JH651387.1
4191340	4196897	4239559	4245089	5558	5531	94.15	4347182	4395809	0.13	0.13	NC_030992.1	JH651387.1
4197551	4199267	4245072	4246784	1717	1713	90.94	4347182	4395809	0.04	0.04	NC_030992.1	JH651387.1
4207577	4212542	4249714	4254668	4966	4955	96.44	4347182	4395809	0.11	0.11	NC_030992.1	JH651387.1
4212530	4212716	4271808	4271994	187	187	97.86	4347182	4395809	0.00	0.00	NC_030992.1	JH651387.1
4213687	4215349	4271981	4273638	1663	1658	96.52	4347182	4395809	0.04	0.04	NC_030992.1	JH651387.1
4215536	4225564	4273667	4283695	10029	10029	97.22	4347182	4395809	0.23	0.23	NC_030992.1	JH651387.1
4226232	4243737	4283681	4301134	17506	17454	95.84	4347182	4395809	0.40	0.40	NC_030992.1	JH651387.1
4244491	4245522	4301122	4302157	1032	1036	94.99	4347182	4395809	0.02	0.02	NC_030992.1	JH651387.1
4247670	4256591	4302155	4311079	8922	8925	95.39	4347182	4395809	0.21	0.20	NC_030992.1	JH651387.1
4258217	4275334	4311090	4328108	17118	17019	97.10	4347182	4395809	0.39	0.39	NC_030992.1	JH651387.1
4275455	4279094	4328132	4331770	3640	3639	98.52	4347182	4395809	0.08	0.08	NC_030992.1	JH651387.1
4279180	4281875	4331751	4334448	2696	2698	98.63	4347182	4395809	0.06	0.06	NC_030992.1	JH651387.1
4282087	4291721	4334515	4344151	9635	9637	98.65	4347182	4395809	0.22	0.22	NC_030992.1	JH651387.1
4293997	4325174	4346289	4377461	31178	31173	98.46	4347182	4395809	0.72	0.71	NC_030992.1	JH651387.1
9026	11413	2669661	2667272	2388	2390	81.56	3984410	2759859	0.06	0.09	NC_030993.1	JH651390.1
14239	14390	121091	120940	152	152	92.11	3984410	206411	0.00	0.07	NC_030993.1	KK035844.1
14663	24074	120943	111489	9412	9455	97.59	3984410	206411	0.24	4.58	NC_030993.1	KK035844.1
27070	78275	111504	60283	51206	51222	98.28	3984410	206411	1.29	24.82	NC_030993.1	KK035844.1
78746	94684	59978	44028	15939	15951	97.65	3984410	206411	0.40	7.73	NC_030993.1	KK035844.1
98786	99406	2785552	2784932	621	621	99.19	3984410	2947611	0.02	0.02	NC_030993.1	JH651388.1
104601	105283	44032	43350	683	683	98.39	3984410	206411	0.02	0.33	NC_030993.1	KK035844.1
106346	107739	42135	40672	1394	1464	90.24	3984410	206411	0.03	0.71	NC_030993.1	KK035844.1
107733	113281	40474	34924	5549	5551	98.08	3984410	206411	0.14	2.69	NC_030993.1	KK035844.1
113799	117826	34368	30341	4028	4028	98.51	3984410	206411	0.10	1.95	NC_030993.1	KK035844.1
117765	118290	30243	29718	526	526	99.43	3984410	206411	0.01	0.25	NC_030993.1	KK035844.1
118425	126266	29751	21913	7842	7839	97.83	3984410	206411	0.20	3.80	NC_030993.1	KK035844.1
127873	128498	20448	19823	626	626	97.60	3984410	206411	0.02	0.30	NC_030993.1	KK035844.1
128442	128887	19651	19206	446	446	97.31	3984410	206411	0.01	0.22	NC_030993.1	KK035844.1
128854	137197	19125	10845	8344	8281	97.17	3984410	206411	0.21	4.01	NC_030993.1	KK035844.1
147665	148661	10845	9851	997	995	96.49	3984410	206411	0.03	0.48	NC_030993.1	KK035844.1
148675	149292	587698	588296	618	599	91.17	3984410	711798	0.02	0.08	NC_030993.1	JH651402.1
152494	152630	9843	9711	137	133	89.93	3984410	206411	0.00	0.06	NC_030993.1	KK035844.1
155544	156966	9234	7814	1423	1421	96.84	3984410	206411	0.04	0.69	NC_030993.1	KK035844.1
157173	162022	7613	2763	4850	4851	98.68	3984410	206411	0.12	2.35	NC_030993.1	KK035844.1
162341	164761	2504	86	2421	2419	96.58	3984410	206411	0.06	1.17	NC_030993.1	KK035844.1
164757	178279	180	13692	13523	13513	96.96	3984410	1600540	0.34	0.84	NC_030993.1	JH651397.1
186123	187173	27363	28470	1051	1108	85.25	3984410	52559	0.03	2.11	NC_030993.1	JH651420.1
187352	192302	7800	2827	4951	4974	84.08	3984410	281853	0.12	1.76	NC_030993.1	JH651403.1
189878	193365	236154	232667	3488	3488	86.68	3984410	2142601	0.09	0.16	NC_030993.1	JH651393.1
198323	199304	24736	25724	982	989	88.02	3984410	1600540	0.02	0.06	NC_030993.1	JH651397.1
199410	204439	25837	30846	5030	5010	96.72	3984410	1600540	0.13	0.31	NC_030993.1	JH651397.1
207175	209639	30846	33328	2465	2483	93.66	3984410	1600540	0.06	0.16	NC_030993.1	JH651397.1
209912	213395	33416	36849	3484	3434	96.53	3984410	1600540	0.09	0.21	NC_030993.1	JH651397.1
213535	219739	36883	43074	6205	6192	96.43	3984410	1600540	0.16	0.39	NC_030993.1	JH651397.1
226514	245276	43680	62415	18763	18736	97.92	3984410	1600540	0.47	1.17	NC_030993.1	JH651397.1
245473	273813	62404	90673	28341	28270	97.49	3984410	1600540	0.71	1.77	NC_030993.1	JH651397.1
273808	295954	90935	113097	22147	22163	97.79	3984410	1600540	0.56	1.38	NC_030993.1	JH651397.1
295948	319893	113278	137206	23946	23929	98.57	3984410	1600540	0.60	1.50	NC_030993.1	JH651397.1
320555	328564	137195	145202	8010	8008	98.93	3984410	1600540	0.20	0.50	NC_030993.1	JH651397.1
328563	348759	145606	165784	20197	20179	98.27	3984410	1600540	0.51	1.26	NC_030993.1	JH651397.1
348753	367880	166255	185383	19128	19129	98.60	3984410	1600540	0.48	1.20	NC_030993.1	JH651397.1
368544	382005	185370	198827	13462	13458	98.52	3984410	1600540	0.34	0.84	NC_030993.1	JH651397.1
382510	404240	198828	220544	21731	21717	97.99	3984410	1600540	0.55	1.36	NC_030993.1	JH651397.1
404676	406837	221042	223219	2162	2178	84.92	3984410	1600540	0.05	0.14	NC_030993.1	JH651397.1
407104	412853	223507	229252	5750	5746	97.62	3984410	1600540	0.14	0.36	NC_030993.1	JH651397.1
414247	440979	231638	258341	26733	26704	97.51	3984410	1600540	0.67	1.67	NC_030993.1	JH651397.1
441665	443618	258342	260292	1954	1951	96.62	3984410	1600540	0.05	0.12	NC_030993.1	JH651397.1
447092	459787	263598	276348	12696	12751	97.99	3984410	1600540	0.32	0.80	NC_030993.1	JH651397.1
459902	505803	276343	322138	45902	45796	98.69	3984410	1600540	1.15	2.86	NC_030993.1	JH651397.1
506459	511472	322123	327135	5014	5013	99.02	3984410	1600540	0.13	0.31	NC_030993.1	JH651397.1
511847	533665	327136	348963	21819	21828	97.98	3984410	1600540	0.55	1.36	NC_030993.1	JH651397.1
538584	540445	349960	351821	1862	1862	96.89	3984410	1600540	0.05	0.12	NC_030993.1	JH651397.1
540570	543423	351945	354863	2854	2919	94.84	3984410	1600540	0.07	0.18	NC_030993.1	JH651397.1
543420	544430	355441	356461	1011	1021	91.77	3984410	1600540	0.03	0.06	NC_030993.1	JH651397.1
544431	550532	360086	366178	6102	6093	97.10	3984410	1600540	0.15	0.38	NC_030993.1	JH651397.1
551333	553526	367075	369279	2194	2205	93.67	3984410	1600540	0.06	0.14	NC_030993.1	JH651397.1
553847	571421	375236	392761	17575	17526	97.08	3984410	1600540	0.44	1.10	NC_030993.1	JH651397.1
571683	578535	401395	408246	6853	6852	97.39	3984410	1600540	0.17	0.43	NC_030993.1	JH651397.1
580720	581727	410432	411440	1008	1009	97.22	3984410	1600540	0.03	0.06	NC_030993.1	JH651397.1
581726	583241	411959	413440	1516	1482	94.60	3984410	1600540	0.04	0.09	NC_030993.1	JH651397.1
584957	595048	413440	423536	10092	10097	98.33	3984410	1600540	0.25	0.63	NC_030993.1	JH651397.1
596070	641855	424529	470307	45786	45779	98.02	3984410	1600540	1.15	2.86	NC_030993.1	JH651397.1
641851	659204	470677	488123	17354	17447	98.08	3984410	1600540	0.44	1.09	NC_030993.1	JH651397.1
659193	660019	492999	493825	827	827	98.07	3984410	1600540	0.02	0.05	NC_030993.1	JH651397.1
660242	664517	493829	498108	4276	4280	96.92	3984410	1600540	0.11	0.27	NC_030993.1	JH651397.1
670151	693789	498109	521721	23639	23613	98.01	3984410	1600540	0.59	1.48	NC_030993.1	JH651397.1
694101	699315	522002	527197	5215	5196	95.19	3984410	1600540	0.13	0.32	NC_030993.1	JH651397.1
700269	719232	538385	557324	18964	18940	96.22	3984410	1600540	0.48	1.18	NC_030993.1	JH651397.1
719235	720921	563922	565627	1687	1706	83.75	3984410	1600540	0.04	0.11	NC_030993.1	JH651397.1
720932	731099	566771	577006	10168	10236	95.83	3984410	1600540	0.26	0.64	NC_030993.1	JH651397.1
731166	731318	2748228	2748080	153	149	87.58	3984410	4395809	0.00	0.00	NC_030993.1	JH651387.1
731320	731554	2513743	2513509	235	235	98.30	3984410	2870791	0.01	0.01	NC_030993.1	JH651389.1
731555	741665	576994	587098	10111	10105	98.16	3984410	1600540	0.25	0.63	NC_030993.1	JH651397.1
746323	749346	594349	597370	3024	3022	95.40	3984410	1600540	0.08	0.19	NC_030993.1	JH651397.1
749518	757798	597371	605700	8281	8330	96.85	3984410	1600540	0.21	0.52	NC_030993.1	JH651397.1
757900	770222	605700	618017	12323	12318	98.25	3984410	1600540	0.31	0.77	NC_030993.1	JH651397.1
770349	792759	618017	640427	22411	22411	98.25	3984410	1600540	0.56	1.40	NC_030993.1	JH651397.1
792812	806646	640417	654249	13835	13833	96.89	3984410	1600540	0.35	0.86	NC_030993.1	JH651397.1
811310	824768	658869	672341	13459	13473	98.03	3984410	1600540	0.34	0.84	NC_030993.1	JH651397.1
824893	851617	672287	698960	26725	26674	97.70	3984410	1600540	0.67	1.67	NC_030993.1	JH651397.1
851954	879132	699173	726342	27179	27170	98.81	3984410	1600540	0.68	1.70	NC_030993.1	JH651397.1
879661	891696	726801	738831	12036	12031	99.00	3984410	1600540	0.30	0.75	NC_030993.1	JH651397.1
891963	914337	738964	761344	22375	22381	99.11	3984410	1600540	0.56	1.40	NC_030993.1	JH651397.1
923140	925810	765477	768156	2671	2680	98.66	3984410	1600540	0.07	0.17	NC_030993.1	JH651397.1
926116	934369	768338	776566	8254	8229	99.01	3984410	1600540	0.21	0.51	NC_030993.1	JH651397.1
934754	967543	776906	809682	32790	32777	99.19	3984410	1600540	0.82	2.05	NC_030993.1	JH651397.1
967671	989778	809676	831779	22108	22104	98.57	3984410	1600540	0.55	1.38	NC_030993.1	JH651397.1
989779	1016021	831894	858195	26243	26302	98.67	3984410	1600540	0.66	1.64	NC_030993.1	JH651397.1
1016022	1022150	858697	864767	6129	6071	98.14	3984410	1600540	0.15	0.38	NC_030993.1	JH651397.1
1022289	1066120	864759	908607	43832	43849	99.08	3984410	1600540	1.10	2.74	NC_030993.1	JH651397.1
1065893	1097650	908662	940350	31758	31689	98.71	3984410	1600540	0.80	1.98	NC_030993.1	JH651397.1
1097691	1147662	940347	990262	49972	49916	99.18	3984410	1600540	1.25	3.12	NC_030993.1	JH651397.1
1147890	1186355	990343	1028760	38466	38418	99.12	3984410	1600540	0.97	2.40	NC_030993.1	JH651397.1
1186530	1188267	1028933	1030670	1738	1738	99.83	3984410	1600540	0.04	0.11	NC_030993.1	JH651397.1
1188263	1202070	1030705	1044524	13808	13820	98.97	3984410	1600540	0.35	0.86	NC_030993.1	JH651397.1
1202425	1216381	1044610	1058541	13957	13932	98.87	3984410	1600540	0.35	0.87	NC_030993.1	JH651397.1
1216489	1238775	1058646	1080932	22287	22287	99.29	3984410	1600540	0.56	1.39	NC_030993.1	JH651397.1
1239892	1240878	1081847	1082827	987	981	98.18	3984410	1600540	0.02	0.06	NC_030993.1	JH651397.1
1240877	1271096	1083043	1113212	30220	30170	98.99	3984410	1600540	0.76	1.88	NC_030993.1	JH651397.1
1271216	1328862	1113329	1170966	57647	57638	99.29	3984410	1600540	1.45	3.60	NC_030993.1	JH651397.1
1329086	1333406	1170960	1175281	4321	4322	99.28	3984410	1600540	0.11	0.27	NC_030993.1	JH651397.1
1335048	1375551	1176561	1216912	40504	40352	98.83	3984410	1600540	1.02	2.52	NC_030993.1	JH651397.1
1376137	1408508	1217510	1249911	32372	32402	99.10	3984410	1600540	0.81	2.02	NC_030993.1	JH651397.1
1408707	1427216	1250118	1268609	18510	18492	99.40	3984410	1600540	0.46	1.16	NC_030993.1	JH651397.1
1427336	1502932	1268719	1344328	75597	75610	99.26	3984410	1600540	1.90	4.72	NC_030993.1	JH651397.1
1503587	1508497	1344313	1349220	4911	4908	99.31	3984410	1600540	0.12	0.31	NC_030993.1	JH651397.1
1508943	1511207	1349508	1351773	2265	2266	99.56	3984410	1600540	0.06	0.14	NC_030993.1	JH651397.1
1511327	1539980	1351928	1380541	28654	28614	98.72	3984410	1600540	0.72	1.79	NC_030993.1	JH651397.1
1540192	1588186	1380664	1428623	47995	47960	99.24	3984410	1600540	1.20	3.00	NC_030993.1	JH651397.1
1588488	1596956	1428839	1437320	8469	8482	99.09	3984410	1600540	0.21	0.53	NC_030993.1	JH651397.1
1597712	1598565	1438345	1439202	854	858	98.14	3984410	1600540	0.02	0.05	NC_030993.1	JH651397.1
1598761	1626383	1439360	1466993	27623	27634	98.89	3984410	1600540	0.69	1.73	NC_030993.1	JH651397.1
1626466	1626926	1466988	1467448	461	461	99.78	3984410	1600540	0.01	0.03	NC_030993.1	JH651397.1
1628211	1656505	1467447	1495750	28295	28304	99.20	3984410	1600540	0.71	1.77	NC_030993.1	JH651397.1
1656500	1670731	2456571	2442330	14232	14242	99.10	3984410	2471847	0.36	0.58	NC_030993.1	JH651391.1
1670892	1725783	2442333	2387525	54892	54809	99.19	3984410	2471847	1.38	2.22	NC_030993.1	JH651391.1
1725908	1762486	2387415	2350819	36579	36597	99.13	3984410	2471847	0.92	1.48	NC_030993.1	JH651391.1
1752515	1801561	2360793	2311700	49047	49094	99.16	3984410	2471847	1.23	1.99	NC_030993.1	JH651391.1
1802319	1822832	2311709	2291210	20514	20500	99.01	3984410	2471847	0.51	0.83	NC_030993.1	JH651391.1
1823035	1850514	2291007	2263525	27480	27483	99.23	3984410	2471847	0.69	1.11	NC_030993.1	JH651391.1
1852080	1854087	2261452	2259444	2008	2009	99.55	3984410	2471847	0.05	0.08	NC_030993.1	JH651391.1
1854744	1869281	2259458	2244942	14538	14517	99.07	3984410	2471847	0.36	0.59	NC_030993.1	JH651391.1
1869456	1891762	2244719	2222423	22307	22297	98.55	3984410	2471847	0.56	0.90	NC_030993.1	JH651391.1
1892160	1900326	2222121	2213987	8167	8135	98.67	3984410	2471847	0.20	0.33	NC_030993.1	JH651391.1
1900478	1903946	2213897	2210425	3469	3473	98.76	3984410	2471847	0.09	0.14	NC_030993.1	JH651391.1
1904070	1922716	2210316	2191664	18647	18653	99.20	3984410	2471847	0.47	0.75	NC_030993.1	JH651391.1
1923385	1948601	2191678	2166436	25217	25243	99.07	3984410	2471847	0.63	1.02	NC_030993.1	JH651391.1
1950564	1951781	2164790	2163580	1218	1211	97.87	3984410	2471847	0.03	0.05	NC_030993.1	JH651391.1
1951885	2046927	2163436	2068382	95043	95055	99.15	3984410	2471847	2.39	3.85	NC_030993.1	JH651391.1
2047144	2064226	2068216	2051135	17083	17082	98.95	3984410	2471847	0.43	0.69	NC_030993.1	JH651391.1
2064593	2098871	2051134	2016871	34279	34264	98.84	3984410	2471847	0.86	1.39	NC_030993.1	JH651391.1
2098856	2225994	2016640	1889448	127139	127193	99.19	3984410	2471847	3.19	5.15	NC_030993.1	JH651391.1
2225999	2242236	1889336	1873119	16238	16218	99.16	3984410	2471847	0.41	0.66	NC_030993.1	JH651391.1
2244635	2245794	1870902	1869756	1160	1147	97.33	3984410	2471847	0.03	0.05	NC_030993.1	JH651391.1
2246493	2247424	1869447	1868516	932	932	99.04	3984410	2471847	0.02	0.04	NC_030993.1	JH651391.1
2251543	2271138	1863388	1843838	19596	19551	98.80	3984410	2471847	0.49	0.79	NC_030993.1	JH651391.1
2272416	2349361	1843844	1766865	76946	76980	99.13	3984410	2471847	1.93	3.11	NC_030993.1	JH651391.1
2349360	2351601	1766906	1764671	2242	2236	99.29	3984410	2471847	0.06	0.09	NC_030993.1	JH651391.1
2351718	2418803	1764562	1697487	67086	67076	99.24	3984410	2471847	1.68	2.71	NC_030993.1	JH651391.1
2419874	2445662	1695966	1670196	25789	25771	99.11	3984410	2471847	0.65	1.04	NC_030993.1	JH651391.1
2445661	2457778	1670107	1657985	12118	12123	98.87	3984410	2471847	0.30	0.49	NC_030993.1	JH651391.1
2457940	2499650	1657845	1616086	41711	41760	99.06	3984410	2471847	1.05	1.69	NC_030993.1	JH651391.1
2499754	2556414	1615912	1559282	56661	56631	98.98	3984410	2471847	1.42	2.29	NC_030993.1	JH651391.1
2556832	2573004	1559042	1542880	16173	16163	98.72	3984410	2471847	0.41	0.65	NC_030993.1	JH651391.1
2573512	2628074	1542483	1487884	54563	54600	99.05	3984410	2471847	1.37	2.21	NC_030993.1	JH651391.1
2628203	2644807	1487763	1471190	16605	16574	99.01	3984410	2471847	0.42	0.67	NC_030993.1	JH651391.1
2644807	2644980	1471017	1471190	174	174	97.13	3984410	2471847	0.00	0.01	NC_030993.1	JH651391.1
2644980	2656897	1471017	1459084	11918	11934	98.86	3984410	2471847	0.30	0.48	NC_030993.1	JH651391.1
2658743	2683976	1456579	1431364	25234	25216	98.73	3984410	2471847	0.63	1.02	NC_030993.1	JH651391.1
2684090	2695181	1431261	1420170	11092	11092	99.05	3984410	2471847	0.28	0.45	NC_030993.1	JH651391.1
2695345	2736844	1420017	1378483	41500	41535	99.07	3984410	2471847	1.04	1.68	NC_030993.1	JH651391.1
2737465	2783545	1378069	1331987	46081	46083	98.72	3984410	2471847	1.16	1.86	NC_030993.1	JH651391.1
2784119	2792131	1331495	1323494	8013	8002	98.78	3984410	2471847	0.20	0.32	NC_030993.1	JH651391.1
2792229	2801563	1323493	1314171	9335	9323	97.55	3984410	2471847	0.23	0.38	NC_030993.1	JH651391.1
2801699	2834645	1314049	1281152	32947	32898	97.94	3984410	2471847	0.83	1.33	NC_030993.1	JH651391.1
2834645	2865520	1280989	1250122	30876	30868	98.45	3984410	2471847	0.77	1.25	NC_030993.1	JH651391.1
2865596	2872360	1250238	1243528	6765	6711	96.40	3984410	2471847	0.17	0.27	NC_030993.1	JH651391.1
2872359	2872545	1243350	1243529	187	180	95.19	3984410	2471847	0.00	0.01	NC_030993.1	JH651391.1
2872544	2899893	1243351	1216075	27350	27277	98.41	3984410	2471847	0.69	1.10	NC_030993.1	JH651391.1
2900197	2926761	1215883	1189291	26565	26593	98.84	3984410	2471847	0.67	1.08	NC_030993.1	JH651391.1
2926889	2934309	1189166	1181748	7421	7419	99.06	3984410	2471847	0.19	0.30	NC_030993.1	JH651391.1
2934299	2946801	1181716	1169215	12503	12502	99.24	3984410	2471847	0.31	0.51	NC_030993.1	JH651391.1
2951449	2975994	1139429	1163971	24546	24543	99.12	3984410	2471847	0.62	0.99	NC_030993.1	JH651391.1
2976335	2976967	1127803	1127171	633	633	99.05	3984410	2471847	0.02	0.03	NC_030993.1	JH651391.1
2977220	3028489	1127174	1075901	51270	51274	99.15	3984410	2471847	1.29	2.07	NC_030993.1	JH651391.1
3030743	3140412	1074802	965178	109670	109625	99.06	3984410	2471847	2.75	4.43	NC_030993.1	JH651391.1
3140504	3177291	965176	928404	36788	36773	98.75	3984410	2471847	0.92	1.49	NC_030993.1	JH651391.1
3177475	3183050	928233	922622	5576	5612	98.45	3984410	2471847	0.14	0.23	NC_030993.1	JH651391.1
3183618	3302917	922016	802714	119300	119303	98.96	3984410	2471847	2.99	4.83	NC_030993.1	JH651391.1
3303114	3307332	802716	798532	4219	4185	98.34	3984410	2471847	0.11	0.17	NC_030993.1	JH651391.1
3308563	3349355	756301	715455	40793	40847	99.10	3984410	2471847	1.02	1.65	NC_030993.1	JH651391.1
3349786	3378827	715001	685961	29042	29041	99.16	3984410	2471847	0.73	1.17	NC_030993.1	JH651391.1
3379276	3392730	685844	672362	13455	13483	98.84	3984410	2471847	0.34	0.55	NC_030993.1	JH651391.1
3393168	3404580	671949	660539	11413	11411	99.40	3984410	2471847	0.29	0.46	NC_030993.1	JH651391.1
3404683	3417010	660554	648249	12328	12306	98.91	3984410	2471847	0.31	0.50	NC_030993.1	JH651391.1
3417144	3452757	648256	612723	35614	35534	98.26	3984410	2471847	0.89	1.44	NC_030993.1	JH651391.1
3453039	3453847	612614	611802	809	813	93.23	3984410	2471847	0.02	0.03	NC_030993.1	JH651391.1
3453971	3456893	611799	608877	2923	2923	96.38	3984410	2471847	0.07	0.12	NC_030993.1	JH651391.1
3457644	3458203	608886	608325	560	562	89.86	3984410	2471847	0.01	0.02	NC_030993.1	JH651391.1
3458535	3459819	608329	607043	1285	1287	93.79	3984410	2471847	0.03	0.05	NC_030993.1	JH651391.1
3460266	3462343	605797	603707	2078	2091	95.33	3984410	2471847	0.05	0.08	NC_030993.1	JH651391.1
3463102	3467328	603715	599448	4227	4268	96.47	3984410	2471847	0.11	0.17	NC_030993.1	JH651391.1
3467988	3469500	598777	597263	1513	1515	95.45	3984410	2471847	0.04	0.06	NC_030993.1	JH651391.1
3472999	3485518	594079	581548	12520	12532	96.96	3984410	2471847	0.31	0.51	NC_030993.1	JH651391.1
3488253	3490166	581194	579281	1914	1914	97.02	3984410	2471847	0.05	0.08	NC_030993.1	JH651391.1
3491453	3514291	578136	555273	22839	22864	97.38	3984410	2471847	0.57	0.92	NC_030993.1	JH651391.1
3514575	3515718	555271	554121	1144	1151	93.73	3984410	2471847	0.03	0.05	NC_030993.1	JH651391.1
3515791	3524481	553827	545156	8691	8672	97.54	3984410	2471847	0.22	0.35	NC_030993.1	JH651391.1
3525959	3537003	542612	531558	11045	11055	97.15	3984410	2471847	0.28	0.45	NC_030993.1	JH651391.1
3536998	3543640	531269	524628	6643	6642	97.85	3984410	2471847	0.17	0.27	NC_030993.1	JH651391.1
3546629	3549464	524642	521804	2836	2839	96.14	3984410	2471847	0.07	0.11	NC_030993.1	JH651391.1
3549954	3550464	521520	521007	511	514	86.46	3984410	2471847	0.01	0.02	NC_030993.1	JH651391.1
3550654	3551632	520819	519840	979	980	91.96	3984410	2471847	0.02	0.04	NC_030993.1	JH651391.1
3556945	3559049	519818	517715	2105	2104	95.74	3984410	2471847	0.05	0.09	NC_030993.1	JH651391.1
3559284	3575378	517575	501547	16095	16029	97.86	3984410	2471847	0.40	0.65	NC_030993.1	JH651391.1
3577819	3581491	7119	3437	3673	3683	99.32	3984410	7119	0.09	51.73	NC_030993.1	JH651491.1
3581486	3607554	501547	475466	26069	26082	98.15	3984410	2471847	0.65	1.06	NC_030993.1	JH651391.1
3607763	3609592	475229	473386	1830	1844	97.45	3984410	2471847	0.05	0.07	NC_030993.1	JH651391.1
3610170	3649821	472827	433321	39652	39507	95.70	3984410	2471847	1.00	1.60	NC_030993.1	JH651391.1
3651148	3653988	431814	428979	2841	2836	94.31	3984410	2471847	0.07	0.11	NC_030993.1	JH651391.1
3654365	3672643	428318	410044	18279	18275	94.60	3984410	2471847	0.46	0.74	NC_030993.1	JH651391.1
3672760	3675617	409940	407091	2858	2850	97.76	3984410	2471847	0.07	0.12	NC_030993.1	JH651391.1
3675615	3683452	405541	397693	7838	7849	98.65	3984410	2471847	0.20	0.32	NC_030993.1	JH651391.1
3683451	3696426	397411	384425	12976	12987	96.79	3984410	2471847	0.33	0.53	NC_030993.1	JH651391.1
3697532	3710919	376506	363126	13388	13381	96.76	3984410	2471847	0.34	0.54	NC_030993.1	JH651391.1
3712954	3719515	361108	354543	6562	6566	94.44	3984410	2471847	0.16	0.27	NC_030993.1	JH651391.1
3720346	3722854	353885	351377	2509	2509	96.30	3984410	2471847	0.06	0.10	NC_030993.1	JH651391.1
3723895	3745512	340987	319406	21618	21582	97.48	3984410	2471847	0.54	0.87	NC_030993.1	JH651391.1
3745705	3747553	319220	317370	1849	1851	97.79	3984410	2471847	0.05	0.07	NC_030993.1	JH651391.1
3747553	3748509	317193	316239	957	955	97.60	3984410	2471847	0.02	0.04	NC_030993.1	JH651391.1
3749260	3784990	316254	280528	35731	35727	96.37	3984410	2471847	0.90	1.45	NC_030993.1	JH651391.1
3784987	3793891	278347	269475	8905	8873	97.13	3984410	2471847	0.22	0.36	NC_030993.1	JH651391.1
3794323	3794495	6984	6814	173	171	90.75	3984410	17746	0.00	0.96	NC_030993.1	KK035861.1
3794436	3802790	269470	261114	8355	8357	98.88	3984410	2471847	0.21	0.34	NC_030993.1	JH651391.1
3802938	3805607	260982	258286	2670	2697	97.63	3984410	2471847	0.07	0.11	NC_030993.1	JH651391.1
3805586	3805843	258457	258182	258	276	85.20	3984410	2471847	0.01	0.01	NC_030993.1	JH651391.1
3806638	3819536	234702	221812	12899	12891	97.86	3984410	2471847	0.32	0.52	NC_030993.1	JH651391.1
3820203	3830361	214546	204380	10159	10167	97.47	3984410	2471847	0.25	0.41	NC_030993.1	JH651391.1
3830312	3842116	204246	192473	11805	11774	96.18	3984410	2471847	0.30	0.48	NC_030993.1	JH651391.1
3842583	3867038	191874	167462	24456	24413	96.79	3984410	2471847	0.61	0.99	NC_030993.1	JH651391.1
3867422	3868270	167093	166239	849	855	85.08	3984410	2471847	0.02	0.03	NC_030993.1	JH651391.1
3868692	3881142	165823	153367	12451	12457	95.99	3984410	2471847	0.31	0.50	NC_030993.1	JH651391.1
3881142	3884854	145500	141784	3713	3717	97.47	3984410	2471847	0.09	0.15	NC_030993.1	JH651391.1
3885615	3905559	141790	121835	19945	19956	97.22	3984410	2471847	0.50	0.81	NC_030993.1	JH651391.1
3908891	3917505	117127	108509	8615	8619	97.87	3984410	2471847	0.22	0.35	NC_030993.1	JH651391.1
3917732	3918096	108466	108112	365	355	89.62	3984410	2471847	0.01	0.01	NC_030993.1	JH651391.1
3918096	3921917	107773	103943	3822	3831	97.34	3984410	2471847	0.10	0.15	NC_030993.1	JH651391.1
3922020	3928431	103413	96938	6412	6476	96.70	3984410	2471847	0.16	0.26	NC_030993.1	JH651391.1
3928535	3930135	96931	95332	1601	1600	96.13	3984410	2471847	0.04	0.06	NC_030993.1	JH651391.1
3930897	3952542	95337	73759	21646	21579	97.49	3984410	2471847	0.54	0.87	NC_030993.1	JH651391.1
3952494	3952716	73432	73213	223	220	95.09	3984410	2471847	0.01	0.01	NC_030993.1	JH651391.1
3952685	3955307	72721	70109	2623	2613	98.13	3984410	2471847	0.07	0.11	NC_030993.1	JH651391.1
3955469	3968991	69752	56265	13523	13488	98.47	3984410	2471847	0.34	0.55	NC_030993.1	JH651391.1
3973234	3981216	54256	46277	7983	7980	97.29	3984410	2471847	0.20	0.32	NC_030993.1	JH651391.1
3981563	3984410	46147	43301	2848	2847	96.99	3984410	2471847	0.07	0.12	NC_030993.1	JH651391.1
7	2771	81009	83777	2765	2769	92.96	3304701	2142601	0.08	0.13	NC_030994.1	JH651393.1
3984	7473	84024	87513	3490	3490	95.70	3304701	2142601	0.11	0.16	NC_030994.1	JH651393.1
7780	10433	87515	90166	2654	2652	96.88	3304701	2142601	0.08	0.12	NC_030994.1	JH651393.1
12129	13418	90426	91691	1290	1266	91.13	3304701	2142601	0.04	0.06	NC_030994.1	JH651393.1
13411	20820	92098	99506	7410	7409	97.45	3304701	2142601	0.22	0.35	NC_030994.1	JH651393.1
30247	32676	99507	101923	2430	2417	95.44	3304701	2142601	0.07	0.11	NC_030994.1	JH651393.1
32672	35911	108532	111795	3240	3264	96.63	3304701	2142601	0.10	0.15	NC_030994.1	JH651393.1
36074	47160	111826	122905	11087	11080	97.67	3304701	2142601	0.34	0.52	NC_030994.1	JH651393.1
47360	49730	123066	125394	2371	2329	95.40	3304701	2142601	0.07	0.11	NC_030994.1	JH651393.1
51917	55625	246566	250274	3709	3709	86.09	3304701	1653966	0.11	0.22	NC_030994.1	JH651396.1
58173	58552	4537	4917	380	381	91.60	3304701	111915	0.01	0.34	NC_030994.1	JH651407.1
61190	61343	41819	41968	154	150	94.81	3304701	52559	0.00	0.29	NC_030994.1	JH651420.1
61795	68742	125474	132417	6948	6944	98.04	3304701	2142601	0.21	0.32	NC_030994.1	JH651393.1
69122	72695	132411	135983	3574	3573	97.03	3304701	2142601	0.11	0.17	NC_030994.1	JH651393.1
72875	78100	138249	143483	5226	5235	97.61	3304701	2142601	0.16	0.24	NC_030994.1	JH651393.1
78319	79440	143478	144603	1122	1126	93.18	3304701	2142601	0.03	0.05	NC_030994.1	JH651393.1
79436	82662	157385	160612	3227	3228	97.65	3304701	2142601	0.10	0.15	NC_030994.1	JH651393.1
82663	83848	167209	168394	1186	1186	97.13	3304701	2142601	0.04	0.06	NC_030994.1	JH651393.1
86730	110458	168393	192163	23729	23771	97.79	3304701	2142601	0.72	1.11	NC_030994.1	JH651393.1
110456	113486	214352	217380	3031	3029	98.71	3304701	2142601	0.09	0.14	NC_030994.1	JH651393.1
114465	120421	217363	223322	5957	5960	98.19	3304701	2142601	0.18	0.28	NC_030994.1	JH651393.1
120418	120583	246673	246838	166	166	91.57	3304701	2142601	0.01	0.01	NC_030994.1	JH651393.1
120690	131018	246979	257364	10329	10386	96.28	3304701	2142601	0.31	0.48	NC_030994.1	JH651393.1
131019	153051	263888	285983	22033	22096	96.64	3304701	2142601	0.67	1.03	NC_030994.1	JH651393.1
153510	204064	286419	336968	50555	50550	97.59	3304701	2142601	1.53	2.36	NC_030994.1	JH651393.1
204363	222677	337261	355553	18315	18293	97.60	3304701	2142601	0.55	0.85	NC_030994.1	JH651393.1
222677	249890	356421	383724	27214	27304	97.71	3304701	2142601	0.82	1.27	NC_030994.1	JH651393.1
249900	253106	389234	392444	3207	3211	95.58	3304701	2142601	0.10	0.15	NC_030994.1	JH651393.1
253896	272715	392860	411663	18820	18804	97.09	3304701	2142601	0.57	0.88	NC_030994.1	JH651393.1
273014	273243	412055	412284	230	230	93.91	3304701	2142601	0.01	0.01	NC_030994.1	JH651393.1
275186	279944	412257	417012	4759	4756	96.75	3304701	2142601	0.14	0.22	NC_030994.1	JH651393.1
281804	286494	417010	421701	4691	4692	97.38	3304701	2142601	0.14	0.22	NC_030994.1	JH651393.1
291031	291346	421699	422014	316	316	99.37	3304701	2142601	0.01	0.01	NC_030994.1	JH651393.1
295292	300849	422014	427607	5558	5594	97.75	3304701	2142601	0.17	0.26	NC_030994.1	JH651393.1
300852	300936	427715	427798	85	84	97.65	3304701	2142601	0.00	0.00	NC_030994.1	JH651393.1
300930	332403	428016	459480	31474	31465	98.62	3304701	2142601	0.95	1.47	NC_030994.1	JH651393.1
333970	354753	460533	481267	20784	20735	98.19	3304701	2142601	0.63	0.97	NC_030994.1	JH651393.1
355912	374549	492005	510611	18638	18607	96.79	3304701	2142601	0.56	0.87	NC_030994.1	JH651393.1
375292	385333	510611	520573	10042	9963	94.51	3304701	2142601	0.30	0.46	NC_030994.1	JH651393.1
385489	387507	524643	526626	2019	1984	94.16	3304701	2142601	0.06	0.09	NC_030994.1	JH651393.1
388717	391120	526659	529069	2404	2411	95.07	3304701	2142601	0.07	0.11	NC_030994.1	JH651393.1
391436	394409	529073	532045	2974	2973	93.59	3304701	2142601	0.09	0.14	NC_030994.1	JH651393.1
394521	394897	536483	536859	377	377	94.69	3304701	2142601	0.01	0.02	NC_030994.1	JH651393.1
407761	408566	535676	536482	806	807	96.90	3304701	2142601	0.02	0.04	NC_030994.1	JH651393.1
410920	412788	30677	32548	1869	1872	87.09	3304701	35525	0.06	5.27	NC_030994.1	JH651435.1
432629	435377	558181	560930	2749	2750	95.82	3304701	2142601	0.08	0.13	NC_030994.1	JH651393.1
435589	437463	561046	562919	1875	1874	97.65	3304701	2142601	0.06	0.09	NC_030994.1	JH651393.1
437464	443212	579781	585470	5749	5690	94.84	3304701	2142601	0.17	0.27	NC_030994.1	JH651393.1
443214	446530	588021	591330	3317	3310	94.31	3304701	2142601	0.10	0.15	NC_030994.1	JH651393.1
447467	448782	591313	592622	1316	1310	93.70	3304701	2142601	0.04	0.06	NC_030994.1	JH651393.1
450902	452848	599309	601252	1947	1944	96.05	3304701	2142601	0.06	0.09	NC_030994.1	JH651393.1
452911	470039	601684	618824	17129	17141	96.45	3304701	2142601	0.52	0.80	NC_030994.1	JH651393.1
470155	472417	618825	621087	2263	2263	97.75	3304701	2142601	0.07	0.11	NC_030994.1	JH651393.1
472522	589370	621090	737857	116849	116768	98.62	3304701	2142601	3.54	5.45	NC_030994.1	JH651393.1
591877	610144	737858	756110	18268	18253	98.71	3304701	2142601	0.55	0.85	NC_030994.1	JH651393.1
610467	669743	756324	815611	59277	59288	98.91	3304701	2142601	1.79	2.77	NC_030994.1	JH651393.1
672199	680336	818328	826468	8138	8141	98.74	3304701	2142601	0.25	0.38	NC_030994.1	JH651393.1
681000	684115	826457	829564	3116	3108	98.65	3304701	2142601	0.09	0.15	NC_030994.1	JH651393.1
684307	684391	829736	829820	85	85	98.82	3304701	2142601	0.00	0.00	NC_030994.1	JH651393.1
685147	687844	829809	832507	2698	2699	97.78	3304701	2142601	0.08	0.13	NC_030994.1	JH651393.1
688374	694570	832504	838709	6197	6206	98.55	3304701	2142601	0.19	0.29	NC_030994.1	JH651393.1
694709	699415	838838	843533	4707	4696	97.98	3304701	2142601	0.14	0.22	NC_030994.1	JH651393.1
699578	707173	843580	851171	7596	7592	98.57	3304701	2142601	0.23	0.35	NC_030994.1	JH651393.1
707392	748602	851282	892452	41211	41171	98.80	3304701	2142601	1.25	1.92	NC_030994.1	JH651393.1
748994	749428	9658	9223	435	436	95.41	3304701	16437	0.01	2.65	NC_030994.1	KK035864.1
749426	751079	892507	894159	1654	1653	98.37	3304701	2142601	0.05	0.08	NC_030994.1	JH651393.1
751081	751213	894292	894160	133	133	95.49	3304701	2142601	0.00	0.01	NC_030994.1	JH651393.1
751213	794009	894293	937090	42797	42798	98.44	3304701	2142601	1.30	2.00	NC_030994.1	JH651393.1
795045	796108	938176	939239	1064	1064	88.67	3304701	2142601	0.03	0.05	NC_030994.1	JH651393.1
796366	797377	939502	940497	1012	996	84.84	3304701	2142601	0.03	0.05	NC_030994.1	JH651393.1
797959	842327	941094	985416	44369	44323	98.80	3304701	2142601	1.34	2.07	NC_030994.1	JH651393.1
842498	880356	985435	1023342	37859	37908	99.21	3304701	2142601	1.15	1.77	NC_030994.1	JH651393.1
880705	1029903	1023497	1172642	149199	149146	99.06	3304701	2142601	4.51	6.96	NC_030994.1	JH651393.1
1032151	1175224	1174472	1317494	143074	143023	99.12	3304701	2142601	4.33	6.68	NC_030994.1	JH651393.1
1175467	1273299	1317795	1415623	97833	97829	99.16	3304701	2142601	2.96	4.57	NC_030994.1	JH651393.1
1273524	1282695	1416043	1425208	9172	9166	99.04	3304701	2142601	0.28	0.43	NC_030994.1	JH651393.1
1282932	1292352	1425428	1434826	9421	9399	98.89	3304701	2142601	0.29	0.44	NC_030994.1	JH651393.1
1292541	1311059	1435004	1453536	18519	18533	99.34	3304701	2142601	0.56	0.86	NC_030994.1	JH651393.1
1311089	1344796	1453530	1487251	33708	33722	99.00	3304701	2142601	1.02	1.57	NC_030994.1	JH651393.1
1344897	1359929	1487253	1502288	15033	15036	99.47	3304701	2142601	0.45	0.70	NC_030994.1	JH651393.1
1360233	1369639	1502630	1512022	9407	9393	99.33	3304701	2142601	0.28	0.44	NC_030994.1	JH651393.1
1369857	1432678	1512114	1574927	62822	62814	99.10	3304701	2142601	1.90	2.93	NC_030994.1	JH651393.1
1432794	1434348	1574927	1576479	1555	1553	98.59	3304701	2142601	0.05	0.07	NC_030994.1	JH651393.1
1434620	1446479	1576680	1588539	11860	11860	99.20	3304701	2142601	0.36	0.55	NC_030994.1	JH651393.1
1447146	1479014	1588525	1620358	31869	31834	99.21	3304701	2142601	0.96	1.49	NC_030994.1	JH651393.1
1479166	1481666	1620608	1623098	2501	2491	98.72	3304701	2142601	0.08	0.12	NC_030994.1	JH651393.1
1481666	1498241	1623209	1639811	16576	16603	99.28	3304701	2142601	0.50	0.77	NC_030994.1	JH651393.1
1498421	1526551	1639981	1668188	28131	28208	99.06	3304701	2142601	0.85	1.32	NC_030994.1	JH651393.1
1526879	1568687	1668463	1710276	41809	41814	99.25	3304701	2142601	1.27	1.95	NC_030994.1	JH651393.1
1569776	1574994	1711284	1716504	5219	5221	99.33	3304701	2142601	0.16	0.24	NC_030994.1	JH651393.1
1575884	1582935	1717329	1724384	7052	7056	99.45	3304701	2142601	0.21	0.33	NC_030994.1	JH651393.1
1583222	1600544	1724653	1741973	17323	17321	99.08	3304701	2142601	0.52	0.81	NC_030994.1	JH651393.1
1601113	1633716	1742537	1775151	32604	32615	99.28	3304701	2142601	0.99	1.52	NC_030994.1	JH651393.1
1633879	1648847	1775298	1790266	14969	14969	99.40	3304701	2142601	0.45	0.70	NC_030994.1	JH651393.1
1650634	1651041	1675914	1675507	408	408	93.87	3304701	1675914	0.01	0.02	NC_030994.1	JH651395.1
1651035	1763153	1790265	1902324	112119	112060	99.14	3304701	2142601	3.39	5.23	NC_030994.1	JH651393.1
1763619	1780789	1902687	1919886	17171	17200	98.96	3304701	2142601	0.52	0.80	NC_030994.1	JH651393.1
1780949	1799702	1920043	1938769	18754	18727	99.06	3304701	2142601	0.57	0.87	NC_030994.1	JH651393.1
1799013	1815226	1938876	1955074	16214	16199	99.19	3304701	2142601	0.49	0.76	NC_030994.1	JH651393.1
1815460	1849816	1955212	1989555	34357	34344	99.40	3304701	2142601	1.04	1.60	NC_030994.1	JH651393.1
1851071	1852107	1990734	1991765	1037	1032	98.94	3304701	2142601	0.03	0.05	NC_030994.1	JH651393.1
1852442	1873290	1991758	2012641	20849	20884	99.18	3304701	2142601	0.63	0.97	NC_030994.1	JH651393.1
1874253	1881382	2013301	2020434	7130	7134	99.09	3304701	2142601	0.22	0.33	NC_030994.1	JH651393.1
1881482	1914672	2020701	2053874	33191	33174	99.33	3304701	2142601	1.00	1.55	NC_030994.1	JH651393.1
1914896	1964329	2053873	2103290	49434	49418	99.22	3304701	2142601	1.50	2.31	NC_030994.1	JH651393.1
1964575	1969416	2103422	2108261	4842	4840	99.44	3304701	2142601	0.15	0.23	NC_030994.1	JH651393.1
1969632	1975910	2108496	2114769	6279	6274	99.08	3304701	2142601	0.19	0.29	NC_030994.1	JH651393.1
1977106	1996058	1072618	1053664	18953	18955	99.43	3304701	1091311	0.57	1.74	NC_030994.1	JH651399.1
1996347	2019347	1053667	1030680	23001	22988	99.43	3304701	1091311	0.70	2.11	NC_030994.1	JH651399.1
2020011	2093396	1030693	957315	73386	73379	99.30	3304701	1091311	2.22	6.72	NC_030994.1	JH651399.1
2093513	2096178	957292	954626	2666	2667	99.29	3304701	1091311	0.08	0.24	NC_030994.1	JH651399.1
2096338	2141107	954631	909859	44770	44773	99.28	3304701	1091311	1.35	4.10	NC_030994.1	JH651399.1
2141216	2179908	909736	871080	38693	38657	98.97	3304701	1091311	1.17	3.54	NC_030994.1	JH651399.1
2180633	2311317	870530	739958	130685	130573	99.01	3304701	1091311	3.95	11.96	NC_030994.1	JH651399.1
2311416	2421523	739817	629834	110108	109984	99.02	3304701	1091311	3.33	10.08	NC_030994.1	JH651399.1
2422432	2470523	628932	580827	48092	48106	99.12	3304701	1091311	1.46	4.41	NC_030994.1	JH651399.1
2472388	2473187	578915	578112	800	804	97.64	3304701	1091311	0.02	0.07	NC_030994.1	JH651399.1
2473876	2510900	578124	541134	37025	36991	99.31	3304701	1091311	1.12	3.39	NC_030994.1	JH651399.1
2511326	2522268	540669	529800	10943	10870	98.39	3304701	1091311	0.33	1.00	NC_030994.1	JH651399.1
2522589	2565214	529705	487056	42626	42650	99.20	3304701	1091311	1.29	3.91	NC_030994.1	JH651399.1
2565319	2576517	486948	475733	11199	11216	99.25	3304701	1091311	0.34	1.03	NC_030994.1	JH651399.1
2577394	2579385	474605	472618	1992	1988	98.90	3304701	1091311	0.06	0.18	NC_030994.1	JH651399.1
2579910	2581990	472596	470515	2081	2082	99.18	3304701	1091311	0.06	0.19	NC_030994.1	JH651399.1
2582451	2599765	470236	452909	17315	17328	98.73	3304701	1091311	0.52	1.59	NC_030994.1	JH651399.1
2599936	2627055	452878	425756	27120	27123	98.99	3304701	1091311	0.82	2.49	NC_030994.1	JH651399.1
2627163	2629532	425657	423288	2370	2370	99.58	3304701	1091311	0.07	0.22	NC_030994.1	JH651399.1
2629644	2635920	423188	416910	6277	6279	99.60	3304701	1091311	0.19	0.58	NC_030994.1	JH651399.1
2635913	2678918	416881	373888	43006	42994	99.07	3304701	1091311	1.30	3.94	NC_030994.1	JH651399.1
2679013	2711627	373955	341346	32615	32610	98.79	3304701	1091311	0.99	2.99	NC_030994.1	JH651399.1
2712521	2753890	341345	299983	41370	41363	98.43	3304701	1091311	1.25	3.79	NC_030994.1	JH651399.1
2754201	2755274	299963	298894	1074	1070	86.28	3304701	1091311	0.03	0.10	NC_030994.1	JH651399.1
2765246	2765539	1510150	1509860	294	291	88.47	3304701	1600540	0.01	0.02	NC_030994.1	JH651397.1
2768214	2814048	298884	253058	45835	45827	98.13	3304701	1091311	1.39	4.20	NC_030994.1	JH651399.1
2815134	2819369	252297	248062	4236	4236	87.27	3304701	1091311	0.13	0.39	NC_030994.1	JH651399.1
2824540	2827145	246637	244020	2606	2618	91.57	3304701	1091311	0.08	0.24	NC_030994.1	JH651399.1
2827349	2837227	243839	233960	9879	9880	95.77	3304701	1091311	0.30	0.91	NC_030994.1	JH651399.1
2837583	2838109	233594	233063	527	532	88.91	3304701	1091311	0.02	0.05	NC_030994.1	JH651399.1
2838300	2851777	233062	219590	13478	13473	98.58	3304701	1091311	0.41	1.23	NC_030994.1	JH651399.1
2851970	2858670	219418	212724	6701	6695	98.54	3304701	1091311	0.20	0.61	NC_030994.1	JH651399.1
2858819	2873560	212632	197916	14742	14717	99.13	3304701	1091311	0.45	1.35	NC_030994.1	JH651399.1
2873771	2889097	197672	182436	15327	15237	97.34	3304701	1091311	0.46	1.40	NC_030994.1	JH651399.1
2889219	2900868	182436	170793	11650	11644	96.38	3304701	1091311	0.35	1.07	NC_030994.1	JH651399.1
2907471	2908380	170289	169386	910	904	90.36	3304701	1091311	0.03	0.08	NC_030994.1	JH651399.1
2908573	2919079	168277	157740	10507	10538	96.48	3304701	1091311	0.32	0.97	NC_030994.1	JH651399.1
2919079	2920176	157623	156528	1098	1096	98.63	3304701	1091311	0.03	0.10	NC_030994.1	JH651399.1
2920287	2926768	156532	150065	6482	6468	96.89	3304701	1091311	0.20	0.59	NC_030994.1	JH651399.1
2927372	2935068	149430	141720	7697	7711	96.66	3304701	1091311	0.23	0.71	NC_030994.1	JH651399.1
2935066	2936929	2047	3910	1864	1864	99.20	3304701	4477	0.06	41.64	NC_030994.1	JH651502.1
2936927	2953810	141721	124837	16884	16885	98.25	3304701	1091311	0.51	1.55	NC_030994.1	JH651399.1
2958710	2960358	124844	123196	1649	1649	99.15	3304701	1091311	0.05	0.15	NC_030994.1	JH651399.1
2961118	2984828	123203	99514	23711	23690	97.94	3304701	1091311	0.72	2.17	NC_030994.1	JH651399.1
2985025	2990787	99521	93726	5763	5796	95.67	3304701	1091311	0.17	0.53	NC_030994.1	JH651399.1
2992334	2995416	93727	90638	3083	3090	97.99	3304701	1091311	0.09	0.28	NC_030994.1	JH651399.1
2995719	2999612	90442	86549	3894	3894	97.97	3304701	1091311	0.12	0.36	NC_030994.1	JH651399.1
3007567	3013579	237121	243132	6013	6012	97.68	3304701	281853	0.18	2.13	NC_030994.1	JH651403.1
3013579	3016037	243463	245925	2459	2463	97.69	3304701	281853	0.07	0.87	NC_030994.1	JH651403.1
3016095	3026282	250562	260731	10188	10170	97.80	3304701	281853	0.31	3.61	NC_030994.1	JH651403.1
3026423	3027629	260733	261939	1207	1207	97.10	3304701	281853	0.04	0.43	NC_030994.1	JH651403.1
3027630	3029186	263007	264563	1557	1557	99.17	3304701	281853	0.05	0.55	NC_030994.1	JH651403.1
3035208	3037069	264563	266425	1862	1863	98.77	3304701	281853	0.06	0.66	NC_030994.1	JH651403.1
3037229	3040946	266570	270329	3718	3760	97.98	3304701	281853	0.11	1.33	NC_030994.1	JH651403.1
3040941	3044172	10130	13281	3232	3152	95.27	3304701	40904	0.10	7.71	NC_030994.1	JH651430.1
3044173	3055365	270321	281492	11193	11172	98.55	3304701	281853	0.34	3.96	NC_030994.1	JH651403.1
3055358	3060005	183	4847	4648	4665	96.05	3304701	1091311	0.14	0.43	NC_030994.1	JH651399.1
3065223	3065437	17467	17685	215	219	93.64	3304701	25046	0.01	0.87	NC_030994.1	JH651444.1
3068687	3115127	4843	51279	46441	46437	97.11	3304701	1091311	1.41	4.26	NC_030994.1	JH651399.1
3115294	3117332	51421	53455	2039	2035	94.61	3304701	1091311	0.06	0.19	NC_030994.1	JH651399.1
3117341	3120138	54048	56843	2798	2796	96.28	3304701	1091311	0.08	0.26	NC_030994.1	JH651399.1
3123953	3130919	59764	66728	6967	6965	95.97	3304701	1091311	0.21	0.64	NC_030994.1	JH651399.1
3135331	3137249	81089	83008	1919	1920	92.50	3304701	1091311	0.06	0.18	NC_030994.1	JH651399.1
3137396	3140213	83152	85964	2818	2813	96.59	3304701	1091311	0.09	0.26	NC_030994.1	JH651399.1
3140884	3141478	85957	86550	595	594	96.30	3304701	1091311	0.02	0.05	NC_030994.1	JH651399.1
3143339	3152937	236783	227192	9599	9592	97.05	3304701	281853	0.29	3.40	NC_030994.1	JH651403.1
3154920	3156167	226008	224761	1248	1248	95.93	3304701	281853	0.04	0.44	NC_030994.1	JH651403.1
3156729	3162777	224289	218179	6049	6111	95.38	3304701	281853	0.18	2.17	NC_030994.1	JH651403.1
3164216	3214215	218178	168204	50000	49975	98.07	3304701	281853	1.51	17.73	NC_030994.1	JH651403.1
3216483	3301557	168203	83199	85075	85005	97.95	3304701	281853	2.57	30.16	NC_030994.1	JH651403.1
231	668	2753678	2754123	438	446	85.84	2896840	4395809	0.02	0.01	NC_030995.1	JH651387.1
6179	7851	2542787	2544463	1673	1677	88.50	2896840	2759859	0.06	0.06	NC_030995.1	JH651390.1
7864	14413	307197	313725	6550	6529	96.25	2896840	2947611	0.23	0.22	NC_030995.1	JH651388.1
14032	14502	88496	88964	471	469	85.89	2896840	91901	0.02	0.51	NC_030995.1	KK035847.1
14889	54493	313725	353284	39605	39560	97.80	2896840	2947611	1.37	1.34	NC_030995.1	JH651388.1
55249	65543	353273	363549	10295	10277	97.85	2896840	2947611	0.36	0.35	NC_030995.1	JH651388.1
65546	66418	364840	365712	873	873	96.80	2896840	2947611	0.03	0.03	NC_030995.1	JH651388.1
66636	73200	365705	372270	6565	6566	97.06	2896840	2947611	0.23	0.22	NC_030995.1	JH651388.1
73447	85311	372452	384340	11865	11889	97.66	2896840	2947611	0.41	0.40	NC_030995.1	JH651388.1
85474	91675	384515	390709	6202	6195	92.62	2896840	2947611	0.21	0.21	NC_030995.1	JH651388.1
91966	99302	390930	398276	7337	7347	97.78	2896840	2947611	0.25	0.25	NC_030995.1	JH651388.1
99768	106469	398269	404977	6702	6709	96.72	2896840	2947611	0.23	0.23	NC_030995.1	JH651388.1
106469	123409	405092	422037	16941	16946	98.07	2896840	2947611	0.58	0.57	NC_030995.1	JH651388.1
123730	131445	422030	429737	7716	7708	90.70	2896840	2947611	0.27	0.26	NC_030995.1	JH651388.1
132976	133907	431278	432221	932	944	84.48	2896840	2947611	0.03	0.03	NC_030995.1	JH651388.1
135599	141838	433693	439936	6240	6244	96.85	2896840	2947611	0.22	0.21	NC_030995.1	JH651388.1
141985	143015	439936	440951	1031	1016	95.44	2896840	2947611	0.04	0.03	NC_030995.1	JH651388.1
143185	144045	440960	441826	861	867	93.49	2896840	2947611	0.03	0.03	NC_030995.1	JH651388.1
144257	156150	441907	453805	11894	11899	96.97	2896840	2947611	0.41	0.40	NC_030995.1	JH651388.1
156261	177807	453915	475459	21547	21545	98.14	2896840	2947611	0.74	0.73	NC_030995.1	JH651388.1
177808	188495	475560	486259	10688	10700	98.32	2896840	2947611	0.37	0.36	NC_030995.1	JH651388.1
188741	214470	486449	512154	25730	25706	98.47	2896840	2947611	0.89	0.87	NC_030995.1	JH651388.1
215134	227630	512139	524652	12497	12514	98.67	2896840	2947611	0.43	0.42	NC_030995.1	JH651388.1
227314	228762	524621	526057	1449	1437	91.94	2896840	2947611	0.05	0.05	NC_030995.1	JH651388.1
228502	243025	525947	540492	14524	14546	98.61	2896840	2947611	0.50	0.49	NC_030995.1	JH651388.1
250823	265849	545351	560384	15027	15034	97.90	2896840	2947611	0.52	0.51	NC_030995.1	JH651388.1
266011	266952	560493	561449	942	957	95.72	2896840	2947611	0.03	0.03	NC_030995.1	JH651388.1
270715	320723	561448	611450	50009	50003	98.15	2896840	2947611	1.73	1.70	NC_030995.1	JH651388.1
320934	357235	611625	647904	36302	36280	97.13	2896840	2947611	1.25	1.23	NC_030995.1	JH651388.1
357926	358484	648276	648829	559	554	96.24	2896840	2947611	0.02	0.02	NC_030995.1	JH651388.1
358641	368224	648979	658563	9584	9585	98.30	2896840	2947611	0.33	0.33	NC_030995.1	JH651388.1
368428	387791	658748	678105	19364	19358	97.54	2896840	2947611	0.67	0.66	NC_030995.1	JH651388.1
388114	390899	678368	681160	2786	2793	97.85	2896840	2947611	0.10	0.09	NC_030995.1	JH651388.1
390899	393939	681338	684379	3041	3042	96.25	2896840	2947611	0.10	0.10	NC_030995.1	JH651388.1
395354	462366	685763	752818	67013	67056	98.62	2896840	2947611	2.31	2.27	NC_030995.1	JH651388.1
463020	468915	752805	758709	5896	5905	99.07	2896840	2947611	0.20	0.20	NC_030995.1	JH651388.1
469188	518115	758736	807736	48928	49001	98.81	2896840	2947611	1.69	1.66	NC_030995.1	JH651388.1
518116	570940	807851	860679	52825	52829	98.49	2896840	2947611	1.82	1.79	NC_030995.1	JH651388.1
571064	575565	860681	865172	4502	4492	97.10	2896840	2947611	0.16	0.15	NC_030995.1	JH651388.1
579339	579820	865170	865651	482	482	98.96	2896840	2947611	0.02	0.02	NC_030995.1	JH651388.1
580469	593609	865638	878788	13141	13151	98.44	2896840	2947611	0.45	0.45	NC_030995.1	JH651388.1
593841	621185	878989	906410	27345	27422	96.98	2896840	2947611	0.94	0.93	NC_030995.1	JH651388.1
621201	634473	906357	919627	13273	13271	98.14	2896840	2947611	0.46	0.45	NC_030995.1	JH651388.1
634607	653923	919627	938939	19317	19313	99.19	2896840	2947611	0.67	0.66	NC_030995.1	JH651388.1
654056	673968	939057	958955	19913	19899	99.06	2896840	2947611	0.69	0.68	NC_030995.1	JH651388.1
674108	770678	959016	1055587	96571	96572	99.16	2896840	2947611	3.33	3.28	NC_030995.1	JH651388.1
770792	773979	1055692	1058879	3188	3188	99.50	2896840	2947611	0.11	0.11	NC_030995.1	JH651388.1
774224	787129	1059106	1072014	12906	12909	99.24	2896840	2947611	0.45	0.44	NC_030995.1	JH651388.1
787256	794188	1072139	1079081	6933	6943	98.00	2896840	2947611	0.24	0.24	NC_030995.1	JH651388.1
794191	794628	1079181	1079622	438	442	82.85	2896840	2947611	0.02	0.01	NC_030995.1	JH651388.1
796166	798773	1081138	1083738	2608	2601	82.25	2896840	2947611	0.09	0.09	NC_030995.1	JH651388.1
800076	834056	1084967	1118906	33981	33940	98.97	2896840	2947611	1.17	1.15	NC_030995.1	JH651388.1
834651	834887	1120119	1119885	237	235	83.19	2896840	2947611	0.01	0.01	NC_030995.1	JH651388.1
848938	914406	1122259	1187720	65469	65462	99.09	2896840	2947611	2.26	2.22	NC_030995.1	JH651388.1
914397	974570	1188524	1248666	60174	60143	99.15	2896840	2947611	2.08	2.04	NC_030995.1	JH651388.1
974788	1033668	1248766	1307599	58881	58834	99.08	2896840	2947611	2.03	2.00	NC_030995.1	JH651388.1
1033907	1043469	1307836	1317395	9563	9560	99.34	2896840	2947611	0.33	0.32	NC_030995.1	JH651388.1
1043769	1066758	1317704	1340668	22990	22965	99.01	2896840	2947611	0.79	0.78	NC_030995.1	JH651388.1
1066939	1078434	1340663	1352158	11496	11496	99.33	2896840	2947611	0.40	0.39	NC_030995.1	JH651388.1
1078251	1153742	1352259	1427911	75492	75653	98.89	2896840	2947611	2.61	2.57	NC_030995.1	JH651388.1
1154742	1174294	1473718	1493244	19553	19527	99.39	2896840	2947611	0.67	0.66	NC_030995.1	JH651388.1
1174559	1177717	1493467	1496625	3159	3159	99.49	2896840	2947611	0.11	0.11	NC_030995.1	JH651388.1
1178204	1230696	1497145	1549663	52493	52519	99.31	2896840	2947611	1.81	1.78	NC_030995.1	JH651388.1
1230899	1246500	1549844	1565458	15602	15615	99.13	2896840	2947611	0.54	0.53	NC_030995.1	JH651388.1
1246500	1333810	1565584	1652902	87311	87319	99.02	2896840	2947611	3.01	2.96	NC_030995.1	JH651388.1
1334009	1362423	1653070	1681469	28415	28400	99.30	2896840	2947611	0.98	0.96	NC_030995.1	JH651388.1
1362629	1389387	1681677	1708436	26759	26760	98.90	2896840	2947611	0.92	0.91	NC_030995.1	JH651388.1
1390350	1391529	1709448	1710640	1180	1193	98.32	2896840	2947611	0.04	0.04	NC_030995.1	JH651388.1
1392343	1490323	1711108	1808989	97981	97882	99.04	2896840	2947611	3.38	3.32	NC_030995.1	JH651388.1
1490447	1727293	1808987	2045668	236847	236682	99.14	2896840	2947611	8.18	8.03	NC_030995.1	JH651388.1
1727394	1730369	2045802	2048777	2976	2976	98.99	2896840	2947611	0.10	0.10	NC_030995.1	JH651388.1
1730508	1740022	2048904	2058453	9515	9550	99.12	2896840	2947611	0.33	0.32	NC_030995.1	JH651388.1
1740189	1748531	2058612	2066923	8343	8312	98.79	2896840	2947611	0.29	0.28	NC_030995.1	JH651388.1
1748794	1765316	2067120	2083637	16523	16518	98.94	2896840	2947611	0.57	0.56	NC_030995.1	JH651388.1
1765440	1778645	2084057	2097257	13206	13201	98.79	2896840	2947611	0.46	0.45	NC_030995.1	JH651388.1
1778842	1801926	2097256	2120351	23085	23096	98.82	2896840	2947611	0.80	0.78	NC_030995.1	JH651388.1
1802482	1805381	2129288	2132188	2900	2901	98.55	2896840	2947611	0.10	0.10	NC_030995.1	JH651388.1
1810576	1840021	2132183	2161533	29446	29351	98.13	2896840	2947611	1.02	1.00	NC_030995.1	JH651388.1
1840230	1843192	2161508	2164472	2963	2965	97.44	2896840	2947611	0.10	0.10	NC_030995.1	JH651388.1
1843579	1843749	2164471	2164646	171	176	96.02	2896840	2947611	0.01	0.01	NC_030995.1	JH651388.1
1845597	1845702	2164646	2164751	106	106	97.17	2896840	2947611	0.00	0.00	NC_030995.1	JH651388.1
1845702	1846924	2164900	2166077	1223	1178	93.72	2896840	2947611	0.04	0.04	NC_030995.1	JH651388.1
1848742	1853588	2166079	2170900	4847	4822	98.27	2896840	2947611	0.17	0.16	NC_030995.1	JH651388.1
1853714	1866473	2171025	2183774	12760	12750	98.86	2896840	2947611	0.44	0.43	NC_030995.1	JH651388.1
1866741	1868472	2184007	2185738	1732	1732	99.71	2896840	2947611	0.06	0.06	NC_030995.1	JH651388.1
1869125	1939506	2185726	2256171	70382	70446	98.67	2896840	2947611	2.43	2.39	NC_030995.1	JH651388.1
1939609	1947018	2256171	2263595	7410	7425	99.33	2896840	2947611	0.26	0.25	NC_030995.1	JH651388.1
1947390	1958775	2263923	2275290	11386	11368	98.03	2896840	2947611	0.39	0.39	NC_030995.1	JH651388.1
1959071	1975881	2275499	2292300	16811	16802	98.99	2896840	2947611	0.58	0.57	NC_030995.1	JH651388.1
1976247	2000417	2292307	2316479	24171	24173	98.96	2896840	2947611	0.83	0.82	NC_030995.1	JH651388.1
2001453	2003785	2317339	2319661	2333	2323	98.76	2896840	2947611	0.08	0.08	NC_030995.1	JH651388.1
2004203	2006675	2320098	2322569	2473	2472	99.11	2896840	2947611	0.09	0.08	NC_030995.1	JH651388.1
2007174	2081779	2323324	2397850	74606	74527	98.41	2896840	2947611	2.58	2.53	NC_030995.1	JH651388.1
2083025	2127422	2397850	2442314	44398	44465	98.45	2896840	2947611	1.53	1.51	NC_030995.1	JH651388.1
2127572	2128789	2443208	2444423	1218	1216	98.36	2896840	2947611	0.04	0.04	NC_030995.1	JH651388.1
2129499	2138185	2444501	2453209	8687	8709	98.15	2896840	2947611	0.30	0.30	NC_030995.1	JH651388.1
2138935	2143822	2453988	2458889	4888	4902	96.88	2896840	2947611	0.17	0.17	NC_030995.1	JH651388.1
2144786	2158618	2458876	2472697	13833	13822	98.29	2896840	2947611	0.48	0.47	NC_030995.1	JH651388.1
2158931	2199951	2472913	2513948	41021	41036	98.60	2896840	2947611	1.42	1.39	NC_030995.1	JH651388.1
2200027	2210565	2513664	2524230	10539	10567	98.35	2896840	2947611	0.36	0.36	NC_030995.1	JH651388.1
2210780	2225000	2524309	2538518	14221	14210	98.78	2896840	2947611	0.49	0.48	NC_030995.1	JH651388.1
2225653	2274877	2538505	2587693	49225	49189	98.01	2896840	2947611	1.70	1.67	NC_030995.1	JH651388.1
2275938	2286156	2587958	2598180	10219	10223	98.30	2896840	2947611	0.35	0.35	NC_030995.1	JH651388.1
2286512	2287629	2598568	2599685	1118	1118	85.43	2896840	2947611	0.04	0.04	NC_030995.1	JH651388.1
2293626	2303184	2600849	2610407	9559	9559	97.00	2896840	2947611	0.33	0.32	NC_030995.1	JH651388.1
2303840	2362733	2610396	2669148	58894	58753	98.18	2896840	2947611	2.03	1.99	NC_030995.1	JH651388.1
2362732	2376816	2669193	2683273	14085	14081	98.45	2896840	2947611	0.49	0.48	NC_030995.1	JH651388.1
2376809	2378150	161604	162948	1342	1345	96.29	2896840	282688	0.05	0.48	NC_030995.1	JH651404.1
2378200	2422594	2683272	2727671	44395	44400	98.19	2896840	2947611	1.53	1.51	NC_030995.1	JH651388.1
2432299	2433617	1	1314	1319	1314	97.20	2896840	5352	0.05	24.55	NC_030995.1	JH651498.1
2436719	2445299	2727669	2736265	8581	8597	98.00	2896840	2947611	0.30	0.29	NC_030995.1	JH651388.1
2445976	2463878	2736366	2754203	17903	17838	97.97	2896840	2947611	0.62	0.61	NC_030995.1	JH651388.1
2463877	2472556	2754630	2763318	8680	8689	96.65	2896840	2947611	0.30	0.29	NC_030995.1	JH651388.1
2472989	2484978	2767510	2779518	11990	12009	97.65	2896840	2947611	0.41	0.41	NC_030995.1	JH651388.1
2484978	2485134	2779647	2779802	157	156	90.45	2896840	2947611	0.01	0.01	NC_030995.1	JH651388.1
2485412	2486495	2783854	2784937	1084	1084	98.71	2896840	2947611	0.04	0.04	NC_030995.1	JH651388.1
2493548	2496645	2786897	2790012	3098	3116	94.64	2896840	2947611	0.11	0.11	NC_030995.1	JH651388.1
2500165	2500858	2790137	2790829	694	693	79.05	2896840	2947611	0.02	0.02	NC_030995.1	JH651388.1
2501172	2501812	2799618	2800274	641	657	83.64	2896840	2947611	0.02	0.02	NC_030995.1	JH651388.1
2501920	2506562	2800406	2805047	4643	4642	96.49	2896840	2947611	0.16	0.16	NC_030995.1	JH651388.1
2512120	2512984	2806095	2806958	865	864	86.13	2896840	2947611	0.03	0.03	NC_030995.1	JH651388.1
2516106	2534197	2810330	2828426	18092	18097	97.19	2896840	2947611	0.62	0.61	NC_030995.1	JH651388.1
2534144	2534272	2828334	2828462	129	129	98.45	2896840	2947611	0.00	0.00	NC_030995.1	JH651388.1
2534408	2545671	2828628	2839898	11264	11271	96.31	2896840	2947611	0.39	0.38	NC_030995.1	JH651388.1
2555679	2556372	2842796	2843483	694	688	83.52	2896840	2947611	0.02	0.02	NC_030995.1	JH651388.1
2557088	2562870	2844165	2849942	5783	5778	97.84	2896840	2947611	0.20	0.20	NC_030995.1	JH651388.1
2562873	2571377	2850609	2859123	8505	8515	97.73	2896840	2947611	0.29	0.29	NC_030995.1	JH651388.1
2572178	2590308	2859736	2877851	18131	18116	98.54	2896840	2947611	0.63	0.61	NC_030995.1	JH651388.1
2590621	2601274	2878093	2888745	10654	10653	97.12	2896840	2947611	0.37	0.36	NC_030995.1	JH651388.1
2601436	2609122	2888746	2896487	7687	7742	97.28	2896840	2947611	0.27	0.26	NC_030995.1	JH651388.1
2609514	2630774	2896780	2918061	21261	21282	98.39	2896840	2947611	0.73	0.72	NC_030995.1	JH651388.1
2630790	2634123	2918173	2921506	3334	3334	98.59	2896840	2947611	0.12	0.11	NC_030995.1	JH651388.1
2634745	2645099	2924954	2935292	10355	10339	96.96	2896840	2947611	0.36	0.35	NC_030995.1	JH651388.1
2647062	2652947	2935294	2941166	5886	5873	97.25	2896840	2947611	0.20	0.20	NC_030995.1	JH651388.1
2653978	2658100	2942164	2946344	4123	4181	96.88	2896840	2947611	0.14	0.14	NC_030995.1	JH651388.1
2658099	2662299	769	4928	4201	4160	96.26	2896840	31095	0.15	13.38	NC_030995.1	KK035853.1
2662457	2667713	5040	10314	5257	5275	96.23	2896840	31095	0.18	16.96	NC_030995.1	KK035853.1
2670922	2684238	13310	26640	13317	13331	95.88	2896840	31095	0.46	42.87	NC_030995.1	KK035853.1
2686213	2688007	28532	30326	1795	1795	97.22	2896840	31095	0.06	5.77	NC_030995.1	KK035853.1
2687995	2695981	95881	103858	7987	7978	97.10	2896840	106902	0.28	7.46	NC_030995.1	JH651408.1
2696103	2697121	103980	104998	1019	1019	97.55	2896840	106902	0.04	0.95	NC_030995.1	JH651408.1
2697224	2698702	104677	106134	1479	1458	95.82	2896840	106902	0.05	1.36	NC_030995.1	JH651408.1
2698697	2698886	230997	230808	190	190	96.32	2896840	250012	0.01	0.08	NC_030995.1	JH651405.1
2698886	2702953	230178	226136	4068	4043	98.01	2896840	250012	0.14	1.62	NC_030995.1	JH651405.1
2705636	2706199	64408	64971	564	564	93.62	2896840	2142601	0.02	0.03	NC_030995.1	JH651393.1
2706230	2718906	226058	213469	12677	12590	97.34	2896840	250012	0.44	5.04	NC_030995.1	JH651405.1
2723803	2724774	213475	212505	972	971	97.84	2896840	250012	0.03	0.39	NC_030995.1	JH651405.1
2725404	2726458	211921	210790	1055	1132	87.78	2896840	250012	0.04	0.45	NC_030995.1	JH651405.1
2726626	2730947	210792	206473	4322	4320	96.92	2896840	250012	0.15	1.73	NC_030995.1	JH651405.1
2731193	2731459	206477	206210	267	268	93.68	2896840	250012	0.01	0.11	NC_030995.1	JH651405.1
2732277	2733203	205583	204657	927	927	94.93	2896840	250012	0.03	0.37	NC_030995.1	JH651405.1
2733207	2733449	204428	204659	243	232	90.53	2896840	250012	0.01	0.09	NC_030995.1	JH651405.1
2733697	2734983	204120	202840	1287	1281	95.10	2896840	250012	0.04	0.51	NC_030995.1	JH651405.1
2735329	2736140	202546	201735	812	812	96.80	2896840	250012	0.03	0.32	NC_030995.1	JH651405.1
2745836	2764663	201735	182949	18828	18787	96.48	2896840	250012	0.65	7.51	NC_030995.1	JH651405.1
2764962	2767802	182762	179935	2841	2828	94.00	2896840	250012	0.10	1.13	NC_030995.1	JH651405.1
2801867	2832835	152776	121817	30969	30960	98.61	2896840	250012	1.07	12.38	NC_030995.1	JH651405.1
2835485	2838978	121817	118329	3494	3489	97.51	2896840	250012	0.12	1.40	NC_030995.1	JH651405.1
2840272	2840953	117834	117156	682	679	98.68	2896840	250012	0.02	0.27	NC_030995.1	JH651405.1
2846679	2847040	2796077	2795717	362	361	91.99	2896840	2870791	0.01	0.01	NC_030995.1	JH651389.1
2864882	2865087	2858572	2858368	206	205	88.46	2896840	2870791	0.01	0.01	NC_030995.1	JH651389.1
2865097	2866197	45730	44634	1101	1097	82.82	2896840	2759859	0.04	0.04	NC_030995.1	JH651390.1
2866211	2866380	251147	250978	170	170	93.53	2896840	790686	0.01	0.02	NC_030995.1	JH651401.1
2866224	2866461	1466547	1466314	238	234	94.54	2896840	2947611	0.01	0.01	NC_030995.1	JH651388.1
2866418	2867021	2480876	2481477	604	602	88.93	2896840	4537458	0.02	0.01	NC_030995.1	JH651386.1
2866489	2867169	2132207	2132881	681	675	89.07	2896840	2142601	0.02	0.03	NC_030995.1	JH651393.1
2874130	2874204	67342	67268	75	75	96.00	2896840	5064356	0.00	0.00	NC_030995.1	JH651385.1
2874560	2875048	73391	72903	489	489	91.21	2896840	250012	0.02	0.20	NC_030995.1	JH651405.1
2875071	2875446	23221	23594	376	374	80.21	2896840	106902	0.01	0.35	NC_030995.1	JH651408.1
2875472	2875982	72904	72392	511	513	88.50	2896840	250012	0.02	0.21	NC_030995.1	JH651405.1
2876070	2880723	69678	65031	4654	4648	96.50	2896840	250012	0.16	1.86	NC_030995.1	JH651405.1
2881405	2887708	65019	58718	6304	6302	99.18	2896840	250012	0.22	2.52	NC_030995.1	JH651405.1
2887712	2888032	23209	23536	321	328	92.71	2896840	51956	0.01	0.63	NC_030995.1	JH651418.1
2888333	2894017	58730	53066	5685	5665	98.49	2896840	250012	0.20	2.27	NC_030995.1	JH651405.1
2894018	2896837	35797	32966	2820	2832	98.38	2896840	250012	0.10	1.13	NC_030995.1	JH651405.1
1896	7610	731953	726198	5715	5756	97.14	2337134	790686	0.24	0.73	NC_030996.1	JH651401.1
7705	17004	726195	716914	9300	9282	97.04	2337134	790686	0.40	1.17	NC_030996.1	JH651401.1
18038	20094	716004	713936	2057	2069	97.92	2337134	790686	0.09	0.26	NC_030996.1	JH651401.1
20779	53628	713191	680359	32850	32833	97.13	2337134	790686	1.41	4.15	NC_030996.1	JH651401.1
55189	77348	678788	656707	22160	22082	96.82	2337134	790686	0.95	2.79	NC_030996.1	JH651401.1
78020	80594	656714	654144	2575	2571	97.05	2337134	790686	0.11	0.33	NC_030996.1	JH651401.1
82116	189558	649728	542408	107443	107321	97.49	2337134	790686	4.60	13.57	NC_030996.1	JH651401.1
189559	201272	542237	530519	11714	11719	98.69	2337134	790686	0.50	1.48	NC_030996.1	JH651401.1
201636	203979	530198	527853	2344	2346	97.19	2337134	790686	0.10	0.30	NC_030996.1	JH651401.1
204632	206440	527293	525477	1809	1817	97.86	2337134	790686	0.08	0.23	NC_030996.1	JH651401.1
206546	212358	525480	519632	5813	5849	95.69	2337134	790686	0.25	0.74	NC_030996.1	JH651401.1
212377	215320	515352	512408	2944	2945	98.03	2337134	790686	0.13	0.37	NC_030996.1	JH651401.1
215481	216101	512236	511615	621	622	92.44	2337134	790686	0.03	0.08	NC_030996.1	JH651401.1
216108	302652	511401	424886	86545	86516	97.87	2337134	790686	3.70	10.94	NC_030996.1	JH651401.1
303189	352034	424445	375625	48846	48821	98.16	2337134	790686	2.09	6.17	NC_030996.1	JH651401.1
352204	352901	375623	374925	698	699	86.80	2337134	790686	0.03	0.09	NC_030996.1	JH651401.1
353704	368265	374927	360369	14562	14559	97.80	2337134	790686	0.62	1.84	NC_030996.1	JH651401.1
373586	404733	360373	329188	31148	31186	98.37	2337134	790686	1.33	3.94	NC_030996.1	JH651401.1
405648	407058	328404	326994	1411	1411	99.65	2337134	790686	0.06	0.18	NC_030996.1	JH651401.1
409246	420412	326995	315842	11167	11154	98.80	2337134	790686	0.48	1.41	NC_030996.1	JH651401.1
421123	424937	315840	312055	3815	3786	98.14	2337134	790686	0.16	0.48	NC_030996.1	JH651401.1
425361	441633	311728	295463	16273	16266	98.86	2337134	790686	0.70	2.06	NC_030996.1	JH651401.1
442316	448223	294894	288987	5908	5908	98.80	2337134	790686	0.25	0.75	NC_030996.1	JH651401.1
448329	450356	289912	287885	2028	2028	99.26	2337134	790686	0.09	0.26	NC_030996.1	JH651401.1
451559	458787	286671	279532	7229	7140	97.77	2337134	790686	0.31	0.90	NC_030996.1	JH651401.1
459272	459555	278794	278508	284	287	94.77	2337134	790686	0.01	0.04	NC_030996.1	JH651401.1
460659	494946	219891	185599	34288	34293	98.87	2337134	790686	1.47	4.34	NC_030996.1	JH651401.1
495148	558129	185400	122423	62982	62978	98.53	2337134	790686	2.69	7.96	NC_030996.1	JH651401.1
558785	610480	122436	70832	51696	51605	98.19	2337134	790686	2.21	6.53	NC_030996.1	JH651401.1
611130	619935	70848	62072	8806	8777	97.49	2337134	790686	0.38	1.11	NC_030996.1	JH651401.1
620082	635984	61949	46052	15903	15898	97.35	2337134	790686	0.68	2.01	NC_030996.1	JH651401.1
636153	651558	46051	30639	15406	15413	98.64	2337134	790686	0.66	1.95	NC_030996.1	JH651401.1
651543	655067	30351	26826	3525	3526	99.04	2337134	790686	0.15	0.45	NC_030996.1	JH651401.1
655219	681706	26650	180	26488	26471	98.26	2337134	790686	1.13	3.35	NC_030996.1	JH651401.1
681702	696513	1653784	1638978	14812	14807	99.16	2337134	1653966	0.63	0.90	NC_030996.1	JH651396.1
696512	696764	1636689	1636437	253	253	99.21	2337134	1653966	0.01	0.02	NC_030996.1	JH651396.1
696916	748118	1636443	1585276	51203	51168	98.06	2337134	1653966	2.19	3.09	NC_030996.1	JH651396.1
748118	771967	1585117	1561285	23850	23833	98.86	2337134	1653966	1.02	1.44	NC_030996.1	JH651396.1
772125	801112	1561285	1532220	28988	29066	98.29	2337134	1653966	1.24	1.76	NC_030996.1	JH651396.1
802168	803563	1531772	1530372	1396	1401	96.23	2337134	1653966	0.06	0.08	NC_030996.1	JH651396.1
803622	803845	1530425	1530198	224	228	94.74	2337134	1653966	0.01	0.01	NC_030996.1	JH651396.1
804011	805052	1530197	1529201	1042	997	92.66	2337134	1653966	0.04	0.06	NC_030996.1	JH651396.1
805636	806844	1529206	1528025	1209	1182	94.03	2337134	1653966	0.05	0.07	NC_030996.1	JH651396.1
806845	816756	1527920	1518009	9912	9912	97.63	2337134	1653966	0.42	0.60	NC_030996.1	JH651396.1
816756	842465	1517907	1492150	25710	25758	97.93	2337134	1653966	1.10	1.56	NC_030996.1	JH651396.1
842459	853390	1491982	1481058	10932	10925	99.19	2337134	1653966	0.47	0.66	NC_030996.1	JH651396.1
853525	867018	1481052	1467572	13494	13481	98.85	2337134	1653966	0.58	0.82	NC_030996.1	JH651396.1
869959	885477	1467580	1452046	15519	15535	98.66	2337134	1653966	0.66	0.94	NC_030996.1	JH651396.1
885523	926391	1452090	1411286	40869	40805	98.46	2337134	1653966	1.75	2.47	NC_030996.1	JH651396.1
926392	929425	6964	3921	3034	3044	98.42	2337134	27152	0.13	11.21	NC_030996.1	JH651443.1
929423	936193	1411293	1404527	6771	6767	98.30	2337134	1653966	0.29	0.41	NC_030996.1	JH651396.1
936952	944698	1404535	1396790	7747	7746	98.72	2337134	1653966	0.33	0.47	NC_030996.1	JH651396.1
944734	950626	1395273	1389393	5893	5881	98.56	2337134	1653966	0.25	0.36	NC_030996.1	JH651396.1
950978	960230	1389173	1379933	9253	9241	99.00	2337134	1653966	0.40	0.56	NC_030996.1	JH651396.1
960986	976750	1379944	1364194	15765	15751	98.36	2337134	1653966	0.67	0.95	NC_030996.1	JH651396.1
976745	1026793	1364059	1314063	50049	49997	98.63	2337134	1653966	2.14	3.02	NC_030996.1	JH651396.1
1028652	1034704	1314064	1307987	6053	6078	98.22	2337134	1653966	0.26	0.37	NC_030996.1	JH651396.1
1035327	1038618	1307185	1303894	3292	3292	98.72	2337134	1653966	0.14	0.20	NC_030996.1	JH651396.1
1038767	1049021	1303894	1293655	10255	10240	98.39	2337134	1653966	0.44	0.62	NC_030996.1	JH651396.1
1049680	1095969	1293667	1247416	46290	46252	98.56	2337134	1653966	1.98	2.80	NC_030996.1	JH651396.1
1096116	1120022	1247317	1223408	23907	23910	98.76	2337134	1653966	1.02	1.45	NC_030996.1	JH651396.1
1120501	1186812	1223413	1157216	66312	66198	98.59	2337134	1653966	2.84	4.00	NC_030996.1	JH651396.1
1187687	1193651	1154595	1148637	5965	5959	97.15	2337134	1653966	0.26	0.36	NC_030996.1	JH651396.1
1193782	1205021	1148501	1137250	11240	11252	98.90	2337134	1653966	0.48	0.68	NC_030996.1	JH651396.1
1205620	1243027	1137248	1099838	37408	37411	98.74	2337134	1653966	1.60	2.26	NC_030996.1	JH651396.1
1243196	1261017	1099838	1082003	17822	17836	98.02	2337134	1653966	0.76	1.08	NC_030996.1	JH651396.1
1261174	1276642	1082000	1066566	15469	15435	98.27	2337134	1653966	0.66	0.93	NC_030996.1	JH651396.1
1276643	1340547	1064819	1000948	63905	63872	97.70	2337134	1653966	2.73	3.86	NC_030996.1	JH651396.1
1343832	1352488	1000575	991923	8657	8653	98.88	2337134	1653966	0.37	0.52	NC_030996.1	JH651396.1
1353248	1356146	991930	989032	2899	2899	99.38	2337134	1653966	0.12	0.18	NC_030996.1	JH651396.1
1361250	1383423	989034	966877	22174	22158	98.27	2337134	1653966	0.95	1.34	NC_030996.1	JH651396.1
1386586	1404606	966664	948645	18021	18020	97.26	2337134	1653966	0.77	1.09	NC_030996.1	JH651396.1
1404851	1452538	948421	900731	47688	47691	98.29	2337134	1653966	2.04	2.88	NC_030996.1	JH651396.1
1453306	1465370	900730	888682	12065	12049	97.24	2337134	1653966	0.52	0.73	NC_030996.1	JH651396.1
1465612	1470005	888690	884299	4394	4392	97.68	2337134	1653966	0.19	0.27	NC_030996.1	JH651396.1
1473277	1490437	884298	867143	17161	17156	98.85	2337134	1653966	0.73	1.04	NC_030996.1	JH651396.1
1491155	1535247	867122	823022	44093	44101	98.49	2337134	1653966	1.89	2.67	NC_030996.1	JH651396.1
1535581	1611425	822700	746853	75845	75848	98.37	2337134	1653966	3.25	4.59	NC_030996.1	JH651396.1
1614186	1619358	746806	741608	5173	5199	98.23	2337134	1653966	0.22	0.31	NC_030996.1	JH651396.1
1619516	1621254	741602	739840	1739	1763	96.43	2337134	1653966	0.07	0.11	NC_030996.1	JH651396.1
1621908	1641213	739854	720538	19306	19317	98.22	2337134	1653966	0.83	1.17	NC_030996.1	JH651396.1
1642260	1654925	720549	707855	12666	12695	97.88	2337134	1653966	0.54	0.77	NC_030996.1	JH651396.1
1654924	1657779	705808	702953	2856	2856	98.60	2337134	1653966	0.12	0.17	NC_030996.1	JH651396.1
1658427	1660937	702967	700435	2511	2533	96.73	2337134	1653966	0.11	0.15	NC_030996.1	JH651396.1
1664029	1673575	700443	690892	9547	9552	99.11	2337134	1653966	0.41	0.58	NC_030996.1	JH651396.1
1673738	1702710	690735	661812	28973	28924	98.03	2337134	1653966	1.24	1.75	NC_030996.1	JH651396.1
1703182	1734223	661340	630361	31042	30980	96.83	2337134	1653966	1.33	1.87	NC_030996.1	JH651396.1
1734224	1734394	630266	630096	171	171	94.74	2337134	1653966	0.01	0.01	NC_030996.1	JH651396.1
1734556	1771509	628394	591399	36954	36996	98.15	2337134	1653966	1.58	2.24	NC_030996.1	JH651396.1
1771503	1776543	591215	586193	5041	5023	98.23	2337134	1653966	0.22	0.30	NC_030996.1	JH651396.1
1776540	1776753	585983	586196	214	214	93.46	2337134	1653966	0.01	0.01	NC_030996.1	JH651396.1
1776750	1837366	585986	525359	60617	60628	98.14	2337134	1653966	2.59	3.67	NC_030996.1	JH651396.1
1837019	1847790	525258	514451	10772	10808	98.12	2337134	1653966	0.46	0.65	NC_030996.1	JH651396.1
1850929	1860121	514448	505251	9193	9198	97.60	2337134	1653966	0.39	0.56	NC_030996.1	JH651396.1
1860399	1865416	505023	499977	5018	5047	97.27	2337134	1653966	0.21	0.31	NC_030996.1	JH651396.1
1866068	1876027	499991	490038	9960	9954	97.98	2337134	1653966	0.43	0.60	NC_030996.1	JH651396.1
1876208	1878139	490043	488115	1932	1929	97.52	2337134	1653966	0.08	0.12	NC_030996.1	JH651396.1
1880833	1881264	187781	188212	432	432	88.43	2337134	206411	0.02	0.21	NC_030996.1	KK035844.1
1880996	1881845	27876	28738	850	863	87.27	2337134	68668	0.04	1.26	NC_030996.1	JH651414.1
1883127	1884716	125343	126935	1590	1593	84.10	2337134	137471	0.07	1.16	NC_030996.1	KK035846.1
1899302	1900016	246292	247005	715	714	85.65	2337134	2471847	0.03	0.03	NC_030996.1	JH651391.1
1899841	1900245	30496	30090	405	407	90.95	2337134	2471847	0.02	0.02	NC_030996.1	JH651391.1
1900245	1918133	488128	470281	17889	17848	98.41	2337134	1653966	0.77	1.08	NC_030996.1	JH651396.1
1918131	1918307	470147	469971	177	177	94.92	2337134	1653966	0.01	0.01	NC_030996.1	JH651396.1
1918299	1919592	445978	444687	1294	1292	97.99	2337134	1653966	0.06	0.08	NC_030996.1	JH651396.1
1920244	1952476	444699	412527	32233	32173	97.23	2337134	1653966	1.38	1.95	NC_030996.1	JH651396.1
1952594	1953483	412418	411531	890	888	83.46	2337134	1653966	0.04	0.05	NC_030996.1	JH651396.1
1956229	1957049	408826	408000	821	827	82.79	2337134	1653966	0.04	0.05	NC_030996.1	JH651396.1
1957484	2008800	407807	356526	51317	51282	97.43	2337134	1653966	2.20	3.10	NC_030996.1	JH651396.1
2009454	2020704	356539	345281	11251	11259	98.30	2337134	1653966	0.48	0.68	NC_030996.1	JH651396.1
2021567	2024055	345280	342790	2489	2491	95.59	2337134	1653966	0.11	0.15	NC_030996.1	JH651396.1
2024051	2024503	342674	342221	453	454	96.70	2337134	1653966	0.02	0.03	NC_030996.1	JH651396.1
2025161	2048948	342232	318456	23788	23777	97.02	2337134	1653966	1.02	1.44	NC_030996.1	JH651396.1
2051097	2066504	316212	300800	15408	15413	97.86	2337134	1653966	0.66	0.93	NC_030996.1	JH651396.1
2067262	2071464	300809	296600	4203	4210	92.60	2337134	1653966	0.18	0.25	NC_030996.1	JH651396.1
2071619	2076868	296434	291167	5250	5268	95.62	2337134	1653966	0.22	0.32	NC_030996.1	JH651396.1
2076889	2100583	290287	266586	23695	23702	97.38	2337134	1653966	1.01	1.43	NC_030996.1	JH651396.1
2101569	2111858	264189	253908	10290	10282	97.43	2337134	1653966	0.44	0.62	NC_030996.1	JH651396.1
2112595	2113324	242356	241627	730	730	83.86	2337134	1653966	0.03	0.04	NC_030996.1	JH651396.1
2118439	2131700	238044	224722	13262	13323	97.24	2337134	1653966	0.57	0.81	NC_030996.1	JH651396.1
2131642	2135038	224580	221184	3397	3397	96.03	2337134	1653966	0.15	0.21	NC_030996.1	JH651396.1
2135329	2135430	1465068	1464967	102	102	96.08	2337134	1468334	0.00	0.01	NC_030996.1	JH651398.1
2136093	2154148	220353	202294	18056	18060	98.06	2337134	1653966	0.77	1.09	NC_030996.1	JH651396.1
2154148	2155279	196793	195678	1132	1116	93.84	2337134	1653966	0.05	0.07	NC_030996.1	JH651396.1
2155278	2155596	192056	191737	319	320	98.12	2337134	1653966	0.01	0.02	NC_030996.1	JH651396.1
2155739	2162040	191737	185434	6302	6304	98.21	2337134	1653966	0.27	0.38	NC_030996.1	JH651396.1
2162778	2164485	184847	183139	1708	1709	93.93	2337134	1653966	0.07	0.10	NC_030996.1	JH651396.1
2166461	2168567	183144	181031	2107	2114	96.22	2337134	1653966	0.09	0.13	NC_030996.1	JH651396.1
2168566	2174464	180824	174914	5899	5911	97.43	2337134	1653966	0.25	0.36	NC_030996.1	JH651396.1
2175553	2188572	174917	161885	13020	13033	97.42	2337134	1653966	0.56	0.79	NC_030996.1	JH651396.1
2191398	2193755	161936	159582	2358	2355	93.47	2337134	1653966	0.10	0.14	NC_030996.1	JH651396.1
2201010	2205490	159586	155124	4481	4463	94.00	2337134	1653966	0.19	0.27	NC_030996.1	JH651396.1
2205491	2218709	144462	131246	13219	13217	96.96	2337134	1653966	0.57	0.80	NC_030996.1	JH651396.1
2218829	2234430	131131	115527	15602	15605	98.08	2337134	1653966	0.67	0.94	NC_030996.1	JH651396.1
2239979	2240226	115532	115275	248	258	92.64	2337134	1653966	0.01	0.02	NC_030996.1	JH651396.1
2240515	2257735	115281	98051	17221	17231	98.64	2337134	1653966	0.74	1.04	NC_030996.1	JH651396.1
2258049	2264373	99058	92722	6325	6337	97.14	2337134	1653966	0.27	0.38	NC_030996.1	JH651396.1
2265026	2272480	92735	85279	7455	7457	96.37	2337134	1653966	0.32	0.45	NC_030996.1	JH651396.1
2278866	2279974	82114	81018	1109	1097	94.95	2337134	1653966	0.05	0.07	NC_030996.1	JH651396.1
2280449	2288988	80477	71970	8540	8508	96.91	2337134	1653966	0.37	0.51	NC_030996.1	JH651396.1
2291755	2299030	70110	62826	7276	7285	97.54	2337134	1653966	0.31	0.44	NC_030996.1	JH651396.1
2299026	2302057	60302	57196	3032	3107	96.01	2337134	1653966	0.13	0.19	NC_030996.1	JH651396.1
2304411	2308576	57198	53028	4166	4171	96.93	2337134	1653966	0.18	0.25	NC_030996.1	JH651396.1
2308576	2324881	52896	36626	16306	16271	98.12	2337134	1653966	0.70	0.98	NC_030996.1	JH651396.1
2332279	2333175	36628	35739	897	890	94.32	2337134	1653966	0.04	0.05	NC_030996.1	JH651396.1
2333288	2334684	35738	34349	1397	1390	93.20	2337134	1653966	0.06	0.08	NC_030996.1	JH651396.1
134	665	6127	6655	532	529	86.94	2233407	7705	0.02	6.87	NC_030997.1	KK035886.1
580	790	254423	254634	211	212	91.55	2233407	2759859	0.01	0.01	NC_030997.1	JH651390.1
4504	31797	2352499	2325195	27294	27305	97.32	2233407	2759859	1.22	0.99	NC_030997.1	JH651390.1
31797	36423	2325083	2320482	4627	4602	97.28	2233407	2759859	0.21	0.17	NC_030997.1	JH651390.1
42302	46573	2314705	2310459	4272	4247	95.19	2233407	2759859	0.19	0.15	NC_030997.1	JH651390.1
46573	47144	2310360	2309796	572	565	88.50	2233407	2759859	0.03	0.02	NC_030997.1	JH651390.1
53092	61498	2306746	2298372	8407	8375	92.98	2233407	2759859	0.38	0.30	NC_030997.1	JH651390.1
61625	66360	2298035	2293300	4736	4736	96.16	2233407	2759859	0.21	0.17	NC_030997.1	JH651390.1
66354	80806	2293148	2278705	14453	14444	97.58	2233407	2759859	0.65	0.52	NC_030997.1	JH651390.1
82256	83231	2278558	2277585	976	974	91.19	2233407	2759859	0.04	0.04	NC_030997.1	JH651390.1
83381	83547	2277456	2277291	167	166	93.45	2233407	2759859	0.01	0.01	NC_030997.1	JH651390.1
83867	125882	2276952	2234910	42016	42043	98.16	2233407	2759859	1.88	1.52	NC_030997.1	JH651390.1
126136	154763	2234869	2206235	28628	28635	97.21	2233407	2759859	1.28	1.04	NC_030997.1	JH651390.1
156914	159822	2203361	2200453	2909	2909	97.94	2233407	2759859	0.13	0.11	NC_030997.1	JH651390.1
159831	171682	2182904	2171044	11852	11861	97.87	2233407	2759859	0.53	0.43	NC_030997.1	JH651390.1
172241	184952	2171045	2158356	12712	12690	97.74	2233407	2759859	0.57	0.46	NC_030997.1	JH651390.1
185400	188516	2157903	2154793	3117	3111	96.73	2233407	2759859	0.14	0.11	NC_030997.1	JH651390.1
188785	195997	2154662	2147461	7213	7202	97.20	2233407	2759859	0.32	0.26	NC_030997.1	JH651390.1
199905	222535	2146546	2123941	22631	22606	97.73	2233407	2759859	1.01	0.82	NC_030997.1	JH651390.1
222991	227328	2123569	2119237	4338	4333	95.09	2233407	2759859	0.19	0.16	NC_030997.1	JH651390.1
228504	229669	2117873	2116709	1166	1165	84.06	2233407	2759859	0.05	0.04	NC_030997.1	JH651390.1
229996	231665	2116371	2114717	1670	1655	91.63	2233407	2759859	0.07	0.06	NC_030997.1	JH651390.1
232280	233123	2114720	2113877	844	844	93.61	2233407	2759859	0.04	0.03	NC_030997.1	JH651390.1
233291	271656	2113875	2075566	38366	38310	97.65	2233407	2759859	1.72	1.39	NC_030997.1	JH651390.1
271858	276908	2075391	2070345	5051	5047	98.22	2233407	2759859	0.23	0.18	NC_030997.1	JH651390.1
276902	280556	2069708	2066053	3655	3656	98.25	2233407	2759859	0.16	0.13	NC_030997.1	JH651390.1
280771	295736	2066057	2051132	14966	14926	96.24	2233407	2759859	0.67	0.54	NC_030997.1	JH651390.1
295738	297897	2051030	2048879	2160	2152	95.52	2233407	2759859	0.10	0.08	NC_030997.1	JH651390.1
303343	309498	2046449	2040360	6156	6090	94.68	2233407	2759859	0.28	0.22	NC_030997.1	JH651390.1
309709	317197	2040320	2032846	7489	7475	96.28	2233407	2759859	0.34	0.27	NC_030997.1	JH651390.1
317855	328600	2032858	2022091	10746	10768	96.34	2233407	2759859	0.48	0.39	NC_030997.1	JH651390.1
328751	336004	2022058	2014801	7254	7258	98.58	2233407	2759859	0.32	0.26	NC_030997.1	JH651390.1
336002	423975	2014766	1926815	87974	87952	98.46	2233407	2759859	3.94	3.19	NC_030997.1	JH651390.1
424219	435092	1926591	1915726	10874	10866	98.52	2233407	2759859	0.49	0.39	NC_030997.1	JH651390.1
435405	435853	1915730	1915285	449	446	96.66	2233407	2759859	0.02	0.02	NC_030997.1	JH651390.1
436139	481985	1914971	1869166	45847	45806	98.58	2233407	2759859	2.05	1.66	NC_030997.1	JH651390.1
484091	536427	1869166	1816788	52337	52379	98.40	2233407	2759859	2.34	1.90	NC_030997.1	JH651390.1
536693	536924	1816693	1816465	232	229	87.66	2233407	2759859	0.01	0.01	NC_030997.1	JH651390.1
537627	564332	1815665	1788952	26706	26714	97.61	2233407	2759859	1.20	0.97	NC_030997.1	JH651390.1
564468	572487	1788828	1780808	8020	8021	98.77	2233407	2759859	0.36	0.29	NC_030997.1	JH651390.1
574128	643820	1780812	1711124	69693	69689	98.37	2233407	2759859	3.12	2.53	NC_030997.1	JH651390.1
644580	648214	1711131	1707489	3635	3643	96.96	2233407	2759859	0.16	0.13	NC_030997.1	JH651390.1
648628	661609	1707184	1694211	12982	12974	98.10	2233407	2759859	0.58	0.47	NC_030997.1	JH651390.1
661715	694515	1694178	1661351	32801	32828	98.63	2233407	2759859	1.47	1.19	NC_030997.1	JH651390.1
694673	699117	1661203	1656759	4445	4445	98.07	2233407	2759859	0.20	0.16	NC_030997.1	JH651390.1
703725	744028	1656738	1616432	40304	40307	97.97	2233407	2759859	1.80	1.46	NC_030997.1	JH651390.1
744029	753851	1614939	1605128	9823	9812	96.54	2233407	2759859	0.44	0.36	NC_030997.1	JH651390.1
754811	763821	1603529	1594522	9011	9008	97.14	2233407	2759859	0.40	0.33	NC_030997.1	JH651390.1
763821	764368	1594166	1593624	548	543	95.07	2233407	2759859	0.02	0.02	NC_030997.1	JH651390.1
764368	778429	1592996	1578956	14062	14041	97.50	2233407	2759859	0.63	0.51	NC_030997.1	JH651390.1
778921	779426	13573	13073	506	501	93.68	2233407	15004	0.02	3.34	NC_030997.1	JH651466.1
779709	789168	1578972	1569510	9460	9463	99.01	2233407	2759859	0.42	0.34	NC_030997.1	JH651390.1
789819	793711	1569522	1565625	3893	3898	98.41	2233407	2759859	0.17	0.14	NC_030997.1	JH651390.1
793711	797950	1565490	1561292	4240	4199	94.47	2233407	2759859	0.19	0.15	NC_030997.1	JH651390.1
797956	839678	1557729	1516043	41723	41687	97.40	2233407	2759859	1.87	1.51	NC_030997.1	JH651390.1
839895	840038	1512085	1512228	144	144	90.28	2233407	2759859	0.01	0.01	NC_030997.1	JH651390.1
841012	842339	1513294	1514626	1328	1333	91.83	2233407	2759859	0.06	0.05	NC_030997.1	JH651390.1
842547	843632	1514696	1515780	1086	1085	92.08	2233407	2759859	0.05	0.04	NC_030997.1	JH651390.1
844384	920694	1511346	1435003	76311	76344	97.67	2233407	2759859	3.42	2.77	NC_030997.1	JH651390.1
920685	933346	1434643	1421982	12662	12662	98.40	2233407	2759859	0.57	0.46	NC_030997.1	JH651390.1
936287	964498	1421990	1393713	28212	28278	98.49	2233407	2759859	1.26	1.02	NC_030997.1	JH651390.1
964665	973576	1393713	1384803	8912	8911	97.23	2233407	2759859	0.40	0.32	NC_030997.1	JH651390.1
975125	984186	1383941	1374896	9062	9046	96.48	2233407	2759859	0.41	0.33	NC_030997.1	JH651390.1
984687	999831	1374445	1359300	15145	15146	97.94	2233407	2759859	0.68	0.55	NC_030997.1	JH651390.1
1000012	1005761	1359124	1353378	5750	5747	99.03	2233407	2759859	0.26	0.21	NC_030997.1	JH651390.1
1006414	1063238	1353392	1296610	56825	56783	98.59	2233407	2759859	2.54	2.06	NC_030997.1	JH651390.1
1063703	1064991	143741	145028	1289	1288	83.33	2233407	282688	0.06	0.46	NC_030997.1	JH651404.1
1071127	1071507	10312	10692	381	381	91.12	2233407	13077	0.02	2.91	NC_030997.1	KK035869.1
1072208	1074191	1296623	1294640	1984	1984	98.08	2233407	2759859	0.09	0.07	NC_030997.1	JH651390.1
1074191	1077682	1293409	1289920	3492	3490	97.42	2233407	2759859	0.16	0.13	NC_030997.1	JH651390.1
1078076	1100112	1289880	1267865	22037	22016	98.04	2233407	2759859	0.99	0.80	NC_030997.1	JH651390.1
1102462	1121396	1265260	1246349	18935	18912	98.04	2233407	2759859	0.85	0.69	NC_030997.1	JH651390.1
1122155	1154891	1246357	1213665	32737	32693	98.62	2233407	2759859	1.47	1.18	NC_030997.1	JH651390.1
1155544	1156365	1213680	1212859	822	822	97.45	2233407	2759859	0.04	0.03	NC_030997.1	JH651390.1
1156898	1158605	1210715	1209043	1708	1673	90.77	2233407	2759859	0.08	0.06	NC_030997.1	JH651390.1
1158786	1159057	1209118	1208848	272	271	88.69	2233407	2759859	0.01	0.01	NC_030997.1	JH651390.1
1160091	1161534	1208747	1207302	1444	1446	98.48	2233407	2759859	0.06	0.05	NC_030997.1	JH651390.1
1162714	1200978	1206180	1167898	38265	38283	98.46	2233407	2759859	1.71	1.39	NC_030997.1	JH651390.1
1201145	1206265	1167898	1162805	5121	5094	98.13	2233407	2759859	0.23	0.18	NC_030997.1	JH651390.1
1206263	1222367	1162297	1146173	16105	16125	97.38	2233407	2759859	0.72	0.58	NC_030997.1	JH651390.1
1223401	1225324	1145192	1143269	1924	1924	98.70	2233407	2759859	0.09	0.07	NC_030997.1	JH651390.1
1225434	1283385	1143169	1085236	57952	57934	98.43	2233407	2759859	2.59	2.10	NC_030997.1	JH651390.1
1283386	1292150	1084902	1076137	8765	8766	98.97	2233407	2759859	0.39	0.32	NC_030997.1	JH651390.1
1292417	1295355	1076000	1073062	2939	2939	98.84	2233407	2759859	0.13	0.11	NC_030997.1	JH651390.1
1296356	1307151	1039332	1028541	10796	10792	98.97	2233407	2759859	0.48	0.39	NC_030997.1	JH651390.1
1307283	1307855	1028413	1027841	573	573	98.60	2233407	2759859	0.03	0.02	NC_030997.1	JH651390.1
1308336	1317838	1027845	1018379	9503	9467	98.41	2233407	2759859	0.43	0.34	NC_030997.1	JH651390.1
1318675	1322775	1018378	1014264	4101	4115	98.30	2233407	2759859	0.18	0.15	NC_030997.1	JH651390.1
1322983	1334919	1014067	1002073	11937	11995	97.67	2233407	2759859	0.53	0.43	NC_030997.1	JH651390.1
1336476	1336813	1001879	1001542	338	338	97.34	2233407	2759859	0.02	0.01	NC_030997.1	JH651390.1
1336814	1354132	1000989	983698	17319	17292	98.08	2233407	2759859	0.78	0.63	NC_030997.1	JH651390.1
1356386	1356937	983658	983109	552	550	83.24	2233407	2759859	0.02	0.02	NC_030997.1	JH651390.1
1359284	1369508	980405	970153	10225	10253	95.71	2233407	2759859	0.46	0.37	NC_030997.1	JH651390.1
1371544	1392558	968457	947524	21015	20934	96.60	2233407	2759859	0.94	0.76	NC_030997.1	JH651390.1
1392551	1403274	947317	936601	10724	10717	98.10	2233407	2759859	0.48	0.39	NC_030997.1	JH651390.1
1403406	1442186	936469	897711	38781	38759	97.53	2233407	2759859	1.74	1.40	NC_030997.1	JH651390.1
1442381	1445702	897718	894394	3322	3325	97.71	2233407	2759859	0.15	0.12	NC_030997.1	JH651390.1
1445703	1448588	2973	89	2886	2885	93.52	2233407	3623	0.13	79.63	NC_030997.1	KK035937.1
1448588	1455276	894403	887716	6689	6688	97.59	2233407	2759859	0.30	0.24	NC_030997.1	JH651390.1
1455277	1455499	2016645	2016867	223	223	95.96	2233407	2471847	0.01	0.01	NC_030997.1	JH651391.1
1455319	1455709	1447242	1446855	391	388	80.88	2233407	2947611	0.02	0.01	NC_030997.1	JH651388.1
1455701	1466504	887729	876921	10804	10809	96.76	2233407	2759859	0.48	0.39	NC_030997.1	JH651390.1
1466549	1475191	876654	868017	8643	8638	97.83	2233407	2759859	0.39	0.31	NC_030997.1	JH651390.1
1475347	1505273	868010	838074	29927	29937	98.30	2233407	2759859	1.34	1.08	NC_030997.1	JH651390.1
1505273	1521177	837897	822002	15905	15896	98.65	2233407	2759859	0.71	0.58	NC_030997.1	JH651390.1
1521564	1542557	822000	801108	20994	20893	97.27	2233407	2759859	0.94	0.76	NC_030997.1	JH651390.1
1542548	1547637	800646	795551	5090	5096	98.20	2233407	2759859	0.23	0.18	NC_030997.1	JH651390.1
1548672	1549722	795331	794280	1051	1052	90.98	2233407	2759859	0.05	0.04	NC_030997.1	JH651390.1
1549721	1565495	793871	778099	15775	15773	98.28	2233407	2759859	0.71	0.57	NC_030997.1	JH651390.1
1565743	1573858	777935	769842	8116	8094	98.05	2233407	2759859	0.36	0.29	NC_030997.1	JH651390.1
1574047	1595729	769732	748049	21683	21684	98.54	2233407	2759859	0.97	0.79	NC_030997.1	JH651390.1
1595728	1600257	747749	743218	4530	4532	97.18	2233407	2759859	0.20	0.16	NC_030997.1	JH651390.1
1601873	1605863	738050	734059	3991	3992	98.75	2233407	2759859	0.18	0.14	NC_030997.1	JH651390.1
1611080	1629013	734054	716119	17934	17936	97.05	2233407	2759859	0.80	0.65	NC_030997.1	JH651390.1
1629012	1629610	16645	17243	599	599	99.83	2233407	27152	0.03	2.21	NC_030997.1	JH651443.1
1629610	1640143	716127	705516	10534	10612	96.62	2233407	2759859	0.47	0.38	NC_030997.1	JH651390.1
1640145	1651597	705167	693741	11453	11427	97.97	2233407	2759859	0.51	0.41	NC_030997.1	JH651390.1
1651753	1653919	693604	691438	2167	2167	98.11	2233407	2759859	0.10	0.08	NC_030997.1	JH651390.1
1659547	1664604	691561	686503	5058	5059	96.74	2233407	2759859	0.23	0.18	NC_030997.1	JH651390.1
1664874	1675209	677511	667187	10336	10325	95.64	2233407	2759859	0.46	0.37	NC_030997.1	JH651390.1
1675306	1713053	667186	629539	37748	37648	97.27	2233407	2759859	1.69	1.36	NC_030997.1	JH651390.1
1713100	1722079	629300	620328	8980	8973	95.79	2233407	2759859	0.40	0.33	NC_030997.1	JH651390.1
1722185	1729737	620328	612787	7553	7542	96.35	2233407	2759859	0.34	0.27	NC_030997.1	JH651390.1
1734943	1738617	612246	608564	3675	3683	89.60	2233407	2759859	0.16	0.13	NC_030997.1	JH651390.1
1738618	1738814	1322742	1322939	197	198	97.98	2233407	1675914	0.01	0.01	NC_030997.1	JH651395.1
1739926	1744669	608578	603830	4744	4749	96.53	2233407	2759859	0.21	0.17	NC_030997.1	JH651390.1
1744790	1758408	603801	590190	13619	13612	97.88	2233407	2759859	0.61	0.49	NC_030997.1	JH651390.1
1758495	1769620	590194	579058	11126	11137	93.65	2233407	2759859	0.50	0.40	NC_030997.1	JH651390.1
1772543	1776875	587099	582761	4333	4339	90.40	2233407	711798	0.19	0.61	NC_030997.1	JH651402.1
1776984	1777259	572871	572595	276	277	94.24	2233407	2759859	0.01	0.01	NC_030997.1	JH651390.1
1777246	1781600	572378	568034	4355	4345	95.35	2233407	2759859	0.19	0.16	NC_030997.1	JH651390.1
1789910	1792145	567455	565206	2236	2250	89.22	2233407	2759859	0.10	0.08	NC_030997.1	JH651390.1
1794832	1795244	558539	558127	413	413	87.23	2233407	2759859	0.02	0.01	NC_030997.1	JH651390.1
1796494	1810050	550701	537131	13557	13571	97.24	2233407	2759859	0.61	0.49	NC_030997.1	JH651390.1
1810680	1817781	536692	529629	7102	7064	96.38	2233407	2759859	0.32	0.26	NC_030997.1	JH651390.1
1817776	1833433	515448	499799	15658	15650	96.85	2233407	2759859	0.70	0.57	NC_030997.1	JH651390.1
1834187	1849859	499812	484210	15673	15603	94.47	2233407	2759859	0.70	0.57	NC_030997.1	JH651390.1
1851544	1854499	482588	479634	2956	2955	82.75	2233407	2759859	0.13	0.11	NC_030997.1	JH651390.1
1856018	1857106	478609	477514	1089	1096	91.89	2233407	2759859	0.05	0.04	NC_030997.1	JH651390.1
1857238	1859486	477437	475189	2249	2249	94.86	2233407	2759859	0.10	0.08	NC_030997.1	JH651390.1
1859847	1861809	474766	472804	1963	1963	95.77	2233407	2759859	0.09	0.07	NC_030997.1	JH651390.1
1861810	1865984	468692	464501	4175	4192	94.81	2233407	2759859	0.19	0.15	NC_030997.1	JH651390.1
1866299	1867727	464506	463058	1429	1449	90.16	2233407	2759859	0.06	0.05	NC_030997.1	JH651390.1
1870701	1875014	458926	454643	4314	4284	97.01	2233407	2759859	0.19	0.16	NC_030997.1	JH651390.1
1875364	1884730	454556	445204	9367	9353	96.17	2233407	2759859	0.42	0.34	NC_030997.1	JH651390.1
1885119	1888777	444935	441276	3659	3660	96.16	2233407	2759859	0.16	0.13	NC_030997.1	JH651390.1
1889232	1890847	440795	439183	1616	1613	87.29	2233407	2759859	0.07	0.06	NC_030997.1	JH651390.1
1898440	1898905	438206	437751	466	456	83.83	2233407	2759859	0.02	0.02	NC_030997.1	JH651390.1
1899162	1910488	437584	426243	11327	11342	96.89	2233407	2759859	0.51	0.41	NC_030997.1	JH651390.1
1911163	1912308	426243	425097	1146	1147	95.38	2233407	2759859	0.05	0.04	NC_030997.1	JH651390.1
1912302	1914366	424736	422664	2065	2073	97.35	2233407	2759859	0.09	0.08	NC_030997.1	JH651390.1
1914486	1917932	422561	419116	3447	3446	98.35	2233407	2759859	0.15	0.12	NC_030997.1	JH651390.1
1918087	1918869	417611	416824	783	788	97.21	2233407	2759859	0.04	0.03	NC_030997.1	JH651390.1
1918967	1945361	416829	390432	26395	26398	97.27	2233407	2759859	1.18	0.96	NC_030997.1	JH651390.1
1945451	1979844	390432	356018	34394	34415	97.34	2233407	2759859	1.54	1.25	NC_030997.1	JH651390.1
1979844	1999119	355898	336599	19276	19300	96.48	2233407	2759859	0.86	0.70	NC_030997.1	JH651390.1
1999555	2000129	336489	335919	575	571	86.31	2233407	2759859	0.03	0.02	NC_030997.1	JH651390.1
2002558	2003604	331455	330411	1047	1045	81.89	2233407	2759859	0.05	0.04	NC_030997.1	JH651390.1
2008147	2013529	330408	325026	5383	5383	96.42	2233407	2759859	0.24	0.20	NC_030997.1	JH651390.1
2014205	2017225	325038	322043	3021	2996	94.97	2233407	2759859	0.14	0.11	NC_030997.1	JH651390.1
2018594	2033680	322044	306945	15087	15100	96.82	2233407	2759859	0.68	0.55	NC_030997.1	JH651390.1
2034604	2038113	306945	303471	3510	3475	93.83	2233407	2759859	0.16	0.13	NC_030997.1	JH651390.1
2038106	2047382	288820	279557	9277	9264	97.09	2233407	2759859	0.42	0.34	NC_030997.1	JH651390.1
2047688	2049705	279302	277286	2018	2017	94.16	2233407	2759859	0.09	0.07	NC_030997.1	JH651390.1
2050182	2051484	277117	275815	1303	1303	94.70	2233407	2759859	0.06	0.05	NC_030997.1	JH651390.1
2054908	2055437	84613	84087	530	527	90.96	2233407	90235	0.02	0.58	NC_030997.1	JH651410.1
2056418	2056637	85237	85454	220	218	90.91	2233407	90235	0.01	0.24	NC_030997.1	JH651410.1
2081208	2081403	32895	32699	196	197	89.85	2233407	44689	0.01	0.44	NC_030997.1	JH651425.1
2117435	2121241	15872	19655	3807	3784	96.85	2233407	45983	0.17	8.23	NC_030997.1	JH651423.1
2122914	2127517	19654	24266	4604	4613	98.42	2233407	45983	0.21	10.03	NC_030997.1	JH651423.1
2128232	2129254	44964	45976	1023	1013	86.23	2233407	45983	0.05	2.20	NC_030997.1	JH651423.1
2129816	2133494	26826	30501	3679	3676	88.68	2233407	45983	0.16	7.99	NC_030997.1	JH651423.1
2133115	2133562	87545	87098	448	448	87.75	2233407	90235	0.02	0.50	NC_030997.1	JH651410.1
2133848	2134465	245927	246543	618	617	96.93	2233407	250012	0.03	0.25	NC_030997.1	JH651405.1
2134891	2137943	246708	249810	3053	3103	93.41	2233407	250012	0.14	1.24	NC_030997.1	JH651405.1
2139716	2140338	2	624	623	623	83.07	2233407	56936	0.03	1.09	NC_030997.1	KK035850.1
2140346	2143329	1127	4108	2984	2982	91.19	2233407	56936	0.13	5.24	NC_030997.1	KK035850.1
2143299	2144131	86886	86055	833	832	91.22	2233407	90235	0.04	0.92	NC_030997.1	JH651410.1
2144126	2158852	275613	260889	14727	14725	95.29	2233407	2759859	0.66	0.53	NC_030997.1	JH651390.1
2160148	2160858	255480	254777	711	704	88.78	2233407	2759859	0.03	0.03	NC_030997.1	JH651390.1
2160911	2174121	232704	219461	13211	13244	96.41	2233407	2759859	0.59	0.48	NC_030997.1	JH651390.1
2174530	2176592	219183	217114	2063	2070	95.57	2233407	2759859	0.09	0.08	NC_030997.1	JH651390.1
2177134	2182445	216557	211235	5312	5323	94.70	2233407	2759859	0.24	0.19	NC_030997.1	JH651390.1
2185333	2185771	211243	210822	439	422	90.27	2233407	2759859	0.02	0.02	NC_030997.1	JH651390.1
2185763	2189443	210681	207001	3681	3681	93.79	2233407	2759859	0.16	0.13	NC_030997.1	JH651390.1
2195335	2197918	49642	52108	2584	2467	83.96	2233407	57426	0.12	4.30	NC_030997.1	JH651415.1
2198206	2198880	193731	193057	675	675	89.35	2233407	2759859	0.03	0.02	NC_030997.1	JH651390.1
2209818	2211306	192641	191146	1489	1496	95.13	2233407	2759859	0.07	0.05	NC_030997.1	JH651390.1
2211632	2233407	190803	169011	21776	21793	96.18	2233407	2759859	0.98	0.79	NC_030997.1	JH651390.1
7677	10449	863193	860429	2773	2765	96.36	1751499	1058449	0.16	0.26	NC_030998.1	JH651400.1
12927	14747	860429	858625	1821	1805	94.81	1751499	1058449	0.10	0.17	NC_030998.1	JH651400.1
16149	16386	26814	27052	238	239	84.71	1751499	250012	0.01	0.10	NC_030998.1	JH651405.1
19958	21364	849809	848416	1407	1394	94.95	1751499	1058449	0.08	0.13	NC_030998.1	JH651400.1
21614	23044	848117	846687	1431	1431	97.00	1751499	1058449	0.08	0.14	NC_030998.1	JH651400.1
29995	31947	846686	844734	1953	1953	98.26	1751499	1058449	0.11	0.18	NC_030998.1	JH651400.1
32120	48061	844608	828652	15942	15957	98.01	1751499	1058449	0.91	1.51	NC_030998.1	JH651400.1
48719	49630	828666	827755	912	912	99.12	1751499	1058449	0.05	0.09	NC_030998.1	JH651400.1
52606	64490	827762	815872	11885	11891	98.08	1751499	1058449	0.68	1.12	NC_030998.1	JH651400.1
64670	73544	815854	806953	8875	8902	97.69	1751499	1058449	0.51	0.84	NC_030998.1	JH651400.1
73537	78599	799158	794088	5063	5071	98.11	1751499	1058449	0.29	0.48	NC_030998.1	JH651400.1
78599	78827	3038	3264	229	227	94.32	1751499	3839	0.01	5.91	NC_030998.1	KK035932.1
87832	93788	794096	788097	5957	6000	96.36	1751499	1058449	0.34	0.57	NC_030998.1	JH651400.1
93930	96774	788084	785237	2845	2848	94.94	1751499	1058449	0.16	0.27	NC_030998.1	JH651400.1
96773	99897	784833	781709	3125	3125	96.27	1751499	1058449	0.18	0.30	NC_030998.1	JH651400.1
100034	100475	781573	781134	442	440	91.22	1751499	1058449	0.03	0.04	NC_030998.1	JH651400.1
100468	100870	235937	236336	403	400	86.17	1751499	1038905	0.02	0.04	NC_030998.1	KK035840.1
100863	117216	781144	764799	16354	16346	97.82	1751499	1058449	0.93	1.54	NC_030998.1	JH651400.1
122303	143757	760879	739373	21455	21507	97.43	1751499	1058449	1.22	2.03	NC_030998.1	JH651400.1
144431	147705	738682	735408	3275	3275	97.50	1751499	1058449	0.19	0.31	NC_030998.1	JH651400.1
147702	153718	735243	729238	6017	6006	98.29	1751499	1058449	0.34	0.57	NC_030998.1	JH651400.1
154374	189923	729250	693822	35550	35429	97.70	1751499	1058449	2.03	3.35	NC_030998.1	JH651400.1
190349	215554	693824	668635	25206	25190	97.33	1751499	1058449	1.44	2.38	NC_030998.1	JH651400.1
215753	267002	668401	617169	51250	51233	97.96	1751499	1058449	2.93	4.84	NC_030998.1	JH651400.1
267478	301531	616387	582330	34054	34058	98.13	1751499	1058449	1.94	3.22	NC_030998.1	JH651400.1
302567	359228	582341	525662	56662	56680	97.75	1751499	1058449	3.24	5.36	NC_030998.1	JH651400.1
365820	366406	525660	525074	587	587	98.64	1751499	1058449	0.03	0.06	NC_030998.1	JH651400.1
366406	367067	524516	523858	662	659	98.19	1751499	1058449	0.04	0.06	NC_030998.1	JH651400.1
367057	371121	523715	519638	4065	4078	97.47	1751499	1058449	0.23	0.39	NC_030998.1	JH651400.1
372021	372425	505323	504955	405	369	84.20	1751499	1058449	0.02	0.03	NC_030998.1	JH651400.1
373128	373795	504248	503582	668	667	93.71	1751499	1058449	0.04	0.06	NC_030998.1	JH651400.1
374158	383321	503580	494417	9164	9164	98.67	1751499	1058449	0.52	0.87	NC_030998.1	JH651400.1
384701	387810	493106	489994	3110	3113	97.82	1751499	1058449	0.18	0.29	NC_030998.1	JH651400.1
388409	391461	490000	486948	3053	3053	99.15	1751499	1058449	0.17	0.29	NC_030998.1	JH651400.1
392219	420514	486957	458613	28296	28345	97.52	1751499	1058449	1.62	2.68	NC_030998.1	JH651400.1
421130	421628	458626	458128	499	499	96.99	1751499	1058449	0.03	0.05	NC_030998.1	JH651400.1
421631	441238	457706	438089	19608	19618	98.28	1751499	1058449	1.12	1.85	NC_030998.1	JH651400.1
441491	456379	437851	422945	14889	14907	98.16	1751499	1058449	0.85	1.41	NC_030998.1	JH651400.1
456589	459619	422796	419774	3031	3023	97.46	1751499	1058449	0.17	0.29	NC_030998.1	JH651400.1
464513	482317	419782	401946	17805	17837	97.53	1751499	1058449	1.02	1.69	NC_030998.1	JH651400.1
482317	493494	401569	390416	11178	11154	98.26	1751499	1058449	0.64	1.05	NC_030998.1	JH651400.1
494050	556644	390416	327935	62595	62482	97.61	1751499	1058449	3.57	5.90	NC_030998.1	JH651400.1
560215	584620	327939	303533	24406	24407	98.42	1751499	1058449	1.39	2.31	NC_030998.1	JH651400.1
584839	587009	303440	301280	2171	2161	98.34	1751499	1058449	0.12	0.20	NC_030998.1	JH651400.1
592206	616957	301284	276525	24752	24760	97.92	1751499	1058449	1.41	2.34	NC_030998.1	JH651400.1
616953	620065	276197	273082	3113	3116	96.28	1751499	1058449	0.18	0.29	NC_030998.1	JH651400.1
622836	651677	270315	241406	28842	28910	97.16	1751499	1058449	1.65	2.73	NC_030998.1	JH651400.1
651903	663383	240735	229246	11481	11490	98.29	1751499	1058449	0.66	1.09	NC_030998.1	JH651400.1
663945	671554	228739	221143	7610	7597	97.94	1751499	1058449	0.43	0.72	NC_030998.1	JH651400.1
671548	671703	220115	219960	156	156	97.44	1751499	1058449	0.01	0.01	NC_030998.1	JH651400.1
673020	696863	219620	195775	23844	23846	98.74	1751499	1058449	1.36	2.25	NC_030998.1	JH651400.1
696987	751700	195655	141030	54714	54626	98.25	1751499	1058449	3.12	5.16	NC_030998.1	JH651400.1
751844	812284	140357	79927	60441	60431	98.13	1751499	1058449	3.45	5.71	NC_030998.1	JH651400.1
812430	822266	79925	70098	9837	9828	98.53	1751499	1058449	0.56	0.93	NC_030998.1	JH651400.1
822266	870976	68213	19548	48711	48666	98.19	1751499	1058449	2.78	4.60	NC_030998.1	JH651400.1
872833	890243	17682	296	17411	17387	98.63	1751499	1058449	0.99	1.64	NC_030998.1	JH651400.1
890230	898372	255924	247778	8143	8147	98.36	1751499	256123	0.46	3.18	NC_030998.1	KK035843.1
900387	932219	247780	215966	31833	31815	98.36	1751499	256123	1.82	12.42	NC_030998.1	KK035843.1
932384	932795	215965	215554	412	412	99.51	1751499	256123	0.02	0.16	NC_030998.1	KK035843.1
932795	958430	215393	189838	25636	25556	95.53	1751499	256123	1.46	9.98	NC_030998.1	KK035843.1
958877	1003287	189846	145361	44411	44486	97.79	1751499	256123	2.54	17.37	NC_030998.1	KK035843.1
1003288	1021153	145180	127286	17866	17895	98.12	1751499	256123	1.02	6.99	NC_030998.1	KK035843.1
1021514	1072019	127027	76525	50506	50503	98.24	1751499	256123	2.88	19.72	NC_030998.1	KK035843.1
1073148	1140388	76523	9238	67241	67286	98.44	1751499	256123	3.84	26.27	NC_030998.1	KK035843.1
1140558	1144354	9238	5443	3797	3796	98.18	1751499	256123	0.22	1.48	NC_030998.1	KK035843.1
1145114	1146051	5450	4495	938	956	95.40	1751499	256123	0.05	0.37	NC_030998.1	KK035843.1
1146114	1150594	4531	58	4481	4474	97.75	1751499	256123	0.26	1.75	NC_030998.1	KK035843.1
1150582	1153626	1038702	1035659	3045	3044	99.01	1751499	1038905	0.17	0.29	NC_030998.1	KK035840.1
1153767	1168834	1035547	1020491	15068	15057	98.66	1751499	1038905	0.86	1.45	NC_030998.1	KK035840.1
1168931	1179108	1020330	1010155	10178	10176	98.70	1751499	1038905	0.58	0.98	NC_030998.1	KK035840.1
1179142	1265079	1010158	924294	85938	85865	98.67	1751499	1038905	4.91	8.26	NC_030998.1	KK035840.1
1265466	1267509	923948	921909	2044	2040	98.39	1751499	1038905	0.12	0.20	NC_030998.1	KK035840.1
1267653	1271343	921574	917845	3691	3730	96.47	1751499	1038905	0.21	0.36	NC_030998.1	KK035840.1
1271619	1302548	917711	886790	30930	30922	98.24	1751499	1038905	1.77	2.98	NC_030998.1	KK035840.1
1303193	1327804	886803	862165	24612	24639	98.14	1751499	1038905	1.41	2.37	NC_030998.1	KK035840.1
1327803	1328115	861852	862166	313	315	95.56	1751499	1038905	0.02	0.03	NC_030998.1	KK035840.1
1328114	1342591	861853	847375	14478	14479	96.54	1751499	1038905	0.83	1.39	NC_030998.1	KK035840.1
1344418	1370879	845487	819044	26462	26444	97.64	1751499	1038905	1.51	2.55	NC_030998.1	KK035840.1
1370938	1377191	819049	812769	6254	6281	98.35	1751499	1038905	0.36	0.60	NC_030998.1	KK035840.1
1378199	1381358	769407	766262	3160	3146	97.82	1751499	1038905	0.18	0.30	NC_030998.1	KK035840.1
1381663	1384577	765975	763057	2915	2919	99.18	1751499	1038905	0.17	0.28	NC_030998.1	KK035840.1
1384894	1392325	762801	755367	7432	7435	98.55	1751499	1038905	0.42	0.72	NC_030998.1	KK035840.1
1392501	1424425	755367	723458	31925	31910	97.39	1751499	1038905	1.82	3.07	NC_030998.1	KK035840.1
1424809	1435296	723072	712605	10488	10468	95.15	1751499	1038905	0.60	1.01	NC_030998.1	KK035840.1
1435294	1440482	712446	707264	5189	5183	96.98	1751499	1038905	0.30	0.50	NC_030998.1	KK035840.1
1440835	1442827	707274	705266	1993	2009	94.93	1751499	1038905	0.11	0.19	NC_030998.1	KK035840.1
1443473	1467582	704838	680634	24110	24205	96.78	1751499	1038905	1.38	2.33	NC_030998.1	KK035840.1
1467573	1470161	680379	677794	2589	2586	95.48	1751499	1038905	0.15	0.25	NC_030998.1	KK035840.1
1470926	1490146	677799	658584	19221	19216	98.50	1751499	1038905	1.10	1.85	NC_030998.1	KK035840.1
1490172	1545553	658593	603211	55382	55383	98.25	1751499	1038905	3.16	5.33	NC_030998.1	KK035840.1
1545755	1546055	603212	602912	301	301	95.35	1751499	1038905	0.02	0.03	NC_030998.1	KK035840.1
1546168	1569366	602912	579694	23199	23219	98.49	1751499	1038905	1.32	2.23	NC_030998.1	KK035840.1
1569492	1570989	579691	578194	1498	1498	98.13	1751499	1038905	0.09	0.14	NC_030998.1	KK035840.1
1570981	1574732	578004	574260	3752	3745	98.11	1751499	1038905	0.21	0.36	NC_030998.1	KK035840.1
1574982	1581277	574026	567728	6296	6299	97.34	1751499	1038905	0.36	0.61	NC_030998.1	KK035840.1
1581459	1607438	567730	541792	25980	25939	98.12	1751499	1038905	1.48	2.50	NC_030998.1	KK035840.1
1613031	1617370	541802	537461	4340	4342	98.32	1751499	1038905	0.25	0.42	NC_030998.1	KK035840.1
1617471	1619866	538890	536495	2396	2396	97.08	1751499	1038905	0.14	0.23	NC_030998.1	KK035840.1
1621864	1624161	534511	532221	2298	2291	92.59	1751499	1038905	0.13	0.22	NC_030998.1	KK035840.1
1626921	1630367	529491	526040	3447	3452	99.04	1751499	1038905	0.20	0.33	NC_030998.1	KK035840.1
1630468	1634485	530842	526830	4018	4013	98.63	1751499	1038905	0.23	0.39	NC_030998.1	KK035840.1
1634585	1636010	526028	524605	1426	1424	96.49	1751499	1038905	0.08	0.14	NC_030998.1	KK035840.1
1643505	1670567	520713	493654	27063	27060	97.73	1751499	1038905	1.55	2.60	NC_030998.1	KK035840.1
1670736	1674215	238424	241903	3480	3480	88.88	1751499	2759859	0.20	0.13	NC_030998.1	JH651390.1
1680068	1693098	493667	480622	13031	13046	98.01	1751499	1038905	0.74	1.26	NC_030998.1	KK035840.1
1693558	1704078	480251	469724	10521	10528	98.06	1751499	1038905	0.60	1.01	NC_030998.1	KK035840.1
1704221	1707416	469724	466524	3196	3201	96.25	1751499	1038905	0.18	0.31	NC_030998.1	KK035840.1
1707418	1717614	466407	456211	10197	10197	98.15	1751499	1038905	0.58	0.98	NC_030998.1	KK035840.1
1719550	1748906	454282	424937	29357	29346	96.47	1751499	1038905	1.68	2.82	NC_030998.1	KK035840.1
3766	4142	16397	16017	377	381	96.06	1838362	89040	0.02	0.43	NC_030999.1	JH651411.1
3766	4142	1226	846	377	381	97.38	1838362	2318	0.02	16.44	NC_030999.1	KK035977.1
5022	5207	876682	876498	186	185	90.37	1838362	2759859	0.01	0.01	NC_030999.1	JH651390.1
40418	40664	24372	24126	247	247	87.55	1838362	61333	0.01	0.40	NC_030999.1	KK035849.1
66341	66756	59973	59555	416	419	90.21	1838362	91740	0.02	0.46	NC_030999.1	JH651409.1
67081	67452	29789	29418	372	372	88.44	1838362	42699	0.02	0.87	NC_030999.1	JH651429.1
67453	67847	13528	13922	395	395	82.41	1838362	42699	0.02	0.93	NC_030999.1	JH651429.1
70665	70761	22387	22483	97	97	100.00	1838362	22534	0.01	0.43	NC_030999.1	JH651451.1
77816	78968	207691	208843	1153	1153	98.27	1838362	282688	0.06	0.41	NC_030999.1	JH651404.1
86884	86980	4583	4679	97	97	97.94	1838362	12431	0.01	0.78	NC_030999.1	KK035873.1
87984	88208	12534	12309	225	226	90.71	1838362	22534	0.01	1.00	NC_030999.1	JH651451.1
120399	120966	53961	53394	568	568	81.58	1838362	84110	0.03	0.68	NC_030999.1	JH651412.1
121249	121378	26385	26516	130	132	91.67	1838362	32620	0.01	0.40	NC_030999.1	JH651438.1
121812	123010	2644	1454	1199	1191	95.08	1838362	27152	0.07	4.39	NC_030999.1	JH651443.1
123009	123550	10830	10289	542	542	97.42	1838362	12640	0.03	4.29	NC_030999.1	KK035874.1
145191	145428	4864	5094	238	231	87.39	1838362	14292	0.01	1.62	NC_030999.1	JH651471.1
161061	161958	93076	93979	898	904	87.29	1838362	282688	0.05	0.32	NC_030999.1	JH651404.1
174735	175849	1318	201	1115	1118	93.49	1838362	45697	0.06	2.45	NC_030999.1	JH651427.1
180204	181038	835	1	835	835	98.56	1838362	152588	0.05	0.55	NC_030999.1	JH651406.1
218423	218633	27412	27202	211	211	98.10	1838362	32620	0.01	0.65	NC_030999.1	JH651438.1
221300	221986	5034463	5033775	687	689	86.15	1838362	5064356	0.04	0.01	NC_030999.1	JH651385.1
246558	246763	197	1	206	197	86.96	1838362	5526	0.01	3.56	NC_030999.1	KK035904.1
279758	280772	512419	511378	1015	1042	90.21	1838362	1468334	0.06	0.07	NC_030999.1	JH651398.1
285020	287240	7895	5676	2221	2220	95.72	1838362	12640	0.12	17.56	NC_030999.1	KK035874.1
285930	287243	66470	65160	1314	1311	95.13	1838362	152588	0.07	0.86	NC_030999.1	JH651406.1
325963	327693	1118512	1116787	1731	1726	86.62	1838362	1675914	0.09	0.10	NC_030999.1	JH651395.1
328208	329028	237461	236644	821	818	92.17	1838362	282688	0.04	0.29	NC_030999.1	JH651404.1
329028	329806	235810	235023	779	788	94.04	1838362	282688	0.04	0.28	NC_030999.1	JH651404.1
342298	342524	20572	20798	227	227	99.56	1838362	20798	0.01	1.09	NC_030999.1	KK035860.1
346573	346677	4442	4338	105	105	99.05	1838362	5500	0.01	1.91	NC_030999.1	KK035906.1
347559	348628	12879	11810	1070	1070	93.55	1838362	44689	0.06	2.39	NC_030999.1	JH651425.1
356901	357248	10109	9762	348	348	94.25	1838362	10109	0.02	3.44	NC_030999.1	JH651478.1
358298	360274	4270	2289	1977	1982	83.00	1838362	9120	0.11	21.73	NC_030999.1	JH651480.1
361781	362114	2325	1994	334	332	86.57	1838362	33600	0.02	0.99	NC_030999.1	KK035852.1
361925	363144	23184	21984	1220	1201	86.29	1838362	90235	0.07	1.33	NC_030999.1	JH651410.1
363151	363863	1679	928	713	752	85.05	1838362	33600	0.04	2.24	NC_030999.1	KK035852.1
373168	373287	14789	14670	120	120	92.50	1838362	34243	0.01	0.35	NC_030999.1	JH651437.1
376363	376841	14654	14171	479	484	89.69	1838362	34243	0.03	1.41	NC_030999.1	JH651437.1
381683	382027	7327	6994	345	334	88.70	1838362	34243	0.02	0.98	NC_030999.1	JH651437.1
388720	390589	18892	17047	1870	1846	91.93	1838362	48835	0.10	3.78	NC_030999.1	KK035851.1
424799	425250	9774	9310	452	465	79.13	1838362	22213	0.02	2.09	NC_030999.1	KK035858.1
433308	437013	24467	20781	3706	3687	88.28	1838362	27012	0.20	13.65	NC_030999.1	JH651442.1
437123	437979	20662	19800	857	863	84.71	1838362	27012	0.05	3.19	NC_030999.1	JH651442.1
438151	438897	12610	13359	747	750	91.36	1838362	21276	0.04	3.53	NC_030999.1	KK035859.1
439066	441142	13369	15425	2077	2057	91.05	1838362	21276	0.11	9.67	NC_030999.1	KK035859.1
447441	450382	15976	12986	2942	2991	93.53	1838362	27012	0.16	11.07	NC_030999.1	JH651442.1
449880	454692	14572	19384	4813	4813	98.42	1838362	44953	0.26	10.71	NC_030999.1	JH651426.1
454693	456491	21683	23463	1799	1781	94.51	1838362	44953	0.10	3.96	NC_030999.1	JH651426.1
456762	457098	2297	1961	337	337	94.96	1838362	3854	0.02	8.74	NC_030999.1	KK035933.1
457382	460693	23463	26780	3312	3318	97.68	1838362	44953	0.18	7.38	NC_030999.1	JH651426.1
459765	464651	26881	31766	4887	4886	93.22	1838362	44953	0.27	10.87	NC_030999.1	JH651426.1
464667	467770	31951	35022	3104	3072	89.02	1838362	44953	0.17	6.83	NC_030999.1	JH651426.1
467932	468639	35022	35702	708	681	82.94	1838362	44953	0.04	1.51	NC_030999.1	JH651426.1
472720	473627	25938	25031	908	908	90.88	1838362	27012	0.05	3.36	NC_030999.1	JH651442.1
474827	475511	42658	43357	685	700	83.33	1838362	44953	0.04	1.56	NC_030999.1	JH651426.1
477744	478542	12515	13311	799	797	85.88	1838362	21276	0.04	3.75	NC_030999.1	KK035859.1
487157	487661	4517	4013	505	505	83.63	1838362	13873	0.03	3.64	NC_030999.1	JH651470.1
493465	493847	1059	677	383	383	89.03	1838362	1302	0.02	29.42	NC_030999.1	KK036095.1
495948	496134	3593	3778	187	186	88.42	1838362	14995	0.01	1.24	NC_030999.1	JH651469.1
496641	497781	2838	3961	1141	1124	89.16	1838362	15113	0.06	7.44	NC_030999.1	JH651467.1
513067	513280	14711	14498	214	214	92.06	1838362	15004	0.01	1.43	NC_030999.1	JH651466.1
550871	551280	18851	19260	410	410	95.13	1838362	40904	0.02	1.00	NC_030999.1	JH651430.1
551280	556349	5070	1	5070	5070	100.00	1838362	5405	0.28	93.80	NC_030999.1	KK035905.1
556394	556858	5405	4941	465	465	100.00	1838362	5405	0.03	8.60	NC_030999.1	KK035905.1
557201	558454	1248	1	1254	1248	90.83	1838362	1474	0.07	84.67	NC_030999.1	KK036064.1
611627	611769	6542	6400	143	143	93.01	1838362	22731	0.01	0.63	NC_030999.1	JH651450.1
612630	614193	3075	1512	1564	1564	97.44	1838362	3558	0.09	43.96	NC_030999.1	KK035940.1
617001	618442	1520	79	1442	1442	99.65	1838362	3558	0.08	40.53	NC_030999.1	KK035940.1
618441	618628	5131	5320	188	190	94.21	1838362	6662	0.01	2.85	NC_030999.1	KK035892.1
622129	622258	1	130	130	130	98.46	1838362	6058	0.01	2.15	NC_030999.1	KK035899.1
625324	626400	1604	2680	1077	1077	99.35	1838362	36238	0.06	2.97	NC_030999.1	JH651433.1
634255	634507	252	1	253	252	98.81	1838362	3839	0.01	6.56	NC_030999.1	KK035932.1
638030	638249	21758	21977	220	220	95.00	1838362	50000	0.01	0.44	NC_030999.1	JH651421.1
638552	638643	2026	1935	92	92	98.91	1838362	2026	0.01	4.54	NC_030999.1	KK035998.1
639521	641464	1944	1	1944	1944	99.49	1838362	2026	0.11	95.95	NC_030999.1	KK035998.1
643829	644260	25994	25562	432	433	92.61	1838362	27152	0.02	1.59	NC_030999.1	JH651443.1
644328	644715	13223	12836	388	388	96.91	1838362	15004	0.02	2.59	NC_030999.1	JH651466.1
649197	650050	7624	6771	854	854	93.68	1838362	35525	0.05	2.40	NC_030999.1	JH651435.1
656743	656972	2280	2510	230	231	92.64	1838362	17362	0.01	1.33	NC_030999.1	JH651457.1
657789	657913	125	1	125	125	98.41	1838362	6740	0.01	1.85	NC_030999.1	KK035891.1
659083	659170	51515	51602	88	88	98.86	1838362	52215	0.00	0.17	NC_030999.1	JH651419.1
662944	664518	5025	6599	1575	1575	97.65	1838362	36238	0.09	4.35	NC_030999.1	JH651433.1
669821	670256	4464	4030	436	435	97.03	1838362	17522	0.02	2.48	NC_030999.1	KK035863.1
670329	671164	446	1284	836	839	94.04	1838362	57168	0.05	1.47	NC_030999.1	JH651417.1
692443	692690	2669	2422	248	248	97.18	1838362	5693	0.01	4.36	NC_030999.1	KK035901.1
698438	699050	2427	1813	613	615	93.66	1838362	5693	0.03	10.80	NC_030999.1	KK035901.1
700893	702224	1813	482	1332	1332	94.15	1838362	5693	0.07	23.40	NC_030999.1	KK035901.1
714762	714860	7223	7321	99	99	94.95	1838362	17184	0.01	0.58	NC_030999.1	JH651455.1
717367	717842	477	1	476	477	92.03	1838362	10428	0.03	4.57	NC_030999.1	KK035881.1
744285	744357	1984	1912	73	73	97.26	1838362	4628	0.00	1.58	NC_030999.1	KK035916.1
748864	749213	12958	12609	350	350	94.29	1838362	17569	0.02	1.99	NC_030999.1	KK035862.1
749215	749753	12135	11597	539	539	94.62	1838362	17569	0.03	3.07	NC_030999.1	KK035862.1
770263	771701	1149	2602	1439	1454	87.96	1838362	4672	0.08	31.12	NC_030999.1	KK035913.1
778430	778608	1389	1209	179	181	96.13	1838362	1460	0.01	12.40	NC_030999.1	KK036069.1
778605	779001	819	423	397	397	98.99	1838362	1460	0.02	27.19	NC_030999.1	KK036069.1
779456	780457	1853418	1852416	1002	1003	91.63	1838362	2019370	0.05	0.05	NC_030999.1	JH651394.1
781114	781378	424	160	265	265	97.74	1838362	1460	0.01	18.15	NC_030999.1	KK036069.1
784957	786388	1	1436	1432	1436	97.56	1838362	1436	0.08	100.00	NC_030999.1	KK036062.1
791696	791877	6532	6351	182	182	100.00	1838362	6532	0.01	2.79	NC_030999.1	KK035893.1
791876	792091	497	285	216	213	96.76	1838362	6532	0.01	3.26	NC_030999.1	KK035893.1
812355	812804	2717863	2718301	450	439	88.67	1838362	2759859	0.02	0.02	NC_030999.1	JH651390.1
818812	819361	72222	72767	550	546	91.09	1838362	91740	0.03	0.60	NC_030999.1	JH651409.1
833238	835106	40613	38746	1869	1868	99.57	1838362	50541	0.10	3.70	NC_030999.1	JH651422.1
836236	836867	16085	15453	632	633	91.64	1838362	25838	0.03	2.45	NC_030999.1	JH651447.1
836236	836867	3374	2739	632	636	90.27	1838362	15866	0.03	4.01	NC_030999.1	JH651464.1
839108	841783	20413	17796	2676	2618	90.37	1838362	31881	0.15	8.21	NC_030999.1	JH651441.1
844742	847015	14601	16871	2274	2271	93.32	1838362	16871	0.12	13.46	NC_030999.1	JH651463.1
847370	849678	2744062	2741750	2309	2313	88.63	1838362	2759859	0.13	0.08	NC_030999.1	JH651390.1
860424	861008	3887	3304	585	584	98.46	1838362	17184	0.03	3.40	NC_030999.1	JH651455.1
863987	865875	3304	1415	1889	1890	98.15	1838362	17184	0.10	11.00	NC_030999.1	JH651455.1
865868	866380	658	143	513	516	97.87	1838362	17184	0.03	3.00	NC_030999.1	JH651455.1
869345	869595	1666	1414	251	253	85.21	1838362	1678	0.01	15.08	NC_030999.1	KK036021.1
870012	871186	3271	2056	1175	1216	86.42	1838362	3458	0.06	35.16	NC_030999.1	KK035941.1
878806	881711	1	2842	2906	2842	86.64	1838362	7300	0.16	38.93	NC_030999.1	JH651488.1
881467	882503	1	1038	1037	1038	97.11	1838362	1038	0.06	100.00	NC_030999.1	KK036118.1
884068	885203	1135	1	1136	1135	97.54	1838362	1135	0.06	100.00	NC_030999.1	KK036112.1
886934	888592	1661	1	1659	1661	98.49	1838362	1661	0.09	100.00	NC_030999.1	KK036027.1
892431	893911	1	1481	1481	1481	99.53	1838362	1481	0.08	100.00	NC_030999.1	KK036061.1
893836	896704	2854	1	2869	2854	95.96	1838362	2854	0.16	100.00	NC_030999.1	KK035961.1
898343	899735	2462	1039	1393	1424	84.10	1838362	2462	0.08	57.84	NC_030999.1	KK035974.1
905668	909671	4042	1	4004	4042	94.68	1838362	4042	0.22	100.00	NC_030999.1	KK035926.1
911332	912413	1802	720	1082	1083	95.66	1838362	1802	0.06	60.10	NC_030999.1	KK036012.1
912606	913324	720	1	719	720	98.06	1838362	1802	0.04	39.96	NC_030999.1	KK036012.1
914547	915120	585	1	574	585	92.67	1838362	3163	0.03	18.50	NC_030999.1	KK035950.1
917385	918163	15113	14327	779	787	90.37	1838362	15113	0.04	5.21	NC_030999.1	JH651467.1
918396	920917	14995	12474	2522	2522	95.56	1838362	14995	0.14	16.82	NC_030999.1	JH651469.1
920677	921949	1441	175	1273	1267	96.15	1838362	1441	0.07	87.93	NC_030999.1	KK036073.1
923252	923656	10026	9627	405	400	93.83	1838362	15113	0.02	2.65	NC_030999.1	JH651467.1
925599	925960	15887	15525	362	363	85.83	1838362	22731	0.02	1.60	NC_030999.1	JH651450.1
931425	933768	2296	1	2344	2296	95.31	1838362	14995	0.13	15.31	NC_030999.1	JH651469.1
932973	933883	6541	7446	911	906	90.08	1838362	8750	0.05	10.35	NC_030999.1	JH651482.1
938699	938949	1446684	1446934	251	251	89.24	1838362	2947611	0.01	0.01	NC_030999.1	JH651388.1
938705	939128	2136063	2135652	424	412	84.43	1838362	2142601	0.02	0.02	NC_030999.1	JH651393.1
947201	949932	90235	87504	2732	2732	88.66	1838362	90235	0.15	3.03	NC_030999.1	JH651410.1
957738	958131	26319	25927	394	393	91.39	1838362	39416	0.02	1.00	NC_030999.1	JH651432.1
958133	960862	25792	23047	2730	2746	91.01	1838362	39416	0.15	6.97	NC_030999.1	JH651432.1
960964	961954	22866	21865	991	1002	90.32	1838362	39416	0.05	2.54	NC_030999.1	JH651432.1
973832	974561	1473200	1472468	730	733	96.32	1838362	2947611	0.04	0.02	NC_030999.1	JH651388.1
982039	985145	795006	798124	3107	3119	97.44	1838362	2471847	0.17	0.13	NC_030999.1	JH651391.1
988431	988942	798117	798637	512	521	92.16	1838362	2471847	0.03	0.02	NC_030999.1	JH651391.1
993749	994636	250012	249132	888	881	88.55	1838362	250012	0.05	0.35	NC_030999.1	JH651405.1
1003997	1004167	7714	7544	171	171	91.23	1838362	39416	0.01	0.43	NC_030999.1	JH651432.1
1014704	1015698	36365	37355	995	991	89.98	1838362	58138	0.05	1.70	NC_030999.1	JH651416.1
1032048	1032245	2795388	2795585	198	198	90.91	1838362	2870791	0.01	0.01	NC_030999.1	JH651389.1
1032048	1032257	951875	952093	210	219	86.76	1838362	1058449	0.01	0.02	NC_030999.1	JH651400.1
1050715	1050998	3776	4058	284	283	91.90	1838362	89040	0.02	0.32	NC_030999.1	JH651411.1
1059088	1059446	12119	11761	359	359	96.10	1838362	44689	0.02	0.80	NC_030999.1	JH651425.1
1069848	1071249	4951016	4949615	1402	1402	94.32	1838362	5064356	0.08	0.03	NC_030999.1	JH651385.1
1141151	1142741	8065	9650	1591	1586	92.40	1838362	24904	0.09	6.37	NC_030999.1	JH651448.1
1175869	1176067	17057	17254	199	198	85.07	1838362	27152	0.01	0.73	NC_030999.1	JH651443.1
1203040	1203227	1140	953	188	188	98.94	1838362	17309	0.01	1.09	NC_030999.1	JH651456.1
1246482	1246690	31657	31450	209	208	85.65	1838362	41155	0.01	0.51	NC_030999.1	JH651431.1
1263906	1264136	120510	120741	231	232	93.99	1838362	282688	0.01	0.08	NC_030999.1	JH651404.1
1290072	1290314	4628	4386	243	243	99.18	1838362	50000	0.01	0.49	NC_030999.1	JH651421.1
1293415	1294969	33838	35390	1555	1553	93.77	1838362	152588	0.08	1.02	NC_030999.1	JH651406.1
1296520	1296669	11379	11230	150	150	94.67	1838362	45697	0.01	0.33	NC_030999.1	JH651427.1
1327225	1327318	67022	66928	94	95	95.79	1838362	152588	0.01	0.06	NC_030999.1	JH651406.1
1327525	1327685	66932	66778	161	155	91.98	1838362	152588	0.01	0.10	NC_030999.1	JH651406.1
1340988	1341136	344	195	149	150	98.67	1838362	25391	0.01	0.59	NC_030999.1	KK035855.1
1343930	1344282	6061	6413	353	353	88.70	1838362	12431	0.02	2.84	NC_030999.1	KK035873.1
1345933	1346936	2590	3592	1004	1003	95.13	1838362	14995	0.05	6.69	NC_030999.1	JH651469.1
1346589	1346942	6062	6417	354	356	86.27	1838362	12431	0.02	2.86	NC_030999.1	KK035873.1
1350317	1350464	2762417	2762564	148	148	92.57	1838362	2870791	0.01	0.01	NC_030999.1	JH651389.1
1353805	1353937	300	173	133	128	88.72	1838362	13910	0.01	0.92	NC_030999.1	JH651468.1
1354912	1355053	14217	14357	142	141	97.18	1838362	17184	0.01	0.82	NC_030999.1	JH651455.1
1388648	1388859	615	823	212	209	82.55	1838362	16346	0.01	1.28	NC_030999.1	JH651460.1
1404885	1405398	491	1003	514	513	98.05	1838362	20798	0.03	2.47	NC_030999.1	KK035860.1
1418590	1418801	31446	31657	212	212	87.26	1838362	41155	0.01	0.52	NC_030999.1	JH651431.1
1428658	1429634	1845909	1846885	977	977	88.02	1838362	5064356	0.05	0.02	NC_030999.1	JH651385.1
1447978	1448622	40511	41155	645	645	98.45	1838362	41155	0.04	1.57	NC_030999.1	JH651431.1
1464770	1465484	10716	10002	715	715	98.18	1838362	45697	0.04	1.56	NC_030999.1	JH651427.1
1484438	1484628	11155	11342	191	188	93.19	1838362	17184	0.01	1.09	NC_030999.1	JH651455.1
1484725	1485135	363973	363569	411	405	81.99	1838362	1038905	0.02	0.04	NC_030999.1	KK035840.1
1494199	1494408	159116	158907	210	210	92.38	1838362	2759859	0.01	0.01	NC_030999.1	JH651390.1
1540430	1540536	29343	29237	107	107	91.59	1838362	30340	0.01	0.35	NC_030999.1	JH651440.1
1540535	1541172	2391	1754	638	638	96.55	1838362	5623	0.03	11.35	NC_030999.1	KK035903.1
1549848	1552067	208714	206495	2220	2220	98.38	1838362	282688	0.12	0.79	NC_030999.1	JH651404.1
1553428	1554183	3084	3839	756	756	96.44	1838362	3839	0.04	19.69	NC_030999.1	KK035932.1
1554605	1557223	13529	10911	2619	2619	97.59	1838362	13910	0.14	18.83	NC_030999.1	JH651468.1
1563612	1564074	12284	11822	463	463	98.92	1838362	17309	0.03	2.67	NC_030999.1	JH651456.1
1565345	1565817	11721	11249	473	473	98.94	1838362	17309	0.03	2.73	NC_030999.1	JH651456.1
1577358	1577760	10392	10794	403	403	99.01	1838362	14313	0.02	2.82	NC_030999.1	KK035867.1
1577604	1578682	47979	49053	1079	1075	91.84	1838362	52559	0.06	2.05	NC_030999.1	JH651420.1
1578845	1579256	49055	49466	412	412	89.81	1838362	52559	0.02	0.78	NC_030999.1	JH651420.1
1609590	1610683	1	1094	1094	1094	100.00	1838362	1094	0.06	100.00	NC_030999.1	KK036119.1
1615205	1615385	1204	1388	181	185	95.68	1838362	11945	0.01	1.55	NC_030999.1	KK035876.1
1632470	1633806	38706	37366	1337	1341	97.46	1838362	282688	0.07	0.47	NC_030999.1	JH651404.1
1633808	1635870	37015	34978	2063	2038	93.66	1838362	282688	0.11	0.72	NC_030999.1	JH651404.1
1634728	1635910	20597	21784	1183	1188	83.38	1838362	24628	0.06	4.82	NC_030999.1	JH651449.1
1636039	1637265	34976	33761	1227	1216	92.45	1838362	282688	0.07	0.43	NC_030999.1	JH651404.1
1670402	1673287	431312	428436	2886	2877	81.56	1838362	2947611	0.16	0.10	NC_030999.1	JH651388.1
1676265	1677882	63149	64817	1618	1669	92.57	1838362	282688	0.09	0.59	NC_030999.1	JH651404.1
1681031	1681772	15997	15251	742	747	95.58	1838362	58138	0.04	1.28	NC_030999.1	JH651416.1
1695414	1696366	3031	3983	953	953	94.47	1838362	48835	0.05	1.95	NC_030999.1	KK035851.1
1704883	1704987	1	105	105	105	99.05	1838362	590168	0.01	0.02	NC_030999.1	KK035841.1
1706533	1706638	104736	104631	106	106	96.23	1838362	2759859	0.01	0.00	NC_030999.1	JH651390.1
1715194	1715269	67271	67196	76	76	100.00	1838362	91740	0.00	0.08	NC_030999.1	JH651409.1
1718214	1718423	94269	94478	210	210	96.67	1838362	282688	0.01	0.07	NC_030999.1	JH651404.1
1723238	1723420	12187	12005	183	183	99.45	1838362	31881	0.01	0.57	NC_030999.1	JH651441.1
1733640	1733790	261594	261444	151	151	98.01	1838362	282688	0.01	0.05	NC_030999.1	JH651404.1
1757889	1758266	33564	33941	378	378	91.01	1838362	89040	0.02	0.42	NC_030999.1	JH651411.1
1758595	1762556	25303	29239	3962	3937	94.26	1838362	30340	0.22	12.98	NC_030999.1	JH651440.1
1762753	1764073	41167	39850	1321	1318	94.02	1838362	52559	0.07	2.51	NC_030999.1	JH651420.1
1766891	1770751	101990	105853	3861	3864	99.07	1838362	152588	0.21	2.53	NC_030999.1	JH651406.1
1777394	1778795	2855060	2853659	1402	1402	90.02	1838362	2870791	0.08	0.05	NC_030999.1	JH651389.1
1784743	1786155	3911	5305	1413	1395	88.19	1838362	11945	0.08	11.68	NC_030999.1	KK035876.1
1786155	1788416	5464	7725	2262	2262	85.97	1838362	11945	0.12	18.94	NC_030999.1	KK035876.1
1788435	1789279	21903	21057	845	847	91.97	1838362	31881	0.05	2.66	NC_030999.1	JH651441.1
1829131	1829412	981	704	282	278	88.65	1838362	1594	0.02	17.44	NC_030999.1	KK036041.1
237	364	3964	4090	128	127	94.53	2434640	4090	0.01	3.11	NC_031000.1	KK035925.1
13128	14352	34952	33656	1225	1297	88.24	2434640	61333	0.05	2.11	NC_031000.1	KK035849.1
167035	167692	2598927	2599584	658	658	98.18	2434640	2759859	0.03	0.02	NC_031000.1	JH651390.1
167811	170679	2599578	2602450	2869	2873	95.96	2434640	2759859	0.12	0.10	NC_031000.1	JH651390.1
200280	201525	4517	3273	1246	1245	84.64	2434640	12431	0.05	10.02	NC_031000.1	KK035873.1
231279	232404	3183	2058	1126	1126	93.70	2434640	3183	0.05	35.38	NC_031000.1	KK035949.1
248553	250310	9932	8171	1758	1762	84.54	2434640	27712	0.07	6.36	NC_031000.1	KK035854.1
254510	256045	2656244	2657775	1536	1532	99.22	2434640	2759859	0.06	0.06	NC_031000.1	JH651390.1
355454	355609	2525746	2525901	156	156	99.36	2434640	2759859	0.01	0.01	NC_031000.1	JH651390.1
367013	368700	241537	239858	1688	1680	96.27	2434640	282688	0.07	0.59	NC_031000.1	JH651404.1
369117	371417	239757	237462	2301	2296	95.26	2434640	282688	0.09	0.81	NC_031000.1	JH651404.1
400630	400890	6659	6391	261	269	88.85	2434640	16871	0.01	1.59	NC_031000.1	JH651463.1
430399	431880	27413	28896	1482	1484	88.15	2434640	32620	0.06	4.55	NC_031000.1	JH651438.1
440370	441282	32801	31889	913	913	92.55	2434640	44689	0.04	2.04	NC_031000.1	JH651425.1
454532	454646	2293	2408	115	116	95.69	2434640	14995	0.00	0.77	NC_031000.1	JH651469.1
457493	462531	44172	49151	5039	4980	95.41	2434640	91740	0.21	5.43	NC_031000.1	JH651409.1
464136	466001	19991	21856	1866	1866	91.53	2434640	45697	0.08	4.08	NC_031000.1	JH651427.1
464924	466004	77716	76636	1081	1081	97.69	2434640	89040	0.04	1.21	NC_031000.1	JH651411.1
466038	466312	33183	33457	275	275	85.82	2434640	35525	0.01	0.77	NC_031000.1	JH651435.1
475740	476947	18980	20190	1208	1211	94.97	2434640	250012	0.05	0.48	NC_031000.1	JH651405.1
477202	477400	20365	20564	199	200	95.50	2434640	250012	0.01	0.08	NC_031000.1	JH651405.1
485065	485938	49236	48322	874	915	90.16	2434640	57168	0.04	1.60	NC_031000.1	JH651417.1
486195	487051	74441	75297	857	857	88.23	2434640	91740	0.04	0.93	NC_031000.1	JH651409.1
506878	507277	245817	245418	400	400	92.00	2434640	250012	0.02	0.16	NC_031000.1	JH651405.1
507271	508147	5841	6716	877	876	86.15	2434640	44689	0.04	1.96	NC_031000.1	JH651425.1
508178	508301	11965	11842	124	124	95.16	2434640	36238	0.01	0.34	NC_031000.1	JH651433.1
516795	517417	35334	34716	623	619	87.50	2434640	57426	0.03	1.08	NC_031000.1	JH651415.1
545944	546076	38518	38652	133	135	86.03	2434640	50541	0.01	0.27	NC_031000.1	JH651422.1
546165	546616	30603	31054	452	452	96.68	2434640	44689	0.02	1.01	NC_031000.1	JH651425.1
546634	547595	31162	32123	962	962	93.25	2434640	44689	0.04	2.15	NC_031000.1	JH651425.1
547855	548612	41030	41794	758	765	89.57	2434640	106902	0.03	0.72	NC_031000.1	JH651408.1
556958	558550	9905	11508	1593	1604	91.16	2434640	61333	0.07	2.62	NC_031000.1	KK035849.1
565403	565822	20576	20157	420	420	90.28	2434640	20798	0.02	2.02	NC_031000.1	KK035860.1
566535	567001	7251	6784	467	468	98.08	2434640	32620	0.02	1.43	NC_031000.1	JH651438.1
570836	571244	9826	10227	409	402	92.23	2434640	10663	0.02	3.77	NC_031000.1	JH651479.1
584092	585049	263019	262058	958	962	94.70	2434640	282688	0.04	0.34	NC_031000.1	JH651404.1
593564	594049	3558	3073	486	486	99.38	2434640	3558	0.02	13.66	NC_031000.1	KK035940.1
596295	596446	14600	14751	152	152	94.74	2434640	16871	0.01	0.90	NC_031000.1	JH651463.1
605252	607326	2120	1	2075	2120	89.93	2434640	15173	0.09	13.97	NC_031000.1	JH651465.1
609974	611167	33077	31882	1194	1196	85.49	2434640	106902	0.05	1.12	NC_031000.1	JH651408.1
612057	614398	27217	24876	2342	2342	80.35	2434640	51956	0.10	4.51	NC_031000.1	JH651418.1
615434	615807	7320	7693	374	374	98.93	2434640	10428	0.02	3.59	NC_031000.1	KK035881.1
615438	618364	43282	46206	2927	2925	98.50	2434640	50000	0.12	5.85	NC_031000.1	JH651421.1
618284	618412	29288	29416	129	129	91.47	2434640	40904	0.01	0.32	NC_031000.1	JH651430.1
629835	632319	2656417	2658899	2485	2483	99.03	2434640	2759859	0.10	0.09	NC_031000.1	JH651390.1
632319	633337	2659050	2660056	1019	1007	95.00	2434640	2759859	0.04	0.04	NC_031000.1	JH651390.1
633339	633773	2660170	2660605	435	436	97.94	2434640	2759859	0.02	0.02	NC_031000.1	JH651390.1
675350	675515	91230	91065	166	166	95.18	2434640	152588	0.01	0.11	NC_031000.1	JH651406.1
694965	696585	17238	15619	1621	1620	93.58	2434640	57168	0.07	2.83	NC_031000.1	JH651417.1
741759	742893	9472	8290	1135	1183	92.39	2434640	14292	0.05	8.28	NC_031000.1	JH651471.1
743799	746397	8189	5605	2599	2585	96.19	2434640	14292	0.11	18.09	NC_031000.1	JH651471.1
747578	748588	2814	3824	1011	1011	93.57	2434640	3824	0.04	26.44	NC_031000.1	KK035930.1
751059	752920	2253	393	1862	1861	99.30	2434640	22213	0.08	8.38	NC_031000.1	KK035858.1
759003	759416	14444	14030	414	415	91.57	2434640	31881	0.02	1.30	NC_031000.1	JH651441.1
759416	759771	17817	17464	356	354	85.47	2434640	25838	0.01	1.37	NC_031000.1	JH651447.1
777205	777465	19023	19284	261	262	92.75	2434640	40904	0.01	0.64	NC_031000.1	JH651430.1
779619	780076	7996	7545	458	452	87.55	2434640	24628	0.02	1.84	NC_031000.1	JH651449.1
780083	780995	6537	7442	913	906	90.71	2434640	24628	0.04	3.68	NC_031000.1	JH651449.1
796856	797248	1152	1543	393	392	93.15	2434640	9811	0.02	4.00	NC_031000.1	JH651487.1
819974	820477	12185	12688	504	504	96.03	2434640	31881	0.02	1.58	NC_031000.1	JH651441.1
821643	821802	89371	89218	160	154	87.50	2434640	2759859	0.01	0.01	NC_031000.1	JH651390.1
827642	829171	1777	260	1530	1518	86.22	2434640	40904	0.06	3.71	NC_031000.1	JH651430.1
847881	847961	1027	947	81	81	100.00	2434640	32620	0.00	0.25	NC_031000.1	JH651438.1
874931	876266	3952	2620	1336	1333	89.37	2434640	52559	0.05	2.54	NC_031000.1	JH651420.1
877867	878766	64674	65559	900	886	88.00	2434640	84110	0.04	1.05	NC_031000.1	JH651412.1
884048	884963	14497	13573	916	925	96.98	2434640	15004	0.04	6.17	NC_031000.1	JH651466.1
890075	890741	1620	952	667	669	92.99	2434640	1620	0.03	41.30	NC_031000.1	KK036038.1
890990	893580	153187	150596	2591	2592	95.87	2434640	282688	0.11	0.92	NC_031000.1	JH651404.1
906804	909039	26737	24499	2236	2239	86.61	2434640	51956	0.09	4.31	NC_031000.1	JH651418.1
907579	910578	97467	100455	3000	2989	85.97	2434640	2759859	0.12	0.11	NC_031000.1	JH651390.1
912756	912966	8131	7930	211	202	87.26	2434640	15866	0.01	1.27	NC_031000.1	JH651464.1
916761	917366	2960	3564	606	605	86.74	2434640	4628	0.02	13.07	NC_031000.1	KK035916.1
917362	917555	120858	120664	194	195	97.95	2434640	152588	0.01	0.13	NC_031000.1	JH651406.1
935431	935712	30059	30340	282	282	97.52	2434640	30340	0.01	0.93	NC_031000.1	JH651440.1
939163	939623	6093	5632	461	462	87.45	2434640	35525	0.02	1.30	NC_031000.1	JH651435.1
961643	962086	38192	38633	444	442	95.50	2434640	50541	0.02	0.87	NC_031000.1	JH651422.1
963736	966458	2612460	2609738	2723	2723	99.67	2434640	2759859	0.11	0.10	NC_031000.1	JH651390.1
973743	987699	2598928	2584994	13957	13935	98.92	2434640	2759859	0.57	0.50	NC_031000.1	JH651390.1
987698	988139	2544607	2545048	442	442	100.00	2434640	2759859	0.02	0.02	NC_031000.1	JH651390.1
1006088	1010348	2553556	2557817	4261	4262	99.69	2434640	2759859	0.18	0.15	NC_031000.1	JH651390.1
1043216	1043395	2557816	2557995	180	180	97.78	2434640	2759859	0.01	0.01	NC_031000.1	JH651390.1
1045682	1046092	11086	11491	411	406	89.78	2434640	15173	0.02	2.68	NC_031000.1	JH651465.1
1046258	1048615	11657	13973	2358	2317	95.08	2434640	15173	0.10	15.27	NC_031000.1	JH651465.1
1048715	1049917	2562084	2563291	1203	1208	93.96	2434640	2759859	0.05	0.04	NC_031000.1	JH651390.1
1049916	1052814	2563731	2566629	2899	2899	99.69	2434640	2759859	0.12	0.11	NC_031000.1	JH651390.1
1052812	1068883	2567067	2583134	16072	16068	98.23	2434640	2759859	0.66	0.58	NC_031000.1	JH651390.1
1085747	1088091	2525738	2523373	2345	2366	98.44	2434640	2759859	0.10	0.09	NC_031000.1	JH651390.1
1092348	1093128	41172	40389	781	784	88.03	2434640	52215	0.03	1.50	NC_031000.1	JH651419.1
1096072	1097078	4976385	4975391	1007	995	86.79	2434640	5064356	0.04	0.02	NC_031000.1	JH651385.1
1097090	1097501	2563320	2563732	412	413	98.31	2434640	2759859	0.02	0.01	NC_031000.1	JH651390.1
1097500	1101954	4975392	4970947	4455	4446	92.27	2434640	5064356	0.18	0.09	NC_031000.1	JH651385.1
1119456	1120869	5435	4021	1414	1415	90.18	2434640	40904	0.06	3.46	NC_031000.1	JH651430.1
1128733	1129436	10078	9376	704	703	95.76	2434640	10109	0.03	6.95	NC_031000.1	JH651478.1
1139381	1140821	2002	3439	1441	1438	83.87	2434640	44689	0.06	3.22	NC_031000.1	JH651425.1
1164310	1167079	877626	880395	2770	2770	91.16	2434640	1058449	0.11	0.26	NC_031000.1	JH651400.1
1190657	1193359	72469	69775	2703	2695	94.76	2434640	1038905	0.11	0.26	NC_031000.1	KK035840.1
1193916	1196938	70532	73580	3023	3049	88.87	2434640	2947611	0.12	0.10	NC_031000.1	JH651388.1
1199386	1199804	14496	14078	419	419	95.48	2434640	44983	0.02	0.93	NC_031000.1	JH651428.1
1199816	1200032	1850	2063	217	214	95.39	2434640	2063	0.01	10.37	NC_031000.1	KK035993.1
1219343	1220221	2588	3466	879	879	98.41	2434640	50000	0.04	1.76	NC_031000.1	JH651421.1
1231495	1234418	2909	1	2924	2909	95.76	2434640	3012	0.12	96.58	NC_031000.1	KK035955.1
1233344	1235993	3547	897	2650	2651	94.04	2434640	11445	0.11	23.16	NC_031000.1	JH651474.1
1235851	1235996	245629	245484	146	146	95.89	2434640	1038905	0.01	0.01	NC_031000.1	KK035840.1
1242253	1242948	613172	612472	696	701	91.08	2434640	711798	0.03	0.10	NC_031000.1	JH651402.1
1254856	1255357	15736	15235	502	502	89.24	2434640	31881	0.02	1.57	NC_031000.1	JH651441.1
1256718	1258752	117754	115760	2035	1995	87.27	2434640	2759859	0.08	0.07	NC_031000.1	JH651390.1
1300628	1300882	4780	5034	255	255	84.44	2434640	35525	0.01	0.72	NC_031000.1	JH651435.1
1300808	1301071	1	265	264	265	96.60	2434640	4628	0.01	5.73	NC_031000.1	KK035916.1
1338383	1338481	15292	15390	99	99	95.96	2434640	36238	0.00	0.27	NC_031000.1	JH651433.1
1344721	1344947	114616	114391	227	226	82.02	2434640	152588	0.01	0.15	NC_031000.1	JH651406.1
1357124	1359546	54410	56832	2423	2423	87.93	2434640	84110	0.10	2.88	NC_031000.1	JH651412.1
1360693	1361020	3591	3919	328	329	97.26	2434640	17522	0.01	1.88	NC_031000.1	KK035863.1
1362813	1364499	78800	80479	1687	1680	86.43	2434640	1091311	0.07	0.15	NC_031000.1	JH651399.1
1364504	1370181	35980	41609	5678	5630	97.53	2434640	57168	0.23	9.85	NC_031000.1	JH651417.1
1370180	1373700	41866	45391	3521	3526	96.79	2434640	57168	0.14	6.17	NC_031000.1	JH651417.1
1374746	1376997	95893	98144	2252	2252	82.06	2434640	111915	0.09	2.01	NC_031000.1	JH651407.1
1376358	1377315	9652	8695	958	958	81.11	2434640	11329	0.04	8.46	NC_031000.1	JH651475.1
1377068	1377337	4532120	4532389	270	270	86.30	2434640	4537458	0.01	0.01	NC_031000.1	JH651386.1
1385294	1385492	7605	7803	199	199	97.99	2434640	31881	0.01	0.62	NC_031000.1	JH651441.1
1389070	1389204	64466	64599	135	134	94.81	2434640	152588	0.01	0.09	NC_031000.1	JH651406.1
1400429	1400959	10934	10403	531	532	93.98	2434640	15004	0.02	3.55	NC_031000.1	JH651466.1
1403475	1403627	2788	2940	153	153	96.08	2434640	61333	0.01	0.25	NC_031000.1	KK035849.1
1404513	1404749	377	143	237	235	90.30	2434640	1019	0.01	23.06	NC_031000.1	KK036123.1
1405291	1405889	19900	19302	599	599	98.83	2434640	45697	0.02	1.31	NC_031000.1	JH651427.1
1406716	1407154	19201	18763	439	439	98.86	2434640	45697	0.02	0.96	NC_031000.1	JH651427.1
1407752	1410889	25517	28645	3138	3129	91.02	2434640	46602	0.13	6.71	NC_031000.1	JH651424.1
1424506	1424714	3171	2963	209	209	89.47	2434640	8341	0.01	2.51	NC_031000.1	JH651483.1
1434908	1435638	1852331	1853062	731	732	90.71	2434640	2019370	0.03	0.04	NC_031000.1	JH651394.1
1439581	1439768	11961	11774	188	188	95.24	2434640	36238	0.01	0.52	NC_031000.1	JH651433.1
1439771	1439880	3054	3163	110	110	100.00	2434640	3163	0.00	3.48	NC_031000.1	KK035950.1
1439772	1440143	1859	2230	372	372	98.12	2434640	7119	0.02	5.23	NC_031000.1	JH651491.1
1444228	1444727	87483	86986	500	498	83.27	2434640	2759859	0.02	0.02	NC_031000.1	JH651390.1
1467068	1467221	483795	483948	154	154	92.21	2434640	2759859	0.01	0.01	NC_031000.1	JH651390.1
1467068	1467219	31598	31749	152	152	97.37	2434640	52559	0.01	0.29	NC_031000.1	JH651420.1
1467394	1467501	27441	27551	108	111	90.99	2434640	57168	0.00	0.19	NC_031000.1	JH651417.1
1479864	1481576	75237	76951	1713	1715	87.47	2434640	2142601	0.07	0.08	NC_031000.1	JH651393.1
1484266	1484551	16283	16000	286	284	96.50	2434640	17145	0.01	1.66	NC_031000.1	JH651459.1
1488645	1489092	973	1420	448	448	97.77	2434640	11077	0.02	4.04	NC_031000.1	KK035878.1
1498656	1498823	6868	6705	168	164	92.86	2434640	11037	0.01	1.49	NC_031000.1	JH651476.1
1544660	1545136	25911	26386	477	476	82.51	2434640	32620	0.02	1.46	NC_031000.1	JH651438.1
1551374	1551506	13676	13544	133	133	94.74	2434640	14025	0.01	0.95	NC_031000.1	KK035868.1
1565709	1566614	21977	22894	906	918	91.07	2434640	50000	0.04	1.84	NC_031000.1	JH651421.1
1570030	1570206	120169	119991	177	179	89.44	2434640	152588	0.01	0.12	NC_031000.1	JH651406.1
1578802	1578894	60344	60435	93	92	94.62	2434640	84110	0.00	0.11	NC_031000.1	JH651412.1
1578910	1579103	12877	13070	194	194	99.48	2434640	13070	0.01	1.48	NC_031000.1	JH651472.1
1580268	1581508	1242	1	1241	1242	99.36	2434640	1242	0.05	100.00	NC_031000.1	KK036104.1
1581180	1581978	800	1	799	800	96.88	2434640	16763	0.03	4.77	NC_031000.1	JH651462.1
1586459	1586588	34249	34377	130	129	94.62	2434640	52559	0.01	0.25	NC_031000.1	JH651420.1
1590275	1591460	577631	578821	1186	1191	90.03	2434640	2471847	0.05	0.05	NC_031000.1	JH651391.1
1606257	1607385	2406	3534	1129	1129	91.94	2434640	57168	0.05	1.97	NC_031000.1	JH651417.1
1610297	1610389	20644	20552	93	93	95.70	2434640	1038905	0.00	0.01	NC_031000.1	KK035840.1
1622109	1622296	22070	22255	188	186	90.48	2434640	25391	0.01	0.73	NC_031000.1	KK035855.1
1622326	1623145	2741503	2740685	820	819	94.76	2434640	2759859	0.03	0.03	NC_031000.1	JH651390.1
1623696	1625325	1	1632	1630	1632	99.20	2434640	1632	0.07	100.00	NC_031000.1	KK036035.1
1637187	1637999	56936	56124	813	813	92.74	2434640	56936	0.03	1.43	NC_031000.1	KK035850.1
1645620	1646283	34737	35400	664	664	98.49	2434640	50000	0.03	1.33	NC_031000.1	JH651421.1
1654077	1654220	1283	1138	144	146	92.52	2434640	152588	0.01	0.10	NC_031000.1	JH651406.1
1666162	1666412	27695	27945	251	251	80.71	2434640	50541	0.01	0.50	NC_031000.1	JH651422.1
1672670	1672890	26674	26895	221	222	96.85	2434640	57168	0.01	0.39	NC_031000.1	JH651417.1
1675066	1675605	26903	27442	540	540	97.22	2434640	57168	0.02	0.94	NC_031000.1	JH651417.1
1699618	1702548	2924	1	2931	2924	93.83	2434640	6486	0.12	45.08	NC_031000.1	KK035894.1
1703022	1705770	2791	1	2749	2791	95.31	2434640	2791	0.11	100.00	NC_031000.1	KK035967.1
1709868	1714211	1573	5948	4344	4376	92.10	2434640	50541	0.18	8.66	NC_031000.1	JH651422.1
1714030	1719532	42699	37175	5503	5525	96.42	2434640	42699	0.23	12.94	NC_031000.1	JH651429.1
1718826	1720747	5330	7251	1922	1922	95.79	2434640	34711	0.08	5.54	NC_031000.1	JH651436.1
1720174	1721747	37074	35498	1574	1577	96.96	2434640	42699	0.06	3.69	NC_031000.1	JH651429.1
1721615	1721755	123980	123840	141	141	96.45	2434640	2759859	0.01	0.01	NC_031000.1	JH651390.1
1729138	1731885	59432	56682	2748	2751	87.38	2434640	152588	0.11	1.80	NC_031000.1	JH651406.1
1732081	1733748	55599	53826	1668	1774	86.26	2434640	152588	0.07	1.16	NC_031000.1	JH651406.1
1733812	1737349	53609	50074	3538	3536	96.64	2434640	152588	0.15	2.32	NC_031000.1	JH651406.1
1737449	1744585	52171	44969	7137	7203	93.71	2434640	152588	0.29	4.72	NC_031000.1	JH651406.1
1744604	1745545	44520	43585	942	936	89.03	2434640	152588	0.04	0.61	NC_031000.1	JH651406.1
1750844	1751785	44520	43585	942	936	89.03	2434640	152588	0.04	0.61	NC_031000.1	JH651406.1
1757009	1757327	1432	1114	319	319	89.03	2434640	1433	0.01	22.26	NC_031000.1	KK036063.1
1759182	1759345	59389	59551	164	163	92.73	2434640	91740	0.01	0.18	NC_031000.1	JH651409.1
1761637	1762054	34071	34485	418	415	94.05	2434640	34711	0.02	1.20	NC_031000.1	JH651436.1
1764318	1764833	5910	5394	516	517	96.91	2434640	44983	0.02	1.15	NC_031000.1	JH651428.1
1764322	1764843	2907	2383	522	525	94.49	2434640	35650	0.02	1.47	NC_031000.1	JH651434.1
1771551	1773443	3938	5838	1893	1901	89.16	2434640	7798	0.08	24.38	NC_031000.1	JH651484.1
1773438	1774889	6312	7798	1452	1487	91.40	2434640	7798	0.06	19.07	NC_031000.1	JH651484.1
1779107	1782181	1	3011	3075	3011	93.08	2434640	4833	0.13	62.30	NC_031000.1	KK035909.1
1909161	1911025	111608	113472	1865	1865	88.11	2434640	152588	0.08	1.22	NC_031000.1	JH651406.1
1915540	1917410	51145	49274	1871	1872	96.00	2434640	57168	0.08	3.27	NC_031000.1	JH651417.1
1926912	1927897	30612	31596	986	985	94.12	2434640	52559	0.04	1.87	NC_031000.1	JH651420.1
1929063	1930061	43578	42579	999	1000	99.20	2434640	52559	0.04	1.90	NC_031000.1	JH651420.1
1935987	1936064	290693	290770	78	78	96.15	2434640	2759859	0.00	0.00	NC_031000.1	JH651390.1
1936319	1936417	6965	7063	99	99	100.00	2434640	27152	0.00	0.36	NC_031000.1	JH651443.1
1957007	1957181	3233	3405	175	173	93.71	2434640	7283	0.01	2.38	NC_031000.1	KK035888.1
1957290	1958563	3405	4693	1274	1289	88.54	2434640	7283	0.05	17.70	NC_031000.1	KK035888.1
1966132	1966589	56966	57426	458	461	97.61	2434640	57426	0.02	0.80	NC_031000.1	JH651415.1
1968385	1969283	1	887	899	887	97.22	2434640	3875	0.04	22.89	NC_031000.1	KK035931.1
1975798	1975958	40578	40740	161	163	92.02	2434640	61333	0.01	0.27	NC_031000.1	KK035849.1
1980447	1980632	2733436	2733623	186	188	94.71	2434640	2759859	0.01	0.01	NC_031000.1	JH651390.1
1993110	1993358	3211	3468	249	258	91.15	2434640	41155	0.01	0.63	NC_031000.1	JH651431.1
1995851	1995935	3657	3573	85	85	95.29	2434640	89040	0.00	0.10	NC_031000.1	JH651411.1
2001252	2001416	2952	2788	165	165	92.12	2434640	61333	0.01	0.27	NC_031000.1	KK035849.1
2008674	2009966	2475560	2474283	1293	1278	92.05	2434640	2759859	0.05	0.05	NC_031000.1	JH651390.1
2010180	2013208	2474285	2471253	3029	3033	94.87	2434640	2759859	0.12	0.11	NC_031000.1	JH651390.1
2013374	2014599	2471207	2469982	1226	1226	92.58	2434640	2759859	0.05	0.04	NC_031000.1	JH651390.1
2014708	2015123	2469878	2469463	416	416	96.39	2434640	2759859	0.02	0.02	NC_031000.1	JH651390.1
2025040	2025527	7334	6845	488	490	96.53	2434640	15131	0.02	3.24	NC_031000.1	KK035865.1
2030093	2030832	738	1	740	738	93.11	2434640	9811	0.03	7.52	NC_031000.1	JH651487.1
2031212	2031639	10516	10093	428	424	86.95	2434640	18026	0.02	2.35	NC_031000.1	JH651458.1
2040690	2041322	34650	34019	633	632	86.10	2434640	35525	0.03	1.78	NC_031000.1	JH651435.1
2064645	2066837	248006	245814	2193	2193	94.77	2434640	282688	0.09	0.78	NC_031000.1	JH651404.1
2075313	2075416	106451	106554	104	104	99.04	2434640	282688	0.00	0.04	NC_031000.1	JH651404.1
2078566	2079620	5499	4450	1055	1050	95.45	2434640	5500	0.04	19.09	NC_031000.1	KK035906.1
2087301	2088667	1367	1	1367	1367	98.68	2434640	12431	0.06	11.00	NC_031000.1	KK035873.1
2088603	2089547	1376	432	945	945	99.47	2434640	1376	0.04	68.68	NC_031000.1	KK036083.1
2094143	2094307	111445	111610	165	166	94.58	2434640	152588	0.01	0.11	NC_031000.1	JH651406.1
2101850	2102042	697	505	193	193	95.34	2434640	1594	0.01	12.11	NC_031000.1	KK036041.1
2107878	2108392	514	1	515	514	96.12	2434640	1594	0.02	32.25	NC_031000.1	KK036041.1
2108175	2110208	52756	54784	2034	2029	95.09	2434640	91740	0.08	2.21	NC_031000.1	JH651409.1
2110163	2114204	4042	1	4042	4042	98.07	2434640	4042	0.17	100.00	NC_031000.1	KK035927.1
2114209	2116209	2001	1	2001	2001	97.40	2434640	2001	0.08	100.00	NC_031000.1	KK036002.1
2129563	2129672	31160	31269	110	110	94.55	2434640	32620	0.00	0.34	NC_031000.1	JH651438.1
2129726	2129869	12824	12967	144	144	97.92	2434640	89040	0.01	0.16	NC_031000.1	JH651411.1
2130055	2130301	12969	13216	247	248	97.98	2434640	89040	0.01	0.28	NC_031000.1	JH651411.1
2130633	2130760	228868	228996	128	129	96.90	2434640	711798	0.01	0.02	NC_031000.1	JH651402.1
2130633	2130760	7091	6963	128	129	96.12	2434640	42699	0.01	0.30	NC_031000.1	JH651429.1
2135964	2136140	127453	127278	177	176	89.89	2434640	152588	0.01	0.12	NC_031000.1	JH651406.1
2140226	2140414	457	269	189	189	94.18	2434640	2156	0.01	8.77	NC_031000.1	KK035988.1
2163797	2164921	69723	70849	1125	1127	96.45	2434640	152588	0.05	0.74	NC_031000.1	JH651406.1
2166551	2167081	1	537	531	537	96.28	2434640	52559	0.02	1.02	NC_031000.1	JH651420.1
2170339	2170475	17895	18031	137	137	93.43	2434640	50000	0.01	0.27	NC_031000.1	JH651421.1
2179080	2179352	143946	143674	273	273	97.08	2434640	282688	0.01	0.10	NC_031000.1	JH651404.1
2180476	2181914	209183	210621	1439	1439	93.20	2434640	282688	0.06	0.51	NC_031000.1	JH651404.1
2185345	2185456	143690	143579	112	112	95.54	2434640	282688	0.00	0.04	NC_031000.1	JH651404.1
2194450	2194626	29152	28975	177	178	96.07	2434640	52559	0.01	0.34	NC_031000.1	JH651420.1
2194458	2194690	28512	28280	233	233	90.60	2434640	52559	0.01	0.44	NC_031000.1	JH651420.1
2194679	2198001	199928	203234	3323	3307	87.76	2434640	206411	0.14	1.60	NC_031000.1	KK035844.1
2198842	2200394	4394212	4395804	1553	1593	89.29	2434640	4395809	0.06	0.04	NC_031000.1	JH651387.1
2202148	2204742	2893	5513	2595	2621	90.70	2434640	7391	0.11	35.46	NC_031000.1	JH651489.1
2203973	2204747	3256	2480	775	777	91.89	2434640	3256	0.03	23.86	NC_031000.1	KK035948.1
2204747	2206828	2087	1	2082	2087	91.07	2434640	3256	0.09	64.10	NC_031000.1	KK035948.1
2204799	2207781	594	3610	2983	3017	89.26	2434640	4215	0.12	71.58	NC_031000.1	KK035922.1
2208239	2218792	10505	1	10554	10505	96.52	2434640	10511	0.43	99.94	NC_031000.1	KK035880.1
2230596	2239319	56413	47649	8724	8765	92.08	2434640	56936	0.36	15.39	NC_031000.1	KK035850.1
2240236	2245747	47331	41759	5512	5573	87.44	2434640	56936	0.23	9.79	NC_031000.1	KK035850.1
2246849	2250024	40570	37398	3176	3173	92.61	2434640	56936	0.13	5.57	NC_031000.1	KK035850.1
2280283	2283263	16723	19702	2981	2980	98.99	2434640	41155	0.12	7.24	NC_031000.1	JH651431.1
2283357	2284398	7033	8074	1042	1042	97.41	2434640	15131	0.04	6.89	NC_031000.1	KK035865.1
2296058	2299149	3660	590	3092	3071	96.57	2434640	4505	0.13	68.17	NC_031000.1	KK035920.1
2301138	2301728	39263	39853	591	591	96.62	2434640	52559	0.02	1.12	NC_031000.1	JH651420.1
2315160	2316811	73318	74967	1652	1650	89.23	2434640	2142601	0.07	0.08	NC_031000.1	JH651393.1
2318541	2319215	67067	66382	675	686	88.82	2434640	91740	0.03	0.75	NC_031000.1	JH651409.1
2319472	2319664	127880	128072	193	193	97.42	2434640	152588	0.01	0.13	NC_031000.1	JH651406.1
2319526	2319686	143899	143740	161	160	96.27	2434640	152588	0.01	0.10	NC_031000.1	JH651406.1
2322275	2322473	200	1	199	200	92.50	2434640	711798	0.01	0.03	NC_031000.1	JH651402.1
2337966	2339400	10776	12209	1435	1434	86.45	2434640	13077	0.06	10.97	NC_031000.1	KK035869.1
2347537	2348005	6722	7197	469	476	85.12	2434640	44689	0.02	1.07	NC_031000.1	JH651425.1
2351284	2351477	501	309	194	193	99.48	2434640	2958	0.01	6.52	NC_031000.1	JH651510.1
2358753	2358983	11089	10868	231	222	91.34	2434640	15173	0.01	1.46	NC_031000.1	JH651465.1
2389056	2389493	2722216	2722654	438	439	96.81	2434640	2759859	0.02	0.02	NC_031000.1	JH651390.1
2400227	2400612	5238	5623	386	386	91.19	2434640	5623	0.02	6.86	NC_031000.1	KK035903.1
2404107	2404727	1594	980	621	615	89.62	2434640	1594	0.03	38.58	NC_031000.1	KK036041.1
