110394	116191	14212	8412	5798	5801	97.06	6854980	42187	0.08	13.75	NC_030986.1	KK035242.1
116845	119977	8427	5282	3133	3146	95.55	6854980	42187	0.05	7.46	NC_030986.1	KK035242.1
119926	121829	1925	21	1904	1905	92.86	6854980	42187	0.03	4.52	NC_030986.1	KK035242.1
124223	125093	48086	47215	871	872	93.35	6854980	54618	0.01	1.60	NC_030986.1	JH658042.1
126839	129074	46935	44697	2236	2239	96.56	6854980	54618	0.03	4.10	NC_030986.1	JH658042.1
129275	136874	44618	37012	7600	7607	96.05	6854980	54618	0.11	13.93	NC_030986.1	JH658042.1
136749	139967	36996	33776	3219	3221	97.21	6854980	54618	0.05	5.90	NC_030986.1	JH658042.1
140284	146031	32406	26660	5748	5747	97.25	6854980	54618	0.08	10.52	NC_030986.1	JH658042.1
146030	148376	24810	22444	2347	2367	88.94	6854980	54618	0.03	4.33	NC_030986.1	JH658042.1
148612	153353	19527	14784	4742	4744	96.35	6854980	54618	0.07	8.69	NC_030986.1	JH658042.1
153887	154030	33898	34041	144	144	91.67	6854980	71206	0.00	0.20	NC_030986.1	JH658026.1
154061	154139	242139	242061	79	79	97.47	6854980	357253	0.00	0.02	NC_030986.1	JH657946.1
154894	155112	332720	332938	219	219	91.32	6854980	357253	0.00	0.06	NC_030986.1	JH657946.1
154903	156733	10041	8228	1831	1814	81.86	6854980	202139	0.03	0.90	NC_030986.1	JH657970.1
156859	157892	416073	415043	1034	1031	87.52	6854980	857877	0.02	0.12	NC_030986.1	JH657931.1
156864	160391	155493	159015	3528	3523	85.13	6854980	857877	0.05	0.41	NC_030986.1	JH657931.1
161341	162120	219814	220593	780	780	87.95	6854980	857877	0.01	0.09	NC_030986.1	JH657931.1
161344	162896	331152	332705	1553	1554	85.07	6854980	357253	0.02	0.43	NC_030986.1	JH657946.1
164329	164528	16695	16495	200	201	86.41	6854980	17515	0.00	1.15	NC_030986.1	KK035281.1
164556	164761	233839	233633	206	207	89.86	6854980	3361134	0.00	0.01	NC_030986.1	JH657918.1
170297	170397	102	1	101	102	97.09	6854980	25194	0.00	0.40	NC_030986.1	JH658105.1
172600	172873	508	781	274	274	93.80	6854980	23478	0.00	1.17	NC_030986.1	JH658114.1
173356	175156	840	2617	1801	1778	93.40	6854980	23478	0.03	7.57	NC_030986.1	JH658114.1
175816	176351	3074	2547	536	528	92.54	6854980	54618	0.01	0.97	NC_030986.1	JH658042.1
176632	176889	92	349	258	258	93.41	6854980	69246	0.00	0.37	NC_030986.1	JH658027.1
176890	178463	612	2185	1574	1574	97.27	6854980	69246	0.02	2.27	NC_030986.1	JH658027.1
192975	210420	8944	26496	17446	17553	95.40	6854980	69246	0.25	25.35	NC_030986.1	JH658027.1
210538	212469	26607	28528	1932	1922	83.48	6854980	69246	0.03	2.78	NC_030986.1	JH658027.1
214222	216308	28940	31023	2087	2084	90.67	6854980	69246	0.03	3.01	NC_030986.1	JH658027.1
216954	223633	31007	37686	6680	6680	98.20	6854980	69246	0.10	9.65	NC_030986.1	JH658027.1
223820	240836	37687	54677	17017	16991	97.45	6854980	69246	0.25	24.54	NC_030986.1	JH658027.1
243648	243984	56652	56988	337	337	97.63	6854980	69246	0.00	0.49	NC_030986.1	JH658027.1
244199	245994	56975	58761	1796	1787	97.83	6854980	69246	0.03	2.58	NC_030986.1	JH658027.1
246666	260306	2292	15928	13641	13637	96.88	6854980	123401	0.20	11.05	NC_030986.1	JH657985.1
291836	295487	16430	20084	3652	3655	95.30	6854980	123401	0.05	2.96	NC_030986.1	JH657985.1
295486	312120	21725	38346	16635	16622	97.16	6854980	123401	0.24	13.47	NC_030986.1	JH657985.1
312272	338621	38346	64700	26350	26355	96.73	6854980	123401	0.38	21.36	NC_030986.1	JH657985.1
338800	347853	64694	73741	9054	9048	96.33	6854980	123401	0.13	7.33	NC_030986.1	JH657985.1
348753	349258	73821	74332	506	512	88.87	6854980	123401	0.01	0.41	NC_030986.1	JH657985.1
349841	359226	79288	88618	9386	9331	96.59	6854980	123401	0.14	7.56	NC_030986.1	JH657985.1
359218	370712	93628	105104	11495	11477	96.24	6854980	123401	0.17	9.30	NC_030986.1	JH657985.1
370955	378758	105092	112877	7804	7786	95.09	6854980	123401	0.11	6.31	NC_030986.1	JH657985.1
378758	388828	113302	123368	10071	10067	97.51	6854980	123401	0.15	8.16	NC_030986.1	JH657985.1
388820	389967	52253	51105	1148	1149	97.74	6854980	52501	0.02	2.19	NC_030986.1	KK035237.1
389964	407299	50774	33478	17336	17297	95.90	6854980	52501	0.25	32.95	NC_030986.1	KK035237.1
407300	431855	29834	5285	24556	24550	97.15	6854980	52501	0.36	46.76	NC_030986.1	KK035237.1
433916	437274	3370	9	3359	3362	94.62	6854980	52501	0.05	6.40	NC_030986.1	KK035237.1
437297	438830	181	1714	1534	1534	97.33	6854980	1190151	0.02	0.13	NC_030986.1	JH657926.1
438970	445673	1841	8545	6704	6705	96.03	6854980	1190151	0.10	0.56	NC_030986.1	JH657926.1
446289	446567	10210	10483	279	274	88.97	6854980	1190151	0.00	0.02	NC_030986.1	JH657926.1
450954	452479	15197	16703	1526	1507	82.46	6854980	1190151	0.02	0.13	NC_030986.1	JH657926.1
453325	468047	17580	32241	14723	14662	97.07	6854980	1190151	0.21	1.23	NC_030986.1	JH657926.1
468145	477959	32243	42023	9815	9781	97.75	6854980	1190151	0.14	0.82	NC_030986.1	JH657926.1
477953	479527	42262	43860	1575	1599	90.14	6854980	1190151	0.02	0.13	NC_030986.1	JH657926.1
479478	481194	43924	45639	1717	1716	97.32	6854980	1190151	0.03	0.14	NC_030986.1	JH657926.1
481158	490041	45759	54672	8884	8914	96.67	6854980	1190151	0.13	0.75	NC_030986.1	JH657926.1
490041	494544	55541	60007	4504	4467	95.54	6854980	1190151	0.07	0.38	NC_030986.1	JH657926.1
494862	499906	60006	65074	5045	5069	92.32	6854980	1190151	0.07	0.43	NC_030986.1	JH657926.1
500152	503920	65076	68844	3769	3769	92.69	6854980	1190151	0.05	0.32	NC_030986.1	JH657926.1
503925	506642	68657	71313	2718	2657	92.88	6854980	1190151	0.04	0.22	NC_030986.1	JH657926.1
507998	510436	82380	79941	2439	2440	95.02	6854980	1190151	0.04	0.21	NC_030986.1	JH657926.1
510436	516823	77703	71316	6388	6388	96.16	6854980	1190151	0.09	0.54	NC_030986.1	JH657926.1
516968	520684	82503	86224	3717	3722	96.99	6854980	1190151	0.05	0.31	NC_030986.1	JH657926.1
521339	521595	87737	87981	257	245	89.11	6854980	1190151	0.00	0.02	NC_030986.1	JH657926.1
533110	538527	93147	98558	5418	5412	93.33	6854980	1190151	0.08	0.45	NC_030986.1	JH657926.1
538797	539794	98827	99823	998	997	94.59	6854980	1190151	0.01	0.08	NC_030986.1	JH657926.1
539943	543078	99956	103091	3136	3136	97.00	6854980	1190151	0.05	0.26	NC_030986.1	JH657926.1
543503	564379	103535	124441	20877	20907	98.49	6854980	1190151	0.30	1.76	NC_030986.1	JH657926.1
564427	577955	124369	137917	13529	13549	98.41	6854980	1190151	0.20	1.14	NC_030986.1	JH657926.1
578148	592018	138109	151981	13871	13873	97.97	6854980	1190151	0.20	1.17	NC_030986.1	JH657926.1
593373	593792	153352	153770	420	419	87.06	6854980	1190151	0.01	0.04	NC_030986.1	JH657926.1
594947	637619	155029	197700	42673	42672	98.42	6854980	1190151	0.62	3.59	NC_030986.1	JH657926.1
638790	640417	198960	200586	1628	1627	98.65	6854980	1190151	0.02	0.14	NC_030986.1	JH657926.1
640737	642387	200763	202416	1651	1654	98.85	6854980	1190151	0.02	0.14	NC_030986.1	JH657926.1
643088	691454	202823	251195	48367	48373	99.20	6854980	1190151	0.71	4.06	NC_030986.1	JH657926.1
691581	737649	251304	297416	46069	46113	99.05	6854980	1190151	0.67	3.87	NC_030986.1	JH657926.1
738266	747072	297837	306655	8807	8819	97.41	6854980	1190151	0.13	0.74	NC_030986.1	JH657926.1
747069	747235	306824	306655	167	170	96.47	6854980	1190151	0.00	0.01	NC_030986.1	JH657926.1
747239	764513	306825	324079	17275	17255	98.35	6854980	1190151	0.25	1.45	NC_030986.1	JH657926.1
764681	787841	324180	347327	23161	23148	97.89	6854980	1190151	0.34	1.94	NC_030986.1	JH657926.1
787840	789228	348215	349602	1389	1388	97.70	6854980	1190151	0.02	0.12	NC_030986.1	JH657926.1
790476	800098	349774	359327	9623	9554	97.14	6854980	1190151	0.14	0.80	NC_030986.1	JH657926.1
800091	845076	359859	404790	44986	44932	98.60	6854980	1190151	0.66	3.78	NC_030986.1	JH657926.1
845215	847960	404791	407516	2746	2726	95.01	6854980	1190151	0.04	0.23	NC_030986.1	JH657926.1
848100	855774	407673	415333	7675	7661	97.42	6854980	1190151	0.11	0.64	NC_030986.1	JH657926.1
856364	891121	415902	450744	34758	34843	97.86	6854980	1190151	0.51	2.93	NC_030986.1	JH657926.1
891428	936590	450940	496007	45163	45068	98.14	6854980	1190151	0.66	3.79	NC_030986.1	JH657926.1
936625	937471	495999	496859	847	861	97.56	6854980	1190151	0.01	0.07	NC_030986.1	JH657926.1
937972	943311	497427	502758	5340	5332	97.55	6854980	1190151	0.08	0.45	NC_030986.1	JH657926.1
943434	973717	502945	533238	30284	30294	97.89	6854980	1190151	0.44	2.55	NC_030986.1	JH657926.1
973872	1025821	533387	585371	51950	51985	98.70	6854980	1190151	0.76	4.37	NC_030986.1	JH657926.1
1026045	1059906	585593	619457	33862	33865	99.18	6854980	1190151	0.49	2.85	NC_030986.1	JH657926.1
1059906	1062598	619556	622247	2693	2692	99.59	6854980	1190151	0.04	0.23	NC_030986.1	JH657926.1
1062724	1073048	622356	632673	10325	10318	99.39	6854980	1190151	0.15	0.87	NC_030986.1	JH657926.1
1073079	1123970	632664	683572	50892	50909	98.62	6854980	1190151	0.74	4.28	NC_030986.1	JH657926.1
1127153	1137952	686960	697741	10800	10782	98.58	6854980	1190151	0.16	0.91	NC_030986.1	JH657926.1
1138110	1157906	697888	717682	19797	19795	99.15	6854980	1190151	0.29	1.66	NC_030986.1	JH657926.1
1158045	1243454	717691	803120	85410	85430	98.90	6854980	1190151	1.25	7.18	NC_030986.1	JH657926.1
1244348	1268316	804598	828583	23969	23986	98.52	6854980	1190151	0.35	2.02	NC_030986.1	JH657926.1
1268967	1341039	828568	900569	72073	72002	98.64	6854980	1190151	1.05	6.05	NC_030986.1	JH657926.1
1341038	1358917	901008	918870	17880	17863	99.22	6854980	1190151	0.26	1.50	NC_030986.1	JH657926.1
1358918	1359044	918960	919086	127	127	100.00	6854980	1190151	0.00	0.01	NC_030986.1	JH657926.1
1359248	1359507	919086	919345	260	260	98.46	6854980	1190151	0.00	0.02	NC_030986.1	JH657926.1
1359506	1395360	919937	955824	35855	35888	98.80	6854980	1190151	0.52	3.02	NC_030986.1	JH657926.1
1395359	1396925	956251	957817	1567	1567	99.04	6854980	1190151	0.02	0.13	NC_030986.1	JH657926.1
1397117	1400314	957948	961164	3198	3217	98.70	6854980	1190151	0.05	0.27	NC_030986.1	JH657926.1
1401055	1401620	961742	962307	566	566	98.94	6854980	1190151	0.01	0.05	NC_030986.1	JH657926.1
1401619	1432207	963406	993980	30589	30575	98.76	6854980	1190151	0.45	2.57	NC_030986.1	JH657926.1
1439206	1457757	998797	1017372	18552	18576	97.91	6854980	1190151	0.27	1.56	NC_030986.1	JH657926.1
1458421	1458570	1017359	1017508	150	150	98.67	6854980	1190151	0.00	0.01	NC_030986.1	JH657926.1
1458723	1474429	1017509	1033210	15707	15702	99.13	6854980	1190151	0.23	1.32	NC_030986.1	JH657926.1
1474736	1488438	1033205	1046987	13703	13783	97.93	6854980	1190151	0.20	1.16	NC_030986.1	JH657926.1
1488584	1565615	1047060	1124079	77032	77020	98.95	6854980	1190151	1.12	6.47	NC_030986.1	JH657926.1
1566059	1574979	1124462	1133378	8921	8917	99.16	6854980	1190151	0.13	0.75	NC_030986.1	JH657926.1
1575150	1603705	1133537	1162106	28556	28570	98.55	6854980	1190151	0.42	2.40	NC_030986.1	JH657926.1
1604706	1608527	1122729	1118912	3822	3818	99.37	6854980	1129237	0.06	0.34	NC_030986.1	JH657927.1
1610345	1711439	1117329	1016248	101095	101082	98.82	6854980	1129237	1.47	8.95	NC_030986.1	JH657927.1
1711538	1733541	1016145	994188	22004	21958	98.63	6854980	1129237	0.32	1.94	NC_030986.1	JH657927.1
1734177	1755293	993691	972515	21117	21177	98.81	6854980	1129237	0.31	1.88	NC_030986.1	JH657927.1
1755402	1784806	972410	943055	29405	29356	98.56	6854980	1129237	0.43	2.60	NC_030986.1	JH657927.1
1784962	1838835	942975	889124	53874	53852	99.12	6854980	1129237	0.79	4.77	NC_030986.1	JH657927.1
1839424	1854825	888542	873167	15402	15376	99.10	6854980	1129237	0.22	1.36	NC_030986.1	JH657927.1
1854831	1859148	873056	868747	4318	4310	98.94	6854980	1129237	0.06	0.38	NC_030986.1	JH657927.1
1859805	1866177	868758	862392	6373	6367	98.98	6854980	1129237	0.09	0.56	NC_030986.1	JH657927.1
1867886	1879114	860869	849648	11229	11222	98.64	6854980	1129237	0.16	0.99	NC_030986.1	JH657927.1
1879755	1910582	849128	818384	30828	30745	98.49	6854980	1129237	0.45	2.72	NC_030986.1	JH657927.1
1911218	1930505	817936	798647	19288	19290	99.00	6854980	1129237	0.28	1.71	NC_030986.1	JH657927.1
1930961	1960778	798572	768835	29818	29738	98.80	6854980	1129237	0.43	2.63	NC_030986.1	JH657927.1
1961366	1962630	768312	767051	1265	1262	98.89	6854980	1129237	0.02	0.11	NC_030986.1	JH657927.1
1962827	1988142	767055	741717	25316	25339	99.01	6854980	1129237	0.37	2.24	NC_030986.1	JH657927.1
1988595	2017609	741346	712350	29015	28997	98.79	6854980	1129237	0.42	2.57	NC_030986.1	JH657927.1
2017716	2035931	712334	694200	18216	18135	98.43	6854980	1129237	0.27	1.61	NC_030986.1	JH657927.1
2036757	2040066	693657	690369	3310	3289	98.37	6854980	1129237	0.05	0.29	NC_030986.1	JH657927.1
2040529	2053768	689818	676598	13240	13221	98.72	6854980	1129237	0.19	1.17	NC_030986.1	JH657927.1
2054278	2087448	675877	642645	33171	33233	98.79	6854980	1129237	0.48	2.94	NC_030986.1	JH657927.1
2087897	2090637	642027	639287	2741	2741	99.05	6854980	1129237	0.04	0.24	NC_030986.1	JH657927.1
2090634	2179128	639250	550766	88495	88485	99.13	6854980	1129237	1.29	7.84	NC_030986.1	JH657927.1
2179119	2187944	550550	541735	8826	8816	98.77	6854980	1129237	0.13	0.78	NC_030986.1	JH657927.1
2187944	2250775	541634	478809	62832	62826	98.99	6854980	1129237	0.92	5.56	NC_030986.1	JH657927.1
2251303	2252610	478418	477112	1308	1307	99.08	6854980	1129237	0.02	0.12	NC_030986.1	JH657927.1
2252711	2294354	476986	435303	41644	41684	98.66	6854980	1129237	0.61	3.69	NC_030986.1	JH657927.1
2294350	2308623	433917	419640	14274	14278	98.97	6854980	1129237	0.21	1.26	NC_030986.1	JH657927.1
2308743	2311085	419526	417184	2343	2343	98.59	6854980	1129237	0.03	0.21	NC_030986.1	JH657927.1
2311128	2376118	417191	352237	64991	64955	98.76	6854980	1129237	0.95	5.75	NC_030986.1	JH657927.1
2376108	2377911	352138	350335	1804	1804	99.39	6854980	1129237	0.03	0.16	NC_030986.1	JH657927.1
2378058	2410907	350223	317390	32850	32834	98.72	6854980	1129237	0.48	2.91	NC_030986.1	JH657927.1
2410897	2454682	317124	273353	43786	43772	99.13	6854980	1129237	0.64	3.88	NC_030986.1	JH657927.1
2454674	2465849	271921	260734	11176	11188	98.96	6854980	1129237	0.16	0.99	NC_030986.1	JH657927.1
2465895	2517660	260754	209045	51766	51710	98.94	6854980	1129237	0.76	4.58	NC_030986.1	JH657927.1
2517846	2560638	209047	166252	42793	42796	98.88	6854980	1129237	0.62	3.79	NC_030986.1	JH657927.1
2561019	2567729	165994	159196	6711	6799	97.68	6854980	1129237	0.10	0.60	NC_030986.1	JH657927.1
2567829	2571733	159196	155293	3905	3904	98.08	6854980	1129237	0.06	0.35	NC_030986.1	JH657927.1
2571990	2591616	155294	135663	19627	19632	96.32	6854980	1129237	0.29	1.74	NC_030986.1	JH657927.1
2597438	2598618	135119	133928	1181	1192	91.57	6854980	1129237	0.02	0.11	NC_030986.1	JH657927.1
2598620	2632522	132941	99022	33903	33920	98.50	6854980	1129237	0.49	3.00	NC_030986.1	JH657927.1
2634086	2638178	98140	94048	4093	4093	98.71	6854980	1129237	0.06	0.36	NC_030986.1	JH657927.1
2638236	2662913	93090	68414	24678	24677	98.62	6854980	1129237	0.36	2.19	NC_030986.1	JH657927.1
2663282	2675330	68187	56174	12049	12014	98.75	6854980	1129237	0.18	1.06	NC_030986.1	JH657927.1
2675331	2678201	55857	52991	2871	2867	98.82	6854980	1129237	0.04	0.25	NC_030986.1	JH657927.1
2678481	2698621	52702	32570	20141	20133	99.15	6854980	1129237	0.29	1.78	NC_030986.1	JH657927.1
2698672	2704155	32711	27216	5484	5496	98.65	6854980	1129237	0.08	0.49	NC_030986.1	JH657927.1
2704315	2731355	27057	41	27041	27017	99.10	6854980	1129237	0.39	2.39	NC_030986.1	JH657927.1
2731355	2753121	529816	508051	21767	21766	99.10	6854980	530078	0.32	4.11	NC_030986.1	JH657937.1
2753121	2815323	507883	445786	62203	62098	99.06	6854980	530078	0.91	11.71	NC_030986.1	JH657937.1
2815971	2872107	445801	389670	56137	56132	99.12	6854980	530078	0.82	10.59	NC_030986.1	JH657937.1
2872106	2899757	388579	360910	27652	27670	98.96	6854980	530078	0.40	5.22	NC_030986.1	JH657937.1
2900220	2902115	360416	358522	1896	1895	99.16	6854980	530078	0.03	0.36	NC_030986.1	JH657937.1
2902113	2909690	356993	349421	7578	7573	98.76	6854980	530078	0.11	1.43	NC_030986.1	JH657937.1
2910154	2950021	349120	309270	39868	39851	98.92	6854980	530078	0.58	7.52	NC_030986.1	JH657937.1
2950138	2975731	309149	283540	25594	25610	98.99	6854980	530078	0.37	4.83	NC_030986.1	JH657937.1
2977184	2992114	282759	267838	14931	14922	99.20	6854980	530078	0.22	2.82	NC_030986.1	JH657937.1
2992343	3021730	267695	238308	29388	29388	98.89	6854980	530078	0.43	5.54	NC_030986.1	JH657937.1
3021728	3139802	236667	118538	118075	118130	99.01	6854980	530078	1.72	22.29	NC_030986.1	JH657937.1
3139818	3171925	118563	86446	32108	32118	99.03	6854980	530078	0.47	6.06	NC_030986.1	JH657937.1
3171920	3173837	86280	84362	1918	1919	98.96	6854980	530078	0.03	0.36	NC_030986.1	JH657937.1
3173831	3230097	82507	26284	56267	56224	99.11	6854980	530078	0.82	10.61	NC_030986.1	JH657937.1
3230097	3256012	26083	175	25916	25909	98.80	6854980	530078	0.38	4.89	NC_030986.1	JH657937.1
3256005	3263105	98	7193	7101	7096	99.06	6854980	1035594	0.10	0.69	NC_030986.1	JH657928.1
3263103	3274241	9240	20382	11139	11143	99.32	6854980	1035594	0.16	1.08	NC_030986.1	JH657928.1
3274487	3279088	20622	25220	4602	4599	98.61	6854980	1035594	0.07	0.44	NC_030986.1	JH657928.1
3279411	3328448	25580	74565	49038	48986	98.73	6854980	1035594	0.72	4.73	NC_030986.1	JH657928.1
3328637	3341020	74617	86967	12384	12351	99.00	6854980	1035594	0.18	1.19	NC_030986.1	JH657928.1
3341779	3373013	87841	119083	31235	31243	99.14	6854980	1035594	0.46	3.02	NC_030986.1	JH657928.1
3373122	3384547	119083	130509	11426	11427	99.38	6854980	1035594	0.17	1.10	NC_030986.1	JH657928.1
3384728	3451037	130697	197029	66310	66333	98.80	6854980	1035594	0.97	6.41	NC_030986.1	JH657928.1
3451036	3511518	197468	257957	60483	60490	98.59	6854980	1035594	0.88	5.84	NC_030986.1	JH657928.1
3511845	3529653	258443	276287	17809	17845	99.01	6854980	1035594	0.26	1.72	NC_030986.1	JH657928.1
3529690	3533918	276279	280512	4229	4234	99.34	6854980	1035594	0.06	0.41	NC_030986.1	JH657928.1
3534097	3625585	280514	371964	91489	91451	98.82	6854980	1035594	1.33	8.83	NC_030986.1	JH657928.1
3625719	3630814	372096	377182	5096	5087	96.09	6854980	1035594	0.07	0.49	NC_030986.1	JH657928.1
3631043	3632428	377314	378711	1386	1398	97.50	6854980	1035594	0.02	0.13	NC_030986.1	JH657928.1
3632626	3689335	378922	435479	56710	56558	98.50	6854980	1035594	0.83	5.46	NC_030986.1	JH657928.1
3689337	3711341	435587	457575	22005	21989	98.47	6854980	1035594	0.32	2.12	NC_030986.1	JH657928.1
3711482	3714483	457588	460589	3002	3002	96.28	6854980	1035594	0.04	0.29	NC_030986.1	JH657928.1
3715878	3749639	462001	495764	33762	33764	99.04	6854980	1035594	0.49	3.26	NC_030986.1	JH657928.1
3749763	3798267	495881	544384	48505	48504	99.14	6854980	1035594	0.71	4.68	NC_030986.1	JH657928.1
3798264	3811099	544509	557296	12836	12788	98.75	6854980	1035594	0.19	1.23	NC_030986.1	JH657928.1
3811098	3825770	558706	573354	14673	14649	98.41	6854980	1035594	0.21	1.41	NC_030986.1	JH657928.1
3826508	3862650	573410	609505	36143	36096	98.90	6854980	1035594	0.53	3.49	NC_030986.1	JH657928.1
3862806	3888606	609505	635306	25801	25802	98.80	6854980	1035594	0.38	2.49	NC_030986.1	JH657928.1
3888538	3903713	635439	650612	15176	15174	98.29	6854980	1035594	0.22	1.47	NC_030986.1	JH657928.1
3905334	3914650	651323	660612	9317	9290	98.77	6854980	1035594	0.14	0.90	NC_030986.1	JH657928.1
3915300	3926630	660597	671850	11331	11254	98.13	6854980	1035594	0.17	1.09	NC_030986.1	JH657928.1
3926628	3927165	672288	672818	538	531	97.77	6854980	1035594	0.01	0.05	NC_030986.1	JH657928.1
3927500	3959592	673068	705149	32093	32082	98.53	6854980	1035594	0.47	3.10	NC_030986.1	JH657928.1
3959736	3979754	705218	725251	20019	20034	98.37	6854980	1035594	0.29	1.93	NC_030986.1	JH657928.1
3979900	3983062	725383	728546	3163	3164	98.77	6854980	1035594	0.05	0.31	NC_030986.1	JH657928.1
3983165	4031489	728527	776824	48325	48298	99.14	6854980	1035594	0.70	4.66	NC_030986.1	JH657928.1
4032198	4038151	777467	783438	5954	5972	99.13	6854980	1035594	0.09	0.58	NC_030986.1	JH657928.1
4038497	4067950	783684	813101	29454	29418	98.74	6854980	1035594	0.43	2.84	NC_030986.1	JH657928.1
4068605	4178606	813089	922979	110002	109891	98.72	6854980	1035594	1.60	10.61	NC_030986.1	JH657928.1
4178606	4228828	923075	973253	50223	50179	98.90	6854980	1035594	0.73	4.85	NC_030986.1	JH657928.1
4228827	4263648	973557	1008359	34822	34803	98.59	6854980	1035594	0.51	3.36	NC_030986.1	JH657928.1
4263647	4276331	1008573	1021219	12685	12647	98.50	6854980	1035594	0.19	1.22	NC_030986.1	JH657928.1
4276884	4282051	1021726	1026903	5168	5178	98.79	6854980	1035594	0.08	0.50	NC_030986.1	JH657928.1
4282846	4291236	1027153	1035513	8391	8361	98.21	6854980	1035594	0.12	0.81	NC_030986.1	JH657928.1
4291236	4294882	74	3719	3647	3646	99.42	6854980	1221218	0.05	0.30	NC_030986.1	JH657924.1
4295893	4301957	4704	10768	6065	6065	98.96	6854980	1221218	0.09	0.50	NC_030986.1	JH657924.1
4301957	4313534	10938	22531	11578	11594	98.55	6854980	1221218	0.17	0.95	NC_030986.1	JH657924.1
4313681	4343293	22561	52046	29613	29486	98.61	6854980	1221218	0.43	2.41	NC_030986.1	JH657924.1
4343647	4423727	52310	132284	80081	79975	98.81	6854980	1221218	1.17	6.55	NC_030986.1	JH657924.1
4423718	4424073	132595	132235	356	361	91.44	6854980	1221218	0.01	0.03	NC_030986.1	JH657924.1
4424150	4444041	132591	152473	19892	19883	97.75	6854980	1221218	0.29	1.63	NC_030986.1	JH657924.1
4447397	4447498	66686	66584	102	103	97.09	6854980	90069	0.00	0.11	NC_030986.1	JH658006.1
4447695	4454226	153668	160196	6532	6529	98.29	6854980	1221218	0.10	0.53	NC_030986.1	JH657924.1
4454409	4456309	160369	162268	1901	1900	98.79	6854980	1221218	0.03	0.16	NC_030986.1	JH657924.1
4456443	4467885	162284	173759	11443	11476	97.45	6854980	1221218	0.17	0.94	NC_030986.1	JH657924.1
4468134	4474776	173902	180555	6643	6654	98.51	6854980	1221218	0.10	0.54	NC_030986.1	JH657924.1
4474774	4485570	182301	193162	10797	10862	97.83	6854980	1221218	0.16	0.89	NC_030986.1	JH657924.1
4487516	4489031	193606	195117	1516	1512	99.34	6854980	1221218	0.02	0.12	NC_030986.1	JH657924.1
4491869	4493145	197442	198712	1277	1271	98.36	6854980	1221218	0.02	0.10	NC_030986.1	JH657924.1
4493247	4524813	199086	230673	31567	31588	98.84	6854980	1221218	0.46	2.59	NC_030986.1	JH657924.1
4524982	4540917	230839	246820	15936	15982	98.69	6854980	1221218	0.23	1.31	NC_030986.1	JH657924.1
4540919	4580341	250458	289855	39423	39398	98.85	6854980	1221218	0.58	3.23	NC_030986.1	JH657924.1
4580549	4588817	290047	298323	8269	8277	98.96	6854980	1221218	0.12	0.68	NC_030986.1	JH657924.1
4588666	4720807	298460	430624	132142	132165	98.90	6854980	1221218	1.93	10.82	NC_030986.1	JH657924.1
4722808	4782146	431823	491096	59339	59274	98.77	6854980	1221218	0.87	4.85	NC_030986.1	JH657924.1
4782147	4784173	492777	494814	2027	2038	96.78	6854980	1221218	0.03	0.17	NC_030986.1	JH657924.1
4784269	4812740	494816	523368	28472	28553	98.95	6854980	1221218	0.42	2.34	NC_030986.1	JH657924.1
4812902	4814386	523554	525035	1485	1482	99.12	6854980	1221218	0.02	0.12	NC_030986.1	JH657924.1
4815043	4818583	525022	528562	3541	3541	99.10	6854980	1221218	0.05	0.29	NC_030986.1	JH657924.1
4819231	4823462	528547	532737	4232	4191	97.90	6854980	1221218	0.06	0.34	NC_030986.1	JH657924.1
4823695	4859671	532851	568829	35977	35979	98.45	6854980	1221218	0.52	2.95	NC_030986.1	JH657924.1
4859669	4927338	568987	636620	67670	67634	98.84	6854980	1221218	0.99	5.54	NC_030986.1	JH657924.1
4927848	4945864	636802	654832	18017	18031	98.47	6854980	1221218	0.26	1.48	NC_030986.1	JH657924.1
4945964	4949000	654833	657858	3037	3026	98.49	6854980	1221218	0.04	0.25	NC_030986.1	JH657924.1
4949450	4952427	658210	661188	2978	2979	99.53	6854980	1221218	0.04	0.24	NC_030986.1	JH657924.1
4952812	4955394	661441	664026	2583	2586	99.54	6854980	1221218	0.04	0.21	NC_030986.1	JH657924.1
4955992	4966783	664682	675490	10792	10809	98.62	6854980	1221218	0.16	0.89	NC_030986.1	JH657924.1
4966985	4969562	675476	678040	2578	2565	97.09	6854980	1221218	0.04	0.21	NC_030986.1	JH657924.1
4969564	4975590	679902	685932	6027	6031	98.51	6854980	1221218	0.09	0.49	NC_030986.1	JH657924.1
4975717	5058459	686106	768804	82743	82699	98.83	6854980	1221218	1.21	6.77	NC_030986.1	JH657924.1
5068410	5070046	779388	781023	1637	1636	80.18	6854980	1221218	0.02	0.13	NC_030986.1	JH657924.1
5070725	5104724	781986	815919	34000	33934	98.14	6854980	1221218	0.50	2.78	NC_030986.1	JH657924.1
5104895	5110049	815913	821066	5155	5154	98.89	6854980	1221218	0.08	0.42	NC_030986.1	JH657924.1
5110132	5122507	821044	833447	12376	12404	98.94	6854980	1221218	0.18	1.02	NC_030986.1	JH657924.1
5122677	5124523	833452	835266	1847	1815	95.29	6854980	1221218	0.03	0.15	NC_030986.1	JH657924.1
5125631	5144019	836364	854768	18389	18405	98.25	6854980	1221218	0.27	1.51	NC_030986.1	JH657924.1
5144023	5158304	854869	869138	14282	14270	98.89	6854980	1221218	0.21	1.17	NC_030986.1	JH657924.1
5158565	5196618	869328	907356	38054	38029	98.56	6854980	1221218	0.56	3.11	NC_030986.1	JH657924.1
5196588	5271509	907256	982157	74922	74902	98.65	6854980	1221218	1.09	6.13	NC_030986.1	JH657924.1
5271691	5292343	982154	1002815	20653	20662	99.15	6854980	1221218	0.30	1.69	NC_030986.1	JH657924.1
5292449	5308002	1002913	1018477	15554	15565	98.90	6854980	1221218	0.23	1.27	NC_030986.1	JH657924.1
5308135	5343375	1018669	1053838	35241	35170	98.57	6854980	1221218	0.51	2.88	NC_030986.1	JH657924.1
5344233	5344764	1054365	1053834	532	532	97.18	6854980	1221218	0.01	0.04	NC_030986.1	JH657924.1
5344760	5346473	1054388	1056097	1714	1710	95.63	6854980	1221218	0.03	0.14	NC_030986.1	JH657924.1
5347195	5361443	1056651	1070908	14249	14258	99.19	6854980	1221218	0.21	1.17	NC_030986.1	JH657924.1
5361588	5378674	1071073	1088169	17087	17097	98.67	6854980	1221218	0.25	1.40	NC_030986.1	JH657924.1
5378856	5387402	1088255	1096791	8547	8537	98.64	6854980	1221218	0.12	0.70	NC_030986.1	JH657924.1
5387354	5399615	1097498	1109839	12262	12342	97.41	6854980	1221218	0.18	1.01	NC_030986.1	JH657924.1
5401173	5409139	1114869	1122878	7967	8010	95.36	6854980	1221218	0.12	0.66	NC_030986.1	JH657924.1
5409328	5412580	1122873	1126127	3253	3255	99.14	6854980	1221218	0.05	0.27	NC_030986.1	JH657924.1
5412697	5434408	1126233	1147924	21712	21692	98.57	6854980	1221218	0.32	1.78	NC_030986.1	JH657924.1
5435538	5453300	1148490	1166205	17763	17716	98.05	6854980	1221218	0.26	1.45	NC_030986.1	JH657924.1
5453482	5454174	1166358	1167051	693	694	97.69	6854980	1221218	0.01	0.06	NC_030986.1	JH657924.1
5454421	5454832	1167044	1167455	412	412	94.90	6854980	1221218	0.01	0.03	NC_030986.1	JH657924.1
5455484	5461801	1167455	1173762	6318	6308	97.56	6854980	1221218	0.09	0.52	NC_030986.1	JH657924.1
5465179	5466914	1177035	1178770	1736	1736	98.22	6854980	1221218	0.03	0.14	NC_030986.1	JH657924.1
5466914	5478898	1179375	1191347	11985	11973	97.56	6854980	1221218	0.17	0.98	NC_030986.1	JH657924.1
5478897	5484543	1193604	1199232	5647	5629	96.39	6854980	1221218	0.08	0.46	NC_030986.1	JH657924.1
5487423	5492591	1204101	1209275	5169	5175	96.08	6854980	1221218	0.08	0.42	NC_030986.1	JH657924.1
5492589	5500339	1212994	1220748	7751	7755	96.98	6854980	1221218	0.11	0.64	NC_030986.1	JH657924.1
5500723	5502202	320	1812	1480	1493	88.29	6854980	209433	0.02	0.71	NC_030986.1	JH657967.1
5502375	5510817	2307	10710	8443	8404	96.49	6854980	209433	0.12	4.01	NC_030986.1	JH657967.1
5510816	5514836	11149	15171	4021	4023	98.29	6854980	209433	0.06	1.92	NC_030986.1	JH657967.1
5514833	5527770	18212	31154	12938	12943	97.70	6854980	209433	0.19	6.18	NC_030986.1	JH657967.1
5530403	5534061	34177	37838	3659	3662	96.40	6854980	209433	0.05	1.75	NC_030986.1	JH657967.1
5534379	5544019	38074	47775	9641	9702	96.91	6854980	209433	0.14	4.63	NC_030986.1	JH657967.1
5544020	5552654	47949	56561	8635	8613	97.50	6854980	209433	0.13	4.11	NC_030986.1	JH657967.1
5553108	5554848	56983	58732	1741	1750	96.99	6854980	209433	0.03	0.84	NC_030986.1	JH657967.1
5556344	5635023	58935	137655	78680	78721	98.49	6854980	209433	1.15	37.59	NC_030986.1	JH657967.1
5637913	5642946	139407	144445	5034	5039	98.16	6854980	209433	0.07	2.41	NC_030986.1	JH657967.1
5643297	5650316	144718	151732	7020	7015	98.52	6854980	209433	0.10	3.35	NC_030986.1	JH657967.1
5650475	5657203	151899	158631	6729	6733	98.62	6854980	209433	0.10	3.21	NC_030986.1	JH657967.1
5664604	5670070	165970	171442	5467	5473	98.08	6854980	209433	0.08	2.61	NC_030986.1	JH657967.1
5670310	5680406	171463	181583	10097	10121	97.68	6854980	209433	0.15	4.83	NC_030986.1	JH657967.1
5680416	5697523	181930	199145	17108	17216	95.67	6854980	209433	0.25	8.22	NC_030986.1	JH657967.1
5697803	5701414	199420	203038	3612	3619	97.49	6854980	209433	0.05	1.73	NC_030986.1	JH657967.1
5704097	5705032	205223	204285	936	939	80.40	6854980	209433	0.01	0.45	NC_030986.1	JH657967.1
5706359	5708063	207656	209341	1705	1686	83.00	6854980	209433	0.02	0.81	NC_030986.1	JH657967.1
5708729	5713432	26900	22195	4704	4706	97.92	6854980	26975	0.07	17.45	NC_030986.1	KK035257.1
5713431	5734013	20657	59	20583	20599	97.21	6854980	26975	0.30	76.36	NC_030986.1	KK035257.1
5934730	5935856	11993	10864	1127	1130	84.01	6854980	42973	0.02	2.63	NC_030986.1	JH658050.1
5940173	5941947	9985	11761	1775	1777	95.50	6854980	16507	0.03	10.77	NC_030986.1	KK035286.1
5979957	5982464	23027	20532	2508	2496	92.04	6854980	44318	0.04	5.63	NC_030986.1	KK035240.1
6026765	6027335	62002	62547	571	546	92.66	6854980	74742	0.01	0.73	NC_030986.1	JH658021.1
6027387	6027775	62533	62921	389	389	99.74	6854980	74742	0.01	0.52	NC_030986.1	JH658021.1
6033812	6033964	153	1	153	153	99.35	6854980	31401	0.00	0.49	NC_030986.1	JH658089.1
6092453	6093610	4392	3238	1158	1155	98.10	6854980	9736	0.02	11.86	NC_030986.1	JH658204.1
6100168	6101267	16774	15676	1100	1099	85.92	6854980	27441	0.02	4.00	NC_030986.1	JH658096.1
6130113	6130212	81784	81883	100	100	96.00	6854980	119716	0.00	0.08	NC_030986.1	JH657987.1
6131612	6133003	91435	90044	1392	1392	96.34	6854980	200265	0.02	0.70	NC_030986.1	JH657969.1
6175332	6177092	19543	17780	1761	1764	91.10	6854980	38139	0.03	4.63	NC_030986.1	JH658061.1
6178156	6181540	15477	18862	3385	3386	95.34	6854980	23815	0.05	14.22	NC_030986.1	JH658113.1
6181545	6181686	6665	6524	142	142	91.55	6854980	8482	0.00	1.67	NC_030986.1	JH658218.1
6217329	6221810	14615	19105	4482	4491	97.38	6854980	23641	0.07	19.00	NC_030986.1	JH658123.1
6230555	6232951	40270	42665	2397	2396	95.46	6854980	43179	0.03	5.55	NC_030986.1	JH658049.1
6246890	6247192	3573	3877	303	305	94.10	6854980	8620	0.00	3.54	NC_030986.1	JH658224.1
6248093	6250035	24911	26854	1943	1944	97.89	6854980	58569	0.03	3.32	NC_030986.1	JH658041.1
6249352	6253726	4687	283	4375	4405	96.83	6854980	4687	0.06	93.98	NC_030986.1	KK035462.1
6251418	6260065	26955	35638	8648	8684	99.17	6854980	58569	0.13	14.83	NC_030986.1	JH658041.1
6289094	6292672	2081	5659	3579	3579	99.86	6854980	5659	0.05	63.24	NC_030986.1	JH658252.1
6294777	6295144	8867	9234	368	368	92.66	6854980	17030	0.01	2.16	NC_030986.1	KK035284.1
6345964	6346105	21552	21693	142	142	93.66	6854980	44137	0.00	0.32	NC_030986.1	JH658053.1
6380313	6380419	17956	17850	107	107	95.33	6854980	31385	0.00	0.34	NC_030986.1	JH658082.1
6448397	6450318	3803	5723	1922	1921	98.13	6854980	8985	0.03	21.38	NC_030986.1	JH658213.1
6459336	6461199	11369	13232	1864	1864	97.26	6854980	85819	0.03	2.17	NC_030986.1	JH658012.1
6480735	6481156	45091	44670	422	422	95.27	6854980	46956	0.01	0.90	NC_030986.1	JH658047.1
6508786	6511468	10731	13401	2683	2671	93.04	6854980	24340	0.04	10.97	NC_030986.1	KK035260.1
6549509	6550543	31280	32311	1035	1032	94.98	6854980	79820	0.02	1.29	NC_030986.1	JH658019.1
6550536	6550856	32776	33097	321	322	96.58	6854980	79820	0.00	0.40	NC_030986.1	JH658019.1
6571801	6572832	22952	23976	1032	1025	82.47	6854980	40079	0.02	2.56	NC_030986.1	JH658055.1
6573040	6573549	6298	5774	510	525	89.71	6854980	10677	0.01	4.92	NC_030986.1	KK035338.1
6574173	6576962	24259	27046	2790	2788	83.65	6854980	40079	0.04	6.96	NC_030986.1	JH658055.1
6624366	6624634	27913	28188	269	276	92.03	6854980	32432	0.00	0.85	NC_030986.1	JH658103.1
6714452	6716557	260	2341	2106	2082	94.26	6854980	26335	0.03	7.91	NC_030986.1	JH658102.1
6723156	6734455	14403	25701	11300	11299	99.52	6854980	40336	0.16	28.01	NC_030986.1	KK035243.1
6740746	6740885	225	364	140	140	89.29	6854980	2188	0.00	6.40	NC_030986.1	KK035644.1
6762554	6762768	1842	2056	215	215	98.14	6854980	2056	0.00	10.46	NC_030986.1	KK035658.1
6772126	6772305	28914	28735	180	180	97.78	6854980	171404	0.00	0.11	NC_030986.1	JH657978.1
6774156	6777031	9526	12422	2876	2897	86.69	6854980	99639	0.04	2.91	NC_030986.1	JH658000.1
6779574	6780376	806	1	803	806	88.66	6854980	4370	0.01	18.44	NC_030986.1	KK035477.1
6780736	6782897	5140	7309	2162	2170	98.11	6854980	8828	0.03	24.58	NC_030986.1	JH658225.1
6783241	6784326	9494	10579	1086	1086	97.15	6854980	11323	0.02	9.59	NC_030986.1	JH658194.1
6784321	6785751	4513	3105	1431	1409	94.86	6854980	24093	0.02	5.85	NC_030986.1	KK035261.1
6832036	6832165	23693	23564	130	130	87.12	6854980	66907	0.00	0.19	NC_030986.1	JH658028.1
6842353	6844066	15514	17227	1714	1714	97.72	6854980	23896	0.03	7.17	NC_030986.1	JH658112.1
6850200	6850564	124608	124972	365	365	82.97	6854980	166502	0.01	0.22	NC_030986.1	JH657979.1
6850654	6850964	41547	41857	311	311	91.64	6854980	171404	0.00	0.18	NC_030986.1	JH657978.1
6851448	6852378	8793	9723	931	931	91.43	6854980	17467	0.01	5.33	NC_030986.1	JH658150.1
36375	47660	88180	99436	11286	11257	97.53	5577357	99639	0.20	11.30	NC_030987.1	JH658000.1
47653	51851	32903	28705	4199	4199	97.86	5577357	33105	0.08	12.68	NC_030987.1	JH658075.1
52327	66156	28613	14782	13830	13832	97.21	5577357	33105	0.25	41.78	NC_030987.1	JH658075.1
66150	66573	14404	13979	424	426	93.66	5577357	33105	0.01	1.29	NC_030987.1	JH658075.1
101526	102006	72266	72749	481	484	88.30	5577357	100508	0.01	0.48	NC_030987.1	JH657997.1
102010	102287	32166	31885	278	282	90.78	5577357	593533	0.00	0.05	NC_030987.1	JH657934.1
102059	102305	312366	312121	247	246	88.26	5577357	357253	0.00	0.07	NC_030987.1	JH657946.1
102335	102635	876	1177	301	302	89.74	5577357	440990	0.01	0.07	NC_030987.1	JH657940.1
103156	103389	233498	233735	234	238	94.54	5577357	3361134	0.00	0.01	NC_030987.1	JH657918.1
103159	103650	8413	8897	492	485	89.84	5577357	21118	0.01	2.30	NC_030987.1	JH658130.1
103516	103931	6718	7133	416	416	87.26	5577357	327723	0.01	0.13	NC_030987.1	JH657949.1
104474	112525	16700	24717	8052	8018	93.47	5577357	512028	0.14	1.57	NC_030987.1	JH657938.1
112682	112882	24875	25076	201	202	86.21	5577357	512028	0.00	0.04	NC_030987.1	JH657938.1
117330	124723	25375	32760	7394	7386	96.86	5577357	512028	0.13	1.44	NC_030987.1	JH657938.1
124940	132607	32950	40629	7668	7680	95.80	5577357	512028	0.14	1.50	NC_030987.1	JH657938.1
138013	138219	177421	177624	207	204	84.76	5577357	857877	0.00	0.02	NC_030987.1	JH657931.1
138219	138343	41895	42019	125	125	96.00	5577357	512028	0.00	0.02	NC_030987.1	JH657938.1
138342	141657	44836	48146	3316	3311	94.26	5577357	512028	0.06	0.65	NC_030987.1	JH657938.1
142341	142942	48905	49507	602	603	87.89	5577357	512028	0.01	0.12	NC_030987.1	JH657938.1
143037	151459	49732	58157	8423	8426	97.12	5577357	512028	0.15	1.65	NC_030987.1	JH657938.1
151452	156678	58773	63993	5227	5221	95.64	5577357	512028	0.09	1.02	NC_030987.1	JH657938.1
168273	168713	72471	72988	441	518	82.05	5577357	512028	0.01	0.10	NC_030987.1	JH657938.1
170344	171611	72988	74257	1268	1270	95.35	5577357	512028	0.02	0.25	NC_030987.1	JH657938.1
178140	179009	74341	75227	870	887	92.56	5577357	512028	0.02	0.17	NC_030987.1	JH657938.1
179981	181740	76188	77945	1760	1758	94.73	5577357	512028	0.03	0.34	NC_030987.1	JH657938.1
182809	187472	78903	83572	4664	4670	97.54	5577357	512028	0.08	0.91	NC_030987.1	JH657938.1
187604	208085	91876	112428	20482	20553	96.83	5577357	512028	0.37	4.01	NC_030987.1	JH657938.1
208305	211503	112431	115628	3199	3198	97.59	5577357	512028	0.06	0.62	NC_030987.1	JH657938.1
211682	233454	115764	137479	21773	21716	97.00	5577357	512028	0.39	4.24	NC_030987.1	JH657938.1
233453	255843	138632	161067	22391	22436	95.81	5577357	512028	0.40	4.38	NC_030987.1	JH657938.1
256598	262019	169067	174515	5422	5449	94.18	5577357	512028	0.10	1.06	NC_030987.1	JH657938.1
270579	271343	179067	179825	765	759	84.14	5577357	512028	0.01	0.15	NC_030987.1	JH657938.1
271576	277610	184150	190189	6035	6040	95.77	5577357	512028	0.11	1.18	NC_030987.1	JH657938.1
277610	278616	190277	191288	1007	1012	97.53	5577357	512028	0.02	0.20	NC_030987.1	JH657938.1
280003	284262	192295	196593	4260	4299	96.84	5577357	512028	0.08	0.84	NC_030987.1	JH657938.1
284375	286874	196597	199099	2500	2503	98.16	5577357	512028	0.04	0.49	NC_030987.1	JH657938.1
287728	288936	199887	201089	1209	1203	97.69	5577357	512028	0.02	0.23	NC_030987.1	JH657938.1
289681	302043	201862	214265	12363	12404	97.41	5577357	512028	0.22	2.42	NC_030987.1	JH657938.1
302221	304548	214285	216609	2328	2325	98.24	5577357	512028	0.04	0.45	NC_030987.1	JH657938.1
304933	305807	216815	217687	875	873	96.57	5577357	512028	0.02	0.17	NC_030987.1	JH657938.1
305945	308258	217803	220116	2314	2314	97.93	5577357	512028	0.04	0.45	NC_030987.1	JH657938.1
308699	311654	220414	223374	2956	2961	96.79	5577357	512028	0.05	0.58	NC_030987.1	JH657938.1
313178	328635	223374	238817	15458	15444	97.46	5577357	512028	0.28	3.02	NC_030987.1	JH657938.1
328771	336913	242406	250619	8143	8214	93.56	5577357	512028	0.15	1.60	NC_030987.1	JH657938.1
337580	338987	250605	251989	1408	1385	96.46	5577357	512028	0.03	0.27	NC_030987.1	JH657938.1
339350	340818	252319	253781	1469	1463	98.10	5577357	512028	0.03	0.29	NC_030987.1	JH657938.1
341090	350400	253887	263178	9311	9292	96.76	5577357	512028	0.17	1.81	NC_030987.1	JH657938.1
350545	361100	263178	273781	10556	10604	96.58	5577357	512028	0.19	2.07	NC_030987.1	JH657938.1
364191	365547	277221	278565	1357	1345	83.35	5577357	512028	0.02	0.26	NC_030987.1	JH657938.1
367414	368141	280530	281255	728	726	83.02	5577357	512028	0.01	0.14	NC_030987.1	JH657938.1
369413	370005	282152	282745	593	594	90.25	5577357	512028	0.01	0.12	NC_030987.1	JH657938.1
372034	372615	284791	285369	582	579	83.90	5577357	512028	0.01	0.11	NC_030987.1	JH657938.1
381711	383987	291543	293821	2277	2279	98.29	5577357	512028	0.04	0.45	NC_030987.1	JH657938.1
385364	395746	293813	304220	10383	10408	97.01	5577357	512028	0.19	2.03	NC_030987.1	JH657938.1
396693	408047	304787	316154	11355	11368	97.46	5577357	512028	0.20	2.22	NC_030987.1	JH657938.1
408161	408330	316273	316441	170	169	88.89	5577357	512028	0.00	0.03	NC_030987.1	JH657938.1
408328	408486	316598	316439	159	160	98.12	5577357	512028	0.00	0.03	NC_030987.1	JH657938.1
408483	417102	316595	325202	8620	8608	98.01	5577357	512028	0.15	1.68	NC_030987.1	JH657938.1
417280	464853	325395	372980	47574	47586	98.23	5577357	512028	0.85	9.29	NC_030987.1	JH657938.1
464852	484195	373843	393187	19344	19345	94.06	5577357	512028	0.35	3.78	NC_030987.1	JH657938.1
488441	489218	397611	398385	778	775	89.26	5577357	512028	0.01	0.15	NC_030987.1	JH657938.1
489971	490142	399769	399940	172	172	88.37	5577357	512028	0.00	0.03	NC_030987.1	JH657938.1
491178	491565	401537	401928	388	392	80.40	5577357	512028	0.01	0.08	NC_030987.1	JH657938.1
492284	521343	402572	431645	29060	29074	96.87	5577357	512028	0.52	5.68	NC_030987.1	JH657938.1
521789	522425	432067	432697	637	631	85.24	5577357	512028	0.01	0.12	NC_030987.1	JH657938.1
523221	523551	433409	433739	331	331	86.75	5577357	512028	0.01	0.06	NC_030987.1	JH657938.1
523770	532927	433917	443088	9158	9172	97.52	5577357	512028	0.16	1.79	NC_030987.1	JH657938.1
532926	534796	444236	446111	1871	1876	94.03	5577357	512028	0.03	0.37	NC_030987.1	JH657938.1
534955	535843	446273	447161	889	889	89.45	5577357	512028	0.02	0.17	NC_030987.1	JH657938.1
536027	537802	447550	449318	1776	1769	84.29	5577357	512028	0.03	0.35	NC_030987.1	JH657938.1
537931	552369	453080	467490	14439	14411	97.38	5577357	512028	0.26	2.81	NC_030987.1	JH657938.1
552545	575855	467486	490791	23311	23306	98.37	5577357	512028	0.42	4.55	NC_030987.1	JH657938.1
577425	578119	491823	491120	695	704	87.07	5577357	512028	0.01	0.14	NC_030987.1	JH657938.1
581998	601804	492032	511869	19807	19838	97.70	5577357	512028	0.36	3.87	NC_030987.1	JH657938.1
601797	608213	138	6517	6417	6380	96.23	5577357	254955	0.12	2.50	NC_030987.1	JH657956.1
614336	619007	6517	11232	4672	4716	96.03	5577357	254955	0.08	1.85	NC_030987.1	JH657956.1
619329	621178	11790	13655	1850	1866	96.58	5577357	254955	0.03	0.73	NC_030987.1	JH657956.1
627310	629242	15813	17744	1933	1932	96.69	5577357	254955	0.03	0.76	NC_030987.1	JH657956.1
629244	631721	18137	20614	2478	2478	96.74	5577357	254955	0.04	0.97	NC_030987.1	JH657956.1
631878	636679	20743	25557	4802	4815	93.78	5577357	254955	0.09	1.89	NC_030987.1	JH657956.1
637193	646633	28481	37906	9441	9426	96.19	5577357	254955	0.17	3.70	NC_030987.1	JH657956.1
646845	654323	38065	45553	7479	7489	98.08	5577357	254955	0.13	2.94	NC_030987.1	JH657956.1
654323	656599	45698	47973	2277	2276	95.83	5577357	254955	0.04	0.89	NC_030987.1	JH657956.1
659889	660136	51572	51819	248	248	92.37	5577357	254955	0.00	0.10	NC_030987.1	JH657956.1
660369	666629	52027	58283	6261	6257	95.35	5577357	254955	0.11	2.45	NC_030987.1	JH657956.1
666627	668712	60958	63042	2086	2085	95.25	5577357	254955	0.04	0.82	NC_030987.1	JH657956.1
669008	669510	63288	63791	503	504	94.84	5577357	254955	0.01	0.20	NC_030987.1	JH657956.1
669511	687019	64315	81801	17509	17487	97.44	5577357	254955	0.31	6.86	NC_030987.1	JH657956.1
687510	694634	81801	89047	7125	7247	95.34	5577357	254955	0.13	2.84	NC_030987.1	JH657956.1
694889	709061	89239	103372	14173	14134	97.26	5577357	254955	0.25	5.54	NC_030987.1	JH657956.1
709707	717676	103989	111966	7970	7978	96.93	5577357	254955	0.14	3.13	NC_030987.1	JH657956.1
717781	722995	111970	117194	5215	5225	96.54	5577357	254955	0.09	2.05	NC_030987.1	JH657956.1
723000	746965	117509	141521	23966	24013	96.50	5577357	254955	0.43	9.42	NC_030987.1	JH657956.1
747257	791376	141532	185635	44120	44104	98.01	5577357	254955	0.79	17.30	NC_030987.1	JH657956.1
791733	796947	185801	191018	5215	5218	97.57	5577357	254955	0.09	2.05	NC_030987.1	JH657956.1
797504	805142	191016	198633	7639	7618	97.36	5577357	254955	0.14	2.99	NC_030987.1	JH657956.1
805347	813181	198628	206495	7835	7868	97.83	5577357	254955	0.14	3.09	NC_030987.1	JH657956.1
813180	831284	208142	226265	18105	18124	98.00	5577357	254955	0.32	7.11	NC_030987.1	JH657956.1
831430	851288	226386	246240	19859	19855	98.11	5577357	254955	0.36	7.79	NC_030987.1	JH657956.1
851971	858694	246267	252984	6724	6718	98.08	5577357	254955	0.12	2.63	NC_030987.1	JH657956.1
858694	860425	253116	254860	1732	1745	97.37	5577357	254955	0.03	0.68	NC_030987.1	JH657956.1
860451	861176	466409	465694	726	716	93.69	5577357	466489	0.01	0.15	NC_030987.1	KK035210.1
861176	880938	464865	445015	19763	19851	97.94	5577357	466489	0.35	4.26	NC_030987.1	KK035210.1
880942	915286	444911	410536	34345	34376	98.42	5577357	466489	0.62	7.37	NC_030987.1	KK035210.1
915285	915787	408675	408174	503	502	96.62	5577357	466489	0.01	0.11	NC_030987.1	KK035210.1
916516	935462	405151	386207	18947	18945	98.55	5577357	466489	0.34	4.06	NC_030987.1	KK035210.1
935749	944922	386219	377048	9174	9172	98.64	5577357	466489	0.16	1.97	NC_030987.1	KK035210.1
945177	996768	376795	325146	51592	51650	98.94	5577357	466489	0.93	11.07	NC_030987.1	KK035210.1
996767	1046302	325100	275567	49536	49534	99.08	5577357	466489	0.89	10.62	NC_030987.1	KK035210.1
1046546	1082321	275412	239640	35776	35773	98.34	5577357	466489	0.64	7.67	NC_030987.1	KK035210.1
1082841	1095831	239435	226437	12991	12999	98.99	5577357	466489	0.23	2.79	NC_030987.1	KK035210.1
1097234	1140137	226434	183576	42904	42859	98.39	5577357	466489	0.77	9.19	NC_030987.1	KK035210.1
1140139	1142749	180959	183583	2611	2625	95.98	5577357	466489	0.05	0.56	NC_030987.1	KK035210.1
1142751	1148668	180961	175041	5918	5921	98.94	5577357	466489	0.11	1.27	NC_030987.1	KK035210.1
1148848	1185962	175029	138036	37115	36994	98.65	5577357	466489	0.67	7.93	NC_030987.1	KK035210.1
1186119	1254407	137902	69617	68289	68286	99.17	5577357	466489	1.22	14.64	NC_030987.1	KK035210.1
1254809	1259670	69227	64363	4862	4865	98.68	5577357	466489	0.09	1.04	NC_030987.1	KK035210.1
1259823	1269882	64228	54164	10060	10065	99.19	5577357	466489	0.18	2.16	NC_030987.1	KK035210.1
1269875	1304823	54084	19137	34949	34948	98.85	5577357	466489	0.63	7.49	NC_030987.1	KK035210.1
1304816	1304971	18989	19144	156	156	96.15	5577357	466489	0.00	0.03	NC_030987.1	KK035210.1
1304964	1323885	18996	46	18922	18951	96.96	5577357	466489	0.34	4.06	NC_030987.1	KK035210.1
1323877	1343695	1389970	1370239	19819	19732	98.10	5577357	1390015	0.36	1.42	NC_030987.1	JH657922.1
1343961	1345640	1370239	1368562	1680	1678	97.86	5577357	1390015	0.03	0.12	NC_030987.1	JH657922.1
1345634	1361102	1368338	1352855	15469	15484	99.04	5577357	1390015	0.28	1.11	NC_030987.1	JH657922.1
1361359	1363687	1352660	1350332	2329	2329	98.93	5577357	1390015	0.04	0.17	NC_030987.1	JH657922.1
1365393	1377771	1349907	1337505	12379	12403	98.11	5577357	1390015	0.22	0.89	NC_030987.1	JH657922.1
1378496	1403852	1337505	1312149	25357	25357	98.50	5577357	1390015	0.45	1.82	NC_030987.1	JH657922.1
1404492	1458993	1311703	1257318	54502	54386	98.73	5577357	1390015	0.98	3.91	NC_030987.1	JH657922.1
1459227	1472754	1257115	1243619	13528	13497	98.74	5577357	1390015	0.24	0.97	NC_030987.1	JH657922.1
1474080	1519513	1243633	1198318	45434	45316	98.86	5577357	1390015	0.81	3.26	NC_030987.1	JH657922.1
1519511	1522998	1197991	1194504	3488	3488	99.28	5577357	1390015	0.06	0.25	NC_030987.1	JH657922.1
1523951	1537890	1193375	1179481	13940	13895	98.67	5577357	1390015	0.25	1.00	NC_030987.1	JH657922.1
1537951	1538285	1179534	1179242	335	293	87.16	5577357	1390015	0.01	0.02	NC_030987.1	JH657922.1
1538205	1540976	1179256	1176485	2772	2772	98.70	5577357	1390015	0.05	0.20	NC_030987.1	JH657922.1
1541095	1595070	1055489	1109587	53976	54099	98.90	5577357	1390015	0.97	3.89	NC_030987.1	JH657922.1
1595084	1596931	1109487	1111334	1848	1848	97.89	5577357	1390015	0.03	0.13	NC_030987.1	JH657922.1
1596825	1597438	1111000	1111613	614	614	94.14	5577357	1390015	0.01	0.04	NC_030987.1	JH657922.1
1597593	1598963	1111739	1113110	1371	1372	99.05	5577357	1390015	0.02	0.10	NC_030987.1	JH657922.1
1599031	1599374	1113064	1113407	344	344	97.67	5577357	1390015	0.01	0.02	NC_030987.1	JH657922.1
1599256	1603973	1113403	1118123	4718	4721	97.39	5577357	1390015	0.08	0.34	NC_030987.1	JH657922.1
1603492	1606735	1117801	1121044	3244	3244	97.97	5577357	1390015	0.06	0.23	NC_030987.1	JH657922.1
1606990	1608713	1121380	1123103	1724	1724	99.36	5577357	1390015	0.03	0.12	NC_030987.1	JH657922.1
1608799	1636319	1123204	1150774	27521	27571	98.89	5577357	1390015	0.49	1.98	NC_030987.1	JH657922.1
1636333	1637135	1052127	1051325	803	803	98.88	5577357	1390015	0.01	0.06	NC_030987.1	JH657922.1
1637281	1690980	1051317	997612	53700	53706	98.74	5577357	1390015	0.96	3.86	NC_030987.1	JH657922.1
1691081	1741694	997606	947072	50614	50535	98.61	5577357	1390015	0.91	3.64	NC_030987.1	JH657922.1
1741979	1770495	946934	918351	28517	28584	99.03	5577357	1390015	0.51	2.06	NC_030987.1	JH657922.1
1771343	1771932	1159896	1160479	590	584	94.75	5577357	1390015	0.01	0.04	NC_030987.1	JH657922.1
1771930	1772485	1165274	1165829	556	556	94.06	5577357	1390015	0.01	0.04	NC_030987.1	JH657922.1
1773268	1773547	1174041	1173762	280	280	89.29	5577357	1390015	0.01	0.02	NC_030987.1	JH657922.1
1774084	1774450	1172168	1171786	367	383	86.16	5577357	1390015	0.01	0.03	NC_030987.1	JH657922.1
1779083	1850871	918141	846381	71789	71761	99.00	5577357	1390015	1.29	5.16	NC_030987.1	JH657922.1
1851043	1857185	846225	840089	6143	6137	98.09	5577357	1390015	0.11	0.44	NC_030987.1	JH657922.1
1857298	2029157	839960	668046	171860	171915	98.89	5577357	1390015	3.08	12.37	NC_030987.1	JH657922.1
2029319	2070892	667706	626135	41574	41572	99.12	5577357	1390015	0.75	2.99	NC_030987.1	JH657922.1
2071109	2073353	626073	623820	2245	2254	99.29	5577357	1390015	0.04	0.16	NC_030987.1	JH657922.1
2075235	2146037	621916	551208	70803	70709	99.11	5577357	1390015	1.27	5.09	NC_030987.1	JH657922.1
2146179	2152511	551112	544780	6333	6333	99.23	5577357	1390015	0.11	0.46	NC_030987.1	JH657922.1
2152775	2153172	544534	544131	398	404	97.28	5577357	1390015	0.01	0.03	NC_030987.1	JH657922.1
2153640	2174767	543644	522476	21128	21169	99.00	5577357	1390015	0.38	1.52	NC_030987.1	JH657922.1
2174913	2196626	522343	500603	21714	21741	98.95	5577357	1390015	0.39	1.56	NC_030987.1	JH657922.1
2196796	2216126	500436	481113	19331	19324	99.23	5577357	1390015	0.35	1.39	NC_030987.1	JH657922.1
2216249	2220237	481008	477019	3989	3990	99.27	5577357	1390015	0.07	0.29	NC_030987.1	JH657922.1
2220826	2225872	476523	471481	5047	5043	98.75	5577357	1390015	0.09	0.36	NC_030987.1	JH657922.1
2226040	2230918	471341	466466	4879	4876	99.20	5577357	1390015	0.09	0.35	NC_030987.1	JH657922.1
2231305	2272178	466145	425270	40874	40876	98.90	5577357	1390015	0.73	2.94	NC_030987.1	JH657922.1
2273565	2339376	425273	359440	65812	65834	98.77	5577357	1390015	1.18	4.74	NC_030987.1	JH657922.1
2339581	2368977	359262	329936	29397	29327	98.02	5577357	1390015	0.53	2.11	NC_030987.1	JH657922.1
2369162	2395561	329797	303415	26400	26383	98.94	5577357	1390015	0.47	1.90	NC_030987.1	JH657922.1
2395545	2424776	303365	274163	29232	29203	98.74	5577357	1390015	0.52	2.10	NC_030987.1	JH657922.1
2425071	2515623	273987	183356	90553	90632	98.99	5577357	1390015	1.62	6.52	NC_030987.1	JH657922.1
2516055	2529280	183097	169863	13226	13235	98.97	5577357	1390015	0.24	0.95	NC_030987.1	JH657922.1
2529446	2538185	169865	161134	8740	8732	98.39	5577357	1390015	0.16	0.63	NC_030987.1	JH657922.1
2538637	2542109	160758	157279	3473	3480	99.02	5577357	1390015	0.06	0.25	NC_030987.1	JH657922.1
2542663	2572681	156800	126798	30019	30003	98.46	5577357	1390015	0.54	2.16	NC_030987.1	JH657922.1
2573658	2585234	126312	114733	11577	11580	98.78	5577357	1390015	0.21	0.83	NC_030987.1	JH657922.1
2585436	2605209	114561	94777	19774	19785	98.48	5577357	1390015	0.35	1.42	NC_030987.1	JH657922.1
2605407	2628186	94776	72100	22780	22677	98.85	5577357	1390015	0.41	1.63	NC_030987.1	JH657922.1
2629067	2645700	71278	54718	16634	16561	98.89	5577357	1390015	0.30	1.19	NC_030987.1	JH657922.1
2645801	2657023	54711	43490	11223	11222	99.31	5577357	1390015	0.20	0.81	NC_030987.1	JH657922.1
2658024	2669555	2491	14011	11532	11521	99.28	5577357	612340	0.21	1.88	NC_030987.1	JH657933.1
2669797	2697569	14249	42025	27773	27777	98.85	5577357	612340	0.50	4.54	NC_030987.1	JH657933.1
2698151	2730664	42400	74928	32514	32529	98.83	5577357	612340	0.58	5.31	NC_030987.1	JH657933.1
2730765	2749979	75062	94238	19215	19177	98.67	5577357	612340	0.34	3.13	NC_030987.1	JH657933.1
2751837	2756278	94237	98708	4442	4472	97.83	5577357	612340	0.08	0.73	NC_030987.1	JH657933.1
2756274	2756413	98843	98704	140	140	98.57	5577357	612340	0.00	0.02	NC_030987.1	JH657933.1
2756409	2836548	98839	178893	80140	80055	98.84	5577357	612340	1.44	13.07	NC_030987.1	JH657933.1
2837543	2840848	178887	182193	3306	3307	98.67	5577357	612340	0.06	0.54	NC_030987.1	JH657933.1
2841505	2899928	182180	240550	58424	58371	99.00	5577357	612340	1.05	9.53	NC_030987.1	JH657933.1
2900388	2950075	240891	290555	49688	49665	99.13	5577357	612340	0.89	8.11	NC_030987.1	JH657933.1
2950371	2963761	290782	304128	13391	13347	98.80	5577357	612340	0.24	2.18	NC_030987.1	JH657933.1
2963700	2973841	304160	314283	10142	10124	99.01	5577357	612340	0.18	1.65	NC_030987.1	JH657933.1
2974063	2977376	314283	317595	3314	3313	99.52	5577357	612340	0.06	0.54	NC_030987.1	JH657933.1
2977649	2982983	317785	323117	5335	5333	99.61	5577357	612340	0.10	0.87	NC_030987.1	JH657933.1
2983084	2986659	323231	326806	3576	3576	99.69	5577357	612340	0.06	0.58	NC_030987.1	JH657933.1
2986766	2995472	326903	335604	8707	8702	99.32	5577357	612340	0.16	1.42	NC_030987.1	JH657933.1
2995602	3017861	335729	358002	22260	22274	99.16	5577357	612340	0.40	3.64	NC_030987.1	JH657933.1
3017860	3067898	359931	410052	50039	50122	99.02	5577357	612340	0.90	8.19	NC_030987.1	JH657933.1
3069140	3087055	411094	428975	17916	17882	98.27	5577357	612340	0.32	2.92	NC_030987.1	JH657933.1
3087615	3107255	429288	448956	19641	19669	98.56	5577357	612340	0.35	3.21	NC_030987.1	JH657933.1
3107355	3111930	449061	453640	4576	4580	98.60	5577357	612340	0.08	0.75	NC_030987.1	JH657933.1
3114863	3273449	453624	612157	158587	158534	98.66	5577357	612340	2.84	25.89	NC_030987.1	JH657933.1
3273441	3288908	100	15553	15468	15454	98.75	5577357	1211435	0.28	1.28	NC_030987.1	JH657925.1
3289212	3312573	15703	38996	23362	23294	98.57	5577357	1211435	0.42	1.92	NC_030987.1	JH657925.1
3313177	3335966	38990	61784	22790	22795	98.80	5577357	1211435	0.41	1.88	NC_030987.1	JH657925.1
3336631	3353681	61771	78839	17051	17069	98.72	5577357	1211435	0.31	1.41	NC_030987.1	JH657925.1
3354270	3381450	79724	106840	27181	27117	98.67	5577357	1211435	0.49	2.24	NC_030987.1	JH657925.1
3381745	3475442	106992	200662	93698	93671	98.78	5577357	1211435	1.68	7.73	NC_030987.1	JH657925.1
3475718	3520246	200975	245520	44529	44546	99.09	5577357	1211435	0.80	3.68	NC_030987.1	JH657925.1
3520475	3550912	245736	276256	30438	30521	98.44	5577357	1211435	0.55	2.52	NC_030987.1	JH657925.1
3550908	3576624	276162	301856	25717	25695	99.02	5577357	1211435	0.46	2.12	NC_030987.1	JH657925.1
3576780	3639219	302011	364436	62440	62426	98.95	5577357	1211435	1.12	5.15	NC_030987.1	JH657925.1
3639344	3741668	364559	466843	102325	102285	98.93	5577357	1211435	1.83	8.44	NC_030987.1	JH657925.1
3741722	3743849	467026	469155	2128	2130	98.83	5577357	1211435	0.04	0.18	NC_030987.1	JH657925.1
3744058	3756458	469350	481767	12401	12418	98.81	5577357	1211435	0.22	1.03	NC_030987.1	JH657925.1
3756625	3775910	481855	501134	19286	19280	98.20	5577357	1211435	0.35	1.59	NC_030987.1	JH657925.1
3777190	3793801	502386	519011	16612	16626	99.24	5577357	1211435	0.30	1.37	NC_030987.1	JH657925.1
3793794	3818866	519188	544266	25073	25079	99.16	5577357	1211435	0.45	2.07	NC_030987.1	JH657925.1
3818973	3895057	544273	620294	76085	76022	98.91	5577357	1211435	1.36	6.28	NC_030987.1	JH657925.1
3895520	3928973	620635	654096	33454	33462	98.92	5577357	1211435	0.60	2.76	NC_030987.1	JH657925.1
3929335	3965835	654351	690851	36501	36501	98.70	5577357	1211435	0.65	3.01	NC_030987.1	JH657925.1
3966090	3972261	691081	697268	6172	6188	99.18	5577357	1211435	0.11	0.51	NC_030987.1	JH657925.1
3972562	3976581	697417	701431	4020	4015	98.21	5577357	1211435	0.07	0.33	NC_030987.1	JH657925.1
3976818	4020526	701573	745248	43709	43676	98.44	5577357	1211435	0.78	3.61	NC_030987.1	JH657925.1
4021777	4033039	745301	756559	11263	11259	99.20	5577357	1211435	0.20	0.93	NC_030987.1	JH657925.1
4033457	4051506	756953	775005	18050	18053	98.83	5577357	1211435	0.32	1.49	NC_030987.1	JH657925.1
4051432	4175546	774817	898794	124115	123978	97.87	5577357	1211435	2.23	10.23	NC_030987.1	JH657925.1
4182326	4190377	904468	912514	8052	8047	96.67	5577357	1211435	0.14	0.66	NC_030987.1	JH657925.1
4193488	4215834	914592	936923	22347	22332	97.92	5577357	1211435	0.40	1.84	NC_030987.1	JH657925.1
4218228	4234308	936798	952877	16081	16080	97.59	5577357	1211435	0.29	1.33	NC_030987.1	JH657925.1
4234301	4236125	953279	955103	1825	1825	97.81	5577357	1211435	0.03	0.15	NC_030987.1	JH657925.1
4236487	4265897	955103	984507	29411	29405	97.51	5577357	1211435	0.53	2.43	NC_030987.1	JH657925.1
4265896	4269990	984698	988810	4095	4113	93.61	5577357	1211435	0.07	0.34	NC_030987.1	JH657925.1
4272059	4273857	993183	994981	1799	1799	86.00	5577357	1211435	0.03	0.15	NC_030987.1	JH657925.1
4277080	4278399	998246	999565	1320	1320	96.06	5577357	1211435	0.02	0.11	NC_030987.1	JH657925.1
4278402	4285225	999768	1006597	6824	6830	98.16	5577357	1211435	0.12	0.56	NC_030987.1	JH657925.1
4285224	4289048	1007025	1010843	3825	3819	97.21	5577357	1211435	0.07	0.32	NC_030987.1	JH657925.1
4301253	4302799	15988	17534	1547	1547	86.14	5577357	113886	0.03	1.36	NC_030987.1	JH657990.1
4303504	4303642	136204	136343	139	140	93.57	5577357	181406	0.00	0.08	NC_030987.1	JH657976.1
4304242	4306632	1010842	1013223	2391	2382	95.82	5577357	1211435	0.04	0.20	NC_030987.1	JH657925.1
4307180	4309547	1018668	1016397	2368	2272	87.98	5577357	1211435	0.04	0.19	NC_030987.1	JH657925.1
4328092	4341662	1019234	1032740	13571	13507	96.48	5577357	1211435	0.24	1.11	NC_030987.1	JH657925.1
4342387	4347263	1043506	1048375	4877	4870	95.93	5577357	1211435	0.09	0.40	NC_030987.1	JH657925.1
4347656	4362952	1048374	1063650	15297	15277	97.12	5577357	1211435	0.27	1.26	NC_030987.1	JH657925.1
4369283	4371455	1073401	1075569	2173	2169	95.23	5577357	1211435	0.04	0.18	NC_030987.1	JH657925.1
4371608	4383997	1075586	1088012	12390	12427	97.65	5577357	1211435	0.22	1.03	NC_030987.1	JH657925.1
4383998	4386813	1088153	1090970	2816	2818	98.30	5577357	1211435	0.05	0.23	NC_030987.1	JH657925.1
4386850	4414599	1091961	1119738	27750	27778	98.18	5577357	1211435	0.50	2.29	NC_030987.1	JH657925.1
4414756	4439837	1119878	1144997	25082	25120	97.44	5577357	1211435	0.45	2.07	NC_030987.1	JH657925.1
4439841	4455673	1145383	1161238	15833	15856	97.15	5577357	1211435	0.28	1.31	NC_030987.1	JH657925.1
4455858	4458878	1161403	1164423	3021	3021	98.15	5577357	1211435	0.05	0.25	NC_030987.1	JH657925.1
4459638	4462215	1164416	1166966	2578	2551	94.94	5577357	1211435	0.05	0.21	NC_030987.1	JH657925.1
4462346	4473764	1167107	1178533	11419	11427	98.22	5577357	1211435	0.20	0.94	NC_030987.1	JH657925.1
4473869	4478992	1178641	1183770	5124	5130	91.94	5577357	1211435	0.09	0.42	NC_030987.1	JH657925.1
4479095	4479983	1183947	1184835	889	889	97.41	5577357	1211435	0.02	0.07	NC_030987.1	JH657925.1
4486626	4490707	1195903	1199991	4082	4089	96.60	5577357	1211435	0.07	0.34	NC_030987.1	JH657925.1
4490707	4492530	1200116	1201931	1824	1816	97.15	5577357	1211435	0.03	0.15	NC_030987.1	JH657925.1
4493114	4496323	1202516	1205768	3210	3253	95.28	5577357	1211435	0.06	0.27	NC_030987.1	JH657925.1
4496311	4496604	1206187	1206480	294	294	93.20	5577357	1211435	0.01	0.02	NC_030987.1	JH657925.1
4496779	4497037	1206480	1206738	259	259	96.14	5577357	1211435	0.00	0.02	NC_030987.1	JH657925.1
4536663	4542479	145074	150877	5817	5804	97.13	5577357	177456	0.10	3.27	NC_030987.1	KK035212.1
4542466	4554705	151537	163797	12240	12261	96.32	5577357	177456	0.22	6.91	NC_030987.1	KK035212.1
4554716	4567099	163996	176387	12384	12392	97.60	5577357	177456	0.22	6.98	NC_030987.1	KK035212.1
4567982	4568225	67273	67516	244	244	95.10	5577357	85358	0.00	0.29	NC_030987.1	JH658010.1
4567994	4568816	308	1116	823	809	83.27	5577357	281107	0.01	0.29	NC_030987.1	JH657952.1
4573765	4583330	142838	133275	9566	9564	97.18	5577357	177456	0.17	5.39	NC_030987.1	KK035212.1
4583471	4598060	133251	118663	14590	14589	97.45	5577357	177456	0.26	8.22	NC_030987.1	KK035212.1
4597837	4606627	119000	110214	8791	8787	98.27	5577357	177456	0.16	4.95	NC_030987.1	KK035212.1
4609722	4616213	110222	103722	6492	6501	94.52	5577357	177456	0.12	3.66	NC_030987.1	KK035212.1
4616467	4628421	103278	91307	11955	11972	96.85	5577357	177456	0.21	6.75	NC_030987.1	KK035212.1
4629510	4644667	90332	75268	15158	15065	96.53	5577357	177456	0.27	8.49	NC_030987.1	KK035212.1
4644667	4644773	75163	75268	107	106	94.39	5577357	177456	0.00	0.06	NC_030987.1	KK035212.1
4644773	4646017	75163	73926	1245	1238	93.75	5577357	177456	0.02	0.70	NC_030987.1	KK035212.1
4646020	4651513	73835	68339	5494	5497	92.20	5577357	177456	0.10	3.10	NC_030987.1	KK035212.1
4651506	4661986	68272	57790	10481	10483	98.35	5577357	177456	0.19	5.91	NC_030987.1	KK035212.1
4662846	4697631	56968	22204	34786	34765	97.57	5577357	177456	0.62	19.59	NC_030987.1	KK035212.1
4697638	4717953	20559	238	20316	20322	96.67	5577357	177456	0.36	11.45	NC_030987.1	KK035212.1
4719117	4720306	28349	27163	1190	1187	83.78	5577357	33158	0.02	3.58	NC_030987.1	JH658076.1
4724715	4724813	99	1	99	99	100.00	5577357	177456	0.00	0.06	NC_030987.1	KK035212.1
4903166	4905961	3063	258	2796	2806	89.83	5577357	3838	0.05	73.11	NC_030987.1	KK035507.1
4905955	4906129	61823	61649	175	175	90.86	5577357	79893	0.00	0.22	NC_030987.1	JH658016.1
4906358	4906691	29445	29111	334	335	95.82	5577357	32516	0.01	1.03	NC_030987.1	JH658081.1
4906713	4907155	31492	31930	443	439	93.47	5577357	44743	0.01	0.98	NC_030987.1	JH658051.1
4907155	4908603	33115	34564	1449	1450	82.83	5577357	44743	0.03	3.24	NC_030987.1	JH658051.1
4919552	4919819	10107	9840	268	268	94.03	5577357	21255	0.00	1.26	NC_030987.1	JH658129.1
4919559	4919822	6877	7136	264	260	91.67	5577357	21967	0.00	1.18	NC_030987.1	JH658122.1
4920221	4921212	36407	37398	992	992	96.77	5577357	66907	0.02	1.48	NC_030987.1	JH658028.1
4936664	4938526	2502	4369	1863	1868	91.97	5577357	5165	0.03	36.17	NC_030987.1	KK035443.1
4940754	4941002	1	249	249	249	93.98	5577357	3344	0.00	7.45	NC_030987.1	KK035540.1
4944669	4944889	125647	125867	221	221	82.35	5577357	191548	0.00	0.12	NC_030987.1	JH657972.1
4947076	4947191	6412	6295	116	118	91.53	5577357	59173	0.00	0.20	NC_030987.1	JH658033.1
4948319	4949271	298816	299769	953	954	93.40	5577357	346831	0.02	0.28	NC_030987.1	JH657945.1
4976248	4980482	3022	7281	4235	4260	95.13	5577357	32516	0.08	13.10	NC_030987.1	JH658081.1
4984875	4985950	8307	9379	1076	1073	87.76	5577357	23641	0.02	4.54	NC_030987.1	JH658123.1
4988656	4989307	12000	12665	652	666	92.95	5577357	74742	0.01	0.89	NC_030987.1	JH658021.1
4988839	4992113	17019	13783	3275	3237	94.59	5577357	31385	0.06	10.31	NC_030987.1	JH658082.1
4993016	4996808	12887	9094	3793	3794	96.84	5577357	31385	0.07	12.09	NC_030987.1	JH658082.1
5008586	5008756	7422	7592	171	171	87.72	5577357	30642	0.00	0.56	NC_030987.1	JH658087.1
5010849	5013391	76291	78832	2543	2542	88.01	5577357	99639	0.05	2.55	NC_030987.1	JH658000.1
5013709	5014488	2332	1549	780	784	97.96	5577357	6007	0.01	13.05	NC_030987.1	JH658243.1
5034268	5034548	25466	25764	281	299	87.29	5577357	28369	0.01	1.05	NC_030987.1	JH658093.1
5055405	5056206	824	1626	802	803	91.53	5577357	1708	0.01	47.01	NC_030987.1	KK035714.1
5060072	5061893	7498	5677	1822	1822	93.96	5577357	40519	0.03	4.50	NC_030987.1	JH658057.1
5068489	5070084	81973	83569	1596	1597	90.11	5577357	83753	0.03	1.91	NC_030987.1	KK035226.1
5085558	5085950	24936	24553	393	384	88.83	5577357	44743	0.01	0.86	NC_030987.1	JH658051.1
5088491	5090051	19703	21272	1561	1570	87.40	5577357	44137	0.03	3.56	NC_030987.1	JH658053.1
5090061	5091414	1859	3212	1354	1354	97.86	5577357	6121	0.02	22.12	NC_030987.1	KK035419.1
5091410	5093420	36429	34501	2011	1929	81.33	5577357	83753	0.04	2.30	NC_030987.1	KK035226.1
5098744	5098814	67651	67721	71	71	97.18	5577357	86016	0.00	0.08	NC_030987.1	JH658011.1
5098799	5099060	16710	16971	262	262	95.44	5577357	32432	0.00	0.81	NC_030987.1	JH658103.1
5101939	5102122	22157	22340	184	184	97.28	5577357	32432	0.00	0.57	NC_030987.1	JH658103.1
5105493	5106462	47214	48183	970	970	98.56	5577357	68105	0.02	1.42	NC_030987.1	JH658029.1
5119103	5119217	17391	17504	115	114	97.39	5577357	25194	0.00	0.45	NC_030987.1	JH658105.1
5119127	5119766	3512	2860	640	653	92.50	5577357	26171	0.01	2.50	NC_030987.1	JH658111.1
5120204	5122506	10045	12351	2303	2307	89.25	5577357	13325	0.04	17.31	NC_030987.1	JH658162.1
5129191	5129440	81975	81725	250	251	89.29	5577357	83753	0.00	0.30	NC_030987.1	KK035226.1
5129789	5129927	35191	35053	139	139	97.86	5577357	71206	0.00	0.20	NC_030987.1	JH658026.1
5129924	5131586	81725	79987	1663	1739	84.14	5577357	83753	0.03	2.08	NC_030987.1	KK035226.1
5130246	5131796	1341	2966	1551	1626	81.73	5577357	281107	0.03	0.58	NC_030987.1	JH657952.1
5133746	5135699	1952	1	1954	1952	97.04	5577357	16271	0.04	12.00	NC_030987.1	JH658151.1
5136491	5138485	1	1995	1995	1995	98.75	5577357	4264	0.04	46.79	NC_030987.1	KK035489.1
5140843	5141954	1	1139	1112	1139	90.87	5577357	3306	0.02	34.45	NC_030987.1	KK035546.1
5142000	5142381	25089	24708	382	382	90.58	5577357	28983	0.01	1.32	NC_030987.1	JH658091.1
5142072	5143821	101	1867	1750	1767	86.88	5577357	6120	0.03	28.87	NC_030987.1	JH658253.1
5149027	5149322	25876	26175	296	300	91.00	5577357	32478	0.01	0.92	NC_030987.1	JH658077.1
5149320	5149566	39588	39335	247	254	87.01	5577357	73370	0.00	0.35	NC_030987.1	JH658022.1
5150345	5150969	43453	42829	625	625	98.40	5577357	120035	0.01	0.52	NC_030987.1	JH657986.1
5157782	5157943	74692	74531	162	162	93.83	5577357	74742	0.00	0.22	NC_030987.1	JH658021.1
5159156	5159959	16193	16995	804	803	95.90	5577357	35415	0.01	2.27	NC_030987.1	JH658067.1
5163569	5164920	31771	33127	1352	1357	91.83	5577357	85819	0.02	1.58	NC_030987.1	JH658012.1
5163570	5165743	8363	6209	2174	2155	91.28	5577357	13076	0.04	16.48	NC_030987.1	KK035312.1
5174290	5174828	58864	59401	539	538	92.99	5577357	68105	0.01	0.79	NC_030987.1	JH658029.1
5175726	5178445	31678	28955	2720	2724	92.55	5577357	171404	0.05	1.59	NC_030987.1	JH657978.1
5191499	5191735	1978	2214	237	237	93.25	5577357	2222	0.00	10.67	NC_030987.1	KK035641.1
5191753	5192995	1	1246	1243	1246	94.70	5577357	1246	0.02	100.00	NC_030987.1	KK035790.1
5192845	5193336	27425	27917	492	493	94.52	5577357	66907	0.01	0.74	NC_030987.1	JH658028.1
5193531	5193876	27919	28265	346	347	91.93	5577357	66907	0.01	0.52	NC_030987.1	JH658028.1
5196323	5196461	12805	12667	139	139	89.29	5577357	74742	0.00	0.19	NC_030987.1	JH658021.1
5196337	5196463	5136	5010	127	127	92.91	5577357	6736	0.00	1.89	NC_030987.1	KK035400.1
5196717	5196823	223	117	107	107	96.26	5577357	99639	0.00	0.11	NC_030987.1	JH658000.1
5200652	5201182	2192	1662	531	531	92.86	5577357	2307	0.01	23.02	NC_030987.1	KK035633.1
5201337	5205467	2035	6165	4131	4131	95.16	5577357	33558	0.07	12.31	NC_030987.1	JH658073.1
5207185	5207710	1411	1936	526	526	98.67	5577357	40519	0.01	1.30	NC_030987.1	JH658057.1
5210618	5210961	7339	6996	344	344	89.24	5577357	75149	0.01	0.46	NC_030987.1	KK035230.1
5212074	5212410	8220	7881	337	340	86.51	5577357	9628	0.01	3.53	NC_030987.1	JH658207.1
5212519	5213310	7765	6998	792	768	85.05	5577357	9628	0.01	7.98	NC_030987.1	JH658207.1
5220156	5220422	6410	6143	267	268	92.57	5577357	9628	0.00	2.78	NC_030987.1	JH658207.1
5224881	5226041	5734	4575	1161	1160	81.15	5577357	11323	0.02	10.24	NC_030987.1	JH658194.1
5226464	5227378	4152	3241	915	912	86.99	5577357	11323	0.02	8.05	NC_030987.1	JH658194.1
5232362	5232801	14700	15138	440	439	90.68	5577357	22586	0.01	1.94	NC_030987.1	JH658142.1
5233937	5235302	15306	16669	1366	1364	92.49	5577357	22586	0.02	6.04	NC_030987.1	JH658142.1
5235487	5236418	16794	17725	932	932	92.06	5577357	22586	0.02	4.13	NC_030987.1	JH658142.1
5235973	5236726	20383	21138	754	756	89.70	5577357	22586	0.01	3.35	NC_030987.1	JH658142.1
5238107	5238248	11520	11380	142	141	92.96	5577357	25186	0.00	0.56	NC_030987.1	JH658109.1
5238566	5239883	11243	9922	1318	1322	92.98	5577357	25186	0.02	5.25	NC_030987.1	JH658109.1
5244610	5246453	18311	16458	1844	1854	86.68	5577357	88241	0.03	2.10	NC_030987.1	JH658007.1
5249203	5252579	93580	96956	3377	3377	94.26	5577357	171404	0.06	1.97	NC_030987.1	JH657978.1
5254762	5255089	24898	24571	328	328	86.59	5577357	55790	0.01	0.59	NC_030987.1	JH658044.1
5270938	5271468	2978	3493	531	516	83.99	5577357	12214	0.01	4.22	NC_030987.1	KK035321.1
5275715	5277707	67821	69801	1993	1981	83.06	5577357	73370	0.04	2.70	NC_030987.1	JH658022.1
5282999	5283193	190029	190222	195	194	87.18	5577357	202139	0.00	0.10	NC_030987.1	JH657970.1
5295005	5295218	936	1150	214	215	95.81	5577357	1330	0.00	16.17	NC_030987.1	KK035778.1
5298436	5298668	82226	82459	233	234	95.30	5577357	171404	0.00	0.14	NC_030987.1	JH657978.1
5298952	5299109	82461	82617	158	157	94.34	5577357	171404	0.00	0.09	NC_030987.1	JH657978.1
5299122	5299646	82948	83575	525	628	78.22	5577357	171404	0.01	0.37	NC_030987.1	JH657978.1
5299685	5301228	1678	130	1544	1549	92.10	5577357	1989	0.03	77.88	NC_030987.1	KK035669.1
5304154	5304539	613	998	386	386	94.04	5577357	27702	0.01	1.39	NC_030987.1	KK035255.1
5304534	5304855	269	590	322	322	92.55	5577357	4539	0.01	7.09	NC_030987.1	KK035472.1
5304747	5305024	1733	1442	278	292	88.70	5577357	61992	0.00	0.47	NC_030987.1	JH658031.1
5305026	5305134	40564	40456	109	109	96.33	5577357	58229	0.00	0.19	NC_030987.1	JH658037.1
5308729	5310099	57549	56179	1371	1371	86.84	5577357	73370	0.02	1.87	NC_030987.1	JH658022.1
5310463	5310857	1053	660	395	394	84.71	5577357	21374	0.01	1.84	NC_030987.1	KK035266.1
5310464	5312338	13243	11369	1875	1875	81.71	5577357	85819	0.03	2.18	NC_030987.1	JH658012.1
5323426	5328115	27997	23302	4690	4696	97.60	5577357	30642	0.08	15.33	NC_030987.1	JH658087.1
5340775	5340927	10898	11051	153	154	93.51	5577357	44137	0.00	0.35	NC_030987.1	JH658053.1
5340782	5340927	4297	4151	146	147	92.52	5577357	32478	0.00	0.45	NC_030987.1	JH658077.1
5375083	5376646	4789	6348	1564	1560	94.08	5577357	11109	0.03	14.04	NC_030987.1	KK035329.1
5381339	5382448	11651	10544	1110	1108	78.08	5577357	73370	0.02	1.51	NC_030987.1	JH658022.1
5383064	5384685	148332	146697	1622	1636	83.64	5577357	191548	0.03	0.85	NC_030987.1	JH657972.1
5386531	5387914	1607	225	1384	1383	97.33	5577357	79893	0.02	1.73	NC_030987.1	JH658016.1
5388528	5388816	2384	2097	289	288	86.30	5577357	23475	0.01	1.23	NC_030987.1	JH658126.1
5394940	5400518	31749	26171	5579	5579	97.97	5577357	32478	0.10	17.18	NC_030987.1	JH658077.1
5402089	5402759	24006	24676	671	671	84.05	5577357	1250108	0.01	0.05	NC_030987.1	JH657923.1
5402297	5404463	11768	13932	2167	2165	84.91	5577357	61992	0.04	3.49	NC_030987.1	JH658031.1
5422945	5426410	12614	16076	3466	3463	82.83	5577357	113886	0.06	3.04	NC_030987.1	JH657990.1
5423007	5426418	4655	1247	3412	3409	82.96	5577357	33081	0.06	10.31	NC_030987.1	JH658078.1
5427725	5428098	9186	9560	374	375	90.43	5577357	21374	0.01	1.75	NC_030987.1	KK035266.1
5428099	5428761	689	1348	663	660	82.73	5577357	73370	0.01	0.90	NC_030987.1	JH658022.1
5433096	5434170	55944	54869	1075	1076	94.80	5577357	73370	0.02	1.47	NC_030987.1	JH658022.1
5437693	5438857	54874	53685	1165	1190	94.03	5577357	73370	0.02	1.62	NC_030987.1	JH658022.1
5459616	5467042	37051	29606	7427	7446	95.68	5577357	73370	0.13	10.15	NC_030987.1	JH658022.1
5469911	5471556	7422	5777	1646	1646	97.70	5577357	73370	0.03	2.24	NC_030987.1	JH658022.1
5472751	5472884	9498	9366	134	133	92.59	5577357	10484	0.00	1.27	NC_030987.1	KK035340.1
5476328	5476618	1111	822	291	290	92.10	5577357	2810	0.01	10.32	NC_030987.1	KK035585.1
5483608	5484028	48791	49209	421	419	95.01	5577357	171404	0.01	0.24	NC_030987.1	JH657978.1
5483655	5484040	6445	6062	386	384	93.78	5577357	7172	0.01	5.35	NC_030987.1	JH658231.1
5485950	5486179	11547	11777	230	231	84.98	5577357	19146	0.00	1.21	NC_030987.1	JH658139.1
5487381	5487975	19780	19212	595	569	89.41	5577357	19803	0.01	2.87	NC_030987.1	KK035270.1
5489003	5490423	19212	17765	1421	1448	91.94	5577357	19803	0.03	7.31	NC_030987.1	KK035270.1
5492785	5492988	150043	150244	204	202	93.17	5577357	171404	0.00	0.12	NC_030987.1	JH657978.1
5500919	5501122	150043	150244	204	202	93.17	5577357	171404	0.00	0.12	NC_030987.1	JH657978.1
16653	17052	56062	56461	400	400	99.25	5634991	70476	0.01	0.57	NC_030988.1	JH658024.1
17190	17422	233	1	233	233	99.57	5634991	13076	0.00	1.78	NC_030988.1	KK035312.1
17315	17934	47	666	620	620	98.87	5634991	12826	0.01	4.83	NC_030988.1	KK035315.1
17929	19745	907	2719	1817	1813	98.51	5634991	12826	0.03	14.14	NC_030988.1	KK035315.1
19938	20496	2714	3272	559	559	99.28	5634991	12826	0.01	4.36	NC_030988.1	KK035315.1
23086	24023	25878	24946	938	933	84.98	5634991	44743	0.02	2.09	NC_030988.1	JH658051.1
24003	24550	43792	43239	548	554	89.35	5634991	44137	0.01	1.26	NC_030988.1	JH658053.1
25133	25386	26717	26971	254	255	87.45	5634991	58229	0.00	0.44	NC_030988.1	JH658037.1
25486	25591	26979	27084	106	106	96.23	5634991	58229	0.00	0.18	NC_030988.1	JH658037.1
31583	31727	23503	23359	145	145	99.31	5634991	32516	0.00	0.45	NC_030988.1	JH658081.1
31728	31858	1287	1421	131	135	90.37	5634991	3206	0.00	4.21	NC_030988.1	KK035549.1
32464	36434	32841	28867	3971	3975	95.17	5634991	55028	0.07	7.22	NC_030988.1	JH658040.1
43737	44438	8893	9592	702	700	93.02	5634991	55028	0.01	1.27	NC_030988.1	JH658040.1
49394	52563	36813	39993	3170	3181	93.50	5634991	55028	0.06	5.78	NC_030988.1	JH658040.1
51425	52625	4625	3422	1201	1204	87.74	5634991	73370	0.02	1.64	NC_030988.1	JH658022.1
55221	57070	72061	70214	1850	1848	82.84	5634991	171404	0.03	1.08	NC_030988.1	JH657978.1
64921	65042	10126	10005	122	122	100.00	5634991	17030	0.00	0.72	NC_030988.1	KK035284.1
65807	65955	4979	4830	149	150	94.67	5634991	4979	0.00	3.01	NC_030988.1	KK035449.1
66406	66666	5057	5319	261	263	98.86	5634991	22019	0.00	1.19	NC_030988.1	JH658132.1
66407	68591	3031	841	2185	2191	94.07	5634991	24796	0.04	8.84	NC_030988.1	JH658108.1
68613	71018	405	2810	2406	2406	99.67	5634991	2810	0.04	85.62	NC_030988.1	KK035581.1
71067	71720	2558	1906	654	653	93.50	5634991	4548	0.01	14.36	NC_030988.1	KK035469.1
71671	71874	4603	4401	204	203	95.59	5634991	7464	0.00	2.72	NC_030988.1	JH658232.1
71874	72078	429	634	205	206	90.52	5634991	3552	0.00	5.80	NC_030988.1	JH658271.1
76662	76968	189	513	307	325	91.72	5634991	1130	0.01	28.76	NC_030988.1	KK035825.1
77150	77707	5566	4983	558	584	91.28	5634991	7464	0.01	7.82	NC_030988.1	JH658232.1
77609	77867	870	1130	259	261	96.17	5634991	1130	0.00	23.10	NC_030988.1	KK035825.1
77709	78342	1	631	634	631	95.29	5634991	4616	0.01	13.67	NC_030988.1	KK035467.1
78388	78598	3111	2901	211	211	96.23	5634991	18732	0.00	1.13	NC_030988.1	JH658145.1
86631	86834	9505	9298	204	208	92.79	5634991	22707	0.00	0.92	NC_030988.1	JH658134.1
93202	93337	8421	8280	136	142	92.25	5634991	18284	0.00	0.78	NC_030988.1	KK035278.1
94205	95368	18083	16918	1164	1166	97.51	5634991	22019	0.02	5.30	NC_030988.1	JH658132.1
95367	101113	3112	8916	5747	5805	97.09	5634991	27360	0.10	21.22	NC_030988.1	JH658101.1
111302	116195	19790	24648	4894	4859	96.96	5634991	27360	0.09	17.76	NC_030988.1	JH658101.1
118259	119414	149	1317	1156	1169	96.84	5634991	10737	0.02	10.89	NC_030988.1	JH658193.1
122812	123511	69785	70476	700	692	96.86	5634991	70476	0.01	0.98	NC_030988.1	JH658024.1
132157	132317	161	1	161	161	100.00	5634991	2166963	0.00	0.01	NC_030988.1	JH657919.1
132302	132665	15975	15612	364	364	83.84	5634991	19146	0.01	1.90	NC_030988.1	JH658139.1
135871	136065	4331	4137	195	195	98.97	5634991	4331	0.00	4.50	NC_030988.1	KK035483.1
136430	137242	1622	810	813	813	99.14	5634991	1708	0.01	47.60	NC_030988.1	KK035714.1
154624	154910	286	2	287	285	85.42	5634991	15159	0.01	1.88	NC_030988.1	JH658168.1
155167	156309	1143	1	1143	1143	88.39	5634991	1143	0.02	100.00	NC_030988.1	KK035821.1
156488	156722	20818	20583	235	236	98.31	5634991	31739	0.00	0.74	NC_030988.1	KK035251.1
160899	163364	2465	1	2466	2465	99.19	5634991	2628	0.04	93.80	NC_030988.1	KK035602.1
163888	170043	1	6217	6156	6217	96.64	5634991	6217	0.11	100.00	NC_030988.1	KK035415.1
169195	170957	16208	14447	1763	1762	94.22	5634991	281107	0.03	0.63	NC_030988.1	JH657952.1
173124	173933	96001	96810	810	810	85.93	5634991	100508	0.01	0.81	NC_030988.1	JH657997.1
176285	178119	5749	3917	1835	1833	95.04	5634991	8985	0.03	20.40	NC_030988.1	JH658213.1
179138	185880	7306	14084	6743	6779	94.29	5634991	15159	0.12	44.72	NC_030988.1	JH658168.1
196084	196220	5596	5732	137	137	89.86	5634991	74742	0.00	0.18	NC_030988.1	JH658021.1
196496	196592	46114	46208	97	95	93.81	5634991	59173	0.00	0.16	NC_030988.1	JH658033.1
213824	216402	2888	303	2579	2586	98.57	5634991	8603	0.05	30.06	NC_030988.1	JH658220.1
223690	229304	5751	154	5615	5598	97.03	5634991	11031	0.10	50.75	NC_030988.1	KK035331.1
231339	231746	15802	16209	408	408	91.67	5634991	27360	0.01	1.49	NC_030988.1	JH658101.1
237906	239759	92	1945	1854	1854	99.57	5634991	2333	0.03	79.47	NC_030988.1	KK035625.1
240541	246564	7542	1545	6024	5998	97.64	5634991	7542	0.11	79.53	NC_030988.1	KK035379.1
247399	247779	382	1	381	382	98.69	5634991	7542	0.01	5.06	NC_030988.1	KK035379.1
265662	267323	3324	4991	1662	1668	97.48	5634991	4991	0.03	33.42	NC_030988.1	JH658262.1
268315	270173	1	1859	1859	1859	99.30	5634991	1859	0.03	100.00	NC_030988.1	KK035690.1
280201	281066	6232	5372	866	861	99.08	5634991	6232	0.02	13.82	NC_030988.1	JH658238.1
281763	283277	1515	1	1515	1515	97.89	5634991	6232	0.03	24.31	NC_030988.1	JH658238.1
284674	287434	1	2749	2761	2749	95.54	5634991	6077	0.05	45.24	NC_030988.1	JH658247.1
287823	289664	1	1800	1842	1800	92.89	5634991	5841	0.03	30.82	NC_030988.1	JH658248.1
290051	291470	2087	3518	1420	1432	95.39	5634991	5841	0.03	24.52	NC_030988.1	JH658248.1
291471	293627	3681	5838	2157	2158	97.17	5634991	5841	0.04	36.95	NC_030988.1	JH658248.1
293627	304590	82	11014	10964	10933	97.88	5634991	11014	0.19	99.26	NC_030988.1	KK035333.1
310306	312792	2552	66	2487	2487	97.83	5634991	2964	0.04	83.91	NC_030988.1	KK035567.1
351999	352606	1	608	608	608	93.75	5634991	1708	0.01	35.60	NC_030988.1	KK035714.1
352870	353068	610	809	199	200	92.50	5634991	1708	0.00	11.71	NC_030988.1	KK035714.1
361876	362317	245	701	442	457	90.22	5634991	22048	0.01	2.07	NC_030988.1	JH658128.1
362316	363976	2562	4222	1661	1661	95.12	5634991	22048	0.03	7.53	NC_030988.1	JH658128.1
365197	366428	8033	9264	1232	1232	94.49	5634991	22048	0.02	5.59	NC_030988.1	JH658128.1
367427	367689	10893	11156	263	264	89.89	5634991	22048	0.00	1.20	NC_030988.1	JH658128.1
369191	370371	24911	26060	1181	1150	91.06	5634991	42973	0.02	2.68	NC_030988.1	JH658050.1
373604	374134	20673	21196	531	524	88.70	5634991	22048	0.01	2.38	NC_030988.1	JH658128.1
374532	374847	21552	21867	316	316	94.62	5634991	22048	0.01	1.43	NC_030988.1	JH658128.1
385858	386056	78788	78986	199	199	89.45	5634991	79820	0.00	0.25	NC_030988.1	JH658019.1
394079	395467	1576	101	1389	1476	91.75	5634991	1576	0.02	93.65	NC_030988.1	KK035739.1
395526	395627	102	1	102	102	100.00	5634991	1576	0.00	6.47	NC_030988.1	KK035739.1
398255	400125	1689	3564	1871	1876	96.91	5634991	11586	0.03	16.19	NC_030988.1	JH658179.1
400359	401580	6770	8011	1222	1242	95.73	5634991	11586	0.02	10.72	NC_030988.1	JH658179.1
401580	404163	9003	11586	2584	2584	98.07	5634991	11586	0.05	22.30	NC_030988.1	JH658179.1
404728	404931	138995	138791	204	205	94.63	5634991	209433	0.00	0.10	NC_030988.1	JH657967.1
425847	428568	30333	27686	2722	2648	92.56	5634991	42973	0.05	6.16	NC_030988.1	JH658050.1
428566	430786	21364	23583	2221	2220	95.72	5634991	86016	0.04	2.58	NC_030988.1	JH658011.1
430788	431402	27685	27071	615	615	97.56	5634991	42973	0.01	1.43	NC_030988.1	JH658050.1
439035	442695	317	3918	3661	3602	94.00	5634991	4062	0.06	88.68	NC_030988.1	KK035495.1
448880	449254	17007	16633	375	375	91.20	5634991	24093	0.01	1.56	NC_030988.1	KK035261.1
451046	451207	6083	6244	162	162	94.44	5634991	8985	0.00	1.80	NC_030988.1	JH658213.1
490945	491713	35758	35011	769	748	94.41	5634991	38410	0.01	1.95	NC_030988.1	JH658060.1
491806	492163	35009	34652	358	358	95.25	5634991	38410	0.01	0.93	NC_030988.1	JH658060.1
496947	497294	17284	16937	348	348	93.10	5634991	33158	0.01	1.05	NC_030988.1	JH658076.1
501763	501904	14216	14075	142	142	100.00	5634991	14385	0.00	0.99	NC_030988.1	KK035306.1
507953	508140	1487	1679	188	193	91.19	5634991	1747	0.00	11.05	NC_030988.1	KK035708.1
512655	513610	6020	5076	956	945	87.06	5634991	59173	0.02	1.60	NC_030988.1	JH658033.1
517111	517927	1	815	817	815	96.08	5634991	8482	0.01	9.61	NC_030988.1	JH658218.1
520602	521264	33103	32441	663	663	95.78	5634991	79893	0.01	0.83	NC_030988.1	JH658016.1
526287	527386	73947	72848	1100	1100	98.91	5634991	99639	0.02	1.10	NC_030988.1	JH658000.1
527952	528566	22063	21460	615	604	85.74	5634991	24886	0.01	2.43	NC_030988.1	JH658107.1
529021	529484	21454	21000	464	455	80.64	5634991	24886	0.01	1.83	NC_030988.1	JH658107.1
530455	532254	28321	26506	1800	1816	84.89	5634991	30123	0.03	6.03	NC_030988.1	JH658088.1
536236	538967	7738	4984	2732	2755	92.17	5634991	79893	0.05	3.45	NC_030988.1	JH658016.1
540519	542044	19648	21173	1526	1526	99.41	5634991	21175	0.03	7.21	NC_030988.1	KK035265.1
545430	545594	400	237	165	164	96.36	5634991	8985	0.00	1.83	NC_030988.1	JH658213.1
545583	545981	11718	11321	399	398	98.75	5634991	15675	0.01	2.54	NC_030988.1	JH658158.1
555406	555601	46186	46381	196	196	96.43	5634991	59173	0.00	0.33	NC_030988.1	JH658033.1
560482	560987	15149	14644	506	506	96.44	5634991	30642	0.01	1.65	NC_030988.1	JH658087.1
560906	560995	75400	75311	90	90	95.56	5634991	75402	0.00	0.12	NC_030988.1	KK035228.1
561223	567069	14664	8899	5847	5766	95.19	5634991	30642	0.10	18.82	NC_030988.1	JH658087.1
574584	575147	14024	13462	564	563	94.68	5634991	18046	0.01	3.12	NC_030988.1	JH658148.1
575147	575473	12072	11746	327	327	97.25	5634991	18046	0.01	1.81	NC_030988.1	JH658148.1
580375	583571	11744	8539	3197	3206	96.04	5634991	18046	0.06	17.77	NC_030988.1	JH658148.1
596631	600345	33943	30164	3715	3780	89.19	5634991	89445	0.07	4.23	NC_030988.1	JH658009.1
600321	600796	30071	29595	476	477	90.36	5634991	89445	0.01	0.53	NC_030988.1	JH658009.1
603993	604933	61759	60820	941	940	84.27	5634991	99969	0.02	0.94	NC_030988.1	JH657996.1
614009	615763	9158	7409	1755	1750	96.54	5634991	31739	0.03	5.51	NC_030988.1	KK035251.1
615840	616169	7063	6734	330	330	97.27	5634991	31739	0.01	1.04	NC_030988.1	KK035251.1
616351	617041	6739	6067	691	673	95.22	5634991	31739	0.01	2.12	NC_030988.1	KK035251.1
617039	619327	5929	3639	2289	2291	98.69	5634991	31739	0.04	7.22	NC_030988.1	KK035251.1
689018	689451	17776	17343	434	434	94.01	5634991	29423	0.01	1.48	NC_030988.1	JH658094.1
695143	696478	35081	36416	1336	1336	93.26	5634991	45350	0.02	2.95	NC_030988.1	KK035239.1
698659	699944	48302	49589	1286	1288	84.52	5634991	87225	0.02	1.48	NC_030988.1	JH658008.1
708492	708968	478	1	477	478	96.45	5634991	23478	0.01	2.04	NC_030988.1	JH658114.1
708714	709179	520	55	466	466	97.21	5634991	7464	0.01	6.24	NC_030988.1	JH658232.1
764147	764468	319	1	322	319	98.14	5634991	89445	0.01	0.36	NC_030988.1	JH658009.1
778914	779032	4423	4541	119	119	97.48	5634991	9286	0.00	1.28	NC_030988.1	JH658208.1
815559	815644	22140	22225	86	86	96.51	5634991	26171	0.00	0.33	NC_030988.1	JH658111.1
836417	836948	11120	11651	532	532	89.29	5634991	34314	0.01	1.55	NC_030988.1	JH658072.1
836948	838520	12960	14593	1573	1634	84.73	5634991	34314	0.03	4.76	NC_030988.1	JH658072.1
848565	849127	12263	11701	563	563	90.43	5634991	18606	0.01	3.03	NC_030988.1	KK035275.1
850724	853015	333	2620	2292	2288	94.76	5634991	21774	0.04	10.51	NC_030988.1	JH658121.1
853044	857814	3554	8333	4771	4780	94.46	5634991	21774	0.08	21.95	NC_030988.1	JH658121.1
858463	858590	2374	2248	128	127	94.53	5634991	58569	0.00	0.22	NC_030988.1	JH658041.1
876790	877817	1034	1	1028	1034	93.52	5634991	2517	0.02	41.08	NC_030988.1	KK035612.1
877742	878729	2578	1588	988	991	94.75	5634991	2578	0.02	38.44	NC_030988.1	KK035605.1
919725	919840	2733	2848	116	116	93.97	5634991	85358	0.00	0.14	NC_030988.1	JH658010.1
925780	926310	13342	12812	531	531	98.87	5634991	21696	0.01	2.45	NC_030988.1	JH658131.1
955069	955286	29587	29376	218	212	85.32	5634991	102212	0.00	0.21	NC_030988.1	JH657995.1
958744	960792	20501	22507	2049	2007	84.73	5634991	34314	0.04	5.85	NC_030988.1	JH658072.1
960888	961532	22512	23156	645	645	88.68	5634991	34314	0.01	1.88	NC_030988.1	JH658072.1
965594	965886	2369	2661	293	293	98.63	5634991	89445	0.01	0.33	NC_030988.1	JH658009.1
988561	991362	2802	1	2802	2802	99.68	5634991	2805	0.05	99.89	NC_030988.1	KK035588.1
995227	995620	13835	13442	394	394	99.24	5634991	13835	0.01	2.85	NC_030988.1	JH658160.1
997247	997688	1	442	442	442	99.32	5634991	9860	0.01	4.48	NC_030988.1	JH658203.1
997343	997914	7464	6893	572	572	98.43	5634991	7464	0.01	7.66	NC_030988.1	JH658232.1
998099	998319	6444	6664	221	221	94.12	5634991	7470	0.00	2.96	NC_030988.1	JH658233.1
1011049	1012320	19979	21249	1272	1271	97.88	5634991	24113	0.02	5.27	NC_030988.1	JH658124.1
1040932	1041030	52752	52850	99	99	100.00	5634991	58569	0.00	0.17	NC_030988.1	JH658041.1
1050929	1052017	1	1088	1089	1088	98.81	5634991	1476	0.02	73.71	NC_030988.1	KK035751.1
1065001	1065105	2752	2856	105	105	99.05	5634991	2964	0.00	3.54	NC_030988.1	KK035567.1
1090886	1094167	81367	78085	3282	3283	99.63	5634991	89445	0.06	3.67	NC_030988.1	JH658009.1
1094833	1096084	78097	76846	1252	1252	99.44	5634991	89445	0.02	1.40	NC_030988.1	JH658009.1
1129644	1133587	79402	75469	3944	3934	92.16	5634991	111555	0.07	3.53	NC_030988.1	JH657991.1
1144966	1145503	3844	4378	538	535	87.92	5634991	73102	0.01	0.73	NC_030988.1	JH658023.1
1151261	1153536	3488	5769	2276	2282	95.77	5634991	60600	0.04	3.77	NC_030988.1	JH658036.1
1154097	1154519	6547	6974	423	428	87.07	5634991	60600	0.01	0.71	NC_030988.1	JH658036.1
1158648	1159879	6978	8207	1232	1230	92.86	5634991	60600	0.02	2.03	NC_030988.1	JH658036.1
1161725	1163618	42601	40685	1894	1917	89.41	5634991	111555	0.03	1.72	NC_030988.1	JH657991.1
1178899	1179686	35772	36564	788	793	83.50	5634991	60600	0.01	1.31	NC_030988.1	JH658036.1
1179056	1180249	5033	3871	1194	1163	89.94	5634991	16942	0.02	6.86	NC_030988.1	JH658149.1
1182280	1183957	1009685	1008008	1678	1678	94.46	5634991	3361134	0.03	0.05	NC_030988.1	JH657918.1
1186636	1187948	43226	44538	1313	1313	91.34	5634991	60600	0.02	2.17	NC_030988.1	JH658036.1
1193881	1194263	9430	9810	383	381	80.10	5634991	55499	0.01	0.69	NC_030988.1	JH658039.1
1198418	1201743	50677	54000	3326	3324	94.73	5634991	60600	0.06	5.49	NC_030988.1	JH658036.1
1200605	1206870	17522	23816	6266	6295	95.30	5634991	55499	0.11	11.34	NC_030988.1	JH658039.1
1209580	1212030	28224	30640	2451	2417	87.24	5634991	55499	0.04	4.36	NC_030988.1	JH658039.1
1213143	1213827	35198	35885	685	688	90.99	5634991	55499	0.01	1.24	NC_030988.1	JH658039.1
1215217	1218601	39008	42381	3385	3374	89.66	5634991	55499	0.06	6.08	NC_030988.1	JH658039.1
1221409	1222630	42365	43586	1222	1222	96.56	5634991	55499	0.02	2.20	NC_030988.1	JH658039.1
1221759	1223427	31655	29987	1669	1669	99.46	5634991	31655	0.03	5.27	NC_030988.1	JH658080.1
1226376	1237599	29980	18756	11224	11225	99.75	5634991	31655	0.20	35.46	NC_030988.1	JH658080.1
1237943	1238106	18241	18078	164	164	100.00	5634991	31655	0.00	0.52	NC_030988.1	JH658080.1
1238099	1253608	15549	47	15510	15503	98.65	5634991	31655	0.28	48.97	NC_030988.1	JH658080.1
1256174	1257112	6195	5259	939	937	98.19	5634991	10039	0.02	9.33	NC_030988.1	KK035344.1
1264227	1264530	3666	3364	304	303	98.03	5634991	3710	0.01	8.17	NC_030988.1	KK035514.1
1265165	1265311	791	645	147	147	93.88	5634991	3710	0.00	3.96	NC_030988.1	KK035514.1
1267884	1268111	8676	8903	228	228	93.86	5634991	15005	0.00	1.52	NC_030988.1	JH658157.1
1293276	1293473	400869	401066	198	198	95.45	5634991	857877	0.00	0.02	NC_030988.1	JH657931.1
1293455	1293579	5810	5682	125	129	89.92	5634991	15005	0.00	0.86	NC_030988.1	JH658157.1
1300733	1301282	4817	5391	550	575	90.72	5634991	24603	0.01	2.34	NC_030988.1	JH658110.1
1303932	1304151	5495	5276	220	220	95.00	5634991	13076	0.00	1.68	NC_030988.1	KK035312.1
1307587	1307886	14136	14435	300	300	95.00	5634991	58229	0.01	0.52	NC_030988.1	JH658037.1
1308058	1308160	116719	116617	103	103	100.00	5634991	198351	0.00	0.05	NC_030988.1	JH657971.1
1333363	1333649	15300	15017	287	284	98.26	5634991	38863	0.01	0.73	NC_030988.1	JH658058.1
1366953	1367151	619	817	199	199	88.50	5634991	10210	0.00	1.95	NC_030988.1	JH658198.1
1394782	1395755	7627	8608	974	982	87.96	5634991	29423	0.02	3.34	NC_030988.1	JH658094.1
1403804	1403988	3565	3748	185	184	93.51	5634991	73102	0.00	0.25	NC_030988.1	JH658023.1
1417671	1418903	6978	8207	1233	1230	93.03	5634991	60600	0.02	2.03	NC_030988.1	JH658036.1
1422763	1424000	15990	17263	1238	1274	92.78	5634991	60600	0.02	2.10	NC_030988.1	JH658036.1
1431231	1432125	37237	38127	895	891	90.55	5634991	102212	0.02	0.87	NC_030988.1	JH657995.1
1438227	1439420	5033	3871	1194	1163	89.94	5634991	16942	0.02	6.86	NC_030988.1	JH658149.1
1439540	1440954	3868	2454	1415	1415	92.45	5634991	16942	0.03	8.35	NC_030988.1	JH658149.1
1441044	1441899	2457	1589	856	869	90.70	5634991	16942	0.02	5.13	NC_030988.1	JH658149.1
1442613	1444402	1821	38	1790	1784	96.54	5634991	1821	0.03	97.97	NC_030988.1	KK035698.1
1465085	1468886	1	3804	3802	3804	98.85	5634991	3804	0.07	100.00	NC_030988.1	KK035506.1
1513777	1514501	9898	9132	725	767	91.79	5634991	10039	0.01	7.64	NC_030988.1	KK035344.1
1515321	1516257	6195	5259	937	937	98.61	5634991	10039	0.02	9.33	NC_030988.1	KK035344.1
1528732	1529608	11933	12823	877	891	94.29	5634991	102212	0.02	0.87	NC_030988.1	JH657995.1
1541755	1545907	17148	21340	4153	4193	91.38	5634991	102212	0.07	4.10	NC_030988.1	JH657995.1
1546800	1549469	22160	24827	2670	2668	95.96	5634991	102212	0.05	2.61	NC_030988.1	JH657995.1
1549354	1551581	39358	41615	2228	2258	94.69	5634991	73102	0.04	3.09	NC_030988.1	JH658023.1
1550982	1551617	25788	26442	636	655	92.69	5634991	102212	0.01	0.64	NC_030988.1	JH657995.1
1553149	1553229	16583	16502	81	82	97.56	5634991	31401	0.00	0.26	NC_030988.1	JH658089.1
1570417	1572891	51801	54277	2475	2477	92.22	5634991	102212	0.04	2.42	NC_030988.1	JH657995.1
1601177	1608894	76501	84209	7718	7709	96.91	5634991	102212	0.14	7.54	NC_030988.1	JH657995.1
1606379	1608897	11282	8761	2519	2522	97.19	5634991	36287	0.04	6.95	NC_030988.1	JH658071.1
1624660	1628799	12969	8837	4140	4133	95.51	5634991	12969	0.07	31.87	NC_030988.1	JH658177.1
1639612	1643123	90728	87200	3512	3529	95.55	5634991	102212	0.06	3.45	NC_030988.1	JH657995.1
1644671	1646537	86538	84676	1867	1863	95.93	5634991	102212	0.03	1.82	NC_030988.1	JH657995.1
1666226	1667123	20005	20893	898	889	90.22	5634991	21339	0.02	4.17	NC_030988.1	JH658127.1
1720280	1721134	1	855	855	855	87.27	5634991	2322	0.02	36.82	NC_030988.1	KK035631.1
1723799	1724036	19010	18774	238	237	96.22	5634991	55790	0.00	0.42	NC_030988.1	JH658044.1
1724081	1725087	6902	5896	1007	1007	96.63	5634991	13325	0.02	7.56	NC_030988.1	JH658162.1
1740992	1751542	11437	830	10551	10608	91.09	5634991	11437	0.19	92.75	NC_030988.1	KK035328.1
1760214	1760920	4526	5233	707	708	95.62	5634991	87296	0.01	0.81	NC_030988.1	JH658017.1
1760766	1761921	44416	43260	1156	1157	96.20	5634991	86016	0.02	1.35	NC_030988.1	JH658011.1
1775952	1776843	17420	18322	892	903	91.48	5634991	67929	0.02	1.33	NC_030988.1	JH658034.1
1778385	1778604	3644	3419	220	226	89.82	5634991	5100	0.00	4.43	NC_030988.1	KK035446.1
1779117	1781366	2249	1	2250	2249	97.29	5634991	4310	0.04	52.18	NC_030988.1	KK035486.1
1792831	1792982	66012	65861	152	152	99.34	5634991	100508	0.00	0.15	NC_030988.1	JH657997.1
1793701	1793796	18810	18715	96	96	100.00	5634991	20737	0.00	0.46	NC_030988.1	JH658144.1
1801755	1801906	43967	44118	152	152	98.68	5634991	66907	0.00	0.23	NC_030988.1	JH658028.1
1808041	1810451	3066	5474	2411	2409	95.54	5634991	5474	0.04	44.01	NC_030988.1	KK035441.1
1826200	1826637	71876	72313	438	438	94.98	5634991	171404	0.01	0.26	NC_030988.1	JH657978.1
1829677	1829905	28592	28365	229	228	97.38	5634991	40519	0.00	0.56	NC_030988.1	JH658057.1
1831499	1832071	5118	5691	573	574	96.69	5634991	23641	0.01	2.43	NC_030988.1	JH658123.1
1845043	1846860	2907	4733	1818	1827	94.20	5634991	9530	0.03	19.17	NC_030988.1	KK035349.1
1853021	1853091	84583	84653	71	71	100.00	5634991	2166963	0.00	0.00	NC_030988.1	JH657919.1
1858167	1859241	1165	91	1075	1075	99.35	5634991	1258	0.02	85.45	NC_030988.1	KK035788.1
1864745	1866255	1505	1	1511	1505	95.10	5634991	1592	0.03	94.54	NC_030988.1	KK035736.1
1866257	1870540	10633	6351	4284	4283	91.85	5634991	10633	0.08	40.28	NC_030988.1	KK035337.1
1870641	1872043	993	2412	1403	1420	81.77	5634991	2473	0.02	57.42	NC_030988.1	KK035616.1
1899625	1900056	4244	4674	432	431	96.76	5634991	21696	0.01	1.99	NC_030988.1	JH658131.1
1900020	1900373	35292	35646	354	355	94.08	5634991	38139	0.01	0.93	NC_030988.1	JH658061.1
1907116	1908538	2600	1175	1423	1426	86.34	5634991	58640	0.03	2.43	NC_030988.1	KK035233.1
1938032	1940177	4733	6870	2146	2138	85.45	5634991	9530	0.04	22.43	NC_030988.1	KK035349.1
1939354	1940475	6883	8003	1122	1121	87.44	5634991	14330	0.02	7.82	NC_030988.1	KK035305.1
1940479	1941838	9004	10355	1360	1352	91.97	5634991	14330	0.02	9.43	NC_030988.1	KK035305.1
1942362	1942985	10893	11508	624	616	94.71	5634991	14330	0.01	4.30	NC_030988.1	KK035305.1
1944628	1945302	34514	33842	675	673	86.54	5634991	86016	0.01	0.78	NC_030988.1	JH658011.1
1945514	1945823	33829	33522	310	308	89.03	5634991	86016	0.01	0.36	NC_030988.1	JH658011.1
1946793	1947075	12114	12393	283	280	88.46	5634991	21175	0.01	1.32	NC_030988.1	KK035265.1
1968676	1969028	136779	137130	353	352	97.73	5634991	171404	0.01	0.21	NC_030988.1	JH657978.1
1969036	1971213	59584	61762	2178	2179	96.19	5634991	86016	0.04	2.53	NC_030988.1	JH658011.1
1971022	1971291	5471	5202	270	270	92.96	5634991	15675	0.00	1.72	NC_030988.1	JH658158.1
1980576	1980770	1180	1374	195	195	95.38	5634991	1666	0.00	11.70	NC_030988.1	KK035727.1
1980773	1981764	3134	2147	992	988	88.05	5634991	17440	0.02	5.67	NC_030988.1	KK035280.1
1984733	1984937	6950	7154	205	205	89.76	5634991	9938	0.00	2.06	NC_030988.1	JH658199.1
2006448	2006559	5656	5545	112	112	100.00	5634991	5656	0.00	1.98	NC_030988.1	KK035435.1
2013584	2014879	42656	43951	1296	1296	96.84	5634991	86016	0.02	1.51	NC_030988.1	JH658011.1
2021438	2023306	3414	5283	1869	1870	97.49	5634991	9053	0.03	20.66	NC_030988.1	KK035354.1
2027872	2028895	6560	7582	1024	1023	97.95	5634991	9029	0.02	11.33	NC_030988.1	JH658217.1
2064608	2066463	54568	52713	1856	1856	96.12	5634991	79820	0.03	2.33	NC_030988.1	JH658019.1
2075467	2076511	12	1057	1045	1046	88.43	5634991	3420	0.02	30.58	NC_030988.1	KK035536.1
2077590	2077942	4301	3948	353	354	84.51	5634991	5985	0.01	5.91	NC_030988.1	JH658245.1
2084200	2084869	7621	8290	670	670	96.42	5634991	9342	0.01	7.17	NC_030988.1	KK035350.1
2087032	2087201	3681	3512	170	170	96.47	5634991	7318	0.00	2.32	NC_030988.1	KK035389.1
2089571	2090467	9152	10043	897	892	97.78	5634991	13325	0.02	6.69	NC_030988.1	JH658162.1
2101984	2102101	75676	75793	118	118	100.00	5634991	87225	0.00	0.14	NC_030988.1	JH658008.1
2133133	2136192	3060	1	3060	3060	89.78	5634991	15978	0.05	19.15	NC_030988.1	KK035289.1
2137841	2138538	10677	9978	698	700	98.43	5634991	10677	0.01	6.56	NC_030988.1	KK035338.1
2143510	2144104	5789	5214	595	576	86.77	5634991	6138	0.01	9.38	NC_030988.1	JH658241.1
2151106	2152671	1	1569	1566	1569	91.91	5634991	7771	0.03	20.19	NC_030988.1	KK035372.1
2159849	2160610	67383	68141	762	759	84.99	5634991	69246	0.01	1.10	NC_030988.1	JH658027.1
2166062	2166317	1	238	256	238	92.58	5634991	31739	0.00	0.75	NC_030988.1	KK035251.1
2170171	2172093	6758	4832	1923	1927	94.04	5634991	7022	0.03	27.44	NC_030988.1	JH658254.1
2184335	2184586	34635	34385	252	251	94.05	5634991	86016	0.00	0.29	NC_030988.1	JH658011.1
2184578	2184914	34174	33836	337	339	93.81	5634991	86016	0.01	0.39	NC_030988.1	JH658011.1
2196088	2196418	30642	30312	331	331	99.70	5634991	30642	0.01	1.08	NC_030988.1	JH658087.1
2201460	2202431	19039	18068	972	972	96.09	5634991	32432	0.02	3.00	NC_030988.1	JH658103.1
2202457	2203206	17967	17210	750	758	94.72	5634991	32432	0.01	2.34	NC_030988.1	JH658103.1
2203249	2204656	7387	5978	1408	1410	99.29	5634991	9736	0.02	14.48	NC_030988.1	JH658204.1
2212334	2212491	536	379	158	158	99.37	5634991	10462	0.00	1.51	NC_030988.1	JH658195.1
2217067	2217417	963391	963040	351	352	92.07	5634991	1190151	0.01	0.03	NC_030988.1	JH657926.1
2218456	2218797	2313	1972	342	342	97.95	5634991	9703	0.01	3.52	NC_030988.1	KK035348.1
2254700	2255806	14132	13026	1107	1107	96.84	5634991	58229	0.02	1.90	NC_030988.1	JH658037.1
2258976	2259252	21247	20969	277	279	93.57	5634991	38139	0.00	0.73	NC_030988.1	JH658061.1
2267464	2269940	243240	245702	2477	2463	89.91	5634991	316556	0.04	0.78	NC_030988.1	JH657950.1
2277037	2278451	1869	3285	1415	1417	96.47	5634991	6138	0.03	23.09	NC_030988.1	JH658241.1
2279652	2280311	20360	19702	660	659	97.58	5634991	32432	0.01	2.03	NC_030988.1	JH658103.1
2297230	2298627	784944	783546	1398	1399	90.24	5634991	906049	0.02	0.15	NC_030988.1	JH657930.1
2323071	2323517	302685	303129	447	445	88.37	5634991	579230	0.01	0.08	NC_030988.1	JH657935.1
2333996	2334931	1815	2744	936	930	95.09	5634991	26171	0.02	3.55	NC_030988.1	JH658111.1
2340754	2341025	9259	9530	272	272	94.12	5634991	9530	0.00	2.85	NC_030988.1	KK035349.1
2396365	2397480	490	1604	1116	1115	95.07	5634991	3642	0.02	30.62	NC_030988.1	KK035643.1
2419891	2422199	3559	1204	2309	2356	91.57	5634991	34555	0.04	6.82	NC_030988.1	JH658070.1
2437814	2439475	54000	55639	1662	1640	94.11	5634991	67929	0.03	2.41	NC_030988.1	JH658034.1
2442902	2443168	19383	19117	267	267	97.75	5634991	66907	0.00	0.40	NC_030988.1	JH658028.1
2454287	2455496	4701	5877	1210	1177	96.36	5634991	9736	0.02	12.09	NC_030988.1	JH658204.1
2476087	2476392	9996	9693	306	304	85.16	5634991	17030	0.01	1.79	NC_030988.1	KK035284.1
2476722	2476960	9429	9191	239	239	96.65	5634991	17030	0.00	1.40	NC_030988.1	KK035284.1
2477938	2478157	24930	24711	220	220	96.82	5634991	357253	0.00	0.06	NC_030988.1	JH657946.1
2484390	2485669	7476	6197	1280	1280	98.36	5634991	17030	0.02	7.52	NC_030988.1	KK035284.1
2507165	2508557	1748	370	1393	1379	90.19	5634991	5165	0.02	26.70	NC_030988.1	KK035443.1
2527028	2527634	77241	76637	607	605	86.11	5634991	119716	0.01	0.51	NC_030988.1	JH657987.1
2528051	2528246	2883	3078	196	196	98.98	5634991	3078	0.00	6.37	NC_030988.1	KK035562.1
2528717	2529072	235910	236264	356	355	89.33	5634991	327723	0.01	0.11	NC_030988.1	JH657949.1
2570263	2572407	9306	7161	2145	2146	91.92	5634991	36771	0.04	5.84	NC_030988.1	KK035244.1
2576212	2577685	7866	6405	1474	1462	92.91	5634991	24093	0.03	6.07	NC_030988.1	KK035261.1
2578256	2580049	176503	178295	1794	1793	93.43	5634991	191548	0.03	0.94	NC_030988.1	JH657972.1
2583828	2584262	56291	55857	435	435	92.87	5634991	85358	0.01	0.51	NC_030988.1	JH658010.1
2611488	2613315	17425	19257	1828	1833	90.40	5634991	99639	0.03	1.84	NC_030988.1	JH658000.1
2631390	2633058	53639	55307	1669	1669	99.76	5634991	58475	0.03	2.85	NC_030988.1	JH658035.1
2687898	2689946	8	2053	2049	2046	98.83	5634991	2053	0.04	99.66	NC_030988.1	KK035660.1
2688921	2690867	15851	13904	1947	1948	96.97	5634991	58569	0.03	3.33	NC_030988.1	JH658041.1
2694840	2694956	36467	36351	117	117	99.15	5634991	58229	0.00	0.20	NC_030988.1	JH658037.1
2700909	2702043	12925	11789	1135	1137	97.80	5634991	26335	0.02	4.32	NC_030988.1	JH658102.1
2702946	2708493	11743	6187	5548	5557	98.00	5634991	26335	0.10	21.10	NC_030988.1	JH658102.1
2708486	2709010	3863	3339	525	525	93.33	5634991	26335	0.01	1.99	NC_030988.1	JH658102.1
2729973	2731806	50237	52079	1834	1843	94.33	5634991	99639	0.03	1.85	NC_030988.1	JH658000.1
2791463	2791561	1	99	99	99	98.99	5634991	9938	0.00	1.00	NC_030988.1	JH658199.1
2845463	2846821	7044	8424	1359	1381	91.61	5634991	36771	0.02	3.76	NC_030988.1	KK035244.1
2858579	2858722	12358	12492	144	135	86.90	5634991	18732	0.00	0.72	NC_030988.1	JH658145.1
2869594	2869931	338	1	338	338	89.64	5634991	1189	0.01	28.43	NC_030988.1	KK035794.1
2873067	2873208	15031	15172	142	142	99.30	5634991	33081	0.00	0.43	NC_030988.1	JH658078.1
2904221	2906604	76275	73901	2384	2375	97.36	5634991	86016	0.04	2.76	NC_030988.1	JH658011.1
2928551	2930545	2372	4334	1995	1963	95.94	5634991	58569	0.04	3.35	NC_030988.1	JH658041.1
2977458	2977744	3633	3347	287	287	92.33	5634991	8828	0.01	3.25	NC_030988.1	JH658225.1
2981302	2981454	1	155	153	155	97.44	5634991	1870	0.00	8.29	NC_030988.1	KK035687.1
3002411	3002839	1730	2154	429	425	87.18	5634991	75149	0.01	0.57	NC_030988.1	KK035230.1
3003253	3007201	2217	6126	3949	3910	92.52	5634991	75149	0.07	5.20	NC_030988.1	KK035230.1
3015598	3015915	11103	11420	318	318	99.06	5634991	25535	0.01	1.25	NC_030988.1	JH658104.1
3028260	3028374	61258	61143	115	116	93.97	5634991	83753	0.00	0.14	NC_030988.1	KK035226.1
3130053	3130158	279	174	106	106	98.11	5634991	4209	0.00	2.52	NC_030988.1	KK035491.1
3136029	3138729	47373	44681	2701	2693	91.81	5634991	75149	0.05	3.58	NC_030988.1	KK035230.1
3156026	3156213	199059	199246	188	188	100.00	5634991	281107	0.00	0.07	NC_030988.1	JH657952.1
3178806	3179700	15473	16368	895	896	95.31	5634991	23815	0.02	3.76	NC_030988.1	JH658113.1
3194114	3200422	10724	4438	6309	6287	96.94	5634991	58569	0.11	10.73	NC_030988.1	JH658041.1
3199896	3201466	55300	56870	1571	1571	98.47	5634991	79820	0.03	1.97	NC_030988.1	JH658019.1
3244918	3247102	28057	30232	2185	2176	87.05	5634991	57708	0.04	3.77	NC_030988.1	JH658038.1
3247152	3247242	7210	7121	91	90	93.41	5634991	7333	0.00	1.23	NC_030988.1	KK035388.1
3247238	3247375	15299	15162	138	138	92.75	5634991	16479	0.00	0.84	NC_030988.1	JH658156.1
3295584	3295777	441	632	194	192	92.27	5634991	1245	0.00	15.42	NC_030988.1	KK035792.1
3305710	3305887	11749	11572	178	178	98.31	5634991	70476	0.00	0.25	NC_030988.1	JH658024.1
3305916	3306069	79505	79350	154	156	96.79	5634991	100508	0.00	0.16	NC_030988.1	JH657997.1
3307930	3308232	79351	79050	303	302	97.69	5634991	100508	0.01	0.30	NC_030988.1	JH657997.1
3317853	3318419	35477	36048	567	572	94.59	5634991	40519	0.01	1.41	NC_030988.1	JH658057.1
3317853	3318419	19442	18875	567	568	94.54	5634991	23159	0.01	2.45	NC_030988.1	JH658116.1
3326640	3327692	90	1142	1053	1053	98.29	5634991	10062	0.02	10.47	NC_030988.1	JH658201.1
3335389	3335485	99	7	97	93	92.78	5634991	4479	0.00	2.08	NC_030988.1	KK035475.1
3350637	3350936	2370	2070	300	301	83.50	5634991	6120	0.01	4.92	NC_030988.1	JH658253.1
3351507	3351809	365	665	303	301	88.45	5634991	31385	0.01	0.96	NC_030988.1	JH658082.1
3371533	3373295	27040	28794	1763	1755	82.16	5634991	31686	0.03	5.54	NC_030988.1	JH658086.1
3384542	3385278	2341	1610	737	732	92.27	5634991	26335	0.01	2.78	NC_030988.1	JH658102.1
3420104	3420217	20538	20425	114	114	94.74	5634991	24603	0.00	0.46	NC_030988.1	JH658110.1
3432279	3434970	5986	8683	2692	2698	89.26	5634991	77205	0.05	3.49	NC_030988.1	JH658018.1
3436939	3437096	2050	1893	158	158	97.47	5634991	61992	0.00	0.25	NC_030988.1	JH658031.1
3456377	3456725	40519	40172	349	348	85.43	5634991	40519	0.01	0.86	NC_030988.1	JH658057.1
3470760	3471204	10775	11219	445	445	99.10	5634991	34555	0.01	1.29	NC_030988.1	JH658070.1
3473302	3473602	97004	96703	301	302	96.03	5634991	98198	0.01	0.31	NC_030988.1	JH658004.1
3478377	3478511	8472	8606	135	135	95.56	5634991	45350	0.00	0.30	NC_030988.1	KK035239.1
3482571	3482727	2070	2226	157	157	91.72	5634991	9053	0.00	1.73	NC_030988.1	KK035354.1
3487498	3487703	26246	26451	206	206	92.31	5634991	34555	0.00	0.60	NC_030988.1	JH658070.1
3510232	3512524	12765	15061	2293	2297	93.34	5634991	23159	0.04	9.92	NC_030988.1	JH658116.1
3544442	3544603	18904	18745	162	160	95.06	5634991	45350	0.00	0.35	NC_030988.1	KK035239.1
3556391	3558505	15796	17899	2115	2104	85.71	5634991	27441	0.04	7.67	NC_030988.1	JH658096.1
3561764	3563516	20126	18317	1753	1810	88.25	5634991	77205	0.03	2.34	NC_030988.1	JH658018.1
3566997	3569413	10887	8447	2417	2441	93.90	5634991	10995	0.04	22.20	NC_030988.1	JH658186.1
3590642	3590774	29952	30085	133	134	94.03	5634991	85819	0.00	0.16	NC_030988.1	JH658012.1
3590775	3592051	29540	28264	1277	1277	93.28	5634991	66907	0.02	1.91	NC_030988.1	JH658028.1
3633552	3634540	9660	8646	989	1015	96.16	5634991	11433	0.02	8.88	NC_030988.1	JH658184.1
3638668	3639183	9296	9813	516	518	96.15	5634991	86016	0.01	0.60	NC_030988.1	JH658011.1
3640980	3642817	26372	24534	1838	1839	97.44	5634991	44137	0.03	4.17	NC_030988.1	JH658053.1
3653730	3653909	3224	3046	180	179	97.22	5634991	5207	0.00	3.44	NC_030988.1	JH658256.1
3653824	3654056	897	666	233	232	90.13	5634991	23159	0.00	1.00	NC_030988.1	JH658116.1
3669455	3670856	7461	8862	1402	1402	98.36	5634991	17030	0.02	8.23	NC_030988.1	KK035284.1
3670861	3671130	2807	2538	270	270	95.93	5634991	2807	0.00	9.62	NC_030988.1	KK035586.1
3686878	3687045	250	85	168	166	93.45	5634991	5520	0.00	3.01	NC_030988.1	JH658259.1
3707537	3707876	14324	13985	340	340	85.88	5634991	21696	0.01	1.57	NC_030988.1	JH658131.1
3708273	3709910	55639	54000	1638	1640	95.73	5634991	67929	0.03	2.41	NC_030988.1	JH658034.1
3751671	3752583	1014	102	913	913	90.69	5634991	21374	0.02	4.27	NC_030988.1	KK035266.1
3753488	3753664	48440	48264	177	177	92.09	5634991	99969	0.00	0.18	NC_030988.1	JH657996.1
3786575	3787251	3692	4372	677	681	84.80	5634991	4498	0.01	15.14	NC_030988.1	KK035473.1
3791827	3792292	2608	3080	466	473	93.04	5634991	33835	0.01	1.40	NC_030988.1	JH658084.1
3792292	3792422	6319	6449	131	131	93.89	5634991	33835	0.00	0.39	NC_030988.1	JH658084.1
3802948	3805635	3709	1004	2688	2706	93.33	5634991	19633	0.05	13.78	NC_030988.1	JH658137.1
3805636	3805742	471489	471384	107	106	90.74	5634991	1854677	0.00	0.01	NC_030988.1	JH657920.1
3808739	3809603	1011	167	865	845	92.95	5634991	19633	0.02	4.30	NC_030988.1	JH658137.1
3819245	3820531	13	1300	1287	1288	97.13	5634991	1300	0.02	99.08	NC_030988.1	KK035784.1
3842441	3843526	1078	1	1086	1078	97.98	5634991	17440	0.02	6.18	NC_030988.1	KK035280.1
3844132	3844290	65516	65674	159	159	95.60	5634991	171404	0.00	0.09	NC_030988.1	JH657978.1
3844669	3845765	30140	29046	1097	1095	89.26	5634991	100348	0.02	1.09	NC_030988.1	KK035219.1
3863390	3863600	10786	10995	211	210	96.21	5634991	10995	0.00	1.91	NC_030988.1	JH658186.1
3869156	3870119	20461	21424	964	964	97.10	5634991	32432	0.02	2.97	NC_030988.1	JH658103.1
3870338	3870971	21525	22160	634	636	96.07	5634991	32432	0.01	1.96	NC_030988.1	JH658103.1
3879655	3880823	244274	243108	1169	1167	88.19	5634991	316556	0.02	0.37	NC_030988.1	JH657950.1
3890757	3890849	3151	3244	93	94	96.81	5634991	7022	0.00	1.34	NC_030988.1	JH658254.1
3891345	3891478	2493	2362	134	132	96.27	5634991	13988	0.00	0.94	NC_030988.1	KK035309.1
3891500	3892186	12144	12831	687	688	93.31	5634991	58229	0.01	1.18	NC_030988.1	JH658037.1
3916250	3918118	78797	80660	1869	1864	95.77	5634991	86016	0.03	2.17	NC_030988.1	JH658011.1
3923791	3924197	3575	3169	407	407	88.45	5634991	17112	0.01	2.38	NC_030988.1	KK035282.1
3929512	3929586	2520	2594	75	75	100.00	5634991	9703	0.00	0.77	NC_030988.1	KK035348.1
3930623	3930970	60762	61110	348	349	92.00	5634991	262474	0.01	0.13	NC_030988.1	JH657954.1
3955227	3955669	5844	5402	443	443	97.97	5634991	16479	0.01	2.69	NC_030988.1	JH658156.1
3976572	3977912	23042	24380	1341	1339	97.32	5634991	246957	0.02	0.54	NC_030988.1	JH657957.1
3988034	3988795	68141	67383	762	759	84.99	5634991	69246	0.01	1.10	NC_030988.1	JH658027.1
3997261	3999311	1	2037	2051	2037	92.11	5634991	4015	0.04	50.73	NC_030988.1	KK035499.1
4003256	4003477	1	222	222	222	95.05	5634991	1682	0.00	13.20	NC_030988.1	KK035721.1
4005322	4009895	116020	111443	4574	4578	98.60	5634991	171404	0.08	2.67	NC_030988.1	JH657978.1
4061266	4062485	25206	23984	1220	1223	96.48	5634991	86016	0.02	1.42	NC_030988.1	JH658011.1
4114273	4114472	4200	4000	200	201	95.05	5634991	38410	0.00	0.52	NC_030988.1	JH658060.1
4148498	4148827	4613	4942	330	330	83.38	5634991	6736	0.01	4.90	NC_030988.1	KK035400.1
4168351	4168611	656	913	261	258	95.02	5634991	19116	0.00	1.35	NC_030988.1	KK035274.1
4189879	4190013	10561	10695	135	135	99.26	5634991	10695	0.00	1.26	NC_030988.1	JH658189.1
4189882	4190187	31074	31379	306	306	97.39	5634991	31385	0.01	0.97	NC_030988.1	JH658082.1
4205735	4206367	20604	21236	633	633	95.27	5634991	45350	0.01	1.40	NC_030988.1	KK035239.1
4230893	4232861	1	1970	1969	1970	84.67	5634991	20552	0.03	9.59	NC_030988.1	JH658155.1
4261662	4263611	2444	491	1950	1954	88.95	5634991	9530	0.03	20.50	NC_030988.1	KK035349.1
4290818	4291749	1	930	932	930	97.21	5634991	17112	0.02	5.43	NC_030988.1	KK035282.1
4294526	4295789	3949	5196	1264	1248	83.45	5634991	16440	0.02	7.59	NC_030988.1	KK035287.1
4306381	4312744	11348	4972	6364	6377	93.28	5634991	16440	0.11	38.79	NC_030988.1	KK035287.1
4312745	4314532	7744	9534	1788	1791	95.81	5634991	21495	0.03	8.33	NC_030988.1	JH658138.1
4314420	4314595	1	176	176	176	100.00	5634991	10484	0.00	1.68	NC_030988.1	KK035340.1
4315050	4318636	3668	84	3587	3585	92.83	5634991	16440	0.06	21.81	NC_030988.1	KK035287.1
4332125	4333585	1543	3003	1461	1461	97.40	5634991	3454	0.03	42.30	NC_030988.1	KK035533.1
4336883	4337567	21493	22178	685	686	90.83	5634991	22586	0.01	3.04	NC_030988.1	JH658142.1
4340767	4341294	138079	138605	528	527	98.86	5634991	512028	0.01	0.10	NC_030988.1	JH657938.1
4353249	4355182	11152	9214	1934	1939	90.94	5634991	85819	0.03	2.26	NC_030988.1	JH658012.1
4375951	4379829	257207	253252	3879	3956	87.52	5634991	293070	0.07	1.35	NC_030988.1	JH657951.1
4382243	4383623	1381	1	1381	1381	99.20	5634991	1381	0.02	100.00	NC_030988.1	KK035758.1
4393180	4396759	15462	19025	3580	3564	94.53	5634991	19803	0.06	18.00	NC_030988.1	KK035270.1
4416811	4417362	18869	18318	552	552	93.84	5634991	67929	0.01	0.81	NC_030988.1	JH658034.1
4428552	4428719	11166	11333	168	168	94.64	5634991	19146	0.00	0.88	NC_030988.1	JH658139.1
4440709	4442013	38071	39370	1305	1300	89.81	5634991	40519	0.02	3.21	NC_030988.1	JH658057.1
4459177	4461517	2342	1	2341	2342	96.08	5634991	7059	0.04	33.18	NC_030988.1	JH658228.1
4464921	4467689	6946	4185	2769	2762	97.04	5634991	6946	0.05	39.76	NC_030988.1	JH658240.1
4467848	4469077	4084	2856	1230	1229	93.95	5634991	6946	0.02	17.69	NC_030988.1	JH658240.1
4471559	4472956	4	1399	1398	1396	96.64	5634991	1399	0.02	99.79	NC_030988.1	KK035767.1
4476543	4479230	4039	6725	2688	2687	97.99	5634991	18930	0.05	14.19	NC_030988.1	JH658174.1
4479016	4480401	8963	10348	1386	1386	93.87	5634991	18930	0.02	7.32	NC_030988.1	JH658174.1
4479981	4481157	10449	11620	1177	1172	90.96	5634991	18930	0.02	6.19	NC_030988.1	JH658174.1
4485153	4487789	16291	18930	2637	2640	98.45	5634991	18930	0.05	13.95	NC_030988.1	JH658174.1
4485167	4488844	25327	21660	3678	3668	91.78	5634991	27353	0.07	13.41	NC_030988.1	JH658097.1
4488715	4489295	473	1053	581	581	97.76	5634991	36695	0.01	1.58	NC_030988.1	JH658068.1
4489402	4489874	1	473	473	473	98.94	5634991	36695	0.01	1.29	NC_030988.1	JH658068.1
4489966	4491631	4676	6342	1666	1667	98.74	5634991	36695	0.03	4.54	NC_030988.1	JH658068.1
4491630	4492330	6734	7428	701	695	98.86	5634991	36695	0.01	1.89	NC_030988.1	JH658068.1
4492242	4495584	7529	10873	3343	3345	97.76	5634991	36695	0.06	9.12	NC_030988.1	JH658068.1
4537928	4539266	1	1333	1339	1333	90.69	5634991	9147	0.02	14.57	NC_030988.1	KK035352.1
4539267	4541528	11361	9093	2262	2269	96.83	5634991	21339	0.04	10.63	NC_030988.1	JH658127.1
4541614	4547706	8646	2451	6093	6196	93.94	5634991	21339	0.11	29.04	NC_030988.1	JH658127.1
4571255	4572999	37948	39689	1745	1742	95.59	5634991	46251	0.03	3.77	NC_030988.1	JH658063.1
4576043	4578172	5725	3603	2130	2123	95.96	5634991	20552	0.04	10.33	NC_030988.1	JH658155.1
4577856	4578855	6133	5170	1000	964	90.52	5634991	10861	0.02	8.88	NC_030988.1	JH658190.1
4579560	4579849	3500	3210	290	291	94.16	5634991	20552	0.01	1.42	NC_030988.1	JH658155.1
4581880	4583656	1	1755	1777	1755	94.48	5634991	21339	0.03	8.22	NC_030988.1	JH658127.1
4583768	4583900	3671	3539	133	133	96.24	5634991	10861	0.00	1.22	NC_030988.1	JH658190.1
4628004	4633521	56627	51138	5518	5490	90.71	5634991	73102	0.10	7.51	NC_030988.1	JH658023.1
4633114	4636304	29743	26513	3191	3231	95.18	5634991	60600	0.06	5.33	NC_030988.1	JH658036.1
4666691	4668032	9642	8309	1342	1334	88.10	5634991	73102	0.02	1.82	NC_030988.1	JH658023.1
4675501	4676772	69961	71244	1272	1284	89.51	5634991	111555	0.02	1.15	NC_030988.1	JH657991.1
4676984	4677287	71249	71552	304	304	87.30	5634991	111555	0.01	0.27	NC_030988.1	JH657991.1
4677738	4680979	3253	1	3242	3253	93.87	5634991	73102	0.06	4.45	NC_030988.1	JH658023.1
4682861	4685034	2175	1	2174	2175	96.14	5634991	102212	0.04	2.13	NC_030988.1	JH657995.1
4685251	4686035	71556	72347	785	792	91.95	5634991	111555	0.01	0.71	NC_030988.1	JH657991.1
4686143	4688052	1916	1	1910	1916	98.64	5634991	1916	0.03	100.00	NC_030988.1	KK035673.1
4688051	4690617	8021	5454	2567	2568	97.70	5634991	8033	0.05	31.97	NC_030988.1	KK035367.1
4691866	4693500	67456	65821	1635	1636	98.78	5634991	71206	0.03	2.30	NC_030988.1	JH658026.1
4694812	4696917	64707	62601	2106	2107	95.98	5634991	71206	0.04	2.96	NC_030988.1	JH658026.1
4696550	4696920	225	599	371	375	98.67	5634991	16507	0.01	2.27	NC_030988.1	KK035286.1
4696921	4706983	752	10817	10063	10066	94.87	5634991	16507	0.18	60.98	NC_030988.1	KK035286.1
4715022	4715872	44614	43764	851	851	97.53	5634991	71206	0.02	1.20	NC_030988.1	JH658026.1
4716797	4717054	97698	97441	258	258	98.06	5634991	98198	0.00	0.26	NC_030988.1	JH658004.1
4717009	4720216	39877	36706	3208	3172	86.09	5634991	71206	0.06	4.45	NC_030988.1	JH658026.1
4720027	4720791	93706	92943	765	764	88.89	5634991	98198	0.01	0.78	NC_030988.1	JH658004.1
4721139	4724579	92600	89171	3441	3430	92.38	5634991	98198	0.06	3.49	NC_030988.1	JH658004.1
4725581	4734749	10612	19794	9169	9183	94.05	5634991	44318	0.16	20.72	NC_030988.1	KK035240.1
4734747	4735626	23071	22189	880	883	95.92	5634991	44318	0.02	1.99	NC_030988.1	KK035240.1
4736247	4741401	23071	28229	5155	5159	97.56	5634991	44318	0.09	11.64	NC_030988.1	KK035240.1
4743172	4747449	12436	16710	4278	4275	92.55	5634991	32432	0.08	13.18	NC_030988.1	JH658103.1
4747448	4753759	28229	34544	6312	6316	97.44	5634991	44318	0.11	14.25	NC_030988.1	KK035240.1
4757149	4757479	73709	73383	331	327	86.71	5634991	77205	0.01	0.42	NC_030988.1	JH658018.1
4757717	4758613	73017	72118	897	900	84.87	5634991	77205	0.02	1.17	NC_030988.1	JH658018.1
4758314	4758829	14764	14251	516	514	87.04	5634991	79820	0.01	0.64	NC_030988.1	JH658019.1
4762342	4763305	64494	63528	964	967	95.45	5634991	87225	0.02	1.11	NC_030988.1	JH658008.1
4768553	4775201	35796	42446	6649	6651	96.50	5634991	44318	0.12	15.01	NC_030988.1	KK035240.1
4775192	4775597	25503	25908	406	406	94.85	5634991	27360	0.01	1.48	NC_030988.1	JH658101.1
4775595	4775912	699	1020	318	322	91.93	5634991	46251	0.01	0.70	NC_030988.1	JH658063.1
4775606	4777442	42446	44318	1837	1873	90.95	5634991	44318	0.03	4.23	NC_030988.1	KK035240.1
4776550	4788426	1026	12890	11877	11865	96.71	5634991	46251	0.21	25.65	NC_030988.1	JH658063.1
4786311	4788763	7525	5083	2453	2443	92.81	5634991	36287	0.04	6.73	NC_030988.1	JH658071.1
4794540	4802366	94371	102212	7827	7842	93.82	5634991	102212	0.14	7.67	NC_030988.1	JH657995.1
4807433	4809849	35543	37964	2417	2422	91.14	5634991	46251	0.04	5.24	NC_030988.1	JH658063.1
4809700	4815278	40668	46251	5579	5584	98.94	5634991	46251	0.10	12.07	NC_030988.1	JH658063.1
4813788	4815802	5629	3619	2015	2011	83.92	5634991	12782	0.04	15.73	NC_030988.1	KK035316.1
4819896	4821133	3210	2059	1238	1152	89.34	5634991	20552	0.02	5.61	NC_030988.1	JH658155.1
4821147	4822912	1	1755	1766	1755	93.81	5634991	21339	0.03	8.22	NC_030988.1	JH658127.1
4822449	4823029	4406	3826	581	581	97.25	5634991	10861	0.01	5.35	NC_030988.1	JH658190.1
4823039	4829828	1856	8643	6790	6788	96.24	5634991	21339	0.12	31.81	NC_030988.1	JH658127.1
4828670	4832554	4686	781	3885	3906	94.29	5634991	4686	0.07	83.35	NC_030988.1	KK035458.1
4833970	4837292	14237	17517	3323	3281	96.45	5634991	21339	0.06	15.38	NC_030988.1	JH658127.1
4836073	4838602	36695	34163	2530	2533	97.71	5634991	36695	0.04	6.90	NC_030988.1	JH658068.1
4839269	4848403	34178	25049	9135	9130	99.00	5634991	36695	0.16	24.88	NC_030988.1	JH658068.1
4851154	4851721	25057	24490	568	568	99.65	5634991	36695	0.01	1.55	NC_030988.1	JH658068.1
4851714	4856207	24201	19702	4494	4500	97.89	5634991	36695	0.08	12.26	NC_030988.1	JH658068.1
4852502	4857718	1	5215	5217	5215	94.51	5634991	27353	0.09	19.07	NC_030988.1	JH658097.1
4857714	4859664	7473	9424	1951	1952	95.29	5634991	18827	0.03	10.37	NC_030988.1	JH658141.1
4859676	4864184	9525	14032	4509	4508	98.82	5634991	18827	0.08	23.94	NC_030988.1	JH658141.1
4864177	4864677	24336	24837	501	502	93.43	5634991	67929	0.01	0.74	NC_030988.1	JH658034.1
4864671	4865767	14591	15687	1097	1097	98.72	5634991	18827	0.02	5.83	NC_030988.1	JH658141.1
4865753	4868456	16124	18827	2704	2704	98.26	5634991	18827	0.05	14.36	NC_030988.1	JH658141.1
4869659	4871238	17314	18893	1580	1580	93.25	5634991	27353	0.03	5.78	NC_030988.1	JH658097.1
4871522	4872968	28134	26689	1447	1446	96.75	5634991	31385	0.03	4.61	NC_030988.1	JH658082.1
4874485	4877149	18893	21559	2665	2667	94.65	5634991	27353	0.05	9.75	NC_030988.1	JH658097.1
4881649	4884057	16289	13881	2409	2409	97.84	5634991	18930	0.04	12.73	NC_030988.1	JH658174.1
4887229	4889170	3938	1997	1942	1942	96.40	5634991	18930	0.03	10.26	NC_030988.1	JH658174.1
4894716	4896716	2001	1	2001	2001	97.80	5634991	18930	0.04	10.57	NC_030988.1	JH658174.1
4899267	4901473	1	2138	2207	2138	91.25	5634991	6946	0.04	30.78	NC_030988.1	JH658240.1
4906476	4909985	1	3503	3510	3503	91.49	5634991	19267	0.06	18.18	NC_030988.1	JH658140.1
4909983	4912466	3085	5566	2484	2482	96.14	5634991	11844	0.04	20.96	NC_030988.1	JH658181.1
4910521	4913363	3941	6777	2843	2837	93.22	5634991	19267	0.05	14.72	NC_030988.1	JH658140.1
4912789	4914144	5765	7120	1356	1356	93.82	5634991	11844	0.02	11.45	NC_030988.1	JH658181.1
4913856	4916596	4148	6902	2741	2755	93.51	5634991	7059	0.05	39.03	NC_030988.1	JH658228.1
4915036	4919652	7221	11844	4617	4624	96.27	5634991	11844	0.08	39.04	NC_030988.1	JH658181.1
4920606	4926115	11833	17303	5510	5471	93.57	5634991	19267	0.10	28.40	NC_030988.1	JH658140.1
4926809	4928138	14034	12731	1330	1304	80.46	5634991	22048	0.02	5.91	NC_030988.1	JH658128.1
4929280	4929397	5596	5479	118	118	99.15	5634991	11433	0.00	1.03	NC_030988.1	JH658184.1
4929585	4930884	39370	38071	1300	1300	93.00	5634991	40519	0.02	3.21	NC_030988.1	JH658057.1
4930612	4934493	3877	1	3882	3877	97.53	5634991	3877	0.07	100.00	NC_030988.1	KK035505.1
4931630	4934546	12254	15168	2917	2915	97.91	5634991	16479	0.05	17.69	NC_030988.1	JH658156.1
4934542	4934773	69553	69784	232	232	97.84	5634991	87296	0.00	0.27	NC_030988.1	JH658017.1
4934773	4936906	35258	33131	2134	2128	96.72	5634991	40519	0.04	5.25	NC_030988.1	JH658057.1
4936972	4937430	77360	77819	459	460	94.78	5634991	87296	0.01	0.53	NC_030988.1	JH658017.1
4937716	4937830	16944	17058	115	115	94.78	5634991	85819	0.00	0.13	NC_030988.1	JH658012.1
4940206	4940436	1	231	231	231	91.38	5634991	2920	0.00	7.91	NC_030988.1	KK035572.1
4941268	4942923	5134	3479	1656	1656	92.88	5634991	77205	0.03	2.14	NC_030988.1	JH658018.1
4942792	4944872	216	2297	2081	2082	95.40	5634991	2297	0.04	90.64	NC_030988.1	KK035635.1
4943133	4947549	39271	34866	4417	4406	93.30	5634991	58475	0.08	7.53	NC_030988.1	JH658035.1
4947683	4947918	331	567	236	237	95.38	5634991	1190	0.00	19.92	NC_030988.1	KK035810.1
4963976	4964897	2924	3842	922	919	99.13	5634991	22019	0.02	4.17	NC_030988.1	JH658132.1
4965462	4967145	12986	11318	1684	1669	94.66	5634991	99969	0.03	1.67	NC_030988.1	JH657996.1
4965968	4967515	7933	9492	1548	1560	96.23	5634991	32432	0.03	4.81	NC_030988.1	JH658103.1
4969686	4970141	49544	49092	456	453	93.64	5634991	99639	0.01	0.45	NC_030988.1	JH658000.1
4973339	4976188	49099	46257	2850	2843	96.98	5634991	99639	0.05	2.85	NC_030988.1	JH658000.1
4976741	4977148	170997	171404	408	408	97.07	5634991	171404	0.01	0.24	NC_030988.1	JH657978.1
4976771	4977152	23754	24136	382	383	95.82	5634991	45501	0.01	0.84	NC_030988.1	JH658052.1
4977165	4978798	1029	2662	1634	1634	91.80	5634991	4029	0.03	40.56	NC_030988.1	KK035498.1
4978117	4978857	21234	21973	741	740	92.17	5634991	45350	0.01	1.63	NC_030988.1	KK035239.1
4980348	4980446	5588	5686	99	99	98.99	5634991	33105	0.00	0.30	NC_030988.1	JH658075.1
4985882	4987759	2362	4240	1878	1879	95.64	5634991	21495	0.03	8.74	NC_030988.1	JH658138.1
4986632	4988064	4354	5787	1433	1434	96.65	5634991	21495	0.03	6.67	NC_030988.1	JH658138.1
4988065	4988641	983	407	577	577	98.09	5634991	5614	0.01	10.28	NC_030988.1	JH658250.1
4988654	4989409	22928	22162	756	767	93.90	5634991	32432	0.01	2.36	NC_030988.1	JH658103.1
4990970	4991365	14871	14477	396	395	97.73	5634991	86016	0.01	0.46	NC_030988.1	JH658011.1
4991367	4992518	59360	58218	1152	1143	93.77	5634991	79820	0.02	1.43	NC_030988.1	JH658019.1
4998971	5000425	9271	10725	1455	1455	95.95	5634991	58569	0.03	2.48	NC_030988.1	JH658041.1
5000598	5002410	1772	1	1813	1772	88.30	5634991	2844	0.03	62.31	NC_030988.1	KK035583.1
5002739	5003150	7172	6761	412	412	94.66	5634991	7172	0.01	5.74	NC_030988.1	JH658231.1
5008095	5009525	1	1430	1431	1430	96.09	5634991	5573	0.03	25.66	NC_030988.1	KK035438.1
5015110	5015726	7292	6677	617	616	90.82	5634991	26636	0.01	2.31	NC_030988.1	JH658099.1
5016681	5016920	44711	44951	240	241	87.97	5634991	99110	0.00	0.24	NC_030988.1	JH657999.1
5019521	5020052	256	787	532	532	93.81	5634991	4979	0.01	10.68	NC_030988.1	KK035449.1
5020334	5020706	787	1159	373	373	95.71	5634991	4979	0.01	7.49	NC_030988.1	KK035449.1
5021527	5021703	18593	18417	177	177	96.07	5634991	45350	0.00	0.39	NC_030988.1	KK035239.1
5024664	5025680	8995	7991	1017	1005	86.09	5634991	30123	0.02	3.34	NC_030988.1	JH658088.1
5026043	5026859	11391	10572	817	820	85.61	5634991	30123	0.01	2.72	NC_030988.1	JH658088.1
5034309	5034768	12231	12694	460	464	94.18	5634991	13924	0.01	3.33	NC_030988.1	JH658173.1
5035452	5035655	6177	6381	204	205	93.69	5634991	44044	0.00	0.47	NC_030988.1	JH658056.1
5037309	5039462	4784	2630	2154	2155	97.82	5634991	5763	0.04	37.39	NC_030988.1	KK035429.1
5048001	5048098	98	1	98	98	100.00	5634991	2895	0.00	3.39	NC_030988.1	KK035575.1
5048004	5048183	4796	4975	180	180	99.44	5634991	4975	0.00	3.62	NC_030988.1	KK035450.1
5048700	5048823	4868	4745	124	124	100.00	5634991	4975	0.00	2.49	NC_030988.1	KK035450.1
5053628	5053778	57792	57941	151	150	93.38	5634991	99639	0.00	0.15	NC_030988.1	JH658000.1
5053885	5054063	7793	7614	179	180	96.11	5634991	12311	0.00	1.46	NC_030988.1	JH658172.1
5060814	5061243	21336	21761	430	426	85.19	5634991	24340	0.01	1.75	NC_030988.1	KK035260.1
5067767	5068538	7683	8454	772	772	89.64	5634991	8828	0.01	8.74	NC_030988.1	JH658225.1
5068691	5069066	13733	13355	376	379	89.47	5634991	13924	0.01	2.72	NC_030988.1	JH658173.1
5073382	5073776	1854	2248	395	395	89.39	5634991	15084	0.01	2.62	NC_030988.1	JH658159.1
5076124	5076665	2979	3498	542	520	86.35	5634991	6069	0.01	8.57	NC_030988.1	JH658239.1
5092048	5093147	7002	5903	1100	1100	96.27	5634991	10995	0.02	10.00	NC_030988.1	JH658186.1
5098198	5098754	10990	10436	557	555	88.35	5634991	25526	0.01	2.17	NC_030988.1	JH658120.1
5099170	5099436	3887	3621	267	267	98.88	5634991	7533	0.00	3.54	NC_030988.1	KK035397.1
5099302	5099539	1396	1159	238	238	100.00	5634991	1396	0.00	17.05	NC_030988.1	KK035769.1
5099536	5101464	4855	2921	1929	1935	97.98	5634991	10972	0.03	17.64	NC_030988.1	KK035334.1
5101277	5101479	2055	1853	203	203	97.04	5634991	2055	0.00	9.88	NC_030988.1	KK035659.1
5101476	5102638	1163	1	1163	1163	99.23	5634991	1396	0.02	83.31	NC_030988.1	KK035769.1
5102544	5104445	3624	1723	1902	1902	97.69	5634991	7533	0.03	25.25	NC_030988.1	KK035397.1
5104601	5106146	1723	190	1546	1534	89.92	5634991	7533	0.03	20.36	NC_030988.1	KK035397.1
5107859	5108761	1734	829	903	906	87.97	5634991	5715	0.02	15.85	NC_030988.1	KK035433.1
5109672	5111333	1	1662	1662	1662	88.39	5634991	9053	0.03	18.36	NC_030988.1	KK035354.1
5110031	5111486	186	1641	1456	1456	99.11	5634991	1755	0.03	82.96	NC_030988.1	KK035706.1
5111464	5111961	659	162	498	498	99.80	5634991	9888	0.01	5.04	NC_030988.1	JH658210.1
5114159	5115229	16397	17465	1071	1069	93.67	5634991	35225	0.02	3.03	NC_030988.1	JH658074.1
5120325	5121487	9636	8474	1163	1163	90.81	5634991	9938	0.02	11.70	NC_030988.1	JH658199.1
5126784	5126870	7549	7463	87	87	94.25	5634991	11053	0.00	0.79	NC_030988.1	JH658185.1
5126866	5126953	2749	2836	88	88	100.00	5634991	9736	0.00	0.90	NC_030988.1	JH658204.1
5127869	5129426	4924	6497	1558	1574	87.59	5634991	14794	0.03	10.64	NC_030988.1	KK035295.1
5132553	5132704	5047	5201	152	155	89.68	5634991	29423	0.00	0.53	NC_030988.1	JH658094.1
5132991	5133498	10266	10774	508	509	90.80	5634991	12266	0.01	4.15	NC_030988.1	KK035320.1
5133499	5136958	18780	22217	3460	3438	96.33	5634991	31686	0.06	10.85	NC_030988.1	JH658086.1
5133604	5142405	25532	16769	8802	8764	97.46	5634991	25535	0.16	34.32	NC_030988.1	JH658104.1
5142429	5144592	14742	12577	2164	2166	99.08	5634991	25535	0.04	8.48	NC_030988.1	JH658104.1
5144414	5144594	41517	41337	181	181	92.27	5634991	171404	0.00	0.11	NC_030988.1	JH657978.1
5146269	5146686	1994	1577	418	418	93.30	5634991	11716	0.01	3.57	NC_030988.1	KK035326.1
5146681	5148962	2546	275	2282	2272	97.63	5634991	5726	0.04	39.68	NC_030988.1	KK035431.1
5149898	5150090	13547	13353	193	195	92.35	5634991	58569	0.00	0.33	NC_030988.1	JH658041.1
5150206	5151946	13356	11618	1741	1739	96.21	5634991	58569	0.03	2.97	NC_030988.1	JH658041.1
5152371	5152615	1408	1651	245	244	94.69	5634991	3306	0.00	7.38	NC_030988.1	KK035546.1
5155702	5156102	27019	26616	401	404	91.34	5634991	27527	0.01	1.47	NC_030988.1	JH658095.1
5157114	5157528	2039	2450	415	412	93.73	5634991	11353	0.01	3.63	NC_030988.1	JH658182.1
5159386	5159613	5951	6178	228	228	96.05	5634991	6178	0.00	3.69	NC_030988.1	KK035417.1
5161000	5162305	5924	7228	1306	1305	89.28	5634991	9840	0.02	13.26	NC_030988.1	KK035346.1
5165272	5165533	15275	15014	262	262	94.66	5634991	15978	0.00	1.64	NC_030988.1	KK035289.1
5165594	5165781	6809	6622	188	188	100.00	5634991	58475	0.00	0.32	NC_030988.1	JH658035.1
5171741	5171995	15192	14945	255	248	94.90	5634991	79893	0.00	0.31	NC_030988.1	JH658016.1
5171998	5172623	14501	13876	626	626	94.25	5634991	79893	0.01	0.78	NC_030988.1	JH658016.1
5179831	5181434	1604	1	1604	1604	99.00	5634991	15047	0.03	10.66	NC_030988.1	KK035296.1
5182127	5182228	102	1	102	102	99.02	5634991	9888	0.00	1.03	NC_030988.1	JH658210.1
5186331	5189940	6684	3043	3610	3642	96.08	5634991	8419	0.06	43.26	NC_030988.1	JH658219.1
5192130	5193030	907	1	901	907	95.37	5634991	9029	0.02	10.05	NC_030988.1	JH658217.1
5192139	5193517	5592	6972	1379	1381	92.41	5634991	8250	0.02	16.74	NC_030988.1	KK035363.1
5193556	5193820	35701	35965	265	265	97.36	5634991	79820	0.00	0.33	NC_030988.1	JH658019.1
5193561	5194243	354	1036	683	683	94.58	5634991	1682	0.01	40.61	NC_030988.1	KK035721.1
5193914	5194666	36066	36818	753	753	97.88	5634991	79820	0.01	0.94	NC_030988.1	JH658019.1
5197812	5198561	36820	37572	750	753	96.68	5634991	79820	0.01	0.94	NC_030988.1	JH658019.1
5199053	5199555	2064	1559	503	506	86.98	5634991	2269	0.01	22.30	NC_030988.1	KK035636.1
5201975	5202399	2	426	425	425	83.57	5634991	7741	0.01	5.49	NC_030988.1	KK035373.1
5203211	5204495	5281	6567	1285	1287	81.78	5634991	25535	0.02	5.04	NC_030988.1	JH658104.1
5204764	5206033	6851	8120	1270	1270	91.65	5634991	25535	0.02	4.97	NC_030988.1	JH658104.1
5204995	5206120	2312	1187	1126	1126	89.70	5634991	2362	0.02	47.67	NC_030988.1	KK035623.1
5206871	5207475	19637	19036	605	602	89.59	5634991	67929	0.01	0.89	NC_030988.1	JH658034.1
5207784	5208195	37783	37372	412	412	89.59	5634991	67929	0.01	0.61	NC_030988.1	JH658034.1
5208565	5208756	22054	22245	192	192	92.19	5634991	35225	0.00	0.55	NC_030988.1	JH658074.1
5214494	5217343	10557	7718	2850	2840	94.44	5634991	55790	0.05	5.09	NC_030988.1	JH658044.1
5219908	5221745	3817	5646	1838	1830	91.14	5634991	11323	0.03	16.16	NC_030988.1	JH658194.1
5221542	5221750	61818	62027	209	210	92.38	5634991	79893	0.00	0.26	NC_030988.1	JH658016.1
5222056	5223478	86	1508	1423	1423	94.73	5634991	10557	0.03	13.48	NC_030988.1	JH658192.1
5224481	5224628	349647	349501	148	147	95.27	5634991	357253	0.00	0.04	NC_030988.1	JH657946.1
5224715	5225975	57057	55785	1261	1273	89.95	5634991	58229	0.02	2.19	NC_030988.1	JH658037.1
5225976	5227083	54797	53639	1108	1159	88.73	5634991	58229	0.02	1.99	NC_030988.1	JH658037.1
5227391	5227590	2719	2520	200	200	97.00	5634991	3321	0.00	6.02	NC_030988.1	KK035543.1
5228109	5229450	4878	6218	1342	1341	89.08	5634991	38410	0.02	3.49	NC_030988.1	JH658060.1
5234368	5236087	43870	42151	1720	1720	97.79	5634991	99639	0.03	1.73	NC_030988.1	JH658000.1
5236175	5236622	13457	13904	448	448	99.33	5634991	219320	0.01	0.20	NC_030988.1	JH657963.1
5236485	5237491	286	1310	1007	1025	96.00	5634991	40519	0.02	2.53	NC_030988.1	JH658057.1
5238010	5242576	10631	15199	4567	4569	95.82	5634991	25526	0.08	17.90	NC_030988.1	JH658120.1
5243451	5243560	85708	85819	110	112	95.54	5634991	85819	0.00	0.13	NC_030988.1	JH658012.1
5254853	5257804	19265	22217	2952	2953	98.51	5634991	40292	0.05	7.33	NC_030988.1	JH658054.1
5257804	5258975	23113	24285	1172	1173	98.29	5634991	40292	0.02	2.91	NC_030988.1	JH658054.1
5259393	5259619	26486	26712	227	227	99.12	5634991	40292	0.00	0.56	NC_030988.1	JH658054.1
5266786	5267875	6853	7950	1090	1098	93.08	5634991	10972	0.02	10.01	NC_030988.1	KK035334.1
5271572	5272191	11311	10692	620	620	98.71	5634991	27702	0.01	2.24	NC_030988.1	KK035255.1
5273459	5275431	155224	157215	1973	1992	96.54	5634991	171404	0.04	1.16	NC_030988.1	JH657978.1
5285904	5286221	61565	61882	318	318	96.54	5634991	87296	0.01	0.36	NC_030988.1	JH658017.1
5299894	5300347	7440	7907	454	468	88.14	5634991	7907	0.01	5.92	NC_030988.1	KK035369.1
5324002	5324406	66761	66357	405	405	88.18	5634991	99639	0.01	0.41	NC_030988.1	JH658000.1
5324917	5325063	23620	23473	147	148	87.16	5634991	44137	0.00	0.34	NC_030988.1	JH658053.1
5325226	5325808	65030	65596	583	567	94.34	5634991	86016	0.01	0.66	NC_030988.1	JH658011.1
5325913	5326101	32478	32290	189	189	95.77	5634991	32478	0.00	0.58	NC_030988.1	JH658077.1
5328457	5333272	27354	32156	4816	4803	92.61	5634991	59173	0.09	8.12	NC_030988.1	JH658033.1
5350545	5350799	11266	11014	255	253	94.90	5634991	25535	0.00	0.99	NC_030988.1	JH658104.1
5351892	5353168	67658	68934	1277	1277	97.49	5634991	89445	0.02	1.43	NC_030988.1	JH658009.1
5367533	5369309	9658	11433	1777	1776	98.37	5634991	11433	0.03	15.53	NC_030988.1	JH658184.1
5369093	5369374	282	1	282	282	94.33	5634991	1625	0.01	17.35	NC_030988.1	KK035733.1
5369372	5370075	25009	25712	704	704	98.72	5634991	27399	0.01	2.57	NC_030988.1	JH658098.1
5370068	5370188	25865	25985	121	121	99.17	5634991	27399	0.00	0.44	NC_030988.1	JH658098.1
5373214	5375378	2977	805	2165	2173	95.19	5634991	24340	0.04	8.93	NC_030988.1	KK035260.1
5375536	5380097	61661	57109	4562	4553	96.10	5634991	171404	0.08	2.66	NC_030988.1	JH657978.1
5379299	5384387	4989	10052	5089	5064	94.65	5634991	12418	0.09	40.78	NC_030988.1	KK035319.1
5390361	5392253	67570	65669	1893	1902	95.91	5634991	171404	0.03	1.11	NC_030988.1	JH657978.1
5392402	5396315	10511	6605	3914	3907	94.93	5634991	31903	0.07	12.25	NC_030988.1	JH658083.1
5397000	5398163	4595	3431	1164	1165	95.04	5634991	8168	0.02	14.26	NC_030988.1	KK035364.1
5399968	5400722	20241	19492	755	750	93.52	5634991	24340	0.01	3.08	NC_030988.1	KK035260.1
5400824	5402560	19080	17375	1737	1706	89.06	5634991	24340	0.03	7.01	NC_030988.1	KK035260.1
5402563	5406547	16210	12214	3985	3997	89.60	5634991	24340	0.07	16.42	NC_030988.1	KK035260.1
5406549	5412456	11376	17265	5908	5890	90.39	5634991	27527	0.10	21.40	NC_030988.1	JH658095.1
5419514	5419897	8287	7904	384	384	95.05	5634991	23641	0.01	1.62	NC_030988.1	JH658123.1
5424411	5426505	2615	4712	2095	2098	95.38	5634991	7135	0.04	29.40	NC_030988.1	KK035393.1
5432506	5433805	8798	7498	1300	1301	99.23	5634991	8977	0.02	14.49	NC_030988.1	JH658211.1
5434430	5441169	6866	122	6740	6745	99.04	5634991	8977	0.12	75.14	NC_030988.1	JH658211.1
5441162	5444229	67910	64846	3068	3065	98.79	5634991	68105	0.05	4.50	NC_030988.1	JH658029.1
5444395	5446651	64846	62590	2257	2257	99.51	5634991	68105	0.04	3.31	NC_030988.1	JH658029.1
5446902	5449925	72021	75034	3024	3014	93.50	5634991	254596	0.05	1.18	NC_030988.1	JH657955.1
5459557	5461141	157483	159065	1585	1583	96.40	5634991	217771	0.03	0.73	NC_030988.1	JH657965.1
5461124	5461239	12953	13070	116	118	94.92	5634991	20552	0.00	0.57	NC_030988.1	JH658155.1
5463095	5463507	2450	2039	413	412	94.43	5634991	11353	0.01	3.63	NC_030988.1	JH658182.1
5463475	5463720	13463	13707	246	245	94.72	5634991	20552	0.00	1.19	NC_030988.1	JH658155.1
5464881	5465997	53244	54362	1117	1119	86.07	5634991	83753	0.02	1.34	NC_030988.1	KK035226.1
5466834	5475416	21839	13256	8583	8584	97.12	5634991	857877	0.15	1.00	NC_030988.1	JH657931.1
5475444	5481645	12410	6198	6202	6213	97.19	5634991	857877	0.11	0.72	NC_030988.1	JH657931.1
5481814	5482150	13279	13615	337	337	98.22	5634991	20451	0.01	1.65	NC_030988.1	JH658135.1
5481912	5482780	34648	35530	869	883	91.39	5634991	46956	0.02	1.88	NC_030988.1	JH658047.1
5482942	5483243	35527	35828	302	302	95.70	5634991	46956	0.01	0.64	NC_030988.1	JH658047.1
5482959	5485303	13716	16062	2345	2347	98.25	5634991	20451	0.04	11.48	NC_030988.1	JH658135.1
5494507	5495988	1480	1	1482	1480	98.79	5634991	74742	0.03	1.98	NC_030988.1	JH658021.1
5496721	5497665	3290	4234	945	945	83.81	5634991	6251	0.02	15.12	NC_030988.1	KK035416.1
5497102	5497670	765	1333	569	569	89.63	5634991	1870	0.01	30.43	NC_030988.1	KK035687.1
5503855	5505747	25848	23961	1893	1888	94.08	5634991	77205	0.03	2.45	NC_030988.1	JH658018.1
5506008	5506087	23959	23880	80	80	97.50	5634991	77205	0.00	0.10	NC_030988.1	JH658018.1
5509154	5511239	29200	31270	2086	2071	86.91	5634991	70476	0.04	2.94	NC_030988.1	JH658024.1
5524800	5525385	185	769	586	585	96.93	5634991	4331	0.01	13.51	NC_030988.1	KK035483.1
5539518	5540423	1090	152	906	939	92.05	5634991	31401	0.02	2.99	NC_030988.1	JH658089.1
5549312	5557023	7867	206	7712	7662	97.41	5634991	30509	0.14	25.11	NC_030988.1	JH658090.1
5557450	5557778	3535	3864	329	330	90.91	5634991	9286	0.01	3.55	NC_030988.1	JH658208.1
5568939	5569134	1380	1575	196	196	98.98	5634991	24093	0.00	0.81	NC_030988.1	KK035261.1
5569133	5570230	16498	15390	1098	1109	98.38	5634991	24603	0.02	4.51	NC_030988.1	JH658110.1
5570579	5572614	28927	30997	2036	2071	85.38	5634991	73370	0.04	2.82	NC_030988.1	JH658022.1
5573453	5575063	345	1970	1611	1626	85.14	5634991	2913	0.03	55.82	NC_030988.1	KK035573.1
5575926	5578363	1373	3824	2438	2452	86.67	5634991	13182	0.04	18.60	NC_030988.1	JH658164.1
5576100	5578816	4364	7093	2717	2730	88.89	5634991	7093	0.05	38.49	NC_030988.1	KK035391.1
5588313	5588663	1013	1364	351	352	75.74	5634991	25535	0.01	1.38	NC_030988.1	JH658104.1
5589989	5590220	2760	2529	232	232	88.94	5634991	19609	0.00	1.18	NC_030988.1	JH658136.1
5590520	5591017	2529	2032	498	498	95.99	5634991	19609	0.01	2.54	NC_030988.1	JH658136.1
5592815	5593204	15628	15227	390	402	85.57	5634991	30123	0.01	1.33	NC_030988.1	JH658088.1
5595171	5596644	721	2194	1474	1474	98.64	5634991	7080	0.03	20.82	NC_030988.1	JH658234.1
5596683	5598566	49531	51472	1884	1942	87.29	5634991	66907	0.03	2.90	NC_030988.1	JH658028.1
5602493	5602925	149864	149432	433	433	92.63	5634991	171404	0.01	0.25	NC_030988.1	JH657978.1
5612373	5612867	497	1	495	497	92.56	5634991	2055	0.01	24.18	NC_030988.1	KK035659.1
5612798	5613027	2	234	230	233	90.56	5634991	2391	0.00	9.74	NC_030988.1	KK035620.1
5613456	5614369	914	1	914	914	98.69	5634991	1640	0.02	55.73	NC_030988.1	KK035731.1
5614519	5617783	6406	3185	3265	3222	93.15	5634991	6661	0.06	48.37	NC_030988.1	JH658236.1
5617901	5620187	2236	1	2287	2236	95.10	5634991	6661	0.04	33.57	NC_030988.1	JH658236.1
5620545	5623605	12026	8983	3061	3044	91.55	5634991	12043	0.05	25.28	NC_030988.1	KK035323.1
5622358	5625503	3258	94	3146	3165	96.72	5634991	3258	0.06	97.15	NC_030988.1	KK035547.1
5625152	5625527	10233	9858	376	376	98.67	5634991	86016	0.01	0.44	NC_030988.1	JH658011.1
9916	10520	12526	11922	605	605	96.36	5212762	20918	0.01	2.89	NC_030989.1	KK035268.1
15912	27659	11914	179	11748	11736	94.59	5212762	20918	0.23	56.10	NC_030989.1	KK035268.1
42276	46607	488	4897	4332	4410	91.34	5212762	88241	0.08	5.00	NC_030989.1	JH658007.1
46605	55505	7117	16021	8901	8905	97.53	5212762	88241	0.17	10.09	NC_030989.1	JH658007.1
62400	64259	20619	22478	1860	1860	98.60	5212762	88241	0.04	2.11	NC_030989.1	JH658007.1
77005	77315	4573	4891	311	319	83.54	5212762	191548	0.01	0.17	NC_030989.1	JH657972.1
88895	101175	50597	62948	12281	12352	94.96	5212762	88241	0.24	14.00	NC_030989.1	JH658007.1
101402	104670	63170	66446	3269	3277	94.03	5212762	88241	0.06	3.71	NC_030989.1	JH658007.1
104803	121225	66440	82856	16423	16417	96.22	5212762	88241	0.32	18.60	NC_030989.1	JH658007.1
121808	131665	20798	30700	9858	9903	94.39	5212762	254596	0.19	3.89	NC_030989.1	JH657955.1
131665	132291	35617	36244	627	628	95.06	5212762	254596	0.01	0.25	NC_030989.1	JH657955.1
132248	136390	37832	41971	4143	4140	94.27	5212762	254596	0.08	1.63	NC_030989.1	JH657955.1
148209	153662	42070	47499	5454	5430	93.92	5212762	254596	0.10	2.13	NC_030989.1	JH657955.1
153660	154205	47664	48205	546	542	95.42	5212762	254596	0.01	0.21	NC_030989.1	JH657955.1
154205	155093	53559	54447	889	889	87.98	5212762	254596	0.02	0.35	NC_030989.1	JH657955.1
155580	156692	54448	55656	1113	1209	87.01	5212762	254596	0.02	0.47	NC_030989.1	JH657955.1
156853	158007	55655	56807	1155	1153	96.63	5212762	254596	0.02	0.45	NC_030989.1	JH657955.1
158009	159785	58469	60254	1777	1786	93.73	5212762	254596	0.03	0.70	NC_030989.1	JH657955.1
160348	161981	60806	62438	1634	1633	88.77	5212762	254596	0.03	0.64	NC_030989.1	JH657955.1
162922	164844	62841	64738	1923	1898	83.51	5212762	254596	0.04	0.75	NC_030989.1	JH657955.1
165067	165580	65447	65960	514	514	87.94	5212762	254596	0.01	0.20	NC_030989.1	JH657955.1
181096	181170	26337	26263	75	75	97.33	5212762	40519	0.00	0.19	NC_030989.1	JH658057.1
181097	181358	37923	37662	262	262	96.56	5212762	77205	0.01	0.34	NC_030989.1	JH658018.1
183567	183668	78929	78828	102	102	91.18	5212762	93027	0.00	0.11	NC_030989.1	JH658003.1
186730	186816	51994	51908	87	87	100.00	5212762	180151	0.00	0.05	NC_030989.1	JH657977.1
186836	198965	75018	87105	12130	12088	97.02	5212762	254596	0.23	4.75	NC_030989.1	JH657955.1
199165	208266	87101	96193	9102	9093	97.33	5212762	254596	0.17	3.57	NC_030989.1	JH657955.1
208537	209344	97111	97874	808	764	91.21	5212762	254596	0.02	0.30	NC_030989.1	JH657955.1
210100	212515	97863	100278	2416	2416	97.10	5212762	254596	0.05	0.95	NC_030989.1	JH657955.1
212502	224427	100921	112742	11926	11822	94.52	5212762	254596	0.23	4.64	NC_030989.1	JH657955.1
224554	231779	118026	125244	7226	7219	96.74	5212762	254596	0.14	2.84	NC_030989.1	JH657955.1
234868	239394	125233	129759	4527	4527	98.90	5212762	254596	0.09	1.78	NC_030989.1	JH657955.1
240050	248882	129732	138574	8833	8843	96.64	5212762	254596	0.17	3.47	NC_030989.1	JH657955.1
249020	249634	138571	139188	615	618	84.73	5212762	254596	0.01	0.24	NC_030989.1	JH657955.1
250274	254547	143900	148206	4274	4307	93.77	5212762	254596	0.08	1.69	NC_030989.1	JH657955.1
254349	261035	148213	154892	6687	6680	97.83	5212762	254596	0.13	2.62	NC_030989.1	JH657955.1
261467	276707	155268	170507	15241	15240	96.96	5212762	254596	0.29	5.99	NC_030989.1	JH657955.1
276523	283062	174711	181256	6540	6546	96.23	5212762	254596	0.13	2.57	NC_030989.1	JH657955.1
283064	302183	200346	219452	19120	19107	95.65	5212762	254596	0.37	7.50	NC_030989.1	JH657955.1
302183	302469	287	1	287	287	99.65	5212762	6031	0.01	4.76	NC_030989.1	KK035421.1
305441	314707	219700	228975	9267	9276	96.90	5212762	254596	0.18	3.64	NC_030989.1	JH657955.1
314853	315520	229122	229788	668	667	95.66	5212762	254596	0.01	0.26	NC_030989.1	JH657955.1
316128	332249	230303	246449	16122	16147	96.89	5212762	254596	0.31	6.34	NC_030989.1	JH657955.1
333318	339417	246510	252610	6100	6101	94.25	5212762	254596	0.12	2.40	NC_030989.1	JH657955.1
339626	341454	252708	254537	1829	1830	85.18	5212762	254596	0.04	0.72	NC_030989.1	JH657955.1
341449	344976	1854634	1851117	3528	3518	94.67	5212762	1854677	0.07	0.19	NC_030989.1	JH657920.1
345785	357762	1849803	1837788	11978	12016	96.86	5212762	1854677	0.23	0.65	NC_030989.1	JH657920.1
357761	366216	1837583	1829105	8456	8479	95.73	5212762	1854677	0.16	0.46	NC_030989.1	JH657920.1
370230	371068	1821818	1822656	839	839	80.95	5212762	1854677	0.02	0.05	NC_030989.1	JH657920.1
378166	385405	1817251	1810064	7240	7188	95.06	5212762	1854677	0.14	0.39	NC_030989.1	JH657920.1
385404	386907	1809866	1808365	1504	1502	96.41	5212762	1854677	0.03	0.08	NC_030989.1	JH657920.1
386905	389013	1807459	1805329	2109	2131	96.86	5212762	1854677	0.04	0.11	NC_030989.1	JH657920.1
389004	421084	1804516	1772469	32081	32048	97.68	5212762	1854677	0.62	1.73	NC_030989.1	JH657920.1
421084	424074	1772307	1769299	2991	3009	92.14	5212762	1854677	0.06	0.16	NC_030989.1	JH657920.1
429705	431515	5403	3593	1811	1811	98.79	5212762	16479	0.03	10.99	NC_030989.1	JH658156.1
435636	439422	1768834	1765111	3787	3724	92.81	5212762	1854677	0.07	0.20	NC_030989.1	JH657920.1
439619	468948	1764296	1734964	29330	29333	98.32	5212762	1854677	0.56	1.58	NC_030989.1	JH657920.1
472642	482329	1731496	1721805	9688	9692	98.71	5212762	1854677	0.19	0.52	NC_030989.1	JH657920.1
482742	484774	1721593	1719562	2033	2032	98.92	5212762	1854677	0.04	0.11	NC_030989.1	JH657920.1
485588	515402	1718818	1689031	29815	29788	98.37	5212762	1854677	0.57	1.61	NC_030989.1	JH657920.1
515402	523160	1686699	1678939	7759	7761	95.95	5212762	1854677	0.15	0.42	NC_030989.1	JH657920.1
524891	532851	1678937	1670899	7961	8039	96.11	5212762	1854677	0.15	0.43	NC_030989.1	JH657920.1
532988	534937	1670901	1669027	1950	1875	92.62	5212762	1854677	0.04	0.10	NC_030989.1	JH657920.1
534919	562267	1668973	1641714	27349	27260	97.97	5212762	1854677	0.52	1.47	NC_030989.1	JH657920.1
562371	569830	1641552	1634092	7460	7461	99.16	5212762	1854677	0.14	0.40	NC_030989.1	JH657920.1
569816	593915	1633664	1609556	24100	24109	98.16	5212762	1854677	0.46	1.30	NC_030989.1	JH657920.1
594078	685358	1609435	1518289	91281	91147	98.81	5212762	1854677	1.75	4.91	NC_030989.1	JH657920.1
685478	701605	1518181	1502059	16128	16123	98.63	5212762	1854677	0.31	0.87	NC_030989.1	JH657920.1
706228	883869	1497029	1319470	177642	177560	98.48	5212762	1854677	3.41	9.57	NC_030989.1	JH657920.1
884012	904545	1319168	1298607	20534	20562	98.76	5212762	1854677	0.39	1.11	NC_030989.1	JH657920.1
904747	915159	1298388	1287970	10413	10419	99.23	5212762	1854677	0.20	0.56	NC_030989.1	JH657920.1
915325	932644	1287810	1270510	17320	17301	99.00	5212762	1854677	0.33	0.93	NC_030989.1	JH657920.1
932939	973365	1270511	1230061	40427	40451	98.59	5212762	1854677	0.78	2.18	NC_030989.1	JH657920.1
973470	975355	1229144	1227263	1886	1882	99.15	5212762	1854677	0.04	0.10	NC_030989.1	JH657920.1
976552	1069633	1226689	1133721	93082	92969	98.51	5212762	1854677	1.79	5.01	NC_030989.1	JH657920.1
1069632	1171239	1133616	1032158	101608	101459	98.56	5212762	1854677	1.95	5.47	NC_030989.1	JH657920.1
1175629	1208399	1027835	995072	32771	32764	98.49	5212762	1854677	0.63	1.77	NC_030989.1	JH657920.1
1208548	1244708	994947	958779	36161	36169	99.12	5212762	1854677	0.69	1.95	NC_030989.1	JH657920.1
1244905	1282464	958591	921012	37560	37580	98.93	5212762	1854677	0.72	2.03	NC_030989.1	JH657920.1
1282747	1314437	920933	889226	31691	31708	98.21	5212762	1854677	0.61	1.71	NC_030989.1	JH657920.1
1314501	1367001	889231	836748	52501	52484	98.90	5212762	1854677	1.01	2.83	NC_030989.1	JH657920.1
1367961	1373575	835865	830249	5615	5617	99.43	5212762	1854677	0.11	0.30	NC_030989.1	JH657920.1
1373575	1373692	830132	830249	118	118	98.31	5212762	1854677	0.00	0.01	NC_030989.1	JH657920.1
1373692	1437465	830132	766415	63774	63718	98.76	5212762	1854677	1.22	3.44	NC_030989.1	JH657920.1
1440341	1560323	763718	643619	119983	120100	98.88	5212762	1854677	2.30	6.48	NC_030989.1	JH657920.1
1560315	1563824	771075	767566	3510	3510	98.80	5212762	836366	0.07	0.42	NC_030989.1	JH657932.1
1563824	1565289	767371	765901	1466	1471	97.89	5212762	836366	0.03	0.18	NC_030989.1	JH657932.1
1565285	1602852	764080	726616	37568	37465	98.61	5212762	836366	0.72	4.48	NC_030989.1	JH657932.1
1603189	1642064	726364	687492	38876	38873	98.30	5212762	836366	0.75	4.65	NC_030989.1	JH657932.1
1647495	1653998	687418	680898	6504	6521	98.53	5212762	836366	0.12	0.78	NC_030989.1	JH657932.1
1653929	1795353	680744	539296	141425	141449	98.96	5212762	836366	2.71	16.91	NC_030989.1	JH657932.1
1796693	1800878	538192	534018	4186	4175	98.14	5212762	836366	0.08	0.50	NC_030989.1	JH657932.1
1801644	1804652	533309	530312	3009	2998	99.10	5212762	836366	0.06	0.36	NC_030989.1	JH657932.1
1805099	1806335	529350	528111	1237	1240	96.54	5212762	836366	0.02	0.15	NC_030989.1	JH657932.1
1807842	1809270	527163	525733	1429	1431	96.58	5212762	836366	0.03	0.17	NC_030989.1	JH657932.1
1809893	1810407	525282	524774	515	509	96.32	5212762	836366	0.01	0.06	NC_030989.1	JH657932.1
1810815	1893607	524377	441539	82793	82839	98.76	5212762	836366	1.59	9.90	NC_030989.1	JH657932.1
1893584	1911030	441436	423995	17447	17442	98.40	5212762	836366	0.33	2.09	NC_030989.1	JH657932.1
1911026	1949030	423439	385423	38005	38017	99.09	5212762	836366	0.73	4.55	NC_030989.1	JH657932.1
1949336	1973016	384945	361254	23681	23692	98.80	5212762	836366	0.45	2.83	NC_030989.1	JH657932.1
1973018	2013103	360812	320699	40086	40114	99.09	5212762	836366	0.77	4.80	NC_030989.1	JH657932.1
2013318	2081994	320472	251815	68677	68658	99.25	5212762	836366	1.32	8.21	NC_030989.1	JH657932.1
2081991	2082162	251647	251818	172	172	97.09	5212762	836366	0.00	0.02	NC_030989.1	JH657932.1
2082159	2120850	251650	213044	38692	38607	98.88	5212762	836366	0.74	4.62	NC_030989.1	JH657932.1
2120848	2243201	212885	90562	122354	122324	99.09	5212762	836366	2.35	14.63	NC_030989.1	JH657932.1
2243358	2255826	90401	77955	12469	12447	98.96	5212762	836366	0.24	1.49	NC_030989.1	JH657932.1
2256850	2269835	76909	63953	12986	12957	99.11	5212762	836366	0.25	1.55	NC_030989.1	JH657932.1
2270016	2305892	63772	27910	35877	35863	99.25	5212762	836366	0.69	4.29	NC_030989.1	JH657932.1
2306121	2321880	27753	12009	15760	15745	99.00	5212762	836366	0.30	1.88	NC_030989.1	JH657932.1
2322864	2328039	11170	5972	5176	5199	97.21	5212762	836366	0.10	0.62	NC_030989.1	JH657932.1
2329039	2369608	318041	277499	40570	40543	98.97	5212762	329385	0.78	12.31	NC_030989.1	JH657948.1
2370121	2387163	277007	259968	17043	17040	98.97	5212762	329385	0.33	5.17	NC_030989.1	JH657948.1
2387353	2393974	259873	253251	6622	6623	99.03	5212762	329385	0.13	2.01	NC_030989.1	JH657948.1
2394328	2472767	253128	174719	78440	78410	98.78	5212762	329385	1.50	23.80	NC_030989.1	JH657948.1
2472871	2507046	174610	140536	34176	34075	98.54	5212762	329385	0.66	10.35	NC_030989.1	JH657948.1
2509660	2515145	140544	135096	5486	5449	97.87	5212762	329385	0.11	1.65	NC_030989.1	JH657948.1
2515137	2522300	132279	125119	7164	7161	98.36	5212762	329385	0.14	2.17	NC_030989.1	JH657948.1
2522293	2555623	124894	91534	33331	33361	98.36	5212762	329385	0.64	10.13	NC_030989.1	JH657948.1
2562683	2565077	73466	71081	2395	2386	93.74	5212762	329385	0.05	0.72	NC_030989.1	JH657948.1
2565668	2578051	70494	58052	12384	12443	96.44	5212762	329385	0.24	3.78	NC_030989.1	JH657948.1
2578520	2619044	57631	17102	40525	40530	98.26	5212762	329385	0.78	12.30	NC_030989.1	JH657948.1
2619223	2625722	16934	10446	6500	6489	98.45	5212762	329385	0.12	1.97	NC_030989.1	JH657948.1
2625715	2627337	10001	8382	1623	1620	90.96	5212762	329385	0.03	0.49	NC_030989.1	JH657948.1
2627993	2629949	7728	5773	1957	1956	87.54	5212762	329385	0.04	0.59	NC_030989.1	JH657948.1
2629918	2632336	5236	2819	2419	2418	91.18	5212762	329385	0.05	0.73	NC_030989.1	JH657948.1
2633015	2635844	2824	1	2830	2824	97.18	5212762	329385	0.05	0.86	NC_030989.1	JH657948.1
2635849	2658591	61	22788	22743	22728	98.13	5212762	99701	0.44	22.80	NC_030989.1	JH657998.1
2658594	2660302	24257	25964	1709	1708	94.57	5212762	99701	0.03	1.71	NC_030989.1	JH657998.1
2661138	2663572	25960	28399	2435	2440	96.52	5212762	99701	0.05	2.45	NC_030989.1	JH657998.1
2663571	2664654	28808	29890	1084	1083	97.42	5212762	99701	0.02	1.09	NC_030989.1	JH657998.1
2664651	2670839	30373	36544	6189	6172	98.47	5212762	99701	0.12	6.19	NC_030989.1	JH657998.1
2671488	2688318	36532	53372	16831	16841	98.40	5212762	99701	0.32	16.89	NC_030989.1	JH657998.1
2688363	2712992	53371	78040	24630	24670	98.13	5212762	99701	0.47	24.74	NC_030989.1	JH657998.1
2712994	2716493	80644	84166	3500	3523	94.51	5212762	99701	0.07	3.53	NC_030989.1	JH657998.1
2716530	2731805	84314	99615	15276	15302	97.06	5212762	99701	0.29	15.35	NC_030989.1	JH657998.1
2731795	2739930	51	8182	8136	8132	97.78	5212762	74984	0.16	10.84	NC_030989.1	KK035229.1
2741264	2765393	11907	36058	24130	24152	97.00	5212762	74984	0.46	32.21	NC_030989.1	KK035229.1
2766453	2802296	36059	71902	35844	35844	98.00	5212762	74984	0.69	47.80	NC_030989.1	KK035229.1
2802288	2804992	72095	74799	2705	2705	97.93	5212762	74984	0.05	3.61	NC_030989.1	KK035229.1
2804986	2810582	246363	240842	5597	5522	96.45	5212762	246402	0.11	2.24	NC_030989.1	JH657958.1
2810584	2819415	240166	231336	8832	8831	98.39	5212762	246402	0.17	3.58	NC_030989.1	JH657958.1
2819409	2825934	231120	224592	6526	6529	97.24	5212762	246402	0.13	2.65	NC_030989.1	JH657958.1
2826293	2834321	224591	216583	8029	8009	97.15	5212762	246402	0.15	3.25	NC_030989.1	JH657958.1
2835103	2838287	216586	213402	3185	3185	95.73	5212762	246402	0.06	1.29	NC_030989.1	JH657958.1
2838286	2847931	212962	203309	9646	9654	97.69	5212762	246402	0.19	3.92	NC_030989.1	JH657958.1
2848344	2855286	203029	196091	6943	6939	98.44	5212762	246402	0.13	2.82	NC_030989.1	JH657958.1
2856597	2880180	196102	172509	23584	23594	98.14	5212762	246402	0.45	9.58	NC_030989.1	JH657958.1
2880482	2917591	172355	135265	37110	37091	98.55	5212762	246402	0.71	15.05	NC_030989.1	JH657958.1
2917778	2930761	135270	122299	12984	12972	97.30	5212762	246402	0.25	5.26	NC_030989.1	JH657958.1
2930760	2931717	121644	120687	958	958	98.64	5212762	246402	0.02	0.39	NC_030989.1	JH657958.1
2931718	2943268	116573	105022	11551	11552	98.41	5212762	246402	0.22	4.69	NC_030989.1	JH657958.1
2951731	2979438	103793	76101	27708	27693	97.15	5212762	246402	0.53	11.24	NC_030989.1	JH657958.1
2983597	3013612	76105	46082	30016	30024	97.56	5212762	246402	0.58	12.18	NC_030989.1	JH657958.1
3019722	3036718	46080	29117	16997	16964	97.30	5212762	246402	0.33	6.88	NC_030989.1	JH657958.1
3036719	3056621	29003	9104	19903	19900	97.86	5212762	246402	0.38	8.08	NC_030989.1	JH657958.1
3059224	3068210	9124	120	8987	9005	98.36	5212762	246402	0.17	3.65	NC_030989.1	JH657958.1
3068424	3079482	124	11203	11059	11080	97.28	5212762	95269	0.21	11.63	NC_030989.1	KK035223.1
3079482	3080681	41727	40529	1200	1199	98.58	5212762	71206	0.02	1.68	NC_030989.1	JH658026.1
3082370	3087830	11195	16656	5461	5462	98.32	5212762	95269	0.10	5.73	NC_030989.1	KK035223.1
3087830	3095882	17245	25297	8053	8053	98.24	5212762	95269	0.15	8.45	NC_030989.1	KK035223.1
3096221	3097064	25648	26495	844	848	97.88	5212762	95269	0.02	0.89	NC_030989.1	KK035223.1
3097060	3112490	27177	42595	15431	15419	98.02	5212762	95269	0.30	16.18	NC_030989.1	KK035223.1
3113148	3132846	42582	62277	19699	19696	97.90	5212762	95269	0.38	20.67	NC_030989.1	KK035223.1
3134115	3137546	62268	65696	3432	3429	96.80	5212762	95269	0.07	3.60	NC_030989.1	KK035223.1
3138305	3167798	65688	95167	29494	29480	97.78	5212762	95269	0.57	30.94	NC_030989.1	KK035223.1
3167790	3179345	87387	75836	11556	11552	98.18	5212762	87462	0.22	13.21	NC_030989.1	KK035225.1
3179534	3190242	75829	65129	10709	10701	98.53	5212762	87462	0.21	12.24	NC_030989.1	KK035225.1
3190243	3197556	64970	57656	7314	7315	97.84	5212762	87462	0.14	8.36	NC_030989.1	KK035225.1
3197676	3200921	57661	54435	3246	3227	94.98	5212762	87462	0.06	3.69	NC_030989.1	KK035225.1
3201682	3203091	54441	53035	1410	1407	96.67	5212762	87462	0.03	1.61	NC_030989.1	KK035225.1
3205741	3206187	303129	302683	447	447	99.78	5212762	579230	0.01	0.08	NC_030989.1	JH657935.1
3206185	3222232	53043	37001	16048	16043	97.85	5212762	87462	0.31	18.34	NC_030989.1	KK035225.1
3225203	3243140	37009	19070	17938	17940	97.41	5212762	87462	0.34	20.51	NC_030989.1	KK035225.1
3243799	3258893	19084	3955	15095	15130	97.53	5212762	87462	0.29	17.30	NC_030989.1	KK035225.1
3265000	3268841	3955	208	3842	3748	95.94	5212762	87462	0.07	4.29	NC_030989.1	KK035225.1
3268855	3275155	2	6271	6301	6270	96.69	5212762	56995	0.12	11.00	NC_030989.1	KK035235.1
3274917	3276640	6234	7956	1724	1723	96.98	5212762	56995	0.03	3.02	NC_030989.1	KK035235.1
3276472	3278231	7576	9331	1760	1756	89.63	5212762	56995	0.03	3.08	NC_030989.1	KK035235.1
3278235	3279867	9495	11130	1633	1636	90.51	5212762	56995	0.03	2.87	NC_030989.1	KK035235.1
3279963	3315251	11335	46541	35289	35207	96.73	5212762	56995	0.68	61.77	NC_030989.1	KK035235.1
3315339	3315600	47295	47554	262	260	89.69	5212762	56995	0.01	0.46	NC_030989.1	KK035235.1
3316200	3324685	48450	56941	8486	8492	94.51	5212762	56995	0.16	14.90	NC_030989.1	KK035235.1
3324678	3328011	154422	151099	3334	3324	97.75	5212762	154499	0.06	2.15	NC_030989.1	KK035213.1
3329095	3365062	151104	115142	35968	35963	98.64	5212762	154499	0.69	23.28	NC_030989.1	KK035213.1
3366646	3378837	115143	102981	12192	12163	97.84	5212762	154499	0.23	7.87	NC_030989.1	KK035213.1
3378836	3406573	102592	74857	27738	27736	98.62	5212762	154499	0.53	17.95	NC_030989.1	KK035213.1
3406782	3422872	74371	58277	16091	16095	98.20	5212762	154499	0.31	10.42	NC_030989.1	KK035213.1
3423288	3425510	58258	56036	2223	2223	95.32	5212762	154499	0.04	1.44	NC_030989.1	KK035213.1
3425507	3426909	54637	56039	1403	1403	97.22	5212762	154499	0.03	0.91	NC_030989.1	KK035213.1
3426906	3474718	54640	6791	47813	47850	97.73	5212762	154499	0.92	30.97	NC_030989.1	KK035213.1
3475235	3476599	6409	5046	1365	1364	97.95	5212762	154499	0.03	0.88	NC_030989.1	KK035213.1
3478513	3481415	3000	99	2903	2902	98.11	5212762	154499	0.06	1.88	NC_030989.1	KK035213.1
3481406	3499810	75376	57005	18405	18372	98.08	5212762	75475	0.35	24.34	NC_030989.1	KK035227.1
3499671	3502901	55519	52307	3231	3213	94.90	5212762	75475	0.06	4.26	NC_030989.1	KK035227.1
3502900	3509849	51975	45025	6950	6951	98.72	5212762	75475	0.13	9.21	NC_030989.1	KK035227.1
3515114	3517792	45029	42351	2679	2679	98.54	5212762	75475	0.05	3.55	NC_030989.1	KK035227.1
3517944	3533655	42324	26593	15712	15732	97.53	5212762	75475	0.30	20.84	NC_030989.1	KK035227.1
3533654	3533852	26165	25967	199	199	96.48	5212762	75475	0.00	0.26	NC_030989.1	KK035227.1
3533853	3542676	22594	13762	8824	8833	98.02	5212762	75475	0.17	11.70	NC_030989.1	KK035227.1
3542879	3556406	13661	45	13528	13617	97.40	5212762	75475	0.26	18.04	NC_030989.1	KK035227.1
3556398	3561176	149	4908	4779	4760	98.08	5212762	397987	0.09	1.20	NC_030989.1	KK035211.1
3561154	3601717	4943	45461	40564	40519	98.22	5212762	397987	0.78	10.18	NC_030989.1	KK035211.1
3601912	3635442	45708	79217	33531	33510	99.16	5212762	397987	0.64	8.42	NC_030989.1	KK035211.1
3636094	3652843	79204	95973	16750	16770	99.05	5212762	397987	0.32	4.21	NC_030989.1	KK035211.1
3652972	3660519	96048	103580	7548	7533	97.79	5212762	397987	0.14	1.89	NC_030989.1	KK035211.1
3660654	3694722	103580	137638	34069	34059	99.16	5212762	397987	0.65	8.56	NC_030989.1	KK035211.1
3694831	3749282	137742	192146	54452	54405	98.98	5212762	397987	1.04	13.67	NC_030989.1	KK035211.1
3749506	3784471	192270	227234	34966	34965	99.18	5212762	397987	0.67	8.79	NC_030989.1	KK035211.1
3784709	3814283	227460	257083	29575	29624	98.47	5212762	397987	0.57	7.44	NC_030989.1	KK035211.1
3814482	3830668	257265	273441	16187	16177	98.93	5212762	397987	0.31	4.06	NC_030989.1	KK035211.1
3830932	3855108	273725	297878	24177	24154	99.17	5212762	397987	0.46	6.07	NC_030989.1	KK035211.1
3856400	3891531	299115	334238	35132	35124	98.99	5212762	397987	0.67	8.83	NC_030989.1	KK035211.1
3891633	3930982	334246	373636	39350	39391	98.93	5212762	397987	0.75	9.90	NC_030989.1	KK035211.1
3931636	3933937	373622	375917	2302	2296	98.96	5212762	397987	0.04	0.58	NC_030989.1	KK035211.1
3934408	3953338	376255	395165	18931	18911	99.04	5212762	397987	0.36	4.75	NC_030989.1	KK035211.1
3953330	3984357	640698	609692	31028	31007	97.39	5212762	1854677	0.60	1.67	NC_030989.1	JH657920.1
3984937	4017289	609113	576768	32353	32346	98.91	5212762	1854677	0.62	1.74	NC_030989.1	JH657920.1
4017572	4020946	576591	573220	3375	3372	98.73	5212762	1854677	0.06	0.18	NC_030989.1	JH657920.1
4021864	4044085	572460	550278	22222	22183	98.79	5212762	1854677	0.43	1.20	NC_030989.1	JH657920.1
4044130	4069386	550280	525023	25257	25258	99.28	5212762	1854677	0.48	1.36	NC_030989.1	JH657920.1
4069625	4105021	524808	489457	35397	35352	98.46	5212762	1854677	0.68	1.91	NC_030989.1	JH657920.1
4105689	4108107	489467	487050	2419	2418	98.47	5212762	1854677	0.05	0.13	NC_030989.1	JH657920.1
4108261	4123904	487050	471490	15644	15561	97.79	5212762	1854677	0.30	0.84	NC_030989.1	JH657920.1
4123897	4126562	471190	468528	2666	2663	97.60	5212762	1854677	0.05	0.14	NC_030989.1	JH657920.1
4126848	4127785	468527	467588	938	940	96.71	5212762	1854677	0.02	0.05	NC_030989.1	JH657920.1
4127928	4129828	467540	465622	1901	1919	95.74	5212762	1854677	0.04	0.10	NC_030989.1	JH657920.1
4129830	4195064	464725	399500	65235	65226	98.11	5212762	1854677	1.25	3.52	NC_030989.1	JH657920.1
4195060	4200453	399198	393800	5394	5399	96.52	5212762	1854677	0.10	0.29	NC_030989.1	JH657920.1
4202585	4203790	393739	392527	1206	1213	93.50	5212762	1854677	0.02	0.07	NC_030989.1	JH657920.1
4204342	4213619	391940	382666	9278	9275	97.73	5212762	1854677	0.18	0.50	NC_030989.1	JH657920.1
4213611	4222289	382486	373807	8679	8680	99.06	5212762	1854677	0.17	0.47	NC_030989.1	JH657920.1
4222530	4234900	373651	361272	12371	12380	98.58	5212762	1854677	0.24	0.67	NC_030989.1	JH657920.1
4234944	4235117	360871	360698	174	174	95.98	5212762	1854677	0.00	0.01	NC_030989.1	JH657920.1
4235118	4245217	360342	350226	10100	10117	98.89	5212762	1854677	0.19	0.55	NC_030989.1	JH657920.1
4245471	4256719	349892	338642	11249	11251	98.81	5212762	1854677	0.22	0.61	NC_030989.1	JH657920.1
4256841	4257593	338627	337874	753	754	98.01	5212762	1854677	0.01	0.04	NC_030989.1	JH657920.1
4260664	4272371	331318	319615	11708	11704	98.54	5212762	1854677	0.22	0.63	NC_030989.1	JH657920.1
4272568	4291713	319426	300269	19146	19158	98.44	5212762	1854677	0.37	1.03	NC_030989.1	JH657920.1
4291735	4300078	299810	291460	8344	8351	98.20	5212762	1854677	0.16	0.45	NC_030989.1	JH657920.1
4300079	4314808	291310	276627	14730	14684	97.72	5212762	1854677	0.28	0.79	NC_030989.1	JH657920.1
4314884	4350128	276641	241441	35245	35201	98.32	5212762	1854677	0.68	1.90	NC_030989.1	JH657920.1
4350406	4353281	241384	238542	2876	2843	97.40	5212762	1854677	0.06	0.15	NC_030989.1	JH657920.1
4353441	4415960	237863	175342	62520	62522	98.59	5212762	1854677	1.20	3.37	NC_030989.1	JH657920.1
4416107	4502197	175332	89238	86091	86095	98.67	5212762	1854677	1.65	4.64	NC_030989.1	JH657920.1
4502216	4509431	88983	81765	7216	7219	98.22	5212762	1854677	0.14	0.39	NC_030989.1	JH657920.1
4509357	4542189	81655	48776	32833	32880	97.76	5212762	1854677	0.63	1.77	NC_030989.1	JH657920.1
4550458	4551158	43979	43277	701	703	93.74	5212762	1854677	0.01	0.04	NC_030989.1	JH657920.1
4559397	4559749	19369	19715	353	347	82.77	5212762	34314	0.01	1.01	NC_030989.1	JH658072.1
4565728	4569089	34675	31308	3362	3368	93.71	5212762	1854677	0.06	0.18	NC_030989.1	JH657920.1
4569357	4600265	30977	101	30909	30877	97.98	5212762	1854677	0.59	1.66	NC_030989.1	JH657920.1
4600261	4619580	144660	125349	19320	19312	97.87	5212762	144751	0.37	13.34	NC_030989.1	KK035216.1
4619578	4619704	125117	125243	127	127	98.43	5212762	144751	0.00	0.09	NC_030989.1	KK035216.1
4619707	4640792	125039	103916	21086	21124	97.31	5212762	144751	0.40	14.59	NC_030989.1	KK035216.1
4647129	4650343	102266	99056	3215	3211	94.32	5212762	144751	0.06	2.22	NC_030989.1	KK035216.1
4650446	4656449	97449	91442	6004	6008	96.09	5212762	144751	0.12	4.15	NC_030989.1	KK035216.1
4659709	4697017	68201	30876	37309	37326	97.98	5212762	144751	0.72	25.79	NC_030989.1	KK035216.1
4701920	4718397	30881	14414	16478	16468	96.59	5212762	144751	0.32	11.38	NC_030989.1	KK035216.1
4718647	4732665	14232	184	14019	14049	96.84	5212762	144751	0.27	9.71	NC_030989.1	KK035216.1
4732665	4741482	11806	2998	8818	8809	97.99	5212762	11879	0.17	74.16	NC_030989.1	KK035325.1
4742168	4745143	2998	1	2976	2998	95.63	5212762	11879	0.06	25.24	NC_030989.1	KK035325.1
4745646	4752099	1	6432	6454	6432	95.53	5212762	7772	0.12	82.76	NC_030989.1	KK035371.1
4755677	4756580	6774	7685	904	912	84.31	5212762	7772	0.02	11.73	NC_030989.1	KK035371.1
4756672	4764153	7500	1	7482	7500	93.27	5212762	7500	0.14	100.00	NC_030989.1	KK035381.1
4765080	4769885	6708	1858	4806	4851	94.52	5212762	7985	0.09	60.75	NC_030989.1	KK035368.1
4775705	4776066	12155	11794	362	362	92.82	5212762	14050	0.01	2.58	NC_030989.1	KK035308.1
4777188	4779727	10997	8457	2540	2541	97.01	5212762	14050	0.05	18.09	NC_030989.1	KK035308.1
4779847	4781351	8457	6925	1505	1533	93.81	5212762	14050	0.03	10.91	NC_030989.1	KK035308.1
4784188	4785906	1720	1	1719	1720	86.09	5212762	14050	0.03	12.24	NC_030989.1	KK035308.1
4785795	4798113	2	12331	12319	12330	95.38	5212762	22276	0.24	55.35	NC_030989.1	KK035264.1
4798228	4803536	12611	17900	5309	5290	94.45	5212762	22276	0.10	23.75	NC_030989.1	KK035264.1
4805385	4805839	19760	20212	455	453	85.71	5212762	22276	0.01	2.03	NC_030989.1	KK035264.1
4805983	4806449	20275	20805	467	531	82.67	5212762	22276	0.01	2.38	NC_030989.1	KK035264.1
4806643	4807811	21027	22193	1169	1167	94.87	5212762	22276	0.02	5.24	NC_030989.1	KK035264.1
4807802	4818079	60	10315	10278	10256	97.31	5212762	10315	0.20	99.43	NC_030989.1	KK035342.1
4818081	4821198	22325	19205	3118	3121	92.64	5212762	22325	0.06	13.98	NC_030989.1	KK035263.1
4822401	4823933	19205	17675	1533	1531	93.92	5212762	22325	0.03	6.86	NC_030989.1	KK035263.1
4824260	4832710	17392	8905	8451	8488	96.74	5212762	22325	0.16	38.02	NC_030989.1	KK035263.1
4833366	4833655	8920	8635	290	286	93.79	5212762	22325	0.01	1.28	NC_030989.1	KK035263.1
4834007	4835246	2453	1203	1240	1251	87.89	5212762	22325	0.02	5.60	NC_030989.1	KK035263.1
4836225	4848675	14795	2337	12451	12459	96.25	5212762	14795	0.24	84.21	NC_030989.1	KK035299.1
4864277	4865609	687	2020	1333	1334	89.06	5212762	36097	0.03	3.70	NC_030989.1	KK035245.1
4865513	4869747	2253	6466	4235	4214	95.64	5212762	36097	0.08	11.67	NC_030989.1	KK035245.1
4870152	4883045	6680	19590	12894	12911	95.77	5212762	36097	0.25	35.77	NC_030989.1	KK035245.1
4883138	4898516	19700	35079	15379	15380	96.53	5212762	36097	0.30	42.61	NC_030989.1	KK035245.1
4898650	4899324	35225	35895	675	671	85.65	5212762	36097	0.01	1.86	NC_030989.1	KK035245.1
4899525	4903138	3595	52	3614	3544	91.16	5212762	3596	0.07	98.55	NC_030989.1	KK035522.1
4903134	4904295	14876	13714	1162	1163	92.27	5212762	14985	0.02	7.76	NC_030989.1	KK035298.1
4905989	4907041	12067	11001	1053	1067	83.26	5212762	14985	0.02	7.12	NC_030989.1	KK035298.1
4907413	4909793	9769	12171	2381	2403	86.84	5212762	33081	0.05	7.26	NC_030989.1	JH658078.1
4909901	4910922	12277	13299	1022	1023	91.41	5212762	33081	0.02	3.09	NC_030989.1	JH658078.1
4911273	4912283	13633	14648	1011	1016	85.48	5212762	33081	0.02	3.07	NC_030989.1	JH658078.1
4912896	4916304	18725	22137	3409	3413	88.30	5212762	33081	0.07	10.32	NC_030989.1	JH658078.1
4916559	4917037	22408	22887	479	480	89.38	5212762	33081	0.01	1.45	NC_030989.1	JH658078.1
4917245	4917794	23109	23659	550	551	83.18	5212762	33081	0.01	1.67	NC_030989.1	JH658078.1
4917976	4927221	23836	33081	9246	9246	95.58	5212762	33081	0.18	27.95	NC_030989.1	JH658078.1
4927226	4928116	4	894	891	891	97.98	5212762	9048	0.02	9.85	NC_030989.1	KK035355.1
4928968	4936275	1749	9048	7308	7300	93.66	5212762	9048	0.14	80.68	NC_030989.1	KK035355.1
4936285	4940474	1	4183	4190	4183	94.78	5212762	14408	0.08	29.03	NC_030989.1	KK035304.1
4940993	4946922	4281	10250	5930	5970	96.13	5212762	14408	0.11	41.44	NC_030989.1	KK035304.1
4946923	4947747	10566	11379	825	814	94.42	5212762	14408	0.02	5.65	NC_030989.1	KK035304.1
4948271	4951026	11670	14408	2756	2739	90.92	5212762	14408	0.05	19.01	NC_030989.1	KK035304.1
4951017	4951334	3898	3581	318	318	94.97	5212762	3898	0.01	8.16	NC_030989.1	KK035503.1
4962055	4964850	3580	789	2796	2792	91.07	5212762	3898	0.05	71.63	NC_030989.1	KK035503.1
4965774	4967553	83991	82218	1780	1774	88.73	5212762	191548	0.03	0.93	NC_030989.1	JH657972.1
4967746	4968730	78050	77068	985	983	86.84	5212762	99969	0.02	0.98	NC_030989.1	JH657996.1
4968342	4969034	168301	168996	693	696	84.69	5212762	857877	0.01	0.08	NC_030989.1	JH657931.1
4969221	4970468	155020	156267	1248	1248	82.56	5212762	857877	0.02	0.15	NC_030989.1	JH657931.1
4969257	4970509	6120	4859	1253	1262	78.30	5212762	7428	0.02	16.99	NC_030989.1	KK035383.1
4972517	4975506	34822	37812	2990	2991	84.47	5212762	68105	0.06	4.39	NC_030989.1	JH658029.1
4972526	4975509	173054	176038	2984	2985	82.05	5212762	857877	0.06	0.35	NC_030989.1	JH657931.1
4975518	4975616	82217	82119	99	99	95.96	5212762	191548	0.00	0.05	NC_030989.1	JH657972.1
4999741	5001002	5315	6590	1262	1276	85.14	5212762	27548	0.02	4.63	NC_030989.1	JH658115.1
5003144	5006470	22125	18776	3327	3350	84.66	5212762	25066	0.06	13.36	NC_030989.1	KK035258.1
5007251	5008601	18016	16669	1351	1348	94.60	5212762	25066	0.03	5.38	NC_030989.1	KK035258.1
5009067	5011203	16251	14116	2137	2136	88.47	5212762	25066	0.04	8.52	NC_030989.1	KK035258.1
5011265	5011730	13816	13348	466	469	89.55	5212762	25066	0.01	1.87	NC_030989.1	KK035258.1
5024562	5026474	22026	23937	1913	1912	95.15	5212762	79893	0.04	2.39	NC_030989.1	JH658016.1
5029576	5029860	23939	24222	285	284	97.54	5212762	79893	0.01	0.36	NC_030989.1	JH658016.1
5034476	5035343	40148	39280	868	869	89.09	5212762	43179	0.02	2.01	NC_030989.1	JH658049.1
5034617	5035529	440	1352	913	913	86.43	5212762	83753	0.02	1.09	NC_030989.1	KK035226.1
5035358	5035765	39019	38613	408	407	84.67	5212762	43179	0.01	0.94	NC_030989.1	JH658049.1
5036164	5037978	2606	4407	1815	1802	96.59	5212762	7690	0.03	23.43	NC_030989.1	KK035377.1
5041360	5045401	4827	817	4042	4011	95.23	5212762	6687	0.08	59.98	NC_030989.1	KK035402.1
5051460	5051686	3465	3691	227	227	91.63	5212762	3691	0.00	6.15	NC_030989.1	KK035517.1
5052525	5057683	5165	24	5159	5142	96.55	5212762	5201	0.10	98.87	NC_030989.1	KK035444.1
5057684	5061926	3479	7713	4243	4235	97.58	5212762	7713	0.08	54.91	NC_030989.1	KK035375.1
5061936	5063296	1	1361	1361	1361	97.28	5212762	2532	0.03	53.75	NC_030989.1	KK035611.1
5072788	5081687	8896	5	8900	8892	95.69	5212762	9222	0.17	96.42	NC_030989.1	KK035351.1
5081598	5100137	3	18602	18540	18600	96.19	5212762	58396	0.36	31.85	NC_030989.1	KK035234.1
5105066	5118691	19729	33329	13626	13601	96.84	5212762	58396	0.26	23.29	NC_030989.1	KK035234.1
5118691	5130061	47006	58396	11371	11391	96.66	5212762	58396	0.22	19.51	NC_030989.1	KK035234.1
5130282	5133476	12734	9538	3195	3197	97.03	5212762	12734	0.06	25.11	NC_030989.1	KK035317.1
5133660	5140431	9535	2767	6772	6769	97.90	5212762	12734	0.13	53.16	NC_030989.1	KK035317.1
5140850	5142958	2556	446	2109	2111	97.30	5212762	12734	0.04	16.58	NC_030989.1	KK035317.1
5143046	5154557	11650	157	11512	11494	97.44	5212762	11899	0.22	96.60	NC_030989.1	KK035324.1
5154822	5155063	43100	42858	242	243	91.39	5212762	43100	0.00	0.56	NC_030989.1	KK035241.1
5155332	5156006	42865	42195	675	671	93.35	5212762	43100	0.01	1.56	NC_030989.1	KK035241.1
5156004	5157959	32453	30500	1956	1954	95.81	5212762	43100	0.04	4.53	NC_030989.1	KK035241.1
5158586	5158940	5323	5677	355	355	90.99	5212762	16208	0.01	2.19	NC_030989.1	JH658152.1
5158768	5159456	20325	19637	689	689	89.11	5212762	202139	0.01	0.34	NC_030989.1	JH657970.1
5159929	5160245	2669	2982	317	314	91.17	5212762	32478	0.01	0.97	NC_030989.1	JH658077.1
5169717	5169928	23410	23199	212	212	88.32	5212762	38139	0.00	0.56	NC_030989.1	JH658061.1
5180897	5181643	23803	24554	747	752	84.44	5212762	31686	0.01	2.37	NC_030989.1	JH658086.1
5182978	5184209	25960	27198	1232	1239	83.40	5212762	31686	0.02	3.91	NC_030989.1	JH658086.1
5	6640	59907	53244	6636	6664	96.64	4914260	113886	0.14	5.85	NC_030990.1	JH657990.1
8497	11987	53246	49763	3491	3484	96.71	4914260	113886	0.07	3.06	NC_030990.1	JH657990.1
11987	19543	49431	41871	7557	7561	97.01	4914260	113886	0.15	6.64	NC_030990.1	JH657990.1
21127	22811	41868	40183	1685	1686	97.27	4914260	113886	0.03	1.48	NC_030990.1	JH657990.1
22965	36429	40051	26575	13465	13477	96.05	4914260	113886	0.27	11.83	NC_030990.1	JH657990.1
37082	39727	26594	23945	2646	2650	95.63	4914260	113886	0.05	2.33	NC_030990.1	JH657990.1
39728	40523	22248	21367	796	882	81.67	4914260	113886	0.02	0.77	NC_030990.1	JH657990.1
40536	40770	1379	1147	235	233	91.49	4914260	113886	0.00	0.20	NC_030990.1	JH657990.1
40957	45069	68145	64046	4113	4100	95.68	4914260	69800	0.08	5.87	NC_030990.1	JH658025.1
45049	47430	63914	61530	2382	2385	95.68	4914260	69800	0.05	3.42	NC_030990.1	JH658025.1
47461	47626	61236	61072	166	165	92.17	4914260	69800	0.00	0.24	NC_030990.1	JH658025.1
47792	56605	61064	52228	8814	8837	96.27	4914260	69800	0.18	12.66	NC_030990.1	JH658025.1
57264	65793	52242	43742	8530	8501	96.55	4914260	69800	0.17	12.18	NC_030990.1	JH658025.1
65793	65937	8959	8814	145	146	92.47	4914260	49444	0.00	0.30	NC_030990.1	KK035238.1
65942	68549	43599	40927	2608	2673	95.21	4914260	69800	0.05	3.83	NC_030990.1	JH658025.1
68657	91222	40830	18262	22566	22569	97.42	4914260	69800	0.46	32.33	NC_030990.1	JH658025.1
91215	99551	17885	9563	8337	8323	97.28	4914260	69800	0.17	11.92	NC_030990.1	JH658025.1
99698	103207	9421	5900	3510	3522	96.37	4914260	69800	0.07	5.05	NC_030990.1	JH658025.1
103200	105514	5126	2811	2315	2316	96.16	4914260	69800	0.05	3.32	NC_030990.1	JH658025.1
106100	108381	2398	143	2282	2256	92.15	4914260	69800	0.05	3.23	NC_030990.1	JH658025.1
108409	109803	186729	185336	1395	1394	95.63	4914260	186891	0.03	0.75	NC_030990.1	JH657973.1
110140	115701	184993	179415	5562	5579	88.39	4914260	186891	0.11	2.99	NC_030990.1	JH657973.1
116115	121697	179380	173827	5583	5554	92.57	4914260	186891	0.11	2.97	NC_030990.1	JH657973.1
121978	139098	173460	156335	17121	17126	97.18	4914260	186891	0.35	9.16	NC_030990.1	JH657973.1
139834	157639	155582	137775	17806	17808	97.27	4914260	186891	0.36	9.53	NC_030990.1	JH657973.1
157624	178782	137103	115939	21159	21165	96.66	4914260	186891	0.43	11.32	NC_030990.1	JH657973.1
178774	178928	115791	115947	155	157	95.54	4914260	186891	0.00	0.08	NC_030990.1	JH657973.1
178920	191119	115799	103610	12200	12190	96.51	4914260	186891	0.25	6.52	NC_030990.1	JH657973.1
191208	192383	103473	102299	1176	1175	97.36	4914260	186891	0.02	0.63	NC_030990.1	JH657973.1
192758	193321	101916	101354	564	563	95.92	4914260	186891	0.01	0.30	NC_030990.1	JH657973.1
193495	195944	101358	98924	2450	2435	96.50	4914260	186891	0.05	1.30	NC_030990.1	JH657973.1
196324	196831	98534	98024	508	511	90.06	4914260	186891	0.01	0.27	NC_030990.1	JH657973.1
196943	205500	97903	89337	8558	8567	97.99	4914260	186891	0.17	4.58	NC_030990.1	JH657973.1
206420	228438	88339	66323	22019	22017	96.62	4914260	186891	0.45	11.78	NC_030990.1	JH657973.1
228650	232135	66156	62662	3486	3495	96.39	4914260	186891	0.07	1.87	NC_030990.1	JH657973.1
232319	238783	62479	56053	6465	6427	96.41	4914260	186891	0.13	3.44	NC_030990.1	JH657973.1
239014	243079	55846	51791	4066	4056	95.60	4914260	186891	0.08	2.17	NC_030990.1	JH657973.1
243079	244713	50711	49074	1635	1638	96.58	4914260	186891	0.03	0.88	NC_030990.1	JH657973.1
246015	247022	1895	2900	1008	1006	90.78	4914260	836366	0.02	0.12	NC_030990.1	JH657932.1
246066	247030	69694	68731	965	964	90.06	4914260	69800	0.02	1.38	NC_030990.1	JH658025.1
247158	247272	2900	3014	115	115	94.78	4914260	836366	0.00	0.01	NC_030990.1	JH657932.1
247426	249095	49066	47423	1670	1644	87.49	4914260	186891	0.03	0.88	NC_030990.1	JH657973.1
250779	262061	32305	21021	11283	11285	97.01	4914260	186891	0.23	6.04	NC_030990.1	JH657973.1
266661	267559	19564	18670	899	895	81.04	4914260	186891	0.02	0.48	NC_030990.1	JH657973.1
282561	288048	16560	11050	5488	5511	94.20	4914260	186891	0.11	2.95	NC_030990.1	JH657973.1
288041	288467	9978	9552	427	427	95.56	4914260	186891	0.01	0.23	NC_030990.1	JH657973.1
288661	297982	9551	220	9322	9332	98.30	4914260	186891	0.19	4.99	NC_030990.1	JH657973.1
297972	308255	37	10316	10284	10280	96.97	4914260	38846	0.21	26.46	NC_030990.1	JH658059.1
309014	320711	10308	22062	11698	11755	94.47	4914260	38846	0.24	30.26	NC_030990.1	JH658059.1
322740	323835	24023	25120	1096	1098	93.45	4914260	38846	0.02	2.83	NC_030990.1	JH658059.1
323832	325149	27911	29249	1318	1339	93.43	4914260	38846	0.03	3.45	NC_030990.1	JH658059.1
325258	325423	29566	29731	166	166	96.99	4914260	38846	0.00	0.43	NC_030990.1	JH658059.1
325431	333856	30296	38719	8426	8424	98.45	4914260	38846	0.17	21.69	NC_030990.1	JH658059.1
333849	355796	181	22146	21948	21966	93.27	4914260	100055	0.45	21.95	NC_030990.1	KK035220.1
355960	357232	22284	23564	1273	1281	89.08	4914260	100055	0.03	1.28	NC_030990.1	KK035220.1
357629	358933	23966	25275	1305	1310	87.80	4914260	100055	0.03	1.31	NC_030990.1	KK035220.1
359995	365142	26379	31494	5148	5116	89.02	4914260	100055	0.10	5.11	NC_030990.1	KK035220.1
365306	368297	31572	34483	2992	2912	92.86	4914260	100055	0.06	2.91	NC_030990.1	KK035220.1
377510	383673	45926	52054	6164	6129	90.07	4914260	100055	0.13	6.13	NC_030990.1	KK035220.1
385782	399611	52044	65950	13830	13907	95.65	4914260	100055	0.28	13.90	NC_030990.1	KK035220.1
400266	429437	65937	95131	29172	29195	97.39	4914260	100055	0.59	29.18	NC_030990.1	KK035220.1
429433	433927	95499	99995	4495	4497	97.67	4914260	100055	0.09	4.49	NC_030990.1	KK035220.1
434739	440296	55	5596	5558	5542	97.16	4914260	148022	0.11	3.74	NC_030990.1	KK035215.1
446327	460173	5582	19381	13847	13800	97.67	4914260	148022	0.28	9.32	NC_030990.1	KK035215.1
460837	471655	19381	30188	10819	10808	95.46	4914260	148022	0.22	7.30	NC_030990.1	KK035215.1
476221	478084	15876	17740	1864	1865	93.89	4914260	171404	0.04	1.09	NC_030990.1	JH657978.1
481859	482619	30286	31045	761	760	96.58	4914260	148022	0.02	0.51	NC_030990.1	KK035215.1
483268	547924	31811	96477	64657	64667	97.33	4914260	148022	1.32	43.69	NC_030990.1	KK035215.1
548100	553393	96650	101941	5294	5292	94.34	4914260	148022	0.11	3.58	NC_030990.1	KK035215.1
553514	554445	102056	102987	932	932	84.66	4914260	148022	0.02	0.63	NC_030990.1	KK035215.1
555386	599321	103778	147811	43936	44034	96.75	4914260	148022	0.89	29.75	NC_030990.1	KK035215.1
599450	616033	192	16727	16584	16536	95.00	4914260	130990	0.34	12.62	NC_030990.1	JH657984.1
616024	625093	17121	26200	9070	9080	96.71	4914260	130990	0.18	6.93	NC_030990.1	JH657984.1
625093	656282	26298	57357	31190	31060	97.11	4914260	130990	0.63	23.71	NC_030990.1	JH657984.1
660444	662938	61410	63898	2495	2489	94.03	4914260	130990	0.05	1.90	NC_030990.1	JH657984.1
662979	670916	65625	73581	7938	7957	98.10	4914260	130990	0.16	6.07	NC_030990.1	JH657984.1
670903	725591	74565	129259	54689	54695	98.41	4914260	130990	1.11	41.76	NC_030990.1	JH657984.1
725576	726629	129284	130337	1054	1054	99.24	4914260	130990	0.02	0.80	NC_030990.1	JH657984.1
727287	727914	130322	130932	628	611	94.92	4914260	130990	0.01	0.47	NC_030990.1	JH657984.1
728032	731552	4276	756	3521	3521	98.75	4914260	4891	0.07	71.99	NC_030990.1	KK035452.1
731542	733322	8779	10554	1781	1776	91.47	4914260	10557	0.04	16.82	NC_030990.1	JH658192.1
732609	733781	4339	3176	1173	1164	90.79	4914260	18046	0.02	6.45	NC_030990.1	JH658148.1
733424	733781	9567	9223	358	345	90.78	4914260	10237	0.01	3.37	NC_030990.1	JH658197.1
734171	763006	70	28906	28836	28837	98.04	4914260	3361134	0.59	0.86	NC_030990.1	JH657918.1
763529	796718	29318	62503	33190	33186	98.58	4914260	3361134	0.68	0.99	NC_030990.1	JH657918.1
797180	799578	62512	64923	2399	2412	96.81	4914260	3361134	0.05	0.07	NC_030990.1	JH657918.1
799578	819839	65096	85360	20262	20265	98.22	4914260	3361134	0.41	0.60	NC_030990.1	JH657918.1
820475	822426	85605	87592	1952	1988	94.92	4914260	3361134	0.04	0.06	NC_030990.1	JH657918.1
822421	832205	172154	181929	9785	9776	98.96	4914260	3361134	0.20	0.29	NC_030990.1	JH657918.1
832814	852378	182519	202124	19565	19606	98.93	4914260	3361134	0.40	0.58	NC_030990.1	JH657918.1
852782	879105	202386	228662	26324	26277	98.32	4914260	3361134	0.54	0.78	NC_030990.1	JH657918.1
880110	936144	278438	334407	56035	55970	98.99	4914260	3361134	1.14	1.67	NC_030990.1	JH657918.1
936291	973488	334538	371740	37198	37203	98.93	4914260	3361134	0.76	1.11	NC_030990.1	JH657918.1
973624	986723	371739	384841	13100	13103	98.99	4914260	3361134	0.27	0.39	NC_030990.1	JH657918.1
986715	1077391	386251	476885	90677	90635	98.76	4914260	3361134	1.85	2.70	NC_030990.1	JH657918.1
1077628	1105673	477114	505168	28046	28055	98.93	4914260	3361134	0.57	0.83	NC_030990.1	JH657918.1
1105787	1112963	505277	512457	7177	7181	99.18	4914260	3361134	0.15	0.21	NC_030990.1	JH657918.1
1113516	1116787	512899	516170	3272	3272	98.84	4914260	3361134	0.07	0.10	NC_030990.1	JH657918.1
1117163	1128635	516498	527953	11473	11456	98.36	4914260	3361134	0.23	0.34	NC_030990.1	JH657918.1
1128637	1158737	529756	559845	30101	30090	97.58	4914260	3361134	0.61	0.90	NC_030990.1	JH657918.1
1158896	1180411	559995	581431	21516	21437	98.22	4914260	3361134	0.44	0.64	NC_030990.1	JH657918.1
1180678	1182432	590267	588532	1755	1736	88.08	4914260	3361134	0.04	0.05	NC_030990.1	JH657918.1
1183296	1288391	591119	696198	105096	105080	98.75	4914260	3361134	2.14	3.13	NC_030990.1	JH657918.1
1288877	1306559	696488	714138	17683	17651	97.89	4914260	3361134	0.36	0.53	NC_030990.1	JH657918.1
1306550	1312953	714517	720929	6404	6413	98.47	4914260	3361134	0.13	0.19	NC_030990.1	JH657918.1
1313165	1328597	721142	736634	15433	15493	98.68	4914260	3361134	0.31	0.46	NC_030990.1	JH657918.1
1328707	1388403	736729	796391	59697	59663	98.78	4914260	3361134	1.21	1.78	NC_030990.1	JH657918.1
1389063	1395841	796378	803150	6779	6773	98.82	4914260	3361134	0.14	0.20	NC_030990.1	JH657918.1
1395941	1399926	803150	807129	3986	3980	99.00	4914260	3361134	0.08	0.12	NC_030990.1	JH657918.1
1400427	1416267	807560	823355	15841	15796	98.93	4914260	3361134	0.32	0.47	NC_030990.1	JH657918.1
1416259	1441561	823764	849076	25303	25313	98.76	4914260	3361134	0.51	0.75	NC_030990.1	JH657918.1
1442577	1445268	850360	853066	2692	2707	89.78	4914260	3361134	0.05	0.08	NC_030990.1	JH657918.1
1446583	1513020	854604	921072	66438	66469	98.75	4914260	3361134	1.35	1.98	NC_030990.1	JH657918.1
1514158	1521934	922277	930025	7777	7749	98.39	4914260	3361134	0.16	0.23	NC_030990.1	JH657918.1
1522393	1536273	929982	943891	13881	13910	99.05	4914260	3361134	0.28	0.41	NC_030990.1	JH657918.1
1536272	1599213	944293	1007227	62942	62935	98.94	4914260	3361134	1.28	1.87	NC_030990.1	JH657918.1
1599551	1601459	1007448	1009354	1909	1907	98.95	4914260	3361134	0.04	0.06	NC_030990.1	JH657918.1
1601969	1602755	1010293	1011082	787	790	97.97	4914260	3361134	0.02	0.02	NC_030990.1	JH657918.1
1603087	1639602	1011382	1047850	36516	36469	98.78	4914260	3361134	0.74	1.09	NC_030990.1	JH657918.1
1639984	1652793	1048225	1061058	12810	12834	98.91	4914260	3361134	0.26	0.38	NC_030990.1	JH657918.1
1652787	1653690	1065128	1066030	904	903	98.34	4914260	3361134	0.02	0.03	NC_030990.1	JH657918.1
1656507	1660730	1068884	1073100	4224	4217	98.56	4914260	3361134	0.09	0.13	NC_030990.1	JH657918.1
1660909	1743620	1073138	1155748	82712	82611	98.76	4914260	3361134	1.68	2.46	NC_030990.1	JH657918.1
1743983	1778772	1155819	1190584	34790	34766	98.71	4914260	3361134	0.71	1.03	NC_030990.1	JH657918.1
1779182	1851203	1190911	1262929	72022	72019	99.02	4914260	3361134	1.47	2.14	NC_030990.1	JH657918.1
1856205	1894594	1263017	1301454	38390	38438	99.05	4914260	3361134	0.78	1.14	NC_030990.1	JH657918.1
1894595	1937867	1301658	1344922	43273	43265	98.80	4914260	3361134	0.88	1.29	NC_030990.1	JH657918.1
1937988	1942065	1345037	1349102	4078	4066	98.87	4914260	3361134	0.08	0.12	NC_030990.1	JH657918.1
1942211	1945020	1349240	1352046	2810	2807	99.29	4914260	3361134	0.06	0.08	NC_030990.1	JH657918.1
1945151	1950447	1352170	1357457	5297	5288	98.94	4914260	3361134	0.11	0.16	NC_030990.1	JH657918.1
1950611	1993926	1357608	1400920	43316	43313	99.06	4914260	3361134	0.88	1.29	NC_030990.1	JH657918.1
1994208	2035318	1400919	1442058	41111	41140	98.97	4914260	3361134	0.84	1.22	NC_030990.1	JH657918.1
2036215	2149535	1442861	1556197	113321	113337	98.69	4914260	3361134	2.31	3.37	NC_030990.1	JH657918.1
2149541	2149732	106410	106601	192	192	100.00	4914260	201487	0.00	0.10	NC_030990.1	JH657968.1
2150196	2153476	1556183	1559459	3281	3277	99.39	4914260	3361134	0.07	0.10	NC_030990.1	JH657918.1
2153631	2200615	1559493	1606491	46985	46999	99.13	4914260	3361134	0.96	1.40	NC_030990.1	JH657918.1
2200610	2254821	1606568	1660799	54212	54232	99.04	4914260	3361134	1.10	1.61	NC_030990.1	JH657918.1
2255478	2298058	1660786	1703346	42581	42561	98.81	4914260	3361134	0.87	1.27	NC_030990.1	JH657918.1
2298534	2332259	1703612	1737349	33726	33738	99.08	4914260	3361134	0.69	1.00	NC_030990.1	JH657918.1
2332542	2348600	1737348	1753377	16059	16030	99.02	4914260	3361134	0.33	0.48	NC_030990.1	JH657918.1
2348761	2373150	1753536	1777951	24390	24416	98.82	4914260	3361134	0.50	0.73	NC_030990.1	JH657918.1
2373255	2374917	1777951	1779587	1663	1637	97.12	4914260	3361134	0.03	0.05	NC_030990.1	JH657918.1
2376625	2379983	1780866	1784221	3359	3356	99.26	4914260	3361134	0.07	0.10	NC_030990.1	JH657918.1
2380085	2397183	1784354	1801428	17099	17075	98.95	4914260	3361134	0.35	0.51	NC_030990.1	JH657918.1
2397840	2413819	1801415	1817393	15980	15979	99.27	4914260	3361134	0.33	0.48	NC_030990.1	JH657918.1
2414081	2419154	1817514	1822584	5074	5071	98.90	4914260	3361134	0.10	0.15	NC_030990.1	JH657918.1
2419390	2419938	1822667	1823215	549	549	98.91	4914260	3361134	0.01	0.02	NC_030990.1	JH657918.1
2419926	2452137	1823693	1855913	32212	32221	98.96	4914260	3361134	0.66	0.96	NC_030990.1	JH657918.1
2452322	2455542	1855996	1859238	3221	3243	97.33	4914260	3361134	0.07	0.10	NC_030990.1	JH657918.1
2456198	2467034	1859735	1870598	10837	10864	98.66	4914260	3361134	0.22	0.32	NC_030990.1	JH657918.1
2467273	2481256	1870706	1884715	13984	14010	98.92	4914260	3361134	0.28	0.42	NC_030990.1	JH657918.1
2481405	2526183	1884717	1929483	44779	44767	99.22	4914260	3361134	0.91	1.33	NC_030990.1	JH657918.1
2526574	2536417	1929741	1939588	9844	9848	98.97	4914260	3361134	0.20	0.29	NC_030990.1	JH657918.1
2536427	2537811	12541	11157	1385	1385	97.55	4914260	77205	0.03	1.79	NC_030990.1	JH658018.1
2537806	2549092	1939587	1950864	11287	11278	98.96	4914260	3361134	0.23	0.34	NC_030990.1	JH657918.1
2549191	2559075	1951034	1960910	9885	9877	98.96	4914260	3361134	0.20	0.29	NC_030990.1	JH657918.1
2559212	2570253	1961195	1972223	11042	11029	99.14	4914260	3361134	0.22	0.33	NC_030990.1	JH657918.1
2570251	2599873	1972664	2002326	29623	29663	98.91	4914260	3361134	0.60	0.88	NC_030990.1	JH657918.1
2600518	2603814	2002313	2005615	3297	3303	98.49	4914260	3361134	0.07	0.10	NC_030990.1	JH657918.1
2604355	2614030	2005981	2015666	9676	9686	98.09	4914260	3361134	0.20	0.29	NC_030990.1	JH657918.1
2614609	2617417	2016273	2019082	2809	2810	98.33	4914260	3361134	0.06	0.08	NC_030990.1	JH657918.1
2617416	2622090	2019521	2024195	4675	4675	99.25	4914260	3361134	0.10	0.14	NC_030990.1	JH657918.1
2622191	2666681	2024527	2068944	44491	44418	98.77	4914260	3361134	0.91	1.32	NC_030990.1	JH657918.1
2666820	2669078	2069063	2071325	2259	2263	98.85	4914260	3361134	0.05	0.07	NC_030990.1	JH657918.1
2669077	2703527	2073183	2107683	34451	34501	99.06	4914260	3361134	0.70	1.03	NC_030990.1	JH657918.1
2703511	2726244	2108154	2130852	22734	22699	98.58	4914260	3361134	0.46	0.68	NC_030990.1	JH657918.1
2726237	2751785	2131270	2156772	25549	25503	98.87	4914260	3361134	0.52	0.76	NC_030990.1	JH657918.1
2751784	2783909	2157211	2189322	32126	32112	99.19	4914260	3361134	0.65	0.96	NC_030990.1	JH657918.1
2784337	2836751	2190093	2242491	52415	52399	99.07	4914260	3361134	1.07	1.56	NC_030990.1	JH657918.1
2836867	2889669	2242596	2295388	52803	52793	99.10	4914260	3361134	1.07	1.57	NC_030990.1	JH657918.1
2889846	2892199	2295456	2297802	2354	2347	97.42	4914260	3361134	0.05	0.07	NC_030990.1	JH657918.1
2892663	2917525	2298112	2322905	24863	24794	98.62	4914260	3361134	0.51	0.74	NC_030990.1	JH657918.1
2918055	3053866	2323209	2458881	135812	135673	98.88	4914260	3361134	2.76	4.04	NC_030990.1	JH657918.1
3054307	3063115	2459252	2468062	8809	8811	99.18	4914260	3361134	0.18	0.26	NC_030990.1	JH657918.1
3063114	3088167	2472504	2497479	25054	24976	98.52	4914260	3361134	0.51	0.74	NC_030990.1	JH657918.1
3088324	3201469	2497597	2610637	113146	113041	98.87	4914260	3361134	2.30	3.36	NC_030990.1	JH657918.1
3201618	3212138	2610782	2621267	10521	10486	98.93	4914260	3361134	0.21	0.31	NC_030990.1	JH657918.1
3212902	3257861	2621951	2666879	44960	44929	99.04	4914260	3361134	0.91	1.34	NC_030990.1	JH657918.1
3258036	3272414	2666983	2681359	14379	14377	99.14	4914260	3361134	0.29	0.43	NC_030990.1	JH657918.1
3273803	3366994	2681358	2774464	93192	93107	99.09	4914260	3361134	1.90	2.77	NC_030990.1	JH657918.1
3367030	3398310	2774568	2805750	31281	31183	99.21	4914260	3361134	0.64	0.93	NC_030990.1	JH657918.1
3399484	3431185	2806937	2838635	31702	31699	99.26	4914260	3361134	0.65	0.94	NC_030990.1	JH657918.1
3431409	3439561	2838972	2847109	8153	8138	98.86	4914260	3361134	0.17	0.24	NC_030990.1	JH657918.1
3439848	3491487	2847176	2898894	51640	51719	98.94	4914260	3361134	1.05	1.54	NC_030990.1	JH657918.1
3491994	3515589	2899399	2922977	23596	23579	99.21	4914260	3361134	0.48	0.70	NC_030990.1	JH657918.1
3516253	3526704	2922964	2933417	10452	10454	98.96	4914260	3361134	0.21	0.31	NC_030990.1	JH657918.1
3526700	3528034	2937691	2939025	1335	1335	98.43	4914260	3361134	0.03	0.04	NC_030990.1	JH657918.1
3528030	3538560	2939149	2949749	10531	10601	98.63	4914260	3361134	0.21	0.32	NC_030990.1	JH657918.1
3538804	3540887	2949983	2952064	2084	2082	98.90	4914260	3361134	0.04	0.06	NC_030990.1	JH657918.1
3541547	3572679	2952052	2983183	31133	31132	98.89	4914260	3361134	0.63	0.93	NC_030990.1	JH657918.1
3572679	3572765	2983306	2983397	87	92	93.48	4914260	3361134	0.00	0.00	NC_030990.1	JH657918.1
3572755	3593888	2986302	3007444	21134	21143	98.99	4914260	3361134	0.43	0.63	NC_030990.1	JH657918.1
3594217	3635814	3007700	3049311	41598	41612	99.09	4914260	3361134	0.85	1.24	NC_030990.1	JH657918.1
3636544	3659091	3049645	3072201	22548	22557	99.04	4914260	3361134	0.46	0.67	NC_030990.1	JH657918.1
3659088	3706601	3072808	3120336	47514	47529	98.66	4914260	3361134	0.97	1.41	NC_030990.1	JH657918.1
3706111	3724787	3119678	3138337	18677	18660	98.75	4914260	3361134	0.38	0.56	NC_030990.1	JH657918.1
3725546	3729596	3139380	3143423	4051	4044	99.16	4914260	3361134	0.08	0.12	NC_030990.1	JH657918.1
3729739	3741988	3143468	3155718	12250	12251	98.95	4914260	3361134	0.25	0.36	NC_030990.1	JH657918.1
3741986	3744445	3157098	3159544	2460	2447	98.25	4914260	3361134	0.05	0.07	NC_030990.1	JH657918.1
3744691	3805752	3159670	3220742	61062	61073	98.75	4914260	3361134	1.24	1.82	NC_030990.1	JH657918.1
3805754	3811795	3220849	3226892	6042	6044	98.98	4914260	3361134	0.12	0.18	NC_030990.1	JH657918.1
3811608	3813513	14645	16550	1906	1906	96.80	4914260	55499	0.04	3.43	NC_030990.1	JH658039.1
3812562	3813655	3226993	3228086	1094	1094	99.54	4914260	3361134	0.02	0.03	NC_030990.1	JH657918.1
3813806	3814420	3228225	3228837	615	613	92.39	4914260	3361134	0.01	0.02	NC_030990.1	JH657918.1
3814839	3830576	3229202	3244966	15738	15765	99.02	4914260	3361134	0.32	0.47	NC_030990.1	JH657918.1
3830577	3836650	3245109	3251185	6074	6077	98.65	4914260	3361134	0.12	0.18	NC_030990.1	JH657918.1
3836649	3839598	3252523	3255461	2950	2939	97.91	4914260	3361134	0.06	0.09	NC_030990.1	JH657918.1
3839943	3938716	3255563	3354368	98774	98806	98.54	4914260	3361134	2.01	2.94	NC_030990.1	JH657918.1
3938717	3938915	3354738	3354936	199	199	97.49	4914260	3361134	0.00	0.01	NC_030990.1	JH657918.1
3939040	3945044	3355050	3361047	6005	5998	98.60	4914260	3361134	0.12	0.18	NC_030990.1	JH657918.1
3945040	3955555	556441	545919	10516	10523	98.73	4914260	556614	0.21	1.89	NC_030990.1	JH657936.1
3956014	3960297	545633	541363	4284	4271	95.92	4914260	556614	0.09	0.77	NC_030990.1	JH657936.1
3960403	3960849	541267	540821	447	447	97.76	4914260	556614	0.01	0.08	NC_030990.1	JH657936.1
3961018	3962513	540818	539325	1496	1494	97.53	4914260	556614	0.03	0.27	NC_030990.1	JH657936.1
3962662	3965008	539471	537107	2347	2365	95.62	4914260	556614	0.05	0.42	NC_030990.1	JH657936.1
3965426	3978346	537256	524313	12921	12944	98.05	4914260	556614	0.26	2.33	NC_030990.1	JH657936.1
3980195	3989232	524312	515283	9038	9030	97.06	4914260	556614	0.18	1.62	NC_030990.1	JH657936.1
3989540	4016266	515285	488567	26727	26719	96.75	4914260	556614	0.54	4.80	NC_030990.1	JH657936.1
4017020	4017700	487816	487139	681	678	88.56	4914260	556614	0.01	0.12	NC_030990.1	JH657936.1
4017866	4023430	487017	481424	5565	5594	97.52	4914260	556614	0.11	1.01	NC_030990.1	JH657936.1
4023561	4036898	481294	467978	13338	13317	98.24	4914260	556614	0.27	2.39	NC_030990.1	JH657936.1
4037026	4041360	467978	463641	4335	4338	98.39	4914260	556614	0.09	0.78	NC_030990.1	JH657936.1
4041354	4054245	461925	449029	12892	12897	98.67	4914260	556614	0.26	2.32	NC_030990.1	JH657936.1
4054535	4084154	448858	419237	29620	29622	98.73	4914260	556614	0.60	5.32	NC_030990.1	JH657936.1
4084836	4103709	418688	399809	18874	18880	98.18	4914260	556614	0.38	3.39	NC_030990.1	JH657936.1
4103670	4103887	399631	399848	218	218	98.17	4914260	556614	0.00	0.04	NC_030990.1	JH657936.1
4103890	4133392	399606	370099	29503	29508	98.55	4914260	556614	0.60	5.30	NC_030990.1	JH657936.1
4133764	4162179	369799	341370	28416	28430	98.62	4914260	556614	0.58	5.11	NC_030990.1	JH657936.1
4162850	4195908	341384	308259	33059	33126	97.79	4914260	556614	0.67	5.95	NC_030990.1	JH657936.1
4196332	4225615	307935	278638	29284	29298	98.63	4914260	556614	0.60	5.26	NC_030990.1	JH657936.1
4225718	4249750	278534	254545	24033	23990	98.51	4914260	556614	0.49	4.31	NC_030990.1	JH657936.1
4249750	4376229	254416	128100	126480	126317	97.95	4914260	556614	2.57	22.69	NC_030990.1	JH657936.1
4376218	4391897	127551	111866	15680	15686	97.02	4914260	556614	0.32	2.82	NC_030990.1	JH657936.1
4410459	4418632	105014	96824	8174	8191	95.67	4914260	556614	0.17	1.47	NC_030990.1	JH657936.1
4418637	4423308	96640	91960	4672	4681	94.24	4914260	556614	0.10	0.84	NC_030990.1	JH657936.1
4428014	4433057	91640	86581	5044	5060	94.53	4914260	556614	0.10	0.91	NC_030990.1	JH657936.1
4433055	4449972	84920	68006	16918	16915	95.92	4914260	556614	0.34	3.04	NC_030990.1	JH657936.1
4450172	4465680	68010	52494	15509	15517	97.63	4914260	556614	0.32	2.79	NC_030990.1	JH657936.1
4466130	4466466	52513	52177	337	337	97.63	4914260	556614	0.01	0.06	NC_030990.1	JH657936.1
4468330	4469678	52175	50825	1349	1351	97.04	4914260	556614	0.03	0.24	NC_030990.1	JH657936.1
4470531	4474489	50034	46048	3959	3987	93.82	4914260	556614	0.08	0.72	NC_030990.1	JH657936.1
4474705	4475950	45874	44627	1246	1248	90.97	4914260	556614	0.03	0.22	NC_030990.1	JH657936.1
4479308	4480085	28402	29181	778	780	86.57	4914260	556614	0.02	0.14	NC_030990.1	JH657936.1
4481563	4482057	35304	35790	495	487	81.58	4914260	119716	0.01	0.41	NC_030990.1	JH657987.1
4482075	4482704	181654	181025	630	630	85.40	4914260	202139	0.01	0.31	NC_030990.1	JH657970.1
4485296	4485442	213641	213495	147	147	97.96	4914260	217771	0.00	0.07	NC_030990.1	JH657965.1
4485515	4486429	40890	41804	915	915	84.50	4914260	88241	0.02	1.04	NC_030990.1	JH658007.1
4488627	4493166	15621	11082	4540	4540	87.71	4914260	113886	0.09	3.99	NC_030990.1	JH657990.1
4491603	4494269	4064	1412	2667	2653	83.46	4914260	440990	0.05	0.60	NC_030990.1	JH657940.1
4494106	4494284	149191	149369	179	179	96.69	4914260	166502	0.00	0.11	NC_030990.1	JH657979.1
4494425	4495953	27750	29278	1529	1529	88.05	4914260	68105	0.03	2.25	NC_030990.1	JH658029.1
4495005	4496312	95473	96778	1308	1306	83.75	4914260	119716	0.03	1.09	NC_030990.1	JH657987.1
4498168	4498455	3821	3538	288	284	87.89	4914260	16980	0.01	1.67	NC_030990.1	JH658147.1
4498535	4499777	6593	5356	1243	1238	84.71	4914260	9840	0.03	12.58	NC_030990.1	KK035346.1
4505771	4505939	1364	1199	169	166	88.17	4914260	1390015	0.00	0.01	NC_030990.1	JH657922.1
4505808	4506042	150742	150505	235	238	87.97	4914260	857877	0.00	0.03	NC_030990.1	JH657931.1
4506039	4506485	26234	26677	447	444	88.84	4914260	113067	0.01	0.39	NC_030990.1	JH657989.1
4507089	4507387	6618	6317	299	302	82.84	4914260	113067	0.01	0.27	NC_030990.1	JH657989.1
4507389	4507587	5663	5465	199	199	88.94	4914260	512028	0.00	0.04	NC_030990.1	JH657938.1
4507961	4508137	17084	16909	177	176	91.57	4914260	17467	0.00	1.01	NC_030990.1	JH658150.1
4508878	4509378	18739	19244	501	506	86.13	4914260	593533	0.01	0.09	NC_030990.1	JH657934.1
4513602	4520012	27849	21419	6411	6431	96.02	4914260	556614	0.13	1.16	NC_030990.1	JH657936.1
4520005	4520974	20932	19965	970	968	96.19	4914260	556614	0.02	0.17	NC_030990.1	JH657936.1
4521626	4522497	19978	19107	872	872	95.41	4914260	556614	0.02	0.16	NC_030990.1	JH657936.1
4522576	4531563	19110	10123	8988	8988	96.84	4914260	556614	0.18	1.61	NC_030990.1	JH657936.1
4531563	4532814	9720	8474	1252	1247	97.28	4914260	556614	0.03	0.22	NC_030990.1	JH657936.1
4532807	4534074	6691	5424	1268	1268	96.61	4914260	556614	0.03	0.23	NC_030990.1	JH657936.1
4534520	4535369	13582	14444	850	863	88.35	4914260	44137	0.02	1.96	NC_030990.1	JH658053.1
4535847	4538578	5423	2692	2732	2732	98.32	4914260	556614	0.06	0.49	NC_030990.1	JH657936.1
4538577	4538645	17415	17483	69	69	100.00	4914260	79380	0.00	0.09	NC_030990.1	JH658015.1
4538645	4556936	17691	35936	18292	18246	97.33	4914260	79380	0.37	22.99	NC_030990.1	JH658015.1
4556934	4563260	36311	42621	6327	6311	95.53	4914260	79380	0.13	7.95	NC_030990.1	JH658015.1
4563265	4567345	43619	47694	4081	4076	96.25	4914260	79380	0.08	5.13	NC_030990.1	JH658015.1
4567564	4590339	47690	70332	22776	22643	94.15	4914260	79380	0.46	28.52	NC_030990.1	JH658015.1
4590502	4593496	70316	73315	2995	3000	94.24	4914260	79380	0.06	3.78	NC_030990.1	JH658015.1
4593496	4597299	75398	79207	3804	3810	93.31	4914260	79380	0.08	4.80	NC_030990.1	JH658015.1
4598025	4605182	351	7512	7158	7162	96.15	4914260	17739	0.15	40.37	NC_030990.1	JH658143.1
4606330	4610663	7826	12099	4334	4274	91.99	4914260	17739	0.09	24.09	NC_030990.1	JH658143.1
4612559	4614383	18063	19910	1825	1848	85.02	4914260	166502	0.04	1.11	NC_030990.1	JH657979.1
4614647	4615722	20303	21383	1076	1081	91.04	4914260	166502	0.02	0.65	NC_030990.1	JH657979.1
4626460	4628737	22282	24556	2278	2275	95.43	4914260	166502	0.05	1.37	NC_030990.1	JH657979.1
4628749	4638864	24919	35049	10116	10131	96.38	4914260	166502	0.21	6.08	NC_030990.1	JH657979.1
4639077	4655643	35180	51762	16567	16583	96.89	4914260	166502	0.34	9.96	NC_030990.1	JH657979.1
4657155	4658056	51760	52661	902	902	89.83	4914260	166502	0.02	0.54	NC_030990.1	JH657979.1
4658135	4659488	56034	57388	1354	1355	86.00	4914260	166502	0.03	0.81	NC_030990.1	JH657979.1
4660758	4662568	58654	60463	1811	1810	92.93	4914260	166502	0.04	1.09	NC_030990.1	JH657979.1
4662849	4674750	60676	72567	11902	11892	96.61	4914260	166502	0.24	7.14	NC_030990.1	JH657979.1
4677298	4679116	76733	78546	1819	1814	86.14	4914260	166502	0.04	1.09	NC_030990.1	JH657979.1
4679405	4680733	82039	83371	1329	1333	91.15	4914260	166502	0.03	0.80	NC_030990.1	JH657979.1
4680733	4684751	83551	87574	4019	4024	95.88	4914260	166502	0.08	2.42	NC_030990.1	JH657979.1
4689939	4695459	87564	93089	5521	5526	96.71	4914260	166502	0.11	3.32	NC_030990.1	JH657979.1
4696051	4698876	94603	97444	2826	2842	86.83	4914260	166502	0.06	1.71	NC_030990.1	JH657979.1
4702150	4703915	98789	100554	1766	1766	95.04	4914260	166502	0.04	1.06	NC_030990.1	JH657979.1
4707973	4708455	105155	105639	483	485	96.70	4914260	166502	0.01	0.29	NC_030990.1	JH657979.1
4708943	4726668	106044	123747	17726	17704	97.21	4914260	166502	0.36	10.63	NC_030990.1	JH657979.1
4726707	4731815	125035	130147	5109	5113	96.50	4914260	166502	0.10	3.07	NC_030990.1	JH657979.1
4731806	4740142	130402	138732	8337	8331	96.04	4914260	166502	0.17	5.00	NC_030990.1	JH657979.1
4740803	4748748	138720	146657	7946	7938	96.63	4914260	166502	0.16	4.77	NC_030990.1	JH657979.1
4748804	4756935	154536	162663	8132	8128	95.86	4914260	166502	0.17	4.88	NC_030990.1	JH657979.1
4773761	4775135	164039	165415	1375	1377	97.89	4914260	166502	0.03	0.83	NC_030990.1	JH657979.1
4775792	4776852	165402	166462	1061	1061	97.27	4914260	166502	0.02	0.64	NC_030990.1	JH657979.1
4776845	4785235	119971	111567	8391	8405	97.98	4914260	120035	0.17	7.00	NC_030990.1	JH657986.1
4785994	4790117	111575	107453	4124	4123	97.55	4914260	120035	0.08	3.43	NC_030990.1	JH657986.1
4791962	4792812	107453	106601	851	853	97.19	4914260	120035	0.02	0.71	NC_030990.1	JH657986.1
4792812	4792967	106370	106215	156	156	97.44	4914260	120035	0.00	0.13	NC_030990.1	JH657986.1
4793369	4811078	106102	88347	17710	17756	96.37	4914260	120035	0.36	14.79	NC_030990.1	JH657986.1
4811669	4824117	87976	75457	12449	12520	96.66	4914260	120035	0.25	10.43	NC_030990.1	JH657986.1
4824120	4824252	50307	50175	133	133	93.23	4914260	857877	0.00	0.02	NC_030990.1	JH657931.1
4828619	4828863	5738	5498	245	241	87.85	4914260	21967	0.00	1.10	NC_030990.1	JH658122.1
4828881	4829315	57647	57209	435	439	85.49	4914260	68105	0.01	0.64	NC_030990.1	JH658029.1
4831477	4832548	73552	72498	1072	1055	88.81	4914260	120035	0.02	0.88	NC_030990.1	JH657986.1
4832794	4842157	72298	62930	9364	9369	96.63	4914260	120035	0.19	7.81	NC_030990.1	JH657986.1
4844378	4846573	20089	17886	2196	2204	86.42	4914260	44044	0.04	5.00	NC_030990.1	JH658056.1
4852677	4853181	9470	9980	505	511	91.00	4914260	60600	0.01	0.84	NC_030990.1	JH658036.1
4859093	4868259	43230	34000	9167	9231	94.71	4914260	44137	0.19	20.91	NC_030990.1	JH658053.1
4868259	4872707	32586	28164	4449	4423	95.33	4914260	44137	0.09	10.02	NC_030990.1	JH658053.1
4872973	4873491	255735	255211	519	525	86.60	4914260	357253	0.01	0.15	NC_030990.1	JH657946.1
4873498	4873635	271905	272042	138	138	93.53	4914260	3361134	0.00	0.00	NC_030990.1	JH657918.1
4897850	4897954	72471	72366	105	106	97.17	4914260	512028	0.00	0.02	NC_030990.1	JH657938.1
4905907	4910311	10112	14505	4405	4394	87.31	4914260	17371	0.09	25.30	NC_030990.1	JH658146.1
4910951	4911958	2939	1906	1008	1034	87.52	4914260	9628	0.02	10.74	NC_030990.1	JH658207.1
7449	7630	14960	14779	182	182	100.00	4589937	14960	0.00	1.22	NC_030991.1	JH658170.1
7637	8193	6379	5841	557	539	85.64	4589937	40336	0.01	1.34	NC_030991.1	KK035243.1
8737	10732	14950	12955	1996	1996	99.85	4589937	31401	0.04	6.36	NC_030991.1	JH658089.1
39992	40151	53221	53380	160	160	88.75	4589937	99110	0.00	0.16	NC_030991.1	JH657999.1
49382	49681	312	16	300	297	87.38	4589937	1669	0.01	17.80	NC_030991.1	KK035717.1
49557	49846	2160	2448	290	289	89.31	4589937	2916	0.01	9.91	NC_030991.1	KK035569.1
51375	51625	80053	80302	251	250	92.83	4589937	171404	0.01	0.15	NC_030991.1	JH657978.1
51733	52969	22682	23933	1237	1252	89.00	4589937	75149	0.03	1.67	NC_030991.1	KK035230.1
54009	55778	41148	39379	1770	1770	96.78	4589937	66907	0.04	2.65	NC_030991.1	JH658028.1
58897	62258	20786	24148	3362	3363	97.15	4589937	31401	0.07	10.71	NC_030991.1	JH658089.1
59312	64134	5787	914	4823	4874	96.56	4589937	5787	0.11	84.22	NC_030991.1	KK035428.1
66767	66861	167510	167604	95	95	100.00	4589937	191548	0.00	0.05	NC_030991.1	JH657972.1
69841	69936	51497	51401	96	97	98.97	4589937	58475	0.00	0.17	NC_030991.1	JH658035.1
72740	73385	15538	16182	646	645	91.20	4589937	34314	0.01	1.88	NC_030991.1	JH658072.1
90500	91921	1428	1	1422	1428	98.25	4589937	58569	0.03	2.44	NC_030991.1	JH658041.1
92472	93308	14538	13702	837	837	98.21	4589937	36326	0.02	2.30	NC_030991.1	JH658065.1
93324	93554	4450	4681	231	232	96.12	4589937	21696	0.01	1.07	NC_030991.1	JH658131.1
111982	112656	53310	53986	675	677	88.38	4589937	87296	0.01	0.78	NC_030991.1	JH658017.1
152127	153024	11985	12931	898	947	83.26	4589937	26335	0.02	3.60	NC_030991.1	JH658102.1
165295	167451	4194	6348	2157	2155	97.91	4589937	6348	0.05	33.95	NC_030991.1	KK035408.1
167456	170305	14327	11502	2850	2826	96.91	4589937	14330	0.06	19.72	NC_030991.1	KK035305.1
179735	180493	29553	30313	759	761	87.32	4589937	30642	0.02	2.48	NC_030991.1	JH658087.1
180750	180849	10895	10796	100	100	97.00	4589937	14330	0.00	0.70	NC_030991.1	KK035305.1
184240	184477	10804	10565	238	240	92.53	4589937	14330	0.01	1.67	NC_030991.1	KK035305.1
184477	185847	10352	8987	1371	1366	92.42	4589937	14330	0.03	9.53	NC_030991.1	KK035305.1
199315	202381	7771	4703	3067	3069	92.50	4589937	7771	0.07	39.49	NC_030991.1	KK035372.1
207967	208199	96743	96497	233	247	85.89	4589937	857877	0.01	0.03	NC_030991.1	JH657931.1
218005	219467	1646	184	1463	1463	94.67	4589937	1646	0.03	88.88	NC_030991.1	KK035716.1
222993	223122	2	131	130	130	100.00	4589937	45501	0.00	0.29	NC_030991.1	JH658052.1
223698	225530	1983	137	1833	1847	93.62	4589937	33835	0.04	5.46	NC_030991.1	JH658084.1
234785	234969	6943	7127	185	185	99.46	4589937	7127	0.00	2.60	NC_030991.1	KK035394.1
235424	236634	103	1313	1211	1211	90.75	4589937	28983	0.03	4.18	NC_030991.1	JH658091.1
253702	253798	1	97	97	97	98.97	4589937	3119	0.00	3.11	NC_030991.1	KK035556.1
260367	260490	2146	2270	124	125	95.20	4589937	4591	0.00	2.72	NC_030991.1	JH658260.1
262996	263226	14392	14621	231	230	91.34	4589937	58229	0.01	0.39	NC_030991.1	JH658037.1
267032	267220	15509	15320	189	190	97.37	4589937	33081	0.00	0.57	NC_030991.1	JH658078.1
268685	269299	614	1	615	614	92.36	4589937	1568	0.01	39.16	NC_030991.1	KK035734.1
269086	269482	1	394	397	394	94.96	4589937	31686	0.01	1.24	NC_030991.1	JH658086.1
277271	277953	707	1	683	707	91.37	4589937	15746	0.01	4.49	NC_030991.1	KK035293.1
279416	279974	559	1	559	559	94.29	4589937	2138	0.01	26.15	NC_030991.1	KK035650.1
279740	281335	4833	3242	1596	1592	97.43	4589937	7022	0.03	22.67	NC_030991.1	JH658254.1
288534	289229	695	1	696	695	97.13	4589937	1468	0.02	47.34	NC_030991.1	KK035753.1
289143	290527	3	1373	1385	1371	95.09	4589937	2953	0.03	46.43	NC_030991.1	KK035570.1
290711	292290	1375	2953	1580	1579	97.03	4589937	2953	0.03	53.47	NC_030991.1	KK035570.1
294130	296291	1989	4152	2162	2164	94.18	4589937	10633	0.05	20.35	NC_030991.1	KK035337.1
304080	305575	3995	2498	1496	1498	92.41	4589937	7550	0.03	19.84	NC_030991.1	KK035380.1
305752	306931	22169	20996	1180	1174	87.69	4589937	38139	0.03	3.08	NC_030991.1	JH658061.1
335136	336402	6376	7634	1267	1259	95.66	4589937	67929	0.03	1.85	NC_030991.1	JH658034.1
337105	337260	493	338	156	156	98.72	4589937	31739	0.00	0.49	NC_030991.1	KK035251.1
355949	356915	76852	77816	967	965	93.80	4589937	85819	0.02	1.12	NC_030991.1	JH658012.1
355957	356918	18071	17112	962	960	93.45	4589937	32516	0.02	2.95	NC_030991.1	JH658081.1
371254	373311	162549	164610	2058	2062	91.68	4589937	191548	0.04	1.08	NC_030991.1	JH657972.1
373830	375305	89	1564	1476	1476	88.75	4589937	85358	0.03	1.73	NC_030991.1	JH658010.1
378319	378651	70435	70099	333	337	96.74	4589937	74742	0.01	0.45	NC_030991.1	JH658021.1
394670	394752	2450	2532	83	83	93.98	4589937	9286	0.00	0.89	NC_030991.1	JH658208.1
394755	394908	9726	9879	154	154	98.70	4589937	24340	0.00	0.63	NC_030991.1	KK035260.1
405046	405147	13427	13528	102	102	99.02	4589937	16210	0.00	0.63	NC_030991.1	JH658154.1
409827	410029	32904	33105	203	202	96.55	4589937	33105	0.00	0.61	NC_030991.1	JH658075.1
412632	412837	52643	52848	206	206	94.66	4589937	58569	0.00	0.35	NC_030991.1	JH658041.1
412838	413365	9255	9783	528	529	94.52	4589937	10210	0.01	5.18	NC_030991.1	JH658198.1
419687	419886	867	668	200	200	92.50	4589937	4207	0.00	4.75	NC_030991.1	KK035492.1
427877	429573	1684	1	1697	1684	98.41	4589937	19146	0.04	8.80	NC_030991.1	JH658139.1
438279	438709	1840	2271	431	432	95.60	4589937	7907	0.01	5.46	NC_030991.1	KK035369.1
442198	443300	17676	18778	1103	1103	97.37	4589937	25158	0.02	4.38	NC_030991.1	JH658106.1
464476	464555	1910	1831	80	80	98.75	4589937	22170	0.00	0.36	NC_030991.1	JH658125.1
475913	476008	17958	18053	96	96	100.00	4589937	35225	0.00	0.27	NC_030991.1	JH658074.1
476246	477269	79	1099	1024	1021	98.83	4589937	8828	0.02	11.57	NC_030991.1	JH658225.1
476745	478980	1	2232	2236	2232	97.32	4589937	6178	0.05	36.13	NC_030991.1	KK035417.1
478996	479152	3426	3583	157	158	95.60	4589937	15047	0.00	1.05	NC_030991.1	KK035296.1
481536	481624	1	89	89	89	94.38	4589937	1843	0.00	4.83	NC_030991.1	KK035693.1
484773	485241	5773	6238	469	466	89.55	4589937	7470	0.01	6.24	NC_030991.1	JH658233.1
486417	487160	78798	78055	744	744	97.58	4589937	86016	0.02	0.86	NC_030991.1	JH658011.1
489667	489913	15022	15268	247	247	99.60	4589937	21696	0.01	1.14	NC_030991.1	JH658131.1
489913	491530	78061	76435	1618	1627	96.51	4589937	86016	0.04	1.89	NC_030991.1	JH658011.1
532779	532973	12668	12475	195	194	95.41	4589937	22019	0.00	0.88	NC_030991.1	JH658132.1
534495	534740	7596	7837	246	242	87.40	4589937	9083	0.01	2.66	NC_030991.1	KK035353.1
538742	539290	6850	6304	549	547	96.17	4589937	9860	0.01	5.55	NC_030991.1	JH658203.1
544822	545025	84876	84676	204	201	95.59	4589937	119716	0.00	0.17	NC_030991.1	JH657987.1
544838	545836	47532	46534	999	999	99.10	4589937	98198	0.02	1.02	NC_030991.1	JH658004.1
545713	546701	1	989	989	989	95.65	4589937	2301	0.02	42.98	NC_030991.1	KK035634.1
551352	552360	9687	8679	1009	1009	96.14	4589937	85819	0.02	1.18	NC_030991.1	JH658012.1
552427	555190	43722	46488	2764	2767	94.76	4589937	87296	0.06	3.17	NC_030991.1	JH658017.1
555243	557836	46589	49185	2594	2597	96.23	4589937	87296	0.06	2.97	NC_030991.1	JH658017.1
559270	560639	10173	11523	1370	1351	89.23	4589937	22019	0.03	6.14	NC_030991.1	JH658132.1
559279	560644	30058	31432	1366	1375	88.84	4589937	67929	0.03	2.02	NC_030991.1	JH658034.1
560644	560817	2323	2147	174	177	90.96	4589937	4591	0.00	3.86	NC_030991.1	JH658260.1
568586	569034	7446	6999	449	448	87.83	4589937	17112	0.01	2.62	NC_030991.1	KK035282.1
569071	571460	49686	52095	2390	2410	87.92	4589937	66907	0.05	3.60	NC_030991.1	JH658028.1
579499	579649	3054	2904	151	151	99.34	4589937	3488	0.00	4.33	NC_030991.1	KK035525.1
582072	582164	65069	64978	93	92	96.77	4589937	79893	0.00	0.12	NC_030991.1	JH658016.1
583759	584783	1100	79	1025	1022	97.37	4589937	8828	0.02	11.58	NC_030991.1	JH658225.1
584631	585075	12579	12135	445	445	97.98	4589937	25535	0.01	1.74	NC_030991.1	JH658104.1
586501	588083	11939	10357	1583	1583	88.26	4589937	14711	0.03	10.76	NC_030991.1	KK035302.1
588990	589256	4978	5241	267	264	92.13	4589937	5910	0.01	4.47	NC_030991.1	KK035424.1
589889	590888	1000	1	1000	1000	94.90	4589937	1329	0.02	75.24	NC_030991.1	KK035779.1
618929	621275	95627	93281	2347	2347	93.45	4589937	113886	0.05	2.06	NC_030991.1	JH657990.1
623615	623724	150671	150562	110	110	93.64	4589937	191548	0.00	0.06	NC_030991.1	JH657972.1
623764	623878	29283	29397	115	115	98.26	4589937	33158	0.00	0.35	NC_030991.1	JH658076.1
635903	636939	30118	29111	1037	1008	84.96	4589937	31385	0.02	3.21	NC_030991.1	JH658082.1
637294	637763	4068	4578	470	511	88.16	4589937	4591	0.01	11.13	NC_030991.1	JH658260.1
641496	642252	7088	7847	757	760	87.78	4589937	19803	0.02	3.84	NC_030991.1	KK035270.1
644956	645108	9720	9872	153	153	94.77	4589937	14385	0.00	1.06	NC_030991.1	KK035306.1
651433	652029	33158	32562	597	597	92.31	4589937	33158	0.01	1.80	NC_030991.1	JH658076.1
662983	663329	20767	20424	347	344	96.55	4589937	44044	0.01	0.78	NC_030991.1	JH658056.1
663635	663778	6132	5988	144	145	97.93	4589937	45501	0.00	0.32	NC_030991.1	JH658052.1
663674	663977	7305	7608	304	304	90.13	4589937	25186	0.01	1.21	NC_030991.1	JH658109.1
664414	666322	30605	32510	1909	1906	94.35	4589937	59173	0.04	3.22	NC_030991.1	JH658033.1
669326	670795	5406	3940	1470	1467	93.47	4589937	36572	0.03	4.01	NC_030991.1	JH658085.1
670802	671192	57862	58252	391	391	95.91	4589937	73370	0.01	0.53	NC_030991.1	JH658022.1
671036	671206	2816	2647	171	170	96.49	4589937	36572	0.00	0.46	NC_030991.1	JH658085.1
671289	673153	2479	615	1865	1865	91.80	4589937	10972	0.04	17.00	NC_030991.1	KK035334.1
672178	673163	22946	23931	986	986	89.79	4589937	357253	0.02	0.28	NC_030991.1	JH657946.1
673225	673382	496	339	158	158	98.10	4589937	4146	0.00	3.81	NC_030991.1	KK035494.1
674358	675122	5986	5223	765	764	97.39	4589937	12569	0.02	6.08	NC_030991.1	JH658167.1
680555	685894	69556	64216	5340	5341	96.84	4589937	87296	0.12	6.12	NC_030991.1	JH658017.1
686087	686202	64216	64101	116	116	98.28	4589937	87296	0.00	0.13	NC_030991.1	JH658017.1
688666	689140	2000	2474	475	475	96.42	4589937	79893	0.01	0.59	NC_030991.1	JH658016.1
698029	698110	3013	3094	82	82	100.00	4589937	3094	0.00	2.65	NC_030991.1	KK035559.1
698182	698294	1	112	113	112	93.86	4589937	9342	0.00	1.20	NC_030991.1	KK035350.1
702655	703059	2673	3077	405	405	97.04	4589937	3077	0.01	13.16	NC_030991.1	KK035563.1
703641	704482	69460	68620	842	841	86.94	4589937	69800	0.02	1.20	NC_030991.1	JH658025.1
708557	708734	351555	351380	178	176	91.01	4589937	357253	0.00	0.05	NC_030991.1	JH657946.1
708965	709756	79445	78639	792	807	90.72	4589937	171404	0.02	0.47	NC_030991.1	JH657978.1
710034	711356	187	1508	1323	1322	93.80	4589937	75149	0.03	1.76	NC_030991.1	KK035230.1
711658	712596	8637	7683	939	955	95.29	4589937	9029	0.02	10.58	NC_030991.1	JH658217.1
720411	720866	94	561	456	468	92.95	4589937	2044	0.01	22.90	NC_030991.1	KK035656.1
721677	721877	7909	8111	201	203	88.24	4589937	11929	0.00	1.70	NC_030991.1	JH658178.1
727848	729705	20837	22688	1858	1852	87.74	4589937	44044	0.04	4.20	NC_030991.1	JH658056.1
743189	743330	711	568	142	144	95.83	4589937	7464	0.00	1.93	NC_030991.1	JH658232.1
762056	763903	2045	190	1848	1856	93.81	4589937	2093	0.04	88.68	NC_030991.1	KK035649.1
769003	769150	22619	22766	148	148	91.22	4589937	87296	0.00	0.17	NC_030991.1	JH658017.1
778562	778826	36356	36619	265	264	90.94	4589937	83753	0.01	0.32	NC_030991.1	KK035226.1
778825	782010	12577	15770	3186	3194	98.15	4589937	22707	0.07	14.07	NC_030991.1	JH658134.1
780703	782651	37499	39450	1949	1952	97.39	4589937	66907	0.04	2.92	NC_030991.1	JH658028.1
782651	782842	40988	41179	192	192	97.92	4589937	66907	0.00	0.29	NC_030991.1	JH658028.1
784226	784918	55501	56193	693	693	99.13	4589937	74742	0.02	0.93	NC_030991.1	JH658021.1
813656	813855	6054	5857	200	198	93.50	4589937	22170	0.00	0.89	NC_030991.1	JH658125.1
817672	818113	2287	2728	442	442	97.74	4589937	35043	0.01	1.26	NC_030991.1	KK035248.1
829281	831303	8912	6876	2023	2037	86.99	4589937	13972	0.04	14.58	NC_030991.1	KK035310.1
831458	833302	6866	5022	1845	1845	95.39	4589937	13972	0.04	13.20	NC_030991.1	KK035310.1
836552	837795	100	1339	1244	1240	91.73	4589937	1339	0.03	92.61	NC_030991.1	KK035775.1
837122	838388	53082	54349	1267	1268	86.51	4589937	83753	0.03	1.51	NC_030991.1	KK035226.1
842344	842443	31607	31706	100	100	97.00	4589937	70476	0.00	0.14	NC_030991.1	JH658024.1
845117	846960	80660	78822	1844	1839	95.82	4589937	86016	0.04	2.14	NC_030991.1	JH658011.1
851856	856842	37319	42332	4987	5014	93.45	4589937	86016	0.11	5.83	NC_030991.1	JH658011.1
856792	857953	82331	81176	1162	1156	87.04	4589937	159806	0.03	0.72	NC_030991.1	JH657982.1
861830	862590	16265	17027	761	763	88.86	4589937	21495	0.02	3.55	NC_030991.1	JH658138.1
863634	867826	14502	10313	4193	4190	91.37	4589937	27527	0.09	15.22	NC_030991.1	JH658095.1
877674	885747	37060	45109	8074	8050	98.50	4589937	74742	0.18	10.77	NC_030991.1	JH658021.1
885747	886165	46969	47387	419	419	99.05	4589937	74742	0.01	0.56	NC_030991.1	JH658021.1
886165	893806	47536	55149	7642	7614	96.21	4589937	74742	0.17	10.19	NC_030991.1	JH658021.1
893713	893809	1943	2040	97	98	95.92	4589937	2280	0.00	4.30	NC_030991.1	KK035637.1
899889	903958	2847	6927	4070	4081	93.63	4589937	79893	0.09	5.11	NC_030991.1	JH658016.1
904234	904997	3179	2416	764	764	84.33	4589937	18046	0.02	4.23	NC_030991.1	JH658148.1
907178	908289	8560	7476	1112	1085	89.23	4589937	15005	0.02	7.23	NC_030991.1	JH658157.1
910009	910804	43187	43981	796	795	96.86	4589937	58475	0.02	1.36	NC_030991.1	JH658035.1
910783	911730	66709	67656	948	948	95.89	4589937	73370	0.02	1.29	NC_030991.1	JH658022.1
913241	913374	9672	9802	134	131	92.54	4589937	87296	0.00	0.15	NC_030991.1	JH658017.1
913375	913557	9913	10095	183	183	98.36	4589937	87296	0.00	0.21	NC_030991.1	JH658017.1
913566	915145	10516	12103	1580	1588	91.88	4589937	87296	0.03	1.82	NC_030991.1	JH658017.1
919111	920001	7565	8455	891	891	96.63	4589937	27702	0.02	3.22	NC_030991.1	KK035255.1
921815	921894	15512	15433	80	80	100.00	4589937	35415	0.00	0.23	NC_030991.1	JH658067.1
921816	921973	12548	12391	158	158	100.00	4589937	15756	0.00	1.00	NC_030991.1	JH658153.1
923164	924330	33614	32448	1167	1167	81.49	4589937	43100	0.03	2.71	NC_030991.1	KK035241.1
924584	924783	20842	20639	200	204	94.61	4589937	44044	0.00	0.46	NC_030991.1	JH658056.1
924781	925650	64072	64943	870	872	91.99	4589937	66907	0.02	1.30	NC_030991.1	JH658028.1
926677	928576	178295	176392	1900	1904	92.48	4589937	191548	0.04	0.99	NC_030991.1	JH657972.1
928576	928986	173567	173155	411	413	93.46	4589937	191548	0.01	0.22	NC_030991.1	JH657972.1
930259	933248	2981	1	2990	2981	96.79	4589937	30642	0.07	9.73	NC_030991.1	JH658087.1
932990	934299	5448	6756	1310	1309	81.98	4589937	12785	0.03	10.24	NC_030991.1	JH658166.1
936269	936598	1300	967	330	334	88.99	4589937	1625	0.01	20.55	NC_030991.1	KK035733.1
940845	944135	87294	83975	3291	3320	96.03	4589937	87296	0.07	3.80	NC_030991.1	JH658017.1
943626	945335	7195	5485	1710	1711	82.69	4589937	25186	0.04	6.79	NC_030991.1	JH658109.1
944820	946715	2844	966	1896	1879	93.91	4589937	2844	0.04	66.07	NC_030991.1	KK035583.1
947136	949811	20292	17618	2676	2675	93.32	4589937	22019	0.06	12.15	NC_030991.1	JH658132.1
952240	952330	1	91	91	91	96.70	4589937	2913	0.00	3.12	NC_030991.1	KK035573.1
953471	955634	25707	27866	2164	2160	85.50	4589937	40336	0.05	5.36	NC_030991.1	KK035243.1
956052	958551	28687	31168	2500	2482	87.88	4589937	40336	0.05	6.15	NC_030991.1	KK035243.1
959340	961772	31838	34173	2433	2336	83.14	4589937	40336	0.05	5.79	NC_030991.1	KK035243.1
962859	963151	15223	15514	293	292	91.84	4589937	86016	0.01	0.34	NC_030991.1	JH658011.1
970201	970922	12204	12928	722	725	84.46	4589937	17030	0.02	4.26	NC_030991.1	KK035284.1
972859	974131	35276	36548	1273	1273	97.49	4589937	40336	0.03	3.16	NC_030991.1	KK035243.1
982944	983184	8310	8070	241	241	98.34	4589937	67929	0.01	0.35	NC_030991.1	JH658034.1
984107	984788	682	1	682	682	89.59	4589937	1298	0.01	52.54	NC_030991.1	KK035763.1
984804	986975	3846	1675	2172	2172	88.08	4589937	3846	0.05	56.47	NC_030991.1	KK035502.1
987048	987978	5614	4688	931	927	94.21	4589937	5614	0.02	16.51	NC_030991.1	JH658250.1
987977	990682	2805	100	2706	2706	99.04	4589937	2805	0.06	96.47	NC_030991.1	KK035588.1
1000941	1001293	8553	8906	353	354	95.76	4589937	87225	0.01	0.41	NC_030991.1	JH658008.1
1001444	1001524	8902	8982	81	81	98.77	4589937	87225	0.00	0.09	NC_030991.1	JH658008.1
1004360	1006187	12384	14186	1828	1803	84.70	4589937	19633	0.04	9.18	NC_030991.1	JH658137.1
1004956	1006256	149606	148311	1301	1296	93.51	4589937	857877	0.03	0.15	NC_030991.1	JH657931.1
1023372	1023440	19967	20035	69	69	100.00	4589937	21255	0.00	0.32	NC_030991.1	JH658129.1
1035453	1037491	63281	61300	2039	1982	92.77	4589937	440990	0.04	0.45	NC_030991.1	JH657940.1
1041209	1041284	2571	2496	76	76	97.37	4589937	7747	0.00	0.98	NC_030991.1	JH658226.1
1041893	1042349	2917	3375	457	459	96.30	4589937	21696	0.01	2.12	NC_030991.1	JH658131.1
1042371	1043038	3554	4244	668	691	91.64	4589937	21696	0.01	3.18	NC_030991.1	JH658131.1
1043653	1044826	5048	6216	1174	1169	87.82	4589937	21696	0.03	5.39	NC_030991.1	JH658131.1
1044149	1045394	1564	318	1246	1247	84.13	4589937	1564	0.03	79.73	NC_030991.1	KK035740.1
1047749	1048036	14847	15135	288	289	94.81	4589937	74742	0.01	0.39	NC_030991.1	JH658021.1
1051205	1051502	214	501	298	288	90.60	4589937	1488	0.01	19.35	NC_030991.1	KK035747.1
1051810	1052401	148083	147489	592	595	81.91	4589937	171404	0.01	0.35	NC_030991.1	JH657978.1
1051874	1052401	59235	58705	528	531	83.65	4589937	181406	0.01	0.29	NC_030991.1	JH657976.1
1052947	1055112	20009	22174	2166	2166	96.03	4589937	24113	0.05	8.98	NC_030991.1	JH658124.1
1078200	1079257	4645	3597	1058	1049	92.82	4589937	10237	0.02	10.25	NC_030991.1	JH658197.1
1087370	1087668	6460	6757	299	298	90.97	4589937	9938	0.01	3.00	NC_030991.1	JH658199.1
1087898	1088373	34426	34901	476	476	93.50	4589937	58475	0.01	0.81	NC_030991.1	JH658035.1
1088608	1090550	39669	41653	1943	1985	88.55	4589937	99639	0.04	1.99	NC_030991.1	JH658000.1
1093763	1095630	28883	30750	1868	1868	96.74	4589937	40292	0.04	4.64	NC_030991.1	JH658054.1
1099360	1103273	49771	53688	3914	3918	93.08	4589937	73370	0.09	5.34	NC_030991.1	JH658022.1
1107303	1107877	13876	13303	575	574	90.28	4589937	79893	0.01	0.72	NC_030991.1	JH658016.1
1107877	1108131	5039	4785	255	255	98.82	4589937	5175	0.01	4.93	NC_030991.1	KK035445.1
1108129	1109243	13041	11920	1115	1122	88.27	4589937	79893	0.02	1.40	NC_030991.1	JH658016.1
1108801	1109778	120954	121943	978	990	92.25	4589937	171404	0.02	0.58	NC_030991.1	JH657978.1
1109407	1109939	11917	11382	533	536	88.31	4589937	79893	0.01	0.67	NC_030991.1	JH658016.1
1121418	1121808	50596	50206	391	391	93.35	4589937	83753	0.01	0.47	NC_030991.1	KK035226.1
1123050	1123209	27046	27205	160	160	97.50	4589937	171404	0.00	0.09	NC_030991.1	JH657978.1
1127257	1128430	3548	2376	1174	1173	93.95	4589937	11323	0.03	10.36	NC_030991.1	JH658194.1
1130896	1131388	42052	41566	493	487	91.48	4589937	79820	0.01	0.61	NC_030991.1	JH658019.1
1130909	1132068	20707	21856	1160	1150	89.21	4589937	25194	0.03	4.56	NC_030991.1	JH658105.1
1145241	1150929	12996	18732	5689	5737	96.86	4589937	18732	0.12	30.63	NC_030991.1	JH658145.1
1151102	1151230	9766	9638	129	129	97.67	4589937	10237	0.00	1.26	NC_030991.1	JH658197.1
1151361	1152172	14880	14070	812	811	90.64	4589937	191548	0.02	0.42	NC_030991.1	JH657972.1
1154137	1156370	261194	263424	2234	2231	94.14	4589937	293070	0.05	0.76	NC_030991.1	JH657951.1
1156371	1158406	263636	265649	2036	2014	90.51	4589937	293070	0.04	0.69	NC_030991.1	JH657951.1
1158407	1158723	266490	266806	317	317	90.54	4589937	293070	0.01	0.11	NC_030991.1	JH657951.1
1159010	1159163	52551	52704	154	154	98.70	4589937	66907	0.00	0.23	NC_030991.1	JH658028.1
1159013	1159172	8757	8598	160	160	96.88	4589937	12782	0.00	1.25	NC_030991.1	KK035316.1
1159378	1159467	16246	16336	90	91	96.70	4589937	55790	0.00	0.16	NC_030991.1	JH658044.1
1159389	1159650	6279	6018	262	262	98.09	4589937	59173	0.01	0.44	NC_030991.1	JH658033.1
1159650	1160082	4351	3919	433	433	91.69	4589937	13972	0.01	3.10	NC_030991.1	KK035310.1
1160235	1160388	1126	1279	154	154	95.45	4589937	22669	0.00	0.68	NC_030991.1	KK035262.1
1174419	1175105	970	1661	687	692	96.54	4589937	15047	0.01	4.60	NC_030991.1	KK035296.1
1179524	1179697	243099	242929	174	171	85.71	4589937	316556	0.00	0.05	NC_030991.1	JH657950.1
1179696	1179878	23057	22874	183	184	92.39	4589937	79820	0.00	0.23	NC_030991.1	JH658019.1
1180818	1182892	19105	17010	2075	2096	97.62	4589937	21774	0.05	9.63	NC_030991.1	JH658121.1
1199043	1200914	5293	3420	1872	1874	94.30	4589937	9053	0.04	20.70	NC_030991.1	KK035354.1
1200912	1201812	1257	2182	901	926	80.43	4589937	3420	0.02	27.08	NC_030991.1	KK035536.1
1202005	1202323	4264	3946	319	319	87.85	4589937	5985	0.01	5.33	NC_030991.1	JH658245.1
1210507	1211845	9235	7877	1339	1359	94.41	4589937	9938	0.03	13.67	NC_030991.1	JH658199.1
1211510	1211848	16551	16213	339	339	90.86	4589937	21374	0.01	1.59	NC_030991.1	KK035266.1
1214995	1217331	2842	500	2337	2343	88.53	4589937	9530	0.05	24.59	NC_030991.1	KK035349.1
1219474	1220850	15	1391	1377	1377	91.08	4589937	1889	0.03	72.90	NC_030991.1	KK035685.1
1220852	1221196	1549	1889	345	341	91.91	4589937	1889	0.01	18.05	NC_030991.1	KK035685.1
1222034	1222855	3954	4772	822	819	83.13	4589937	7741	0.02	10.58	NC_030991.1	KK035373.1
1239294	1241128	9581	11353	1835	1773	85.40	4589937	16440	0.04	10.78	NC_030991.1	KK035287.1
1247779	1248544	6857	6089	766	769	88.57	4589937	7550	0.02	10.19	NC_030991.1	KK035380.1
1260944	1261532	1619	2207	589	589	88.12	4589937	6069	0.01	9.71	NC_030991.1	JH658239.1
1262208	1262661	16817	17270	454	454	96.70	4589937	29423	0.01	1.54	NC_030991.1	JH658094.1
1265937	1268311	6077	3709	2375	2369	95.03	4589937	19633	0.05	12.07	NC_030991.1	JH658137.1
1268916	1268985	4890	4821	70	70	100.00	4589937	5100	0.00	1.37	NC_030991.1	KK035446.1
1273215	1273376	100	261	162	162	96.91	4589937	77205	0.00	0.21	NC_030991.1	JH658018.1
1278823	1279922	28968	27875	1100	1094	86.84	4589937	31903	0.02	3.43	NC_030991.1	JH658083.1
1283609	1284280	50300	50974	672	675	89.33	4589937	171404	0.01	0.39	NC_030991.1	JH657978.1
1293634	1295531	2477	4344	1898	1868	96.58	4589937	7080	0.04	26.38	NC_030991.1	JH658234.1
1294955	1295656	55345	54643	702	703	98.86	4589937	55499	0.02	1.27	NC_030991.1	JH658039.1
1300268	1302042	158473	156692	1775	1782	92.60	4589937	171404	0.04	1.04	NC_030991.1	JH657978.1
1300268	1302012	6558	4807	1745	1752	93.78	4589937	10237	0.04	17.11	NC_030991.1	JH658197.1
1303583	1304327	62156	62900	745	745	97.85	4589937	87296	0.02	0.85	NC_030991.1	JH658017.1
1317127	1317222	63641	63736	96	96	96.88	4589937	357253	0.00	0.03	NC_030991.1	JH657946.1
1317128	1318992	4944	3079	1865	1866	95.34	4589937	33835	0.04	5.51	NC_030991.1	JH658084.1
1320017	1321695	33369	35043	1679	1675	90.67	4589937	85819	0.04	1.95	NC_030991.1	JH658012.1
1327035	1327320	6489	6203	286	287	86.76	4589937	33558	0.01	0.86	NC_030991.1	JH658073.1
1330397	1330563	23420	23589	167	170	90.00	4589937	42973	0.00	0.40	NC_030991.1	JH658050.1
1332749	1333302	4032	4595	554	564	81.82	4589937	25535	0.01	2.21	NC_030991.1	JH658104.1
1334200	1334349	9015	8865	150	151	99.34	4589937	9053	0.00	1.67	NC_030991.1	KK035354.1
1334349	1334608	1004	1255	260	252	90.38	4589937	2301	0.01	10.95	NC_030991.1	KK035634.1
1334745	1335910	1104	17	1166	1088	89.71	4589937	5561	0.03	19.56	NC_030991.1	KK035439.1
1335885	1339199	16428	13104	3315	3325	94.40	4589937	16440	0.07	20.23	NC_030991.1	KK035287.1
1362343	1363960	342449	344065	1618	1617	90.18	4589937	357253	0.04	0.45	NC_030991.1	JH657946.1
1365476	1365994	23277	22760	519	518	85.55	4589937	32516	0.01	1.59	NC_030991.1	JH658081.1
1365758	1366434	2084	1410	677	675	86.45	4589937	24688	0.01	2.73	NC_030991.1	KK035259.1
1366832	1366968	12552	12416	137	137	95.62	4589937	15756	0.00	0.87	NC_030991.1	JH658153.1
1366968	1367967	14863	13861	1000	1003	91.53	4589937	36771	0.02	2.73	NC_030991.1	KK035244.1
1369048	1369413	8255	8620	366	366	99.18	4589937	8620	0.01	4.25	NC_030991.1	JH658224.1
1370014	1370238	18918	19142	225	225	92.89	4589937	66907	0.00	0.34	NC_030991.1	JH658028.1
1392797	1393788	17159	16167	992	993	91.45	4589937	24356	0.02	4.08	NC_030991.1	JH658118.1
1411742	1412312	701	1230	571	530	85.02	4589937	4554	0.01	11.64	NC_030991.1	KK035470.1
1411842	1412409	13694	13142	568	553	86.24	4589937	43179	0.01	1.28	NC_030991.1	JH658049.1
1419233	1421042	833326	835132	1810	1807	81.39	4589937	836366	0.04	0.22	NC_030991.1	JH657932.1
1428700	1430947	14554	16801	2248	2248	95.11	4589937	29423	0.05	7.64	NC_030991.1	JH658094.1
1431569	1432887	91400	92718	1319	1319	92.51	4589937	100508	0.03	1.31	NC_030991.1	JH657997.1
1434899	1435298	301	701	400	401	93.02	4589937	46956	0.01	0.85	NC_030991.1	JH658047.1
1454249	1454469	2498	2280	221	219	84.65	4589937	7747	0.00	2.83	NC_030991.1	JH658226.1
1455022	1455746	29782	29061	725	722	93.79	4589937	31401	0.02	2.30	NC_030991.1	JH658089.1
1456061	1460009	6126	2217	3949	3910	92.47	4589937	75149	0.09	5.20	NC_030991.1	KK035230.1
1483974	1484116	69102	69246	143	145	86.39	4589937	69246	0.00	0.21	NC_030991.1	JH658027.1
1500491	1501802	1013	2318	1312	1306	94.98	4589937	4331	0.03	30.15	NC_030991.1	KK035483.1
1504780	1505161	2664	3045	382	382	94.52	4589937	7747	0.01	4.93	NC_030991.1	JH658226.1
1509695	1510727	463014	461982	1033	1033	97.58	4589937	857877	0.02	0.12	NC_030991.1	JH657931.1
1513968	1514150	2973	2802	183	172	93.44	4589937	11053	0.00	1.56	NC_030991.1	JH658185.1
1514209	1514753	743	203	545	541	88.46	4589937	10936	0.01	4.95	NC_030991.1	JH658187.1
1515258	1515905	1	647	648	647	93.98	4589937	2895	0.01	22.35	NC_030991.1	KK035571.1
1517531	1519340	8884	7071	1810	1814	91.96	4589937	10210	0.04	17.77	NC_030991.1	JH658198.1
1521039	1521320	7935	7654	282	282	97.52	4589937	87296	0.01	0.32	NC_030991.1	JH658017.1
1534698	1534990	127872	128164	293	293	96.25	4589937	171404	0.01	0.17	NC_030991.1	JH657978.1
1534983	1538039	3104	6170	3057	3067	98.08	4589937	6348	0.07	48.31	NC_030991.1	KK035408.1
1538616	1538692	5208	5132	77	77	100.00	4589937	6414	0.00	1.20	NC_030991.1	KK035407.1
1540957	1541531	866	290	575	577	97.06	4589937	1493	0.01	38.65	NC_030991.1	KK035742.1
1542701	1544633	4366	6297	1933	1932	99.17	4589937	7318	0.04	26.40	NC_030991.1	KK035389.1
1545925	1546733	17306	18113	809	808	83.13	4589937	79893	0.02	1.01	NC_030991.1	JH658016.1
1553061	1555786	21369	18644	2726	2726	96.88	4589937	28983	0.06	9.41	NC_030991.1	JH658091.1
1558768	1559045	15346	15069	278	278	96.77	4589937	28983	0.01	0.96	NC_030991.1	JH658091.1
1562562	1562972	19422	19832	411	411	97.57	4589937	30125	0.01	1.36	NC_030991.1	JH658100.1
1563497	1563580	31997	31914	84	84	100.00	4589937	58229	0.00	0.14	NC_030991.1	JH658037.1
1564088	1565207	31914	30795	1120	1120	98.04	4589937	58229	0.02	1.92	NC_030991.1	JH658037.1
1568758	1571636	21730	18842	2879	2889	97.23	4589937	40519	0.06	7.13	NC_030991.1	JH658057.1
1575304	1575907	57855	58449	604	595	89.11	4589937	58640	0.01	1.01	NC_030991.1	KK035233.1
1575967	1578143	28057	30232	2177	2176	87.60	4589937	57708	0.05	3.77	NC_030991.1	JH658038.1
1584682	1586589	243417	245313	1908	1897	94.44	4589937	357253	0.04	0.53	NC_030991.1	JH657946.1
1587240	1589855	245292	247858	2616	2567	93.09	4589937	357253	0.06	0.72	NC_030991.1	JH657946.1
1593730	1594819	11053	9964	1090	1090	98.17	4589937	11053	0.02	9.86	NC_030991.1	JH658185.1
1594857	1594937	3459	3379	81	81	100.00	4589937	3532	0.00	2.29	NC_030991.1	JH658270.1
1596028	1597005	6085	7058	978	974	90.93	4589937	22669	0.02	4.30	NC_030991.1	KK035262.1
1597606	1598521	122183	123109	916	927	89.33	4589937	857877	0.02	0.11	NC_030991.1	JH657931.1
1615372	1616458	15265	16351	1087	1087	97.06	4589937	25158	0.02	4.32	NC_030991.1	JH658106.1
1623423	1624554	32064	30934	1132	1131	97.17	4589937	86016	0.02	1.31	NC_030991.1	JH658011.1
1624802	1625073	5732	5462	272	271	96.32	4589937	87296	0.01	0.31	NC_030991.1	JH658017.1
1626283	1626546	312	576	264	265	90.19	4589937	4207	0.01	6.30	NC_030991.1	KK035492.1
1630551	1630740	9297	9486	190	190	99.47	4589937	22170	0.00	0.86	NC_030991.1	JH658125.1
1631853	1632007	716	870	155	155	94.84	4589937	4207	0.00	3.68	NC_030991.1	KK035492.1
1636526	1636691	29467	29632	166	166	96.99	4589937	45350	0.00	0.37	NC_030991.1	KK035239.1
1637110	1638973	700	2563	1864	1864	98.34	4589937	22048	0.04	8.45	NC_030991.1	JH658128.1
1645591	1646311	15120	14400	721	721	82.94	4589937	87296	0.02	0.83	NC_030991.1	JH658017.1
1650538	1651667	3043	1913	1130	1131	97.61	4589937	8274	0.02	13.67	NC_030991.1	JH658230.1
1652100	1653059	13030	13988	960	959	95.83	4589937	13988	0.02	6.86	NC_030991.1	KK035309.1
1654037	1655594	203	1760	1558	1558	97.75	4589937	1760	0.03	88.52	NC_030991.1	KK035700.1
1655465	1655766	492	793	302	302	97.02	4589937	1666	0.01	18.13	NC_030991.1	KK035727.1
1655765	1656628	21307	22170	864	864	98.03	4589937	22170	0.02	3.90	NC_030991.1	JH658125.1
1668441	1668525	65178	65094	85	85	98.82	4589937	79893	0.00	0.11	NC_030991.1	JH658016.1
1668532	1668708	263	91	177	173	92.09	4589937	9938	0.00	1.74	NC_030991.1	JH658199.1
1668708	1668895	6628	6815	188	188	100.00	4589937	18732	0.00	1.00	NC_030991.1	JH658145.1
1668709	1669763	526	1580	1055	1055	99.53	4589937	7318	0.02	14.42	NC_030991.1	KK035389.1
1671622	1671709	1577	1664	88	88	100.00	4589937	7318	0.00	1.20	NC_030991.1	KK035389.1
1672272	1672864	5612	5020	593	593	95.45	4589937	6006	0.01	9.87	NC_030991.1	JH658244.1
1675490	1675664	69036	69209	175	174	94.86	4589937	75149	0.00	0.23	NC_030991.1	KK035230.1
1681600	1681847	48678	48431	248	248	89.11	4589937	54618	0.01	0.45	NC_030991.1	JH658042.1
1681978	1682269	993	1284	292	292	94.86	4589937	8985	0.01	3.25	NC_030991.1	JH658213.1
1682262	1682356	1	95	95	95	98.95	4589937	1402	0.00	6.78	NC_030991.1	KK035765.1
1688782	1692019	29155	25915	3238	3241	96.89	4589937	30509	0.07	10.62	NC_030991.1	JH658090.1
1692277	1699505	25915	18662	7229	7254	94.81	4589937	30509	0.16	23.78	NC_030991.1	JH658090.1
1703002	1704747	20814	22559	1746	1746	88.67	4589937	33558	0.04	5.20	NC_030991.1	JH658073.1
1705330	1706136	17293	16444	807	850	83.49	4589937	24340	0.02	3.49	NC_030991.1	KK035260.1
1734047	1734526	2836	3315	480	480	95.22	4589937	3315	0.01	14.48	NC_030991.1	KK035544.1
1741642	1741970	53338	53667	329	330	90.61	4589937	66907	0.01	0.49	NC_030991.1	JH658028.1
1745078	1747799	17752	15009	2722	2744	93.53	4589937	31686	0.06	8.66	NC_030991.1	JH658086.1
1751296	1751454	2720	2877	159	158	96.86	4589937	3321	0.00	4.76	NC_030991.1	KK035543.1
1767417	1768488	9026	10083	1072	1058	84.65	4589937	77205	0.02	1.37	NC_030991.1	JH658018.1
1775492	1775596	1	104	105	104	95.24	4589937	1989	0.00	5.23	NC_030991.1	KK035669.1
1779370	1780257	4032	3144	888	889	98.20	4589937	8274	0.02	10.74	NC_030991.1	JH658230.1
1787186	1788213	540	1556	1028	1017	86.91	4589937	4146	0.02	24.53	NC_030991.1	KK035494.1
1794351	1794621	17655	17925	271	271	97.05	4589937	25158	0.01	1.08	NC_030991.1	JH658106.1
1794616	1795347	33497	32762	732	736	91.85	4589937	87296	0.02	0.84	NC_030991.1	JH658017.1
1796914	1797437	8570	8047	524	524	97.90	4589937	15756	0.01	3.33	NC_030991.1	JH658153.1
1804722	1805135	339369	339781	414	413	96.86	4589937	355385	0.01	0.12	NC_030991.1	JH657943.1
1827165	1827555	27009	27399	391	391	99.23	4589937	27399	0.01	1.43	NC_030991.1	JH658098.1
1828650	1829112	55776	55314	463	463	99.14	4589937	58475	0.01	0.79	NC_030991.1	JH658035.1
1834927	1836670	53646	51903	1744	1744	99.48	4589937	58475	0.04	2.98	NC_030991.1	JH658035.1
1837631	1839904	2250	1	2274	2250	96.04	4589937	2563	0.05	87.79	NC_030991.1	KK035606.1
1852474	1852575	1749	1648	102	102	96.08	4589937	14794	0.00	0.69	NC_030991.1	KK035295.1
1867201	1867985	24182	23398	785	785	95.67	4589937	58475	0.02	1.34	NC_030991.1	JH658035.1
1877641	1877821	27304	27484	181	181	92.27	4589937	45350	0.00	0.40	NC_030991.1	KK035239.1
1903330	1903904	4061	4635	575	575	92.87	4589937	10062	0.01	5.71	NC_030991.1	JH658201.1
1919269	1920083	4673	5507	815	835	96.53	4589937	6981	0.02	11.96	NC_030991.1	KK035395.1
1931927	1932131	16673	16877	205	205	99.51	4589937	17083	0.00	1.20	NC_030991.1	KK035283.1
1945272	1945485	29861	30081	214	221	92.31	4589937	30509	0.00	0.72	NC_030991.1	JH658090.1
1951812	1951929	10331	10448	118	118	96.61	4589937	17030	0.00	0.69	NC_030991.1	KK035284.1
1952675	1954067	370	1748	1393	1379	90.19	4589937	5165	0.03	26.70	NC_030991.1	KK035443.1
1963238	1963396	20564	20722	159	159	96.86	4589937	21696	0.00	0.73	NC_030991.1	JH658131.1
1967593	1967813	9781	10002	221	222	90.09	4589937	14385	0.00	1.54	NC_030991.1	KK035306.1
1972308	1975213	6936	4030	2906	2907	98.66	4589937	8274	0.06	35.13	NC_030991.1	JH658230.1
1984822	1985127	9693	9996	306	304	85.16	4589937	17030	0.01	1.79	NC_030991.1	KK035284.1
2019620	2020011	58912	58521	392	392	97.45	4589937	67929	0.01	0.58	NC_030991.1	JH658034.1
2020264	2020925	56847	56186	662	662	96.53	4589937	67929	0.01	0.97	NC_030991.1	JH658034.1
2020944	2021366	14314	13891	423	424	83.29	4589937	21696	0.01	1.95	NC_030991.1	JH658131.1
2021365	2021823	56186	55740	459	447	95.42	4589937	67929	0.01	0.66	NC_030991.1	JH658034.1
2024230	2025177	27008	26061	948	948	97.15	4589937	27399	0.02	3.46	NC_030991.1	JH658098.1
2028591	2029175	3488	2906	585	583	95.73	4589937	3488	0.01	16.71	NC_030991.1	KK035525.1
2046056	2046243	534	345	188	190	90.53	4589937	5520	0.00	3.44	NC_030991.1	JH658259.1
2046243	2052015	16679	10906	5773	5774	99.12	4589937	17083	0.13	33.80	NC_030991.1	KK035283.1
2064977	2065170	1	190	194	190	92.78	4589937	3710	0.00	5.12	NC_030991.1	KK035514.1
2065416	2067195	160871	159092	1780	1780	90.30	4589937	217771	0.04	0.82	NC_030991.1	JH657965.1
2067004	2067210	73438	73644	207	207	84.13	4589937	107600	0.00	0.19	NC_030991.1	JH657992.1
2096178	2097378	6501	5275	1201	1227	85.54	4589937	7550	0.03	16.25	NC_030991.1	KK035380.1
2097856	2099626	4305	2535	1771	1771	91.60	4589937	7550	0.04	23.46	NC_030991.1	KK035380.1
2113424	2113766	1453	1111	343	343	99.71	4589937	1453	0.01	23.61	NC_030991.1	KK035756.1
2127202	2128156	1046	82	955	965	93.49	4589937	26171	0.02	3.69	NC_030991.1	JH658111.1
2131268	2132422	91	1245	1155	1155	96.36	4589937	1245	0.03	92.77	NC_030991.1	KK035791.1
2133634	2137377	18337	14589	3744	3749	94.83	4589937	18337	0.08	20.45	NC_030991.1	KK035277.1
2141736	2141912	336799	336976	177	178	93.26	4589937	357253	0.00	0.05	NC_030991.1	JH657946.1
2143085	2144915	36543	38369	1831	1827	82.68	4589937	86016	0.04	2.12	NC_030991.1	JH658011.1
2146391	2148218	3037	1233	1828	1805	88.43	4589937	4737	0.04	38.10	NC_030991.1	KK035460.1
2172296	2172461	3925	4090	166	166	98.80	4589937	4549	0.00	3.65	NC_030991.1	KK035471.1
2177498	2178912	98868	100282	1415	1415	97.81	4589937	593533	0.03	0.24	NC_030991.1	JH657934.1
2180934	2181918	9904	10890	985	987	92.41	4589937	10893	0.02	9.06	NC_030991.1	JH658202.1
2184162	2187120	50521	47593	2959	2929	92.31	4589937	87296	0.06	3.36	NC_030991.1	JH658017.1
2200708	2201824	165046	166204	1117	1159	88.21	4589937	171404	0.02	0.68	NC_030991.1	JH657978.1
2201826	2202525	4853	4155	700	699	95.00	4589937	27527	0.02	2.54	NC_030991.1	JH658095.1
2202908	2203157	42300	42045	250	256	89.84	4589937	73102	0.01	0.35	NC_030991.1	JH658023.1
2227430	2227980	4874	4315	551	560	85.59	4589937	5498	0.01	10.19	NC_030991.1	KK035437.1
2242868	2242948	14949	14869	81	81	96.30	4589937	191548	0.00	0.04	NC_030991.1	JH657972.1
2260276	2262642	277	2634	2367	2358	94.98	4589937	6348	0.05	37.15	NC_030991.1	KK035408.1
2264829	2265440	15999	16610	612	612	96.90	4589937	38863	0.01	1.57	NC_030991.1	JH658058.1
2286551	2288555	6876	8884	2005	2009	87.62	4589937	13972	0.04	14.38	NC_030991.1	KK035310.1
2294402	2295155	256697	257433	754	737	83.60	4589937	293070	0.02	0.25	NC_030991.1	JH657951.1
2297555	2298884	1	1330	1330	1330	97.75	4589937	3728	0.03	35.68	NC_030991.1	KK035513.1
2303935	2305618	1	1691	1684	1691	88.03	4589937	1691	0.04	100.00	NC_030991.1	KK035720.1
2328342	2329948	4760	3136	1607	1625	87.88	4589937	4762	0.04	34.12	NC_030991.1	KK035459.1
2330682	2332482	2281	482	1801	1800	87.53	4589937	4762	0.04	37.80	NC_030991.1	KK035459.1
2359803	2366194	75680	69283	6392	6398	99.27	4589937	87225	0.14	7.34	NC_030991.1	JH658008.1
2366191	2370227	69124	65071	4037	4054	98.22	4589937	87225	0.09	4.65	NC_030991.1	JH658008.1
2402073	2402570	6327	6822	498	496	90.64	4589937	14572	0.01	3.40	NC_030991.1	KK035303.1
2402690	2403250	6839	7404	561	566	87.50	4589937	14572	0.01	3.88	NC_030991.1	KK035303.1
2403246	2409816	7783	14360	6571	6578	90.97	4589937	14572	0.14	45.14	NC_030991.1	KK035303.1
2443975	2445916	13007	14940	1942	1934	84.16	4589937	26636	0.04	7.26	NC_030991.1	JH658099.1
2448092	2449123	2969	3993	1032	1025	95.74	4589937	8419	0.02	12.17	NC_030991.1	JH658219.1
2467306	2467510	895	691	205	205	90.24	4589937	12418	0.00	1.65	NC_030991.1	KK035319.1
2476316	2476411	53469	53374	96	96	96.88	4589937	77205	0.00	0.12	NC_030991.1	JH658018.1
2483822	2484251	45030	45470	430	441	83.45	4589937	120035	0.01	0.37	NC_030991.1	JH657986.1
2488628	2490172	4678	3134	1545	1545	98.96	4589937	6981	0.03	22.13	NC_030991.1	KK035395.1
2500587	2502428	5156	3314	1842	1843	98.37	4589937	14960	0.04	12.32	NC_030991.1	JH658170.1
2510460	2510918	1988	2447	459	460	94.58	4589937	33835	0.01	1.36	NC_030991.1	JH658084.1
2514425	2514890	3246	2784	466	463	94.46	4589937	3501	0.01	13.22	NC_030991.1	KK035528.1
2598398	2599436	9261	8222	1039	1040	95.00	4589937	9530	0.02	10.91	NC_030991.1	KK035349.1
2618104	2620006	6416	8314	1903	1899	92.71	4589937	40292	0.04	4.71	NC_030991.1	JH658054.1
2622547	2622988	38223	38663	442	441	98.19	4589937	45501	0.01	0.97	NC_030991.1	JH658052.1
2647468	2649218	23444	25194	1751	1751	99.26	4589937	25194	0.04	6.95	NC_030991.1	JH658105.1
2653525	2653732	93421	93214	208	208	98.56	4589937	1129237	0.00	0.02	NC_030991.1	JH657927.1
2653758	2653889	56345	56214	132	132	99.24	4589937	74742	0.00	0.18	NC_030991.1	JH658021.1
2653760	2655719	1964	1	1960	1964	84.87	4589937	20552	0.04	9.56	NC_030991.1	JH658155.1
2660195	2660317	93211	93089	123	123	99.19	4589937	1129237	0.00	0.01	NC_030991.1	JH657927.1
2664140	2665888	18320	16565	1749	1756	85.19	4589937	88241	0.04	1.99	NC_030991.1	JH658007.1
2679234	2682408	19499	16326	3175	3174	96.91	4589937	87296	0.07	3.64	NC_030991.1	JH658017.1
2685588	2686414	6893	6063	827	831	95.69	4589937	11433	0.02	7.27	NC_030991.1	JH658184.1
2686527	2687921	17404	16013	1395	1392	90.08	4589937	67929	0.03	2.05	NC_030991.1	JH658034.1
2698201	2698453	3244	3496	253	253	88.14	4589937	4498	0.01	5.62	NC_030991.1	KK035473.1
2730521	2733059	2543	1	2539	2543	98.35	4589937	2543	0.06	100.00	NC_030991.1	KK035609.1
2737411	2737723	1	312	313	312	96.17	4589937	4873	0.01	6.40	NC_030991.1	KK035456.1
2762818	2765626	11024	13819	2809	2796	93.71	4589937	36695	0.06	7.62	NC_030991.1	JH658068.1
2771749	2772852	23101	24201	1104	1101	98.73	4589937	36695	0.02	3.00	NC_030991.1	JH658068.1
2771751	2777604	22903	17045	5854	5859	98.19	4589937	29572	0.13	19.81	NC_030991.1	JH658117.1
2780218	2781480	17053	15855	1263	1199	93.75	4589937	29572	0.03	4.05	NC_030991.1	JH658117.1
2852151	2852445	8288	8588	295	301	95.70	4589937	36287	0.01	0.83	NC_030991.1	JH658071.1
2860345	2863988	70815	67185	3644	3631	95.43	4589937	102212	0.08	3.55	NC_030991.1	JH657995.1
2864154	2866282	20322	22452	2129	2131	97.05	4589937	36287	0.05	5.87	NC_030991.1	JH658071.1
2866671	2867654	22449	23422	984	974	93.96	4589937	36287	0.02	2.68	NC_030991.1	JH658071.1
2867560	2869740	23523	25704	2181	2182	96.16	4589937	36287	0.05	6.01	NC_030991.1	JH658071.1
2870499	2876793	25696	31997	6295	6302	93.47	4589937	36287	0.14	17.37	NC_030991.1	JH658071.1
2879784	2887823	73102	65038	8040	8065	91.71	4589937	73102	0.18	11.03	NC_030991.1	JH658023.1
2904424	2904927	25702	25199	504	504	94.65	4589937	60600	0.01	0.83	NC_030991.1	JH658036.1
2916562	2919887	37013	33638	3326	3376	92.81	4589937	73102	0.07	4.62	NC_030991.1	JH658023.1
2924736	2927509	16965	14197	2774	2769	93.52	4589937	102212	0.06	2.71	NC_030991.1	JH657995.1
2930559	2931877	30681	29386	1319	1296	92.57	4589937	73102	0.03	1.77	NC_030991.1	JH658023.1
2933558	2935758	9391	7205	2201	2187	87.83	4589937	102212	0.05	2.14	NC_030991.1	JH657995.1
2940432	2945315	1	4954	4884	4954	97.50	4589937	10039	0.11	49.35	NC_030991.1	KK035344.1
3023904	3025726	5295	7118	1823	1824	97.48	4589937	16942	0.04	10.77	NC_030991.1	JH658149.1
3024017	3030131	35239	29125	6115	6115	96.72	4589937	60600	0.13	10.09	NC_030991.1	JH658036.1
3032884	3036738	12546	16405	3855	3860	99.59	4589937	16942	0.08	22.78	NC_030991.1	JH658149.1
3036517	3038106	37678	39261	1590	1584	89.85	4589937	111555	0.03	1.42	NC_030991.1	JH657991.1
3038177	3038661	1977	1494	485	484	97.94	4589937	2127	0.01	22.76	NC_030991.1	KK035645.1
3038659	3039934	1460	185	1276	1276	98.98	4589937	2127	0.03	59.99	NC_030991.1	KK035645.1
3057129	3057671	4378	3839	543	540	88.03	4589937	73102	0.01	0.74	NC_030991.1	JH658023.1
3142358	3142983	34933	34309	626	625	87.70	4589937	87296	0.01	0.72	NC_030991.1	JH658017.1
3147011	3147677	1	667	667	667	97.60	4589937	15983	0.01	4.17	NC_030991.1	JH658161.1
3151984	3152063	10931	10852	80	80	100.00	4589937	10936	0.00	0.73	NC_030991.1	JH658187.1
3161396	3163459	14115	16177	2064	2063	99.03	4589937	16349	0.04	12.62	NC_030991.1	JH658169.1
3185411	3185609	3303	3501	199	199	99.50	4589937	3501	0.00	5.68	NC_030991.1	KK035528.1
3189061	3189522	10049	9587	462	463	97.41	4589937	58229	0.01	0.80	NC_030991.1	JH658037.1
3190015	3191615	3171	1573	1601	1599	93.12	4589937	4650	0.03	34.39	NC_030991.1	KK035464.1
3191741	3192100	1298	944	360	355	91.94	4589937	4650	0.01	7.63	NC_030991.1	KK035464.1
3291024	3291317	12099	12401	294	303	88.85	4589937	16942	0.01	1.79	NC_030991.1	JH658149.1
3316505	3317484	3328	2350	980	979	91.06	4589937	73102	0.02	1.34	NC_030991.1	JH658023.1
3325847	3326648	74237	75015	802	779	86.41	4589937	111555	0.02	0.70	NC_030991.1	JH657991.1
3370362	3375486	84313	89445	5125	5133	97.51	4589937	89445	0.11	5.74	NC_030991.1	JH658009.1
3376063	3377950	2477	4344	1888	1868	97.30	4589937	7080	0.04	26.38	NC_030991.1	JH658234.1
3378059	3386433	8376	1	8375	8376	99.18	4589937	8537	0.18	98.11	NC_030991.1	KK035361.1
3421588	3422532	1807	865	945	943	93.76	4589937	4029	0.02	23.41	NC_030991.1	KK035498.1
3434546	3435723	5877	4701	1178	1177	98.81	4589937	9736	0.03	12.09	NC_030991.1	JH658204.1
3459598	3459665	1634	1567	68	68	100.00	4589937	5447	0.00	1.25	NC_030991.1	JH658266.1
3470211	3470276	21770	21835	66	66	100.00	4589937	60600	0.00	0.11	NC_030991.1	JH658036.1
3478219	3481932	16145	12420	3714	3726	96.65	4589937	89445	0.08	4.17	NC_030991.1	JH658009.1
3482693	3491305	12424	3847	8613	8578	96.72	4589937	89445	0.19	9.59	NC_030991.1	JH658009.1
3491352	3491585	3849	3616	234	234	99.15	4589937	89445	0.01	0.26	NC_030991.1	JH658009.1
3502183	3502405	21856	22078	223	223	81.30	4589937	60600	0.00	0.37	NC_030991.1	JH658036.1
3506933	3507796	21175	20295	864	881	95.69	4589937	21774	0.02	4.05	NC_030991.1	JH658121.1
3507846	3508875	20117	19095	1030	1023	96.50	4589937	21774	0.02	4.70	NC_030991.1	JH658121.1
3636795	3637481	27811	27123	687	689	88.29	4589937	75149	0.01	0.92	NC_030991.1	KK035230.1
3642213	3643764	39311	37773	1552	1539	94.91	4589937	73370	0.03	2.10	NC_030991.1	JH658022.1
3746933	3747141	46080	46289	209	210	89.10	4589937	55790	0.00	0.38	NC_030991.1	JH658044.1
3779792	3780186	6341	6735	395	395	92.91	4589937	36695	0.01	1.08	NC_030991.1	JH658068.1
3803023	3806623	15567	11966	3601	3602	97.09	4589937	32956	0.08	10.93	NC_030991.1	JH658092.1
3831453	3831539	286	200	87	87	100.00	4589937	4687	0.00	1.86	NC_030991.1	KK035462.1
3831568	3831979	16033	16443	412	411	88.83	4589937	88241	0.01	0.47	NC_030991.1	JH658007.1
3831977	3832511	25015	24481	535	535	98.88	4589937	246957	0.01	0.22	NC_030991.1	JH657957.1
3850085	3852290	10691	8486	2206	2206	96.47	4589937	27702	0.05	7.96	NC_030991.1	KK035255.1
3857339	3857452	34583	34697	114	115	97.39	4589937	89445	0.00	0.13	NC_030991.1	JH658009.1
3858107	3859535	34684	36188	1429	1505	91.03	4589937	89445	0.03	1.68	NC_030991.1	JH658009.1
3862089	3863694	36661	38321	1606	1661	88.74	4589937	89445	0.03	1.86	NC_030991.1	JH658009.1
3893790	3894009	22621	22405	220	217	92.27	4589937	27702	0.00	0.78	NC_030991.1	KK035255.1
3902408	3904128	11418	9698	1721	1721	99.59	4589937	19609	0.04	8.78	NC_030991.1	JH658136.1
3904281	3904425	9704	9560	145	145	99.31	4589937	19609	0.00	0.74	NC_030991.1	JH658136.1
3907499	3907657	1736	1893	159	158	97.48	4589937	61992	0.00	0.25	NC_030991.1	JH658031.1
3908056	3908959	1088	2035	904	948	93.14	4589937	19609	0.02	4.83	NC_030991.1	JH658136.1
3920418	3921245	24662	25510	828	849	87.75	4589937	30123	0.02	2.82	NC_030991.1	JH658088.1
3922774	3923939	16061	17223	1166	1163	85.93	4589937	73370	0.03	1.59	NC_030991.1	JH658022.1
3924463	3924613	56868	57018	151	151	88.74	4589937	79820	0.00	0.19	NC_030991.1	JH658019.1
3933651	3934432	1471	690	782	782	95.91	4589937	1640	0.02	47.68	NC_030991.1	KK035731.1
3935759	3938544	85541	82751	2786	2791	88.01	4589937	113886	0.06	2.45	NC_030991.1	JH657990.1
3943106	3943370	3464	3728	265	265	93.21	4589937	10198	0.01	2.60	NC_030991.1	JH658200.1
3944980	3945094	115	1	115	115	95.65	4589937	1093	0.00	10.52	NC_030991.1	KK035832.1
3953764	3956233	2470	1	2470	2470	90.45	4589937	3519	0.05	70.19	NC_030991.1	KK035527.1
3957260	3958587	1	1329	1328	1329	96.91	4589937	9147	0.03	14.53	NC_030991.1	KK035352.1
3963395	3963796	1	402	402	402	98.26	4589937	3731	0.01	10.77	NC_030991.1	KK035509.1
3984942	3985292	351	1	351	351	96.30	4589937	355385	0.01	0.10	NC_030991.1	JH657943.1
3989616	3989811	63879	63684	196	196	95.92	4589937	63879	0.00	0.31	NC_030991.1	JH658030.1
3990001	3990226	326	101	226	226	90.71	4589937	2056	0.00	10.99	NC_030991.1	KK035658.1
4029395	4030208	31859	32673	814	815	91.55	4589937	42973	0.02	1.90	NC_030991.1	JH658050.1
4030247	4033406	32786	35952	3160	3167	97.25	4589937	42973	0.07	7.37	NC_030991.1	JH658050.1
4032948	4034813	568	2411	1866	1844	96.36	4589937	2412	0.04	76.45	NC_030991.1	KK035619.1
4033579	4036122	36072	38641	2544	2570	93.43	4589937	42973	0.06	5.98	NC_030991.1	JH658050.1
4036121	4036375	40503	40757	255	255	98.04	4589937	42973	0.01	0.59	NC_030991.1	JH658050.1
4041274	4043494	40753	42973	2221	2221	99.41	4589937	42973	0.05	5.17	NC_030991.1	JH658050.1
4044826	4046050	1	1225	1225	1225	98.45	4589937	1225	0.03	100.00	NC_030991.1	KK035800.1
4046953	4049580	1	2628	2628	2628	99.58	4589937	2628	0.06	100.00	NC_030991.1	KK035603.1
4061534	4062405	2556	1685	872	872	97.36	4589937	2556	0.02	34.12	NC_030991.1	KK035607.1
4062891	4063282	2690	2294	392	397	89.17	4589937	2690	0.01	14.76	NC_030991.1	KK035599.1
4063956	4066249	2293	1	2294	2293	98.04	4589937	2690	0.05	85.24	NC_030991.1	KK035599.1
4064186	4066278	33523	35615	2093	2093	89.26	4589937	40519	0.05	5.17	NC_030991.1	JH658057.1
4068951	4071397	1	2498	2447	2498	93.16	4589937	2498	0.05	100.00	NC_030991.1	KK035613.1
4071394	4074276	1	2880	2883	2880	96.08	4589937	2880	0.06	100.00	NC_030991.1	KK035578.1
4087175	4088322	1	1145	1148	1145	94.34	4589937	1341	0.03	85.38	NC_030991.1	KK035766.1
4088936	4090136	1255	1	1201	1255	92.21	4589937	1403	0.03	89.45	NC_030991.1	KK035764.1
4091581	4094553	4400	1430	2973	2971	97.07	4589937	5573	0.06	53.31	NC_030991.1	KK035438.1
4093447	4096501	5488	2368	3055	3121	89.47	4589937	5488	0.07	56.87	NC_030991.1	KK035440.1
4097214	4097608	2209	1815	395	395	92.15	4589937	5488	0.01	7.20	NC_030991.1	KK035440.1
4099989	4100394	417	10	406	408	92.93	4589937	5488	0.01	7.43	NC_030991.1	KK035440.1
4109309	4109623	10366	10692	315	327	95.11	4589937	10695	0.01	3.06	NC_030991.1	JH658189.1
4119748	4124403	6942	2302	4656	4641	95.11	4589937	9035	0.10	51.37	NC_030991.1	KK035356.1
4126530	4137573	14051	3015	11044	11037	96.51	4589937	14287	0.24	77.25	NC_030991.1	KK035307.1
4137573	4139916	2419	74	2344	2346	98.34	4589937	14287	0.05	16.42	NC_030991.1	KK035307.1
4142395	4145604	154	3375	3210	3222	95.30	4589937	3433	0.07	93.85	NC_030991.1	KK035534.1
4145614	4148208	2646	1	2595	2646	95.55	4589937	2647	0.06	99.96	NC_030991.1	KK035600.1
4176004	4176719	2219	1501	716	719	85.71	4589937	2725	0.02	26.39	NC_030991.1	KK035589.1
4179088	4180278	1173	1	1191	1173	95.25	4589937	1173	0.03	100.00	NC_030991.1	KK035806.1
4180918	4182310	1	1337	1393	1337	93.11	4589937	2725	0.03	49.06	NC_030991.1	KK035589.1
4187184	4187477	3223	2929	294	295	97.97	4589937	4991	0.01	5.91	NC_030991.1	JH658262.1
4187476	4190032	2558	1	2557	2558	98.24	4589937	4991	0.06	51.25	NC_030991.1	JH658262.1
4191450	4198128	11733	5079	6679	6655	97.17	4589937	11733	0.15	56.72	NC_030991.1	JH658191.1
4199503	4204481	4978	1	4979	4978	99.00	4589937	11733	0.11	42.43	NC_030991.1	JH658191.1
4206187	4206380	1041	1234	194	194	94.85	4589937	7542	0.00	2.57	NC_030991.1	KK035379.1
4214874	4220918	8062	2004	6045	6059	97.31	4589937	8155	0.13	74.30	NC_030991.1	KK035365.1
4221321	4223338	2005	1	2018	2005	95.29	4589937	8155	0.04	24.59	NC_030991.1	KK035365.1
4228972	4232696	7277	11031	3725	3755	96.23	4589937	11031	0.08	34.04	NC_030991.1	KK035331.1
4254797	4254986	5596	5785	190	190	99.47	4589937	11433	0.00	1.66	NC_030991.1	JH658184.1
4255456	4257549	5150	3055	2094	2096	96.53	4589937	7162	0.05	29.27	NC_030991.1	JH658255.1
4257455	4258605	2954	1804	1151	1151	98.09	4589937	7162	0.03	16.07	NC_030991.1	JH658255.1
4258607	4258950	1762	1419	344	344	95.93	4589937	1762	0.01	19.52	NC_030991.1	KK035697.1
4258670	4259040	1342	972	371	371	91.94	4589937	7162	0.01	5.18	NC_030991.1	JH658255.1
4262134	4262314	26675	26495	181	181	98.34	4589937	59947	0.00	0.30	NC_030991.1	JH658032.1
4262135	4263096	24559	23598	962	962	96.16	4589937	159806	0.02	0.60	NC_030991.1	JH657982.1
4263440	4263626	22702	22888	187	187	100.00	4589937	58475	0.00	0.32	NC_030991.1	JH658035.1
4269430	4269889	998	1466	460	469	90.64	4589937	5447	0.01	8.61	NC_030991.1	JH658266.1
4270029	4271386	1	1355	1358	1355	98.97	4589937	8603	0.03	15.75	NC_030991.1	JH658220.1
4272322	4273164	2280	3123	843	844	97.99	4589937	8603	0.02	9.81	NC_030991.1	JH658220.1
4273775	4278450	3966	8603	4676	4638	92.99	4589937	8603	0.10	53.91	NC_030991.1	JH658220.1
4280216	4282232	7162	5136	2017	2027	98.32	4589937	7162	0.04	28.30	NC_030991.1	JH658255.1
4284487	4284636	150	1	150	150	99.33	4589937	29423	0.00	0.51	NC_030991.1	JH658094.1
4287055	4287765	718	1	711	718	94.45	4589937	1762	0.02	40.75	NC_030991.1	KK035697.1
4292661	4294979	1	2319	2319	2319	98.23	4589937	3131	0.05	74.07	NC_030991.1	KK035553.1
4301419	4308242	11697	4800	6824	6898	96.48	4589937	15159	0.15	45.50	NC_030991.1	JH658168.1
4309573	4310401	4699	3844	829	856	83.26	4589937	15159	0.02	5.65	NC_030991.1	JH658168.1
4310814	4311297	774	297	484	478	87.81	4589937	15159	0.01	3.15	NC_030991.1	JH658168.1
4311835	4318139	6508	204	6305	6305	93.37	4589937	7035	0.14	89.62	NC_030991.1	KK035396.1
4318294	4318415	204	83	122	122	95.90	4589937	7035	0.00	1.73	NC_030991.1	KK035396.1
4318409	4319565	1167	2	1157	1166	94.78	4589937	1339	0.03	87.08	NC_030991.1	KK035774.1
4319208	4321609	1096	3499	2402	2404	94.80	4589937	4745	0.05	50.66	NC_030991.1	JH658258.1
4321610	4322081	4002	4473	472	472	98.94	4589937	4745	0.01	9.95	NC_030991.1	JH658258.1
4323270	4326664	6273	2866	3395	3408	90.94	4589937	6273	0.07	54.33	NC_030991.1	JH658235.1
4326615	4328535	1886	1	1921	1886	95.63	4589937	6273	0.04	30.07	NC_030991.1	JH658235.1
4333102	4333998	32956	32060	897	897	99.33	4589937	32956	0.02	2.72	NC_030991.1	JH658092.1
4334638	4335260	31678	31056	623	623	97.43	4589937	32956	0.01	1.89	NC_030991.1	JH658092.1
4336448	4337371	28954	28031	924	924	98.92	4589937	32956	0.02	2.80	NC_030991.1	JH658092.1
4337369	4338448	27991	26912	1080	1080	99.63	4589937	32956	0.02	3.28	NC_030991.1	JH658092.1
4338450	4340796	26811	24476	2347	2336	96.48	4589937	32956	0.05	7.09	NC_030991.1	JH658092.1
4340991	4342019	21385	20360	1029	1026	98.15	4589937	32956	0.02	3.11	NC_030991.1	JH658092.1
4342376	4343962	20259	18701	1587	1559	93.02	4589937	32956	0.03	4.73	NC_030991.1	JH658092.1
4350846	4352420	7986	6468	1575	1519	93.27	4589937	32956	0.03	4.61	NC_030991.1	JH658092.1
4357343	4359115	1776	1	1773	1776	96.62	4589937	32956	0.04	5.39	NC_030991.1	JH658092.1
4362530	4364076	12799	14345	1547	1547	94.51	4589937	29423	0.03	5.26	NC_030991.1	JH658094.1
4367846	4369180	25907	27241	1335	1335	98.50	4589937	27360	0.03	4.88	NC_030991.1	JH658101.1
4398759	4399121	27459	27821	363	363	98.90	4589937	27821	0.01	1.30	NC_030991.1	KK035254.1
4403843	4404099	2086	1829	257	258	97.29	4589937	2086	0.01	12.37	NC_030991.1	KK035652.1
4420458	4421132	16932	16264	675	669	93.33	4589937	27702	0.01	2.41	NC_030991.1	KK035255.1
4421825	4423527	23184	24883	1703	1700	86.67	4589937	34555	0.04	4.92	NC_030991.1	JH658070.1
4424820	4425233	683	1097	414	415	93.73	4589937	19609	0.01	2.12	NC_030991.1	JH658136.1
4424839	4425837	41913	42916	999	1004	93.63	4589937	171404	0.02	0.59	NC_030991.1	JH657978.1
4431850	4432765	2353	3271	916	919	89.89	4589937	73370	0.02	1.25	NC_030991.1	JH658022.1
4442002	4442450	10709	11157	449	449	99.78	4589937	209433	0.01	0.21	NC_030991.1	JH657967.1
4447786	4448954	27471	28638	1169	1168	94.02	4589937	55028	0.03	2.12	NC_030991.1	JH658040.1
4460194	4460272	349578	349656	79	79	98.73	4589937	357253	0.00	0.02	NC_030991.1	JH657946.1
4464587	4465371	29080	29864	785	785	93.65	4589937	32432	0.02	2.42	NC_030991.1	JH658103.1
4464636	4465817	20082	21255	1182	1174	93.32	4589937	21255	0.03	5.52	NC_030991.1	JH658129.1
4469966	4470540	26009	25435	575	575	86.98	4589937	33158	0.01	1.73	NC_030991.1	JH658076.1
4471654	4471896	7503	7745	243	243	99.18	4589937	21495	0.01	1.13	NC_030991.1	JH658138.1
4475272	4476844	13066	11494	1573	1573	94.85	4589937	15005	0.03	10.48	NC_030991.1	JH658157.1
4491709	4491780	2	73	72	72	100.00	4589937	14287	0.00	0.50	NC_030991.1	KK035307.1
4491807	4492922	15087	16200	1116	1114	96.77	4589937	20702	0.02	5.38	NC_030991.1	JH658133.1
4497925	4498116	27527	27337	192	191	97.40	4589937	27527	0.00	0.69	NC_030991.1	JH658095.1
4505476	4506197	22494	23219	722	726	91.87	4589937	32956	0.02	2.20	NC_030991.1	JH658092.1
4514954	4515203	549	798	250	250	85.26	4589937	5635	0.01	4.44	NC_030991.1	KK035436.1
4515932	4520567	6031	1376	4636	4656	97.40	4589937	6031	0.10	77.20	NC_030991.1	KK035421.1
4524609	4524765	2841	2685	157	157	100.00	4589937	7172	0.00	2.19	NC_030991.1	JH658231.1
4529961	4530168	2689	2482	208	208	99.52	4589937	7172	0.00	2.90	NC_030991.1	JH658231.1
4529967	4531487	7563	9083	1521	1521	97.76	4589937	11767	0.03	12.93	NC_030991.1	JH658188.1
4531483	4532239	2853	3607	757	755	96.83	4589937	3607	0.02	20.93	NC_030991.1	KK035518.1
4535604	4538831	10522	7298	3228	3225	92.52	4589937	15983	0.07	20.18	NC_030991.1	JH658161.1
4540000	4541167	159	1324	1168	1166	93.58	4589937	15005	0.03	7.77	NC_030991.1	JH658157.1
4543180	4543424	20197	20443	245	247	89.88	4589937	36326	0.01	0.68	NC_030991.1	JH658065.1
4543182	4543436	1091050	1091307	255	258	88.76	4589937	1211435	0.01	0.02	NC_030991.1	JH657925.1
4546047	4546372	1975	1649	326	327	90.21	4589937	2331	0.01	14.03	NC_030991.1	KK035628.1
4546460	4548033	1649	67	1574	1583	90.16	4589937	2331	0.03	67.91	NC_030991.1	KK035628.1
4575605	4575998	9582	9188	394	395	90.66	4589937	9788	0.01	4.04	NC_030991.1	KK035347.1
4576012	4576377	13034	12668	366	367	91.03	4589937	22048	0.01	1.66	NC_030991.1	JH658128.1
4580827	4582101	5483	6747	1275	1265	96.86	4589937	9991	0.03	12.66	NC_030991.1	JH658205.1
5172	6404	8522	9766	1233	1245	91.77	4347182	32478	0.03	3.83	NC_030992.1	JH658077.1
10574	11771	32598	33795	1198	1198	96.49	4347182	579230	0.03	0.21	NC_030992.1	JH657935.1
12257	17923	50310	55976	5667	5667	97.50	4347182	579230	0.13	0.98	NC_030992.1	JH657935.1
17921	20412	57793	60296	2492	2504	96.49	4347182	579230	0.06	0.43	NC_030992.1	JH657935.1
20419	20611	242132	241937	193	196	88.78	4347182	357253	0.00	0.05	NC_030992.1	JH657946.1
20678	21514	68257	69091	837	835	97.97	4347182	579230	0.02	0.14	NC_030992.1	JH657935.1
21513	25896	70907	75299	4384	4393	96.00	4347182	579230	0.10	0.76	NC_030992.1	JH657935.1
26333	31516	75327	80506	5184	5180	97.72	4347182	579230	0.12	0.89	NC_030992.1	JH657935.1
33362	35822	80504	82992	2461	2489	96.27	4347182	579230	0.06	0.43	NC_030992.1	JH657935.1
35818	54573	83073	101818	18756	18746	97.15	4347182	579230	0.43	3.24	NC_030992.1	JH657935.1
57890	68402	101817	112359	10513	10543	96.63	4347182	579230	0.24	1.82	NC_030992.1	JH657935.1
68401	79458	121644	132708	11058	11065	97.14	4347182	579230	0.25	1.91	NC_030992.1	JH657935.1
81507	91056	133637	143181	9550	9545	94.87	4347182	579230	0.22	1.65	NC_030992.1	JH657935.1
91056	95881	143361	148187	4826	4827	96.90	4347182	579230	0.11	0.83	NC_030992.1	JH657935.1
95880	98505	150019	152638	2626	2620	96.84	4347182	579230	0.06	0.45	NC_030992.1	JH657935.1
99158	101728	152624	155196	2571	2573	97.09	4347182	579230	0.06	0.44	NC_030992.1	JH657935.1
101897	114470	155304	167878	12574	12575	97.75	4347182	579230	0.29	2.17	NC_030992.1	JH657935.1
114635	133181	168026	186596	18547	18571	95.72	4347182	579230	0.43	3.21	NC_030992.1	JH657935.1
133468	145766	186921	199316	12299	12396	95.35	4347182	579230	0.28	2.14	NC_030992.1	JH657935.1
146191	153627	199618	207050	7437	7433	97.42	4347182	579230	0.17	1.28	NC_030992.1	JH657935.1
156514	167521	207043	218047	11008	11005	97.44	4347182	579230	0.25	1.90	NC_030992.1	JH657935.1
170980	171431	221494	221942	452	449	96.02	4347182	579230	0.01	0.08	NC_030992.1	JH657935.1
178690	178833	6960	7099	144	140	89.58	4347182	21118	0.00	0.66	NC_030992.1	JH658130.1
178828	179002	293340	293515	175	176	94.35	4347182	357253	0.00	0.05	NC_030992.1	JH657946.1
181179	181605	194526	194952	427	427	88.81	4347182	202139	0.01	0.21	NC_030992.1	JH657970.1
181613	182001	2435	2823	389	389	92.03	4347182	181406	0.01	0.21	NC_030992.1	JH657976.1
182296	182578	80201	79919	283	283	82.75	4347182	99969	0.01	0.28	NC_030992.1	JH657996.1
183394	183768	750	1124	375	375	87.80	4347182	1390015	0.01	0.03	NC_030992.1	JH657922.1
183790	205499	225832	247535	21710	21704	97.44	4347182	579230	0.50	3.75	NC_030992.1	JH657935.1
206063	206974	248035	248947	912	913	98.03	4347182	579230	0.02	0.16	NC_030992.1	JH657935.1
206973	209228	249386	251656	2256	2271	95.95	4347182	579230	0.05	0.39	NC_030992.1	JH657935.1
213672	219901	256117	262379	6230	6263	96.12	4347182	579230	0.14	1.08	NC_030992.1	JH657935.1
220025	226019	262394	268299	5995	5906	95.83	4347182	579230	0.14	1.02	NC_030992.1	JH657935.1
226379	226523	41907	42047	145	141	93.10	4347182	98198	0.00	0.14	NC_030992.1	JH658004.1
229551	229970	10796	10375	420	422	89.34	4347182	120035	0.01	0.35	NC_030992.1	JH657986.1
229557	230483	33785	34708	927	924	87.25	4347182	36572	0.02	2.53	NC_030992.1	JH658085.1
231302	232425	1220	97	1124	1124	89.17	4347182	1250108	0.03	0.09	NC_030992.1	JH657923.1
232511	235101	268308	270889	2591	2582	94.07	4347182	579230	0.06	0.45	NC_030992.1	JH657935.1
237271	237898	272641	273268	628	628	93.47	4347182	579230	0.01	0.11	NC_030992.1	JH657935.1
238905	239853	273613	274585	949	973	85.93	4347182	579230	0.02	0.17	NC_030992.1	JH657935.1
239892	241340	274969	276413	1449	1445	89.39	4347182	579230	0.03	0.25	NC_030992.1	JH657935.1
247279	271045	278178	301968	23767	23791	97.87	4347182	579230	0.55	4.11	NC_030992.1	JH657935.1
271200	271741	301966	302506	542	541	92.80	4347182	579230	0.01	0.09	NC_030992.1	JH657935.1
272177	283313	303369	314463	11137	11095	96.62	4347182	579230	0.26	1.92	NC_030992.1	JH657935.1
283303	288974	315798	321469	5672	5672	96.92	4347182	579230	0.13	0.98	NC_030992.1	JH657935.1
289482	291224	321457	323200	1743	1744	97.99	4347182	579230	0.04	0.30	NC_030992.1	JH657935.1
291225	292056	324582	325414	832	833	98.32	4347182	579230	0.02	0.14	NC_030992.1	JH657935.1
298269	342356	325412	369393	44088	43982	96.50	4347182	579230	1.01	7.59	NC_030992.1	JH657935.1
346393	346743	369420	369770	351	351	95.16	4347182	579230	0.01	0.06	NC_030992.1	JH657935.1
348116	352810	369769	374439	4695	4671	95.06	4347182	579230	0.11	0.81	NC_030992.1	JH657935.1
352816	353449	374827	375460	634	634	94.48	4347182	579230	0.01	0.11	NC_030992.1	JH657935.1
359819	362228	381322	383722	2410	2401	96.48	4347182	579230	0.06	0.41	NC_030992.1	JH657935.1
373926	418544	383968	428592	44619	44625	96.76	4347182	579230	1.03	7.70	NC_030992.1	JH657935.1
418544	428139	453798	463399	9596	9602	96.76	4347182	579230	0.22	1.66	NC_030992.1	JH657935.1
428140	430151	469387	471399	2012	2013	98.01	4347182	579230	0.05	0.35	NC_030992.1	JH657935.1
430146	457131	471849	498815	26986	26967	97.83	4347182	579230	0.62	4.66	NC_030992.1	JH657935.1
457130	464684	499478	507028	7555	7551	97.80	4347182	579230	0.17	1.30	NC_030992.1	JH657935.1
464683	466105	510183	511604	1423	1422	97.96	4347182	579230	0.03	0.25	NC_030992.1	JH657935.1
466102	467633	511939	513471	1532	1533	98.43	4347182	579230	0.04	0.26	NC_030992.1	JH657935.1
467846	476793	513573	522513	8948	8941	97.29	4347182	579230	0.21	1.54	NC_030992.1	JH657935.1
483859	487351	529532	533019	3493	3488	90.40	4347182	579230	0.08	0.60	NC_030992.1	JH657935.1
488637	489830	534925	536116	1194	1192	82.89	4347182	579230	0.03	0.21	NC_030992.1	JH657935.1
491596	491750	537860	538014	155	155	85.26	4347182	579230	0.00	0.03	NC_030992.1	JH657935.1
494637	495694	538005	539062	1058	1058	96.69	4347182	579230	0.02	0.18	NC_030992.1	JH657935.1
496351	497279	539816	540746	929	931	88.46	4347182	579230	0.02	0.16	NC_030992.1	JH657935.1
498237	513124	541029	555935	14888	14907	96.95	4347182	579230	0.34	2.57	NC_030992.1	JH657935.1
513794	518125	555922	560249	4332	4328	96.93	4347182	579230	0.10	0.75	NC_030992.1	JH657935.1
518159	536886	560247	579015	18728	18769	95.70	4347182	579230	0.43	3.24	NC_030992.1	JH657935.1
536879	537667	81	867	789	787	91.13	4347182	246006	0.02	0.32	NC_030992.1	JH657960.1
538140	539007	1369	2239	868	871	79.47	4347182	246006	0.02	0.35	NC_030992.1	JH657960.1
542757	543300	4815	5358	544	544	93.39	4347182	246006	0.01	0.22	NC_030992.1	JH657960.1
543558	547534	5459	9440	3977	3982	98.24	4347182	246006	0.09	1.62	NC_030992.1	JH657960.1
547534	551169	9541	13175	3636	3635	97.63	4347182	246006	0.08	1.48	NC_030992.1	JH657960.1
551162	567680	13591	30148	16519	16558	97.54	4347182	246006	0.38	6.73	NC_030992.1	JH657960.1
567682	574586	30741	37639	6905	6899	98.06	4347182	246006	0.16	2.80	NC_030992.1	JH657960.1
576506	584886	39446	47823	8381	8378	99.37	4347182	246006	0.19	3.41	NC_030992.1	JH657960.1
585291	673851	48201	136716	88561	88516	98.54	4347182	246006	2.04	35.98	NC_030992.1	JH657960.1
674052	681502	136868	144324	7451	7457	94.04	4347182	246006	0.17	3.03	NC_030992.1	JH657960.1
681609	692455	144429	155253	10847	10825	95.54	4347182	246006	0.25	4.40	NC_030992.1	JH657960.1
692854	696841	155564	159537	3988	3974	96.22	4347182	246006	0.09	1.62	NC_030992.1	JH657960.1
696843	697210	162149	162513	368	365	95.12	4347182	246006	0.01	0.15	NC_030992.1	JH657960.1
697401	724931	162537	190012	27531	27476	97.76	4347182	246006	0.63	11.17	NC_030992.1	JH657960.1
724935	725114	190182	190001	180	182	94.51	4347182	246006	0.00	0.07	NC_030992.1	JH657960.1
725105	730770	190186	195835	5666	5650	97.32	4347182	246006	0.13	2.30	NC_030992.1	JH657960.1
730986	733922	196044	198976	2937	2933	98.71	4347182	246006	0.07	1.19	NC_030992.1	JH657960.1
734993	743559	199585	208106	8567	8522	97.63	4347182	246006	0.20	3.46	NC_030992.1	JH657960.1
743814	744475	208479	209136	662	658	83.43	4347182	246006	0.02	0.27	NC_030992.1	JH657960.1
749662	751139	215115	216592	1478	1478	84.85	4347182	246006	0.03	0.60	NC_030992.1	JH657960.1
752689	758460	218116	223864	5772	5749	98.10	4347182	246006	0.13	2.34	NC_030992.1	JH657960.1
758559	780508	224011	245929	21950	21919	97.71	4347182	246006	0.50	8.91	NC_030992.1	JH657960.1
780504	787069	122040	115483	6566	6558	98.02	4347182	122128	0.15	5.37	NC_030992.1	KK035217.1
787603	795766	115063	106904	8164	8160	97.52	4347182	122128	0.19	6.68	NC_030992.1	KK035217.1
796331	800952	104419	99802	4622	4618	95.94	4347182	122128	0.11	3.78	NC_030992.1	KK035217.1
801067	802054	99681	98694	988	988	87.55	4347182	122128	0.02	0.81	NC_030992.1	KK035217.1
802360	806233	92232	88349	3874	3884	90.07	4347182	122128	0.09	3.18	NC_030992.1	KK035217.1
812343	813083	87968	87218	741	751	84.56	4347182	122128	0.02	0.61	NC_030992.1	KK035217.1
815628	819890	86180	81933	4263	4248	91.96	4347182	122128	0.10	3.48	NC_030992.1	KK035217.1
820330	827929	81487	73899	7600	7589	94.04	4347182	122128	0.17	6.21	NC_030992.1	KK035217.1
831856	835951	70489	66395	4096	4095	97.19	4347182	122128	0.09	3.35	NC_030992.1	KK035217.1
837074	838144	65399	64330	1071	1070	97.29	4347182	122128	0.02	0.88	NC_030992.1	KK035217.1
838338	838954	64140	63519	617	622	83.01	4347182	122128	0.01	0.51	NC_030992.1	KK035217.1
839297	851168	63060	51258	11872	11803	96.67	4347182	122128	0.27	9.66	NC_030992.1	KK035217.1
851439	871091	51002	31251	19653	19752	97.44	4347182	122128	0.45	16.17	NC_030992.1	KK035217.1
871090	875746	30812	26141	4657	4672	96.71	4347182	122128	0.11	3.83	NC_030992.1	KK035217.1
875789	901102	25385	67	25314	25319	97.41	4347182	122128	0.58	20.73	NC_030992.1	KK035217.1
901094	913502	96277	83918	12409	12360	96.68	4347182	96460	0.29	12.81	NC_030992.1	KK035222.1
914160	986812	83933	11310	72653	72624	98.78	4347182	96460	1.67	75.29	NC_030992.1	KK035222.1
987141	988972	11151	9306	1832	1846	98.86	4347182	96460	0.04	1.91	NC_030992.1	KK035222.1
988943	989313	9268	8898	371	371	98.65	4347182	96460	0.01	0.38	NC_030992.1	KK035222.1
992032	998749	8898	2215	6718	6684	98.57	4347182	96460	0.15	6.93	NC_030992.1	KK035222.1
998748	1025996	1700982	1673800	27249	27183	98.67	4347182	1703197	0.63	1.60	NC_030992.1	JH657921.1
1026596	1109525	1673284	1590388	82930	82897	98.93	4347182	1703197	1.91	4.87	NC_030992.1	JH657921.1
1111041	1121840	1590392	1579640	10800	10753	96.92	4347182	1703197	0.25	0.63	NC_030992.1	JH657921.1
1122094	1137319	1578734	1563482	15226	15253	97.88	4347182	1703197	0.35	0.90	NC_030992.1	JH657921.1
1137498	1137615	1563482	1563367	118	116	94.07	4347182	1703197	0.00	0.01	NC_030992.1	JH657921.1
1139790	1205623	1563368	1497537	65834	65832	98.45	4347182	1703197	1.51	3.87	NC_030992.1	JH657921.1
1205615	1212931	1497450	1490151	7317	7300	98.61	4347182	1703197	0.17	0.43	NC_030992.1	JH657921.1
1212923	1250996	1489187	1451122	38074	38066	99.15	4347182	1703197	0.88	2.23	NC_030992.1	JH657921.1
1251319	1282083	1450844	1420072	30765	30773	98.87	4347182	1703197	0.71	1.81	NC_030992.1	JH657921.1
1282236	1320174	1420075	1382135	37939	37941	98.78	4347182	1703197	0.87	2.23	NC_030992.1	JH657921.1
1320544	1335332	1381828	1367048	14789	14781	98.54	4347182	1703197	0.34	0.87	NC_030992.1	JH657921.1
1335480	1343214	1366918	1359184	7735	7735	98.99	4347182	1703197	0.18	0.45	NC_030992.1	JH657921.1
1343332	1361174	1359184	1341383	17843	17802	98.90	4347182	1703197	0.41	1.05	NC_030992.1	JH657921.1
1361543	1471608	1340842	1230769	110066	110074	98.73	4347182	1703197	2.53	6.46	NC_030992.1	JH657921.1
1471829	1501828	1230775	1200843	30000	29933	97.97	4347182	1703197	0.69	1.76	NC_030992.1	JH657921.1
1502041	1562016	1200638	1140633	59976	60006	98.98	4347182	1703197	1.38	3.52	NC_030992.1	JH657921.1
1562911	1603180	1140012	1099669	40270	40344	98.86	4347182	1703197	0.93	2.37	NC_030992.1	JH657921.1
1604503	1622042	1099684	1082176	17540	17509	98.87	4347182	1703197	0.40	1.03	NC_030992.1	JH657921.1
1622041	1653746	1081666	1050005	31706	31662	98.46	4347182	1703197	0.73	1.86	NC_030992.1	JH657921.1
1653972	1703427	1049802	1000416	49456	49387	98.46	4347182	1703197	1.14	2.90	NC_030992.1	JH657921.1
1703427	1703717	50585	50876	291	292	98.97	4347182	85358	0.01	0.34	NC_030992.1	JH658010.1
1703818	1711896	1000233	992161	8079	8073	98.85	4347182	1703197	0.19	0.47	NC_030992.1	JH657921.1
1712562	1734419	992172	970337	21858	21836	98.97	4347182	1703197	0.50	1.28	NC_030992.1	JH657921.1
1734560	1740309	970263	964543	5750	5721	98.54	4347182	1703197	0.13	0.34	NC_030992.1	JH657921.1
1741466	1772270	963440	932681	30805	30760	98.40	4347182	1703197	0.71	1.81	NC_030992.1	JH657921.1
1772640	1785640	932387	919402	13001	12986	98.93	4347182	1703197	0.30	0.76	NC_030992.1	JH657921.1
1786050	1824386	919140	880835	38337	38306	98.37	4347182	1703197	0.88	2.25	NC_030992.1	JH657921.1
1824577	1850565	880829	854821	25989	26009	98.84	4347182	1703197	0.60	1.53	NC_030992.1	JH657921.1
1850847	1855571	854728	850039	4725	4690	98.52	4347182	1703197	0.11	0.28	NC_030992.1	JH657921.1
1855804	1857094	849981	848696	1291	1286	98.61	4347182	1703197	0.03	0.08	NC_030992.1	JH657921.1
1858298	1860576	848380	846102	2279	2279	99.12	4347182	1703197	0.05	0.13	NC_030992.1	JH657921.1
1860874	1870812	845345	835407	9939	9939	99.02	4347182	1703197	0.23	0.58	NC_030992.1	JH657921.1
1871529	1878973	835337	827948	7445	7390	97.17	4347182	1703197	0.17	0.43	NC_030992.1	JH657921.1
1878965	1921753	827677	784913	42789	42765	98.37	4347182	1703197	0.98	2.51	NC_030992.1	JH657921.1
1921753	1964832	784695	741653	43080	43043	98.32	4347182	1703197	0.99	2.53	NC_030992.1	JH657921.1
1965325	1968364	741352	738314	3040	3039	99.15	4347182	1703197	0.07	0.18	NC_030992.1	JH657921.1
1969624	1997072	736928	709419	27449	27510	98.29	4347182	1703197	0.63	1.62	NC_030992.1	JH657921.1
1998903	2000805	708215	706315	1903	1901	97.75	4347182	1703197	0.04	0.11	NC_030992.1	JH657921.1
2000907	2003807	705672	702775	2901	2898	98.42	4347182	1703197	0.07	0.17	NC_030992.1	JH657921.1
2004978	2056068	701696	650522	51091	51175	98.56	4347182	1703197	1.18	3.00	NC_030992.1	JH657921.1
2056344	2075660	650222	630893	19317	19330	98.83	4347182	1703197	0.44	1.13	NC_030992.1	JH657921.1
2077849	2223824	630894	484921	145976	145974	98.87	4347182	1703197	3.36	8.57	NC_030992.1	JH657921.1
2223957	2235070	484921	473791	11114	11131	98.96	4347182	1703197	0.26	0.65	NC_030992.1	JH657921.1
2235064	2239090	473986	469993	4027	3994	97.10	4347182	1703197	0.09	0.23	NC_030992.1	JH657921.1
2239088	2242379	460343	463657	3292	3315	96.36	4347182	1703197	0.08	0.19	NC_030992.1	JH657921.1
2242532	2244315	463808	465613	1784	1806	96.90	4347182	1703197	0.04	0.11	NC_030992.1	JH657921.1
2244503	2248338	465613	469464	3836	3852	98.18	4347182	1703197	0.09	0.23	NC_030992.1	JH657921.1
2248338	2248763	469558	469995	426	438	95.66	4347182	1703197	0.01	0.03	NC_030992.1	JH657921.1
2248761	2281972	460345	427156	33212	33190	99.13	4347182	1703197	0.76	1.95	NC_030992.1	JH657921.1
2283477	2285464	424476	422489	1988	1988	97.54	4347182	1703197	0.05	0.12	NC_030992.1	JH657921.1
2286018	2340582	422402	367854	54565	54549	98.73	4347182	1703197	1.26	3.20	NC_030992.1	JH657921.1
2340581	2384351	367731	323985	43771	43747	99.01	4347182	1703197	1.01	2.57	NC_030992.1	JH657921.1
2384457	2409226	323887	299157	24770	24731	98.41	4347182	1703197	0.57	1.45	NC_030992.1	JH657921.1
2409356	2410393	299038	298001	1038	1038	99.04	4347182	1703197	0.02	0.06	NC_030992.1	JH657921.1
2410496	2424436	297637	283694	13941	13944	98.76	4347182	1703197	0.32	0.82	NC_030992.1	JH657921.1
2424436	2431073	283569	276924	6638	6646	98.98	4347182	1703197	0.15	0.39	NC_030992.1	JH657921.1
2431172	2471131	276924	237065	39960	39860	99.02	4347182	1703197	0.92	2.34	NC_030992.1	JH657921.1
2471130	2506983	232535	196690	35854	35846	99.12	4347182	1703197	0.82	2.10	NC_030992.1	JH657921.1
2506985	2509884	195306	192408	2900	2899	98.79	4347182	1703197	0.07	0.17	NC_030992.1	JH657921.1
2510565	2514831	191957	187692	4267	4266	98.76	4347182	1703197	0.10	0.25	NC_030992.1	JH657921.1
2515425	2561537	186968	140823	46113	46146	98.97	4347182	1703197	1.06	2.71	NC_030992.1	JH657921.1
2561659	2682260	140728	20197	120602	120532	99.00	4347182	1703197	2.77	7.08	NC_030992.1	JH657921.1
2682308	2688630	20199	13836	6323	6364	98.62	4347182	1703197	0.15	0.37	NC_030992.1	JH657921.1
2689681	2754735	422924	357854	65055	65071	98.88	4347182	423970	1.50	15.35	NC_030992.1	JH657941.1
2754959	2758815	357621	353764	3857	3858	98.99	4347182	423970	0.09	0.91	NC_030992.1	JH657941.1
2758923	2786826	353657	325755	27904	27903	98.71	4347182	423970	0.64	6.58	NC_030992.1	JH657941.1
2786940	2885462	325645	227113	98523	98533	98.84	4347182	423970	2.27	23.24	NC_030992.1	JH657941.1
2885457	2898929	227071	213564	13473	13508	98.23	4347182	423970	0.31	3.19	NC_030992.1	JH657941.1
2898928	2928607	211608	181931	29680	29678	98.94	4347182	423970	0.68	7.00	NC_030992.1	JH657941.1
2928655	2945360	181955	165229	16706	16727	98.67	4347182	423970	0.38	3.95	NC_030992.1	JH657941.1
2945717	2965609	164930	145005	19893	19926	98.63	4347182	423970	0.46	4.70	NC_030992.1	JH657941.1
2965714	2991060	144908	119640	25347	25269	98.72	4347182	423970	0.58	5.96	NC_030992.1	JH657941.1
2992851	3031491	118297	79637	38641	38661	98.48	4347182	423970	0.89	9.12	NC_030992.1	JH657941.1
3031684	3039166	79448	71949	7483	7500	98.67	4347182	423970	0.17	1.77	NC_030992.1	JH657941.1
3039164	3060294	71476	50374	21131	21103	98.21	4347182	423970	0.49	4.98	NC_030992.1	JH657941.1
3060287	3102755	49526	7104	42469	42423	96.68	4347182	423970	0.98	10.01	NC_030992.1	JH657941.1
3102755	3103395	6984	6340	641	645	85.85	4347182	423970	0.01	0.15	NC_030992.1	JH657941.1
3103408	3106453	5179	2129	3046	3051	90.16	4347182	423970	0.07	0.72	NC_030992.1	JH657941.1
3106443	3107966	1690	170	1524	1521	94.89	4347182	423970	0.04	0.36	NC_030992.1	JH657941.1
3107957	3122200	52	14293	14244	14242	98.52	4347182	507870	0.33	2.80	NC_030992.1	JH657939.1
3122429	3125658	14509	17740	3230	3232	98.27	4347182	507870	0.07	0.64	NC_030992.1	JH657939.1
3126332	3137775	17728	29184	11444	11457	98.19	4347182	507870	0.26	2.26	NC_030992.1	JH657939.1
3137765	3143159	29459	34849	5395	5391	98.96	4347182	507870	0.12	1.06	NC_030992.1	JH657939.1
3143319	3159926	34953	51525	16608	16573	98.12	4347182	507870	0.38	3.26	NC_030992.1	JH657939.1
3160595	3216380	51513	107239	55786	55727	98.75	4347182	507870	1.28	10.97	NC_030992.1	JH657939.1
3216725	3316152	107356	206725	99428	99370	98.79	4347182	507870	2.29	19.57	NC_030992.1	JH657939.1
3316573	3330358	207074	220896	13786	13823	98.19	4347182	507870	0.32	2.72	NC_030992.1	JH657939.1
3330358	3439544	220986	330101	109187	109116	99.01	4347182	507870	2.51	21.49	NC_030992.1	JH657939.1
3439854	3440222	330416	330784	369	369	99.46	4347182	507870	0.01	0.07	NC_030992.1	JH657939.1
3440505	3476508	332311	368279	36004	35969	99.03	4347182	507870	0.83	7.08	NC_030992.1	JH657939.1
3476500	3485511	368497	377505	9012	9009	99.14	4347182	507870	0.21	1.77	NC_030992.1	JH657939.1
3485619	3492428	377514	384328	6810	6815	98.97	4347182	507870	0.16	1.34	NC_030992.1	JH657939.1
3492795	3499964	384585	391741	7170	7157	98.15	4347182	507870	0.16	1.41	NC_030992.1	JH657939.1
3500760	3502594	392469	394312	1835	1844	98.92	4347182	507870	0.04	0.36	NC_030992.1	JH657939.1
3502708	3504205	394416	395923	1498	1508	98.41	4347182	507870	0.03	0.30	NC_030992.1	JH657939.1
3504493	3569254	396112	460847	64762	64736	99.18	4347182	507870	1.49	12.75	NC_030992.1	JH657939.1
3570111	3578052	461509	469482	7942	7974	98.29	4347182	507870	0.18	1.57	NC_030992.1	JH657939.1
3578180	3583095	469485	474382	4916	4898	98.86	4347182	507870	0.11	0.96	NC_030992.1	JH657939.1
3583291	3595012	474501	486211	11722	11711	98.84	4347182	507870	0.27	2.31	NC_030992.1	JH657939.1
3595183	3616639	486313	507775	21457	21463	99.39	4347182	507870	0.49	4.23	NC_030992.1	JH657939.1
3616631	3616750	365513	365394	120	120	100.00	4347182	365605	0.00	0.03	NC_030992.1	JH657942.1
3617401	3667966	365407	314808	50566	50600	98.79	4347182	365605	1.16	13.84	NC_030992.1	JH657942.1
3667966	3679906	314652	302691	11941	11962	97.48	4347182	365605	0.27	3.27	NC_030992.1	JH657942.1
3680016	3726767	302691	255897	46752	46795	98.42	4347182	365605	1.08	12.80	NC_030992.1	JH657942.1
3727534	3752107	255169	230541	24574	24629	98.03	4347182	365605	0.57	6.74	NC_030992.1	JH657942.1
3757251	3762561	226165	220857	5311	5309	97.83	4347182	365605	0.12	1.45	NC_030992.1	JH657942.1
3762553	3870295	219622	111960	107743	107663	98.24	4347182	365605	2.48	29.45	NC_030992.1	JH657942.1
3870455	3890881	111967	91623	20427	20345	97.23	4347182	365605	0.47	5.56	NC_030992.1	JH657942.1
3890992	3895806	91440	86627	4815	4814	97.44	4347182	365605	0.11	1.32	NC_030992.1	JH657942.1
3897713	3898307	84391	83789	595	603	84.74	4347182	365605	0.01	0.16	NC_030992.1	JH657942.1
3899728	3902121	82157	79766	2394	2392	93.28	4347182	365605	0.06	0.65	NC_030992.1	JH657942.1
3902122	3920362	79640	61406	18241	18235	96.57	4347182	365605	0.42	4.99	NC_030992.1	JH657942.1
3932207	3979471	59596	12354	47265	47243	97.05	4347182	365605	1.09	12.92	NC_030992.1	JH657942.1
3980124	3992278	12368	187	12155	12182	98.14	4347182	365605	0.28	3.33	NC_030992.1	JH657942.1
3992269	3996161	94	3997	3893	3904	97.65	4347182	27821	0.09	14.03	NC_030992.1	KK035254.1
3996538	4001597	4370	9426	5060	5057	97.40	4347182	27821	0.12	18.18	NC_030992.1	KK035254.1
4001593	4004783	12621	9421	3191	3201	96.50	4347182	27821	0.07	11.51	NC_030992.1	KK035254.1
4004778	4013183	12617	21075	8406	8459	96.66	4347182	27821	0.19	30.41	NC_030992.1	KK035254.1
4013342	4019810	21075	27465	6469	6391	93.81	4347182	27821	0.15	22.97	NC_030992.1	KK035254.1
4019810	4021542	1831	45	1733	1787	94.91	4347182	2086	0.04	85.67	NC_030992.1	KK035652.1
4021542	4042637	262238	241158	21096	21081	96.56	4347182	262474	0.49	8.03	NC_030992.1	JH657954.1
4043380	4074103	240452	209834	30724	30619	96.13	4347182	262474	0.71	11.67	NC_030992.1	JH657954.1
4074715	4076344	209250	207624	1630	1627	82.87	4347182	262474	0.04	0.62	NC_030992.1	JH657954.1
4079110	4084281	196880	191685	5172	5196	96.69	4347182	262474	0.12	1.98	NC_030992.1	JH657954.1
4084944	4097783	191700	178919	12840	12782	96.49	4347182	262474	0.30	4.87	NC_030992.1	JH657954.1
4097781	4098774	74567	73581	994	987	89.37	4347182	130990	0.02	0.75	NC_030992.1	JH657984.1
4098774	4108591	178932	169172	9818	9761	97.25	4347182	262474	0.23	3.72	NC_030992.1	JH657954.1
4117988	4118202	3816	3607	215	210	87.44	4347182	1390015	0.00	0.02	NC_030992.1	JH657922.1
4118664	4120478	169174	167406	1815	1769	94.77	4347182	262474	0.04	0.67	NC_030992.1	JH657954.1
4120915	4127294	166982	160670	6380	6313	93.62	4347182	262474	0.15	2.41	NC_030992.1	JH657954.1
4129656	4132810	142637	139456	3155	3182	95.54	4347182	262474	0.07	1.21	NC_030992.1	JH657954.1
4132809	4133151	125512	125171	343	342	94.46	4347182	262474	0.01	0.13	NC_030992.1	JH657954.1
4133142	4138830	124637	118951	5689	5687	97.61	4347182	262474	0.13	2.17	NC_030992.1	JH657954.1
4138817	4146577	118145	110395	7761	7751	97.64	4347182	262474	0.18	2.95	NC_030992.1	JH657954.1
4146576	4160987	109319	94886	14412	14434	97.57	4347182	262474	0.33	5.50	NC_030992.1	JH657954.1
4162368	4180920	94807	76235	18553	18573	96.58	4347182	262474	0.43	7.08	NC_030992.1	JH657954.1
4180921	4186003	3380	8458	5083	5079	97.68	4347182	19497	0.12	26.05	NC_030992.1	KK035272.1
4186169	4186648	8458	8936	480	479	93.96	4347182	19497	0.01	2.46	NC_030992.1	KK035272.1
4188672	4188793	16003	16122	122	120	95.08	4347182	262474	0.00	0.05	NC_030992.1	JH657954.1
4188790	4190302	41503	39994	1513	1510	96.43	4347182	262474	0.03	0.58	NC_030992.1	JH657954.1
4190606	4196897	39823	33515	6292	6309	96.32	4347182	262474	0.14	2.40	NC_030992.1	JH657954.1
4197551	4198979	33532	32099	1429	1434	94.07	4347182	262474	0.03	0.55	NC_030992.1	JH657954.1
4207591	4212542	21065	16111	4952	4955	95.52	4347182	262474	0.11	1.89	NC_030992.1	JH657954.1
4212530	4212716	455	269	187	187	98.40	4347182	19497	0.00	0.96	NC_030992.1	KK035272.1
4212725	4213686	30501	31444	962	944	81.86	4347182	57708	0.02	1.64	NC_030992.1	JH658038.1
4213687	4213883	282	87	197	196	96.95	4347182	19497	0.00	1.01	NC_030992.1	KK035272.1
4213869	4215349	36708	35231	1481	1478	96.90	4347182	36771	0.03	4.02	NC_030992.1	KK035244.1
4215536	4225564	35202	25170	10029	10033	97.73	4347182	36771	0.23	27.29	NC_030992.1	KK035244.1
4226232	4236502	25184	14923	10271	10262	94.77	4347182	36771	0.24	27.91	NC_030992.1	KK035244.1
4242007	4243737	5843	4114	1731	1730	93.95	4347182	7127	0.04	24.27	NC_030992.1	KK035394.1
4244506	4245807	4112	2810	1302	1303	95.71	4347182	7127	0.03	18.28	NC_030992.1	KK035394.1
4246112	4247660	2796	1250	1549	1547	92.52	4347182	7127	0.04	21.71	NC_030992.1	KK035394.1
4248278	4249523	1249	1	1246	1249	95.12	4347182	7127	0.03	17.52	NC_030992.1	KK035394.1
4249827	4253438	10319	6704	3612	3616	95.55	4347182	10319	0.08	35.04	NC_030992.1	KK035341.1
4253468	4254023	553	1	556	553	90.11	4347182	10319	0.01	5.36	NC_030992.1	KK035341.1
4254025	4256581	1	2558	2557	2558	91.27	4347182	14616	0.06	17.50	NC_030992.1	KK035301.1
4258217	4270313	2578	14616	12097	12039	96.36	4347182	14616	0.28	82.37	NC_030992.1	KK035301.1
4270315	4275334	1	5019	5020	5019	98.35	4347182	27590	0.12	18.19	NC_030992.1	KK035256.1
4275455	4277748	5043	7335	2294	2293	94.21	4347182	27590	0.05	8.31	NC_030992.1	KK035256.1
4280915	4281866	10337	11290	952	954	88.16	4347182	27590	0.02	3.46	NC_030992.1	KK035256.1
4282092	4291721	11371	20996	9630	9626	97.23	4347182	27590	0.22	34.89	NC_030992.1	KK035256.1
4293997	4298408	23133	27511	4412	4379	96.51	4347182	27590	0.10	15.87	NC_030992.1	KK035256.1
4298412	4305702	12214	4965	7291	7250	95.52	4347182	12214	0.17	59.36	NC_030992.1	KK035321.1
4306250	4307798	1642	93	1549	1550	90.99	4347182	4876	0.04	31.79	NC_030992.1	KK035455.1
4308767	4314286	2074	7612	5520	5539	88.71	4347182	19116	0.13	28.98	NC_030992.1	KK035274.1
4319109	4319799	14852	15543	691	692	90.50	4347182	19116	0.02	3.62	NC_030992.1	KK035274.1
4325174	4333321	87272	79132	8148	8141	95.90	4347182	99110	0.19	8.21	NC_030992.1	JH657999.1
4333430	4338131	79117	74416	4702	4702	98.00	4347182	99110	0.11	4.74	NC_030992.1	JH657999.1
4338974	4339439	142	603	466	462	90.38	4347182	5910	0.01	7.82	NC_030992.1	KK035424.1
5245	5718	5617	5144	474	474	98.31	3984410	6120	0.01	7.75	NC_030993.1	JH658253.1
12780	13923	6263	7405	1144	1143	85.25	3984410	7428	0.03	15.39	NC_030993.1	KK035383.1
14625	16310	12577	14258	1686	1682	93.31	3984410	14711	0.04	11.43	NC_030993.1	KK035302.1
71020	87753	151	16891	16734	16741	97.67	3984410	18069	0.42	92.65	NC_030993.1	KK035279.1
87777	94684	212975	206057	6908	6919	96.87	3984410	217771	0.17	3.18	NC_030993.1	JH657965.1
98786	99406	64086	64706	621	621	98.55	3984410	355385	0.02	0.17	NC_030993.1	JH657943.1
104601	105283	206061	205379	683	683	97.22	3984410	217771	0.02	0.31	NC_030993.1	JH657965.1
106346	107739	204163	202701	1394	1463	89.56	3984410	217771	0.03	0.67	NC_030993.1	JH657965.1
107733	112457	202503	197766	4725	4738	96.88	3984410	217771	0.12	2.18	NC_030993.1	JH657965.1
112421	113281	197958	197098	861	861	96.75	3984410	217771	0.02	0.40	NC_030993.1	JH657965.1
113799	117825	196542	192516	4027	4027	98.31	3984410	217771	0.10	1.85	NC_030993.1	JH657965.1
117765	125866	192417	184337	8102	8081	96.99	3984410	217771	0.20	3.71	NC_030993.1	JH657965.1
125998	126266	184433	184165	269	269	97.77	3984410	217771	0.01	0.12	NC_030993.1	JH657965.1
127873	128470	182700	182103	598	598	95.99	3984410	217771	0.02	0.27	NC_030993.1	JH657965.1
128414	128983	181589	181020	570	570	94.91	3984410	217771	0.01	0.26	NC_030993.1	JH657965.1
128993	148394	181238	161836	19402	19403	97.48	3984410	217771	0.49	8.91	NC_030993.1	JH657965.1
148689	148981	196150	195861	293	290	94.90	3984410	202139	0.01	0.14	NC_030993.1	JH657970.1
152501	153437	161838	160912	937	927	95.21	3984410	217771	0.02	0.43	NC_030993.1	JH657965.1
153436	156966	159051	155525	3531	3527	98.22	3984410	217771	0.09	1.62	NC_030993.1	JH657965.1
157173	162022	155324	150474	4850	4851	98.17	3984410	217771	0.12	2.23	NC_030993.1	JH657965.1
162341	178580	150215	133958	16240	16258	97.43	3984410	217771	0.41	7.47	NC_030993.1	JH657965.1
186133	187173	61099	60066	1041	1034	87.23	3984410	262474	0.03	0.39	NC_030993.1	JH657954.1
187356	188304	5926	6874	949	949	82.16	3984410	61992	0.02	1.53	NC_030993.1	JH658031.1
187821	188811	4728	3738	991	991	85.17	3984410	25526	0.02	3.88	NC_030993.1	JH658120.1
188871	192081	45397	42187	3211	3211	83.73	3984410	857877	0.08	0.37	NC_030993.1	JH657931.1
189853	193128	6504	3229	3276	3276	84.05	3984410	440990	0.08	0.74	NC_030993.1	JH657940.1
193472	194936	36429	37892	1465	1464	86.98	3984410	120035	0.04	1.22	NC_030993.1	JH657986.1
196111	208319	126501	114355	12209	12147	96.35	3984410	217771	0.31	5.58	NC_030993.1	JH657965.1
208669	209639	114315	113347	971	969	93.72	3984410	217771	0.02	0.44	NC_030993.1	JH657965.1
209912	213395	113259	109804	3484	3456	96.11	3984410	217771	0.09	1.59	NC_030993.1	JH657965.1
213535	219739	109770	103571	6205	6200	96.83	3984410	217771	0.16	2.85	NC_030993.1	JH657965.1
219738	222222	102448	99959	2485	2490	97.75	3984410	217771	0.06	1.14	NC_030993.1	JH657965.1
222655	223546	99604	98699	892	906	92.54	3984410	217771	0.02	0.42	NC_030993.1	JH657965.1
226281	226506	96111	95881	226	231	86.15	3984410	217771	0.01	0.11	NC_030993.1	JH657965.1
243825	257907	95667	81585	14083	14083	96.20	3984410	217771	0.35	6.47	NC_030993.1	JH657965.1
256978	258797	92935	94726	1820	1792	93.13	3984410	857877	0.05	0.21	NC_030993.1	JH657931.1
257910	258826	73698	72782	917	917	89.53	3984410	217771	0.02	0.42	NC_030993.1	JH657965.1
262391	273813	56541	45154	11423	11388	96.45	3984410	217771	0.29	5.23	NC_030993.1	JH657965.1
273811	295954	44890	22738	22144	22153	97.29	3984410	217771	0.56	10.17	NC_030993.1	JH657965.1
295948	311358	22424	7015	15411	15410	97.87	3984410	217771	0.39	7.08	NC_030993.1	JH657965.1
311349	313673	91	2415	2325	2325	97.46	3984410	217771	0.06	1.07	NC_030993.1	JH657965.1
313663	319893	46162	39917	6231	6246	98.06	3984410	46263	0.16	13.50	NC_030993.1	JH658048.1
320555	328564	39928	31950	8010	7979	95.38	3984410	46263	0.20	17.25	NC_030993.1	JH658048.1
328563	341493	31554	18629	12931	12926	97.79	3984410	46263	0.32	27.94	NC_030993.1	JH658048.1
341486	344596	18465	15358	3111	3108	97.65	3984410	46263	0.08	6.72	NC_030993.1	JH658048.1
344589	348759	14998	10831	4171	4168	97.58	3984410	46263	0.10	9.01	NC_030993.1	JH658048.1
349133	358956	10000	185	9824	9816	97.06	3984410	46263	0.25	21.22	NC_030993.1	JH658048.1
358956	367465	8547	66	8510	8482	97.51	3984410	8547	0.21	99.24	NC_030993.1	KK035359.1
367456	367880	94	518	425	425	97.88	3984410	93027	0.01	0.46	NC_030993.1	JH658003.1
368544	382014	505	14000	13471	13496	97.24	3984410	93027	0.34	14.51	NC_030993.1	JH658003.1
382014	382249	14169	14404	236	236	95.34	3984410	93027	0.01	0.25	NC_030993.1	JH658003.1
382238	398071	14630	30444	15834	15815	97.66	3984410	93027	0.40	17.00	NC_030993.1	JH658003.1
398071	405977	31273	39176	7907	7904	95.39	3984410	93027	0.20	8.50	NC_030993.1	JH658003.1
407246	415371	40436	48571	8126	8136	95.39	3984410	93027	0.20	8.75	NC_030993.1	JH658003.1
416498	419773	49156	52420	3276	3265	92.61	3984410	93027	0.08	3.51	NC_030993.1	JH658003.1
419875	422734	52524	55370	2860	2847	91.23	3984410	93027	0.07	3.06	NC_030993.1	JH658003.1
422723	434552	59986	71814	11830	11829	96.36	3984410	93027	0.30	12.72	NC_030993.1	JH658003.1
437189	440262	74426	77497	3074	3072	90.65	3984410	93027	0.08	3.30	NC_030993.1	JH658003.1
440473	446414	83878	89740	5942	5863	94.55	3984410	93027	0.15	6.30	NC_030993.1	JH658003.1
447070	448500	89727	91151	1431	1425	98.25	3984410	93027	0.04	1.53	NC_030993.1	JH658003.1
448500	449883	91591	92974	1384	1384	98.19	3984410	93027	0.03	1.49	NC_030993.1	JH658003.1
449873	453095	93	3313	3223	3221	93.41	3984410	68986	0.08	4.67	NC_030993.1	KK035231.1
458286	461836	3608	7143	3551	3536	92.44	3984410	68986	0.09	5.13	NC_030993.1	KK035231.1
465513	505803	10766	50950	40291	40185	98.09	3984410	68986	1.01	58.25	NC_030993.1	KK035231.1
506459	524328	50935	68828	17870	17894	97.76	3984410	68986	0.45	25.94	NC_030993.1	KK035231.1
524321	526123	63	1865	1803	1803	98.61	3984410	1957	0.05	92.13	NC_030993.1	KK035676.1
526116	531101	36	5014	4986	4979	98.22	3984410	20434	0.13	24.37	NC_030993.1	KK035269.1
531088	533665	5972	8479	2578	2508	89.67	3984410	20434	0.06	12.27	NC_030993.1	KK035269.1
538584	540445	9503	11366	1862	1864	95.44	3984410	20434	0.05	9.12	NC_030993.1	KK035269.1
540570	542521	11490	13444	1952	1955	94.94	3984410	20434	0.05	9.57	NC_030993.1	KK035269.1
542803	543422	67431	68059	620	629	85.06	3984410	512028	0.02	0.12	NC_030993.1	JH657938.1
545810	548935	17219	20342	3126	3124	97.09	3984410	20434	0.08	15.29	NC_030993.1	KK035269.1
548932	550532	92	1693	1601	1602	97.63	3984410	6010	0.04	26.66	NC_030993.1	KK035422.1
551333	554741	2594	6010	3409	3417	96.08	3984410	6010	0.09	56.86	NC_030993.1	KK035422.1
554656	557527	1	2871	2872	2871	96.00	3984410	2884	0.07	99.55	NC_030993.1	KK035577.1
557532	576802	1	19274	19271	19274	97.50	3984410	19367	0.48	99.52	NC_030993.1	KK035273.1
576795	577916	10761	9661	1122	1101	86.06	3984410	10856	0.03	10.14	NC_030993.1	KK035335.1
580523	581500	7078	6106	978	973	88.78	3984410	10856	0.02	8.96	NC_030993.1	KK035335.1
581726	584135	5372	2973	2410	2400	91.50	3984410	10856	0.06	22.11	NC_030993.1	KK035335.1
584298	585753	2973	1520	1456	1454	95.26	3984410	10856	0.04	13.39	NC_030993.1	KK035335.1
585757	586433	680	4	677	677	97.93	3984410	10856	0.02	6.24	NC_030993.1	KK035335.1
586440	589434	3633	638	2995	2996	94.96	3984410	3633	0.08	82.47	NC_030993.1	KK035519.1
591457	591556	100	1	100	100	100.00	3984410	3633	0.00	2.75	NC_030993.1	KK035519.1
591458	591582	1194864	1194989	125	126	99.21	3984410	1211435	0.00	0.01	NC_030993.1	JH657925.1
591748	595048	1	3299	3301	3299	98.36	3984410	9024	0.08	36.56	NC_030993.1	KK035357.1
596070	600798	4291	9024	4729	4734	97.66	3984410	9024	0.12	52.46	NC_030993.1	KK035357.1
600800	606578	1	5779	5779	5779	98.13	3984410	11032	0.15	52.38	NC_030993.1	KK035330.1
606678	611460	6341	11032	4783	4692	94.84	3984410	11032	0.12	42.53	NC_030993.1	KK035330.1
612094	622145	101	10184	10052	10084	97.78	3984410	10239	0.25	98.49	NC_030993.1	KK035343.1
622138	622411	159	448	274	290	92.07	3984410	2166963	0.01	0.01	NC_030993.1	JH657919.1
622739	634238	1843	13341	11500	11499	97.97	3984410	2166963	0.29	0.53	NC_030993.1	JH657919.1
634518	641421	13340	20254	6904	6915	97.14	3984410	2166963	0.17	0.32	NC_030993.1	JH657919.1
641851	659204	20369	37748	17354	17380	97.89	3984410	2166963	0.44	0.80	NC_030993.1	JH657919.1
659193	688235	42632	71672	29043	29041	97.40	3984410	2166963	0.73	1.34	NC_030993.1	JH657919.1
688245	699315	72067	83122	11071	11056	95.11	3984410	2166963	0.28	0.51	NC_030993.1	JH657919.1
700856	702431	94994	96572	1576	1579	91.89	3984410	2166963	0.04	0.07	NC_030993.1	JH657919.1
702419	711128	97217	105901	8710	8685	95.80	3984410	2166963	0.22	0.40	NC_030993.1	JH657919.1
714396	730348	106063	122021	15953	15959	96.68	3984410	2166963	0.40	0.74	NC_030993.1	JH657919.1
731099	731240	45090	45225	142	136	92.96	3984410	119716	0.00	0.11	NC_030993.1	JH657987.1
731555	731998	122039	122482	444	444	93.48	3984410	2166963	0.01	0.02	NC_030993.1	JH657919.1
732179	741713	122684	132278	9535	9595	96.50	3984410	2166963	0.24	0.44	NC_030993.1	JH657919.1
741713	741865	134007	134159	153	153	97.39	3984410	2166963	0.00	0.01	NC_030993.1	JH657919.1
741855	746162	134499	138795	4308	4297	94.98	3984410	2166963	0.11	0.20	NC_030993.1	JH657919.1
746287	747992	144417	142710	1706	1708	95.03	3984410	2166963	0.04	0.08	NC_030993.1	JH657919.1
750488	750708	144732	144952	221	221	90.05	3984410	2166963	0.01	0.01	NC_030993.1	JH657919.1
750843	822763	145087	217037	71921	71951	96.80	3984410	2166963	1.81	3.32	NC_030993.1	JH657919.1
822765	851658	217214	246065	28894	28852	97.00	3984410	2166963	0.73	1.33	NC_030993.1	JH657919.1
851954	879132	246241	273411	27179	27171	97.74	3984410	2166963	0.68	1.25	NC_030993.1	JH657919.1
879661	891696	273868	285901	12036	12034	98.80	3984410	2166963	0.30	0.56	NC_030993.1	JH657919.1
891960	925810	286031	319843	33851	33813	98.61	3984410	2166963	0.85	1.56	NC_030993.1	JH657919.1
926116	934369	320025	328261	8254	8237	98.44	3984410	2166963	0.21	0.38	NC_030993.1	JH657919.1
934754	992133	328601	386025	57380	57425	98.06	3984410	2166963	1.44	2.65	NC_030993.1	JH657919.1
992134	1012029	386199	406087	19896	19889	98.88	3984410	2166963	0.50	0.92	NC_030993.1	JH657919.1
1002056	1016021	396111	410055	13966	13945	98.14	3984410	2166963	0.35	0.64	NC_030993.1	JH657919.1
1016022	1066120	410558	460578	50099	50021	98.47	3984410	2166963	1.26	2.31	NC_030993.1	JH657919.1
1065893	1147662	460633	542355	81770	81723	98.86	3984410	2166963	2.05	3.77	NC_030993.1	JH657919.1
1147890	1186355	542436	580931	38466	38496	98.94	3984410	2166963	0.97	1.78	NC_030993.1	JH657919.1
1186530	1188267	581104	582841	1738	1738	99.60	3984410	2166963	0.04	0.08	NC_030993.1	JH657919.1
1188263	1202070	582876	596712	13808	13837	99.05	3984410	2166963	0.35	0.64	NC_030993.1	JH657919.1
1202425	1215221	596798	609551	12797	12754	98.73	3984410	2166963	0.32	0.59	NC_030993.1	JH657919.1
1215028	1216381	609688	611057	1354	1370	97.01	3984410	2166963	0.03	0.06	NC_030993.1	JH657919.1
1216489	1238775	611162	633418	22287	22257	99.07	3984410	2166963	0.56	1.03	NC_030993.1	JH657919.1
1239892	1240878	634333	635311	987	979	97.87	3984410	2166963	0.02	0.05	NC_030993.1	JH657919.1
1240877	1271096	635527	665664	30220	30138	98.62	3984410	2166963	0.76	1.39	NC_030993.1	JH657919.1
1271216	1294446	665781	689013	23231	23233	99.08	3984410	2166963	0.58	1.07	NC_030993.1	JH657919.1
1294445	1312135	689510	707114	17691	17605	98.32	3984410	2166963	0.44	0.81	NC_030993.1	JH657919.1
1312132	1333406	707555	728816	21275	21262	98.90	3984410	2166963	0.53	0.98	NC_030993.1	JH657919.1
1335048	1360012	730087	755046	24965	24960	99.12	3984410	2166963	0.63	1.15	NC_030993.1	JH657919.1
1360006	1375551	755270	770669	15546	15400	97.89	3984410	2166963	0.39	0.71	NC_030993.1	JH657919.1
1376137	1408508	771268	803666	32372	32399	98.75	3984410	2166963	0.81	1.50	NC_030993.1	JH657919.1
1408707	1417529	803873	812720	8823	8848	98.85	3984410	2166963	0.22	0.41	NC_030993.1	JH657919.1
1417528	1427216	813159	822848	9689	9690	99.25	3984410	2166963	0.24	0.45	NC_030993.1	JH657919.1
1427336	1502932	822958	898568	75597	75611	98.82	3984410	2166963	1.90	3.49	NC_030993.1	JH657919.1
1503587	1508497	898553	903457	4911	4905	99.12	3984410	2166963	0.12	0.23	NC_030993.1	JH657919.1
1508943	1511207	903745	906010	2265	2266	99.29	3984410	2166963	0.06	0.10	NC_030993.1	JH657919.1
1511327	1514069	906164	908894	2743	2731	99.05	3984410	2166963	0.07	0.13	NC_030993.1	JH657919.1
1514049	1539980	908928	934925	25932	25998	98.62	3984410	2166963	0.65	1.20	NC_030993.1	JH657919.1
1540192	1588186	935048	982957	47995	47910	98.93	3984410	2166963	1.20	2.21	NC_030993.1	JH657919.1
1588488	1596956	983173	991639	8469	8467	99.13	3984410	2166963	0.21	0.39	NC_030993.1	JH657919.1
1597712	1598565	992666	993519	854	854	98.24	3984410	2166963	0.02	0.04	NC_030993.1	JH657919.1
1598761	1626926	993677	1021837	28166	28161	98.55	3984410	2166963	0.71	1.30	NC_030993.1	JH657919.1
1628211	1725783	1021836	1119427	97573	97592	99.01	3984410	2166963	2.45	4.50	NC_030993.1	JH657919.1
1725908	1762486	1119537	1156186	36579	36650	98.81	3984410	2166963	0.92	1.69	NC_030993.1	JH657919.1
1761118	1801561	1154818	1195324	40444	40507	97.67	3984410	2166963	1.02	1.87	NC_030993.1	JH657919.1
1802319	1822832	1195315	1215845	20514	20531	98.88	3984410	2166963	0.51	0.95	NC_030993.1	JH657919.1
1823035	1850514	1216048	1243535	27480	27488	99.04	3984410	2166963	0.69	1.27	NC_030993.1	JH657919.1
1852080	1854087	1245608	1247610	2008	2003	98.80	3984410	2166963	0.05	0.09	NC_030993.1	JH657919.1
1854744	1865425	1247596	1258267	10682	10672	98.87	3984410	2166963	0.27	0.49	NC_030993.1	JH657919.1
1865496	1869281	1258265	1262041	3786	3777	98.44	3984410	2166963	0.10	0.17	NC_030993.1	JH657919.1
1869456	1871067	1262264	1263877	1612	1614	98.76	3984410	2166963	0.04	0.07	NC_030993.1	JH657919.1
1870994	1891762	1263940	1284659	20769	20720	98.19	3984410	2166963	0.52	0.96	NC_030993.1	JH657919.1
1892160	1900326	1284961	1293120	8167	8160	98.81	3984410	2166963	0.20	0.38	NC_030993.1	JH657919.1
1900478	1903946	1293210	1296680	3469	3471	98.85	3984410	2166963	0.09	0.16	NC_030993.1	JH657919.1
1904070	1922716	1296789	1315464	18647	18676	98.83	3984410	2166963	0.47	0.86	NC_030993.1	JH657919.1
1922732	1923385	833898	834551	654	654	99.54	3984410	857877	0.02	0.08	NC_030993.1	JH657931.1
1923385	1934908	1315450	1326969	11524	11520	98.97	3984410	2166963	0.29	0.53	NC_030993.1	JH657919.1
1934907	1935530	1327752	1328375	624	624	98.24	3984410	2166963	0.02	0.03	NC_030993.1	JH657919.1
1935920	1938260	1328377	1330710	2341	2334	97.35	3984410	2166963	0.06	0.11	NC_030993.1	JH657919.1
1938242	1948601	1330728	1341096	10360	10369	98.94	3984410	2166963	0.26	0.48	NC_030993.1	JH657919.1
1950564	1951781	1342743	1343960	1218	1218	99.02	3984410	2166963	0.03	0.06	NC_030993.1	JH657919.1
1951885	2026102	1344094	1418282	74218	74189	98.97	3984410	2166963	1.86	3.42	NC_030993.1	JH657919.1
2026100	2046955	1419073	1439889	20856	20817	98.90	3984410	2166963	0.52	0.96	NC_030993.1	JH657919.1
2046962	2242236	1439990	1635420	195275	195431	98.86	3984410	2166963	4.90	9.02	NC_030993.1	JH657919.1
2244635	2245794	1637633	1638770	1160	1138	96.90	3984410	2166963	0.03	0.05	NC_030993.1	JH657919.1
2246493	2246611	1639079	1639197	119	119	100.00	3984410	2166963	0.00	0.01	NC_030993.1	JH657919.1
2246587	2247424	1639229	1640067	838	839	97.98	3984410	2166963	0.02	0.04	NC_030993.1	JH657919.1
2251543	2281857	1645206	1675478	30315	30273	98.94	3984410	2166963	0.76	1.40	NC_030993.1	JH657919.1
2281856	2342329	1677487	1737933	60474	60447	98.98	3984410	2166963	1.52	2.79	NC_030993.1	JH657919.1
2342320	2349361	1738358	1745406	7042	7049	98.75	3984410	2166963	0.18	0.33	NC_030993.1	JH657919.1
2349360	2351601	1745365	1747600	2242	2236	99.20	3984410	2166963	0.06	0.10	NC_030993.1	JH657919.1
2351718	2418803	1747709	1814689	67086	66981	98.92	3984410	2166963	1.68	3.09	NC_030993.1	JH657919.1
2419874	2443670	1816209	1840055	23797	23847	99.13	3984410	2166963	0.60	1.10	NC_030993.1	JH657919.1
2443669	2445661	1841851	1843837	1993	1987	98.44	3984410	2166963	0.05	0.09	NC_030993.1	JH657919.1
2445661	2457778	1843927	1856043	12118	12117	98.67	3984410	2166963	0.30	0.56	NC_030993.1	JH657919.1
2457940	2499650	1856183	1897941	41711	41759	98.91	3984410	2166963	1.05	1.93	NC_030993.1	JH657919.1
2499754	2546030	1898115	1944458	46277	46344	98.66	3984410	2166963	1.16	2.14	NC_030993.1	JH657919.1
2547584	2550512	1944457	1947380	2929	2924	98.36	3984410	2166963	0.07	0.13	NC_030993.1	JH657919.1
2550502	2556414	1947911	1953823	5913	5913	98.60	3984410	2166963	0.15	0.27	NC_030993.1	JH657919.1
2556832	2573004	1954063	1970262	16173	16200	98.66	3984410	2166963	0.41	0.75	NC_030993.1	JH657919.1
2573512	2582742	1970660	1979894	9231	9235	98.86	3984410	2166963	0.23	0.43	NC_030993.1	JH657919.1
2582740	2628074	1980577	2025985	45335	45409	98.78	3984410	2166963	1.14	2.10	NC_030993.1	JH657919.1
2628203	2656897	2026106	2054801	28695	28696	98.95	3984410	2166963	0.72	1.32	NC_030993.1	JH657919.1
2658743	2661233	2057303	2059790	2491	2488	98.08	3984410	2166963	0.06	0.11	NC_030993.1	JH657919.1
2661366	2683976	2059790	2082384	22611	22595	98.60	3984410	2166963	0.57	1.04	NC_030993.1	JH657919.1
2684090	2695181	2082497	2093598	11092	11102	98.53	3984410	2166963	0.28	0.51	NC_030993.1	JH657919.1
2695345	2736843	2093751	2135267	41499	41517	98.77	3984410	2166963	1.04	1.92	NC_030993.1	JH657919.1
2737465	2768663	2135673	2166898	31199	31226	98.55	3984410	2166963	0.78	1.44	NC_030993.1	JH657919.1
2768653	2783545	53344	38457	14893	14888	98.70	3984410	53438	0.37	27.86	NC_030993.1	KK035236.1
2784119	2792131	37965	29937	8013	8029	97.97	3984410	53438	0.20	15.02	NC_030993.1	KK035236.1
2792229	2801563	29936	20646	9335	9291	95.43	3984410	53438	0.23	17.39	NC_030993.1	KK035236.1
2801699	2822212	20524	96	20514	20429	97.88	3984410	53438	0.51	38.23	NC_030993.1	KK035236.1
2822203	2836791	488503	473843	14589	14661	97.10	3984410	488579	0.37	3.00	NC_030993.1	KK035209.1
2836787	2872360	473613	438038	35574	35576	98.09	3984410	488579	0.89	7.28	NC_030993.1	KK035209.1
2872359	2872545	437853	438039	187	187	99.47	3984410	488579	0.00	0.04	NC_030993.1	KK035209.1
2872544	2899893	437854	410512	27350	27343	98.70	3984410	488579	0.69	5.60	NC_030993.1	KK035209.1
2900250	2926761	410242	383713	26512	26530	98.57	3984410	488579	0.67	5.43	NC_030993.1	KK035209.1
2926889	2934309	383588	376172	7421	7417	98.94	3984410	488579	0.19	1.52	NC_030993.1	KK035209.1
2934299	2951269	376140	359174	16971	16967	98.63	3984410	488579	0.43	3.47	NC_030993.1	KK035209.1
2951268	2999212	359134	311218	47945	47917	99.03	3984410	488579	1.20	9.81	NC_030993.1	KK035209.1
2999196	3029183	310568	280526	29988	30043	98.64	3984410	488579	0.75	6.15	NC_030993.1	KK035209.1
3030743	3139481	278882	170279	108739	108604	98.81	3984410	488579	2.73	22.23	NC_030993.1	KK035209.1
3140075	3140432	169668	169305	358	364	88.22	3984410	488579	0.01	0.07	NC_030993.1	KK035209.1
3140502	3140871	169325	168956	370	370	98.65	3984410	488579	0.01	0.08	NC_030993.1	KK035209.1
3140870	3177291	168422	132045	36422	36378	98.61	3984410	488579	0.91	7.45	NC_030993.1	KK035209.1
3177475	3183040	131874	126275	5566	5600	97.81	3984410	488579	0.14	1.15	NC_030993.1	KK035209.1
3183618	3188300	125654	120980	4683	4675	97.54	3984410	488579	0.12	0.96	NC_030993.1	KK035209.1
3188299	3301413	120541	7432	113115	113110	98.79	3984410	488579	2.84	23.15	NC_030993.1	KK035209.1
3303609	3303795	7431	7245	187	187	89.30	3984410	488579	0.00	0.04	NC_030993.1	KK035209.1
3305677	3307332	6808	5152	1656	1657	91.73	3984410	488579	0.04	0.34	NC_030993.1	KK035209.1
3308341	3349355	27545	68612	41015	41068	98.45	3984410	327723	1.03	12.53	NC_030993.1	JH657949.1
3349786	3378827	69080	98135	29042	29056	99.00	3984410	327723	0.73	8.87	NC_030993.1	JH657949.1
3379276	3392730	98252	111717	13455	13466	98.67	3984410	327723	0.34	4.11	NC_030993.1	JH657949.1
3393168	3430335	112130	149280	37168	37151	98.27	3984410	327723	0.93	11.34	NC_030993.1	JH657949.1
3430416	3453040	149178	171757	22625	22580	97.53	3984410	327723	0.57	6.89	NC_030993.1	JH657949.1
3453047	3455266	171858	174078	2220	2221	94.56	3984410	327723	0.06	0.68	NC_030993.1	JH657949.1
3455958	3457563	174077	175682	1606	1606	95.83	3984410	327723	0.04	0.49	NC_030993.1	JH657949.1
3457670	3458203	175682	176212	534	531	93.28	3984410	327723	0.01	0.16	NC_030993.1	JH657949.1
3458534	3459819	176207	177493	1286	1287	94.97	3984410	327723	0.03	0.39	NC_030993.1	JH657949.1
3460266	3460912	179102	179785	647	684	89.07	3984410	327723	0.02	0.21	NC_030993.1	JH657949.1
3460912	3462343	179913	181337	1432	1425	96.09	3984410	327723	0.04	0.43	NC_030993.1	JH657949.1
3463102	3464098	181329	182315	997	987	94.99	3984410	327723	0.03	0.30	NC_030993.1	JH657949.1
3464248	3467411	184031	187232	3164	3202	89.87	3984410	327723	0.08	0.98	NC_030993.1	JH657949.1
3467968	3469500	187799	189331	1533	1533	93.52	3984410	327723	0.04	0.47	NC_030993.1	JH657949.1
3470293	3471809	192737	194254	1517	1518	93.37	3984410	327723	0.04	0.46	NC_030993.1	JH657949.1
3472186	3477451	194619	199840	5266	5222	94.38	3984410	327723	0.13	1.59	NC_030993.1	JH657949.1
3477654	3481879	200188	204377	4226	4190	93.93	3984410	327723	0.11	1.28	NC_030993.1	JH657949.1
3485342	3485482	423451	423308	141	144	91.10	3984410	836366	0.00	0.02	NC_030993.1	JH657932.1
3488263	3489245	208748	209729	983	982	89.70	3984410	327723	0.02	0.30	NC_030993.1	JH657949.1
3489354	3490166	209719	210530	813	812	93.37	3984410	327723	0.02	0.25	NC_030993.1	JH657949.1
3491453	3514097	211675	234359	22645	22685	96.87	3984410	327723	0.57	6.92	NC_030993.1	JH657949.1
3514861	3515613	235146	235909	753	764	91.10	3984410	327723	0.02	0.23	NC_030993.1	JH657949.1
3515616	3515925	236269	236651	310	383	79.90	3984410	327723	0.01	0.12	NC_030993.1	JH657949.1
3515951	3524408	237105	245558	8458	8454	96.77	3984410	327723	0.21	2.58	NC_030993.1	JH657949.1
3524935	3526005	248216	249283	1071	1068	89.96	3984410	327723	0.03	0.33	NC_030993.1	JH657949.1
3527537	3528581	249718	250763	1045	1046	92.65	3984410	327723	0.03	0.32	NC_030993.1	JH657949.1
3528563	3543158	252121	266701	14596	14581	96.87	3984410	327723	0.37	4.45	NC_030993.1	JH657949.1
3546629	3549464	266733	269574	2836	2842	96.13	3984410	327723	0.07	0.87	NC_030993.1	JH657949.1
3549973	3550514	269840	270383	542	544	85.04	3984410	327723	0.01	0.17	NC_030993.1	JH657949.1
3550654	3551632	270522	271501	979	980	91.66	3984410	327723	0.02	0.30	NC_030993.1	JH657949.1
3555426	3555618	254	446	193	193	86.08	3984410	8620	0.00	2.24	NC_030993.1	JH658224.1
3556979	3559049	271570	273644	2071	2075	95.72	3984410	327723	0.05	0.63	NC_030993.1	JH657949.1
3559284	3564500	273784	278977	5217	5194	96.98	3984410	327723	0.13	1.58	NC_030993.1	JH657949.1
3564485	3575378	280270	291192	10894	10923	97.44	3984410	327723	0.27	3.33	NC_030993.1	JH657949.1
3581486	3607544	291192	317241	26059	26050	97.08	3984410	327723	0.65	7.95	NC_030993.1	JH657949.1
3607756	3609594	317481	319322	1839	1842	97.61	3984410	327723	0.05	0.56	NC_030993.1	JH657949.1
3610170	3613746	319879	323450	3577	3572	93.78	3984410	327723	0.09	1.09	NC_030993.1	JH657949.1
3613972	3614725	323679	324454	754	776	92.14	3984410	327723	0.02	0.24	NC_030993.1	JH657949.1
3615884	3616089	324732	324534	206	199	86.89	3984410	327723	0.01	0.06	NC_030993.1	JH657949.1
3616091	3616251	324734	324890	161	157	89.44	3984410	327723	0.00	0.05	NC_030993.1	JH657949.1
3616441	3616980	326763	327341	540	579	85.40	3984410	327723	0.01	0.18	NC_030993.1	JH657949.1
3617319	3620346	158	3189	3028	3032	88.47	3984410	59994	0.08	5.05	NC_030993.1	KK035232.1
3620550	3632036	4797	16277	11487	11481	95.32	3984410	59994	0.29	19.14	NC_030993.1	KK035232.1
3632210	3632432	16446	16668	223	223	87.44	3984410	59994	0.01	0.37	NC_030993.1	KK035232.1
3633236	3649450	17491	33553	16215	16063	93.55	3984410	59994	0.41	26.77	NC_030993.1	KK035232.1
3649885	3672643	33946	56627	22759	22682	94.82	3984410	59994	0.57	37.81	NC_030993.1	KK035232.1
3672754	3675210	56725	59183	2457	2459	96.34	3984410	59994	0.06	4.10	NC_030993.1	KK035232.1
3687639	3691722	9188	5134	4084	4055	94.54	3984410	9788	0.10	41.43	NC_030993.1	KK035347.1
3691646	3696426	5374	570	4781	4805	94.41	3984410	9788	0.12	49.09	NC_030993.1	KK035347.1
3697068	3699280	273167	270976	2213	2192	89.56	3984410	281107	0.06	0.78	NC_030993.1	JH657952.1
3699673	3710919	270326	259091	11247	11236	96.33	3984410	281107	0.28	4.00	NC_030993.1	JH657952.1
3712954	3719515	257073	250515	6562	6559	96.55	3984410	281107	0.16	2.33	NC_030993.1	JH657952.1
3720346	3745512	249857	224695	25167	25163	97.22	3984410	281107	0.63	8.95	NC_030993.1	JH657952.1
3745705	3747553	224509	222657	1849	1853	96.87	3984410	281107	0.05	0.66	NC_030993.1	JH657952.1
3747553	3748509	222480	221525	957	956	94.04	3984410	281107	0.02	0.34	NC_030993.1	JH657952.1
3749260	3758480	221540	212318	9221	9223	94.51	3984410	281107	0.23	3.28	NC_030993.1	JH657952.1
3758644	3761025	212161	209753	2382	2409	92.70	3984410	281107	0.06	0.86	NC_030993.1	JH657952.1
3762144	3763240	189760	188665	1097	1096	91.36	3984410	281107	0.03	0.39	NC_030993.1	JH657952.1
3764054	3764728	188417	187738	675	680	92.82	3984410	281107	0.02	0.24	NC_030993.1	JH657952.1
3764733	3772195	186831	179360	7463	7472	94.35	3984410	281107	0.19	2.66	NC_030993.1	JH657952.1
3794321	3794490	69912	69744	170	169	90.64	3984410	90069	0.00	0.19	NC_030993.1	JH658006.1
3794487	3794633	5651	5503	147	149	92.62	3984410	5726	0.00	2.60	NC_030993.1	KK035431.1
3806638	3810439	177673	173936	3802	3738	93.50	3984410	281107	0.10	1.33	NC_030993.1	JH657952.1
3810438	3816942	173079	166588	6505	6492	96.86	3984410	281107	0.16	2.31	NC_030993.1	JH657952.1
3816934	3830361	164522	151116	13428	13407	96.68	3984410	281107	0.34	4.77	NC_030993.1	JH657952.1
3830312	3840254	150973	141024	9943	9950	93.78	3984410	281107	0.25	3.54	NC_030993.1	JH657952.1
3840271	3842116	133720	131877	1846	1844	89.32	3984410	281107	0.05	0.66	NC_030993.1	JH657952.1
3842586	3869197	124523	97949	26612	26575	94.45	3984410	281107	0.67	9.45	NC_030993.1	JH657952.1
3869289	3875019	97542	91815	5731	5728	95.50	3984410	281107	0.14	2.04	NC_030993.1	JH657952.1
3881821	3884854	91712	88649	3034	3064	96.19	3984410	281107	0.08	1.09	NC_030993.1	JH657952.1
3885615	3893656	88655	80570	8042	8086	96.43	3984410	281107	0.20	2.88	NC_030993.1	JH657952.1
3893649	3905001	80104	68716	11353	11389	97.08	3984410	281107	0.28	4.05	NC_030993.1	JH657952.1
3905559	3908039	68501	66019	2481	2483	96.50	3984410	281107	0.06	0.88	NC_030993.1	JH657952.1
3908042	3918096	65927	55847	10055	10081	96.49	3984410	281107	0.25	3.59	NC_030993.1	JH657952.1
3918096	3922019	55508	51577	3924	3932	97.03	3984410	281107	0.10	1.40	NC_030993.1	JH657952.1
3922020	3922690	51122	50450	671	673	95.39	3984410	281107	0.02	0.24	NC_030993.1	JH657952.1
3922909	3928052	50452	45231	5144	5222	95.27	3984410	281107	0.13	1.86	NC_030993.1	JH657952.1
3928044	3928431	45122	44735	388	388	94.07	3984410	281107	0.01	0.14	NC_030993.1	JH657952.1
3929649	3930137	43044	42557	489	488	90.39	3984410	281107	0.01	0.17	NC_030993.1	JH657952.1
3930131	3930277	989449	989303	147	147	96.60	3984410	1211435	0.00	0.01	NC_030993.1	JH657925.1
3930899	3951826	42562	21697	20928	20866	96.87	3984410	281107	0.53	7.42	NC_030993.1	JH657952.1
3951826	3952145	21607	21288	320	320	91.88	3984410	281107	0.01	0.11	NC_030993.1	JH657952.1
3952467	3952701	242774	242540	235	235	90.21	3984410	357253	0.01	0.07	NC_030993.1	JH657946.1
3952697	3953297	20652	20056	601	597	85.93	3984410	25526	0.02	2.34	NC_030993.1	JH658120.1
3952935	3953333	18713	18313	399	401	81.55	3984410	21374	0.01	1.88	NC_030993.1	KK035266.1
3953333	3953462	3847	3719	130	129	87.12	3984410	1250108	0.00	0.01	NC_030993.1	JH657923.1
3953460	3955307	7166	5319	1848	1848	97.51	3984410	7415	0.05	24.92	NC_030993.1	KK035376.1
3955469	3957132	4962	3302	1664	1661	98.02	3984410	7415	0.04	22.40	NC_030993.1	KK035376.1
3957125	3969143	3232	15223	12019	11992	97.50	3984410	40079	0.30	29.92	NC_030993.1	JH658055.1
3969362	3969924	19468	20050	563	583	86.20	3984410	40079	0.01	1.45	NC_030993.1	JH658055.1
3969926	3970874	20860	21808	949	949	97.16	3984410	40079	0.02	2.37	NC_030993.1	JH658055.1
3971772	3973234	21806	23269	1463	1464	96.52	3984410	40079	0.04	3.65	NC_030993.1	JH658055.1
3973234	3981563	25156	33498	8330	8343	96.71	3984410	40079	0.21	20.82	NC_030993.1	JH658055.1
3981563	3984410	33670	36513	2848	2844	96.95	3984410	40079	0.07	7.10	NC_030993.1	JH658055.1
7	2932	148394	145460	2926	2935	93.53	3304701	857877	0.09	0.34	NC_030994.1	JH657931.1
3984	7474	145367	141877	3491	3491	95.67	3304701	857877	0.11	0.41	NC_030994.1	JH657931.1
7471	7780	973250	973559	310	310	96.77	3304701	1035594	0.01	0.03	NC_030994.1	JH657928.1
7778	10433	141878	139225	2656	2654	97.78	3304701	857877	0.08	0.31	NC_030994.1	JH657931.1
10428	22030	138431	126826	11603	11606	95.21	3304701	857877	0.35	1.35	NC_030994.1	JH657931.1
22633	25650	126427	123361	3018	3067	95.14	3304701	857877	0.09	0.36	NC_030994.1	JH657931.1
25649	25805	121043	120887	157	157	96.82	3304701	857877	0.00	0.02	NC_030994.1	JH657931.1
26959	28388	120888	119470	1430	1419	94.34	3304701	857877	0.04	0.17	NC_030994.1	JH657931.1
28684	35911	119475	112283	7228	7193	96.57	3304701	857877	0.22	0.84	NC_030994.1	JH657931.1
36074	47160	112252	101212	11087	11041	97.41	3304701	857877	0.34	1.29	NC_030994.1	JH657931.1
47360	49730	101051	98680	2371	2372	97.55	3304701	857877	0.07	0.28	NC_030994.1	JH657931.1
50799	51008	3230	3022	210	209	96.19	3304701	181406	0.01	0.12	NC_030994.1	JH657976.1
50801	52130	306769	305426	1330	1344	82.19	3304701	357253	0.04	0.38	NC_030994.1	JH657946.1
51910	54917	6454	3447	3008	3008	82.90	3304701	7489	0.09	40.17	NC_030994.1	KK035382.1
54132	55772	1	1641	1641	1641	83.82	3304701	36771	0.05	4.46	NC_030994.1	KK035244.1
57032	57703	38670	39338	672	669	80.24	3304701	68105	0.02	0.98	NC_030994.1	JH658029.1
57316	58373	780310	779249	1058	1062	81.83	3304701	836366	0.03	0.13	NC_030994.1	JH657932.1
60836	60973	85928	86065	138	138	98.55	3304701	191548	0.00	0.07	NC_030994.1	JH657972.1
61796	63393	98599	97002	1598	1598	96.25	3304701	857877	0.05	0.19	NC_030994.1	JH657931.1
63487	68800	90257	84969	5314	5289	97.25	3304701	857877	0.16	0.62	NC_030994.1	JH657931.1
72875	82101	81889	72728	9227	9162	95.71	3304701	857877	0.28	1.07	NC_030994.1	JH657931.1
86911	90859	181670	185618	3949	3949	98.10	3304701	857877	0.12	0.46	NC_030994.1	JH657931.1
91122	103354	185612	197865	12233	12254	95.71	3304701	857877	0.37	1.43	NC_030994.1	JH657931.1
110456	113486	201052	204081	3031	3030	98.38	3304701	857877	0.09	0.35	NC_030994.1	JH657931.1
114465	120106	204064	209712	5642	5649	97.73	3304701	857877	0.17	0.66	NC_030994.1	JH657931.1
120690	122807	225601	227754	2118	2154	93.15	3304701	857877	0.06	0.25	NC_030994.1	JH657931.1
124068	127604	227754	231289	3537	3536	94.54	3304701	857877	0.11	0.41	NC_030994.1	JH657931.1
127817	131018	231282	234482	3202	3201	94.24	3304701	857877	0.10	0.37	NC_030994.1	JH657931.1
131019	143684	241000	253705	12666	12706	95.89	3304701	857877	0.38	1.48	NC_030994.1	JH657931.1
144689	153051	253706	262066	8363	8361	96.54	3304701	857877	0.25	0.97	NC_030994.1	JH657931.1
153508	157318	262504	266314	3811	3811	96.96	3304701	857877	0.12	0.44	NC_030994.1	JH657931.1
157824	158563	266310	267049	740	740	96.62	3304701	857877	0.02	0.09	NC_030994.1	JH657931.1
158562	162047	269272	272758	3486	3487	97.62	3304701	857877	0.11	0.41	NC_030994.1	JH657931.1
162410	163677	273122	274398	1268	1277	87.11	3304701	857877	0.04	0.15	NC_030994.1	JH657931.1
166377	167076	277988	278689	700	702	91.74	3304701	857877	0.02	0.08	NC_030994.1	JH657931.1
170369	198606	279070	307276	28238	28207	96.97	3304701	857877	0.85	3.29	NC_030994.1	JH657931.1
198659	204064	307603	312995	5406	5393	92.97	3304701	857877	0.16	0.63	NC_030994.1	JH657931.1
204363	210387	313288	319299	6025	6012	95.54	3304701	857877	0.18	0.70	NC_030994.1	JH657931.1
211291	219628	330994	339333	8338	8340	95.49	3304701	857877	0.25	0.97	NC_030994.1	JH657931.1
219620	222677	339841	342899	3058	3059	97.71	3304701	857877	0.09	0.36	NC_030994.1	JH657931.1
222677	224817	11413	13553	2141	2141	97.62	3304701	202139	0.06	1.06	NC_030994.1	JH657970.1
224816	229530	14920	19639	4715	4720	98.64	3304701	202139	0.14	2.34	NC_030994.1	JH657970.1
240337	253540	353669	366963	13204	13295	95.31	3304701	857877	0.40	1.55	NC_030994.1	JH657931.1
253891	264293	367128	377512	10403	10385	95.81	3304701	857877	0.31	1.21	NC_030994.1	JH657931.1
264795	266814	378148	380166	2020	2019	93.07	3304701	857877	0.06	0.24	NC_030994.1	JH657931.1
266802	272715	385865	391778	5914	5914	96.28	3304701	857877	0.18	0.69	NC_030994.1	JH657931.1
276445	279944	392411	395889	3500	3479	96.32	3304701	857877	0.11	0.41	NC_030994.1	JH657931.1
281804	286751	395887	400860	4948	4974	96.70	3304701	857877	0.15	0.58	NC_030994.1	JH657931.1
286749	290632	401066	404958	3884	3893	96.69	3304701	857877	0.12	0.45	NC_030994.1	JH657931.1
290919	293879	405279	408240	2961	2962	97.43	3304701	857877	0.09	0.35	NC_030994.1	JH657931.1
293878	294549	409651	410322	672	672	91.96	3304701	857877	0.02	0.08	NC_030994.1	JH657931.1
294605	299480	418236	423134	4876	4899	92.44	3304701	857877	0.15	0.57	NC_030994.1	JH657931.1
301111	306492	425076	430461	5382	5386	96.66	3304701	857877	0.16	0.63	NC_030994.1	JH657931.1
306478	323607	430988	448148	17130	17161	97.40	3304701	857877	0.52	2.00	NC_030994.1	JH657931.1
323901	332403	450294	458789	8503	8496	97.43	3304701	857877	0.26	0.99	NC_030994.1	JH657931.1
333961	335641	459836	461515	1681	1680	98.04	3304701	857877	0.05	0.20	NC_030994.1	JH657931.1
335634	354753	463014	482132	19120	19119	97.82	3304701	857877	0.58	2.23	NC_030994.1	JH657931.1
354749	355765	485515	486533	1017	1019	97.75	3304701	857877	0.03	0.12	NC_030994.1	JH657931.1
355761	373888	486888	505030	18128	18143	96.23	3304701	857877	0.55	2.11	NC_030994.1	JH657931.1
374265	375034	505392	506163	770	772	95.47	3304701	857877	0.02	0.09	NC_030994.1	JH657931.1
375026	382961	506500	514390	7936	7891	95.00	3304701	857877	0.24	0.92	NC_030994.1	JH657931.1
383399	385333	515607	517560	1935	1954	95.60	3304701	857877	0.06	0.23	NC_030994.1	JH657931.1
417083	418083	533581	532550	1001	1032	88.76	3304701	857877	0.03	0.12	NC_030994.1	JH657931.1
418220	418352	532250	532118	133	133	93.98	3304701	857877	0.00	0.02	NC_030994.1	JH657931.1
419588	419770	531926	531744	183	183	94.02	3304701	857877	0.01	0.02	NC_030994.1	JH657931.1
419761	421286	531644	530094	1526	1551	90.37	3304701	857877	0.05	0.18	NC_030994.1	JH657931.1
421435	422107	530091	529446	673	646	90.43	3304701	857877	0.02	0.08	NC_030994.1	JH657931.1
423470	426332	529447	526588	2863	2860	91.68	3304701	857877	0.09	0.33	NC_030994.1	JH657931.1
431230	432632	526593	525180	1403	1414	94.20	3304701	857877	0.04	0.16	NC_030994.1	JH657931.1
444693	448577	535584	539583	3885	4000	88.58	3304701	857877	0.12	0.47	NC_030994.1	JH657931.1
450631	452877	544717	546971	2247	2255	92.20	3304701	857877	0.07	0.26	NC_030994.1	JH657931.1
452871	453669	547469	548300	799	832	89.22	3304701	857877	0.02	0.10	NC_030994.1	JH657931.1
457485	457630	548831	548977	146	147	97.28	3304701	857877	0.00	0.02	NC_030994.1	JH657931.1
458470	470039	550658	562242	11570	11585	96.29	3304701	857877	0.35	1.35	NC_030994.1	JH657931.1
470050	479596	562138	571708	9547	9571	97.46	3304701	857877	0.29	1.12	NC_030994.1	JH657931.1
479727	493470	571842	585556	13744	13715	98.07	3304701	857877	0.42	1.60	NC_030994.1	JH657931.1
493725	589769	585554	681717	96045	96164	98.11	3304701	857877	2.91	11.21	NC_030994.1	JH657931.1
589910	592234	681720	684059	2325	2340	96.08	3304701	857877	0.07	0.27	NC_030994.1	JH657931.1
592237	610144	685635	703551	17908	17917	98.72	3304701	857877	0.54	2.09	NC_030994.1	JH657931.1
610467	621099	703765	714404	10633	10640	98.88	3304701	857877	0.32	1.24	NC_030994.1	JH657931.1
621310	643590	714405	736665	22281	22261	98.73	3304701	857877	0.67	2.59	NC_030994.1	JH657931.1
643775	680336	736877	773463	36562	36587	97.54	3304701	857877	1.11	4.26	NC_030994.1	JH657931.1
681000	684105	773452	776550	3106	3099	98.10	3304701	857877	0.09	0.36	NC_030994.1	JH657931.1
685819	689938	776553	780669	4120	4117	96.37	3304701	857877	0.12	0.48	NC_030994.1	JH657931.1
689936	694570	781039	785669	4635	4631	95.50	3304701	857877	0.14	0.54	NC_030994.1	JH657931.1
694709	697857	785798	788951	3149	3154	96.58	3304701	857877	0.10	0.37	NC_030994.1	JH657931.1
697882	698713	789808	788970	832	839	95.48	3304701	857877	0.03	0.10	NC_030994.1	JH657931.1
698726	699418	789806	790500	693	695	97.99	3304701	857877	0.02	0.08	NC_030994.1	JH657931.1
699578	699919	790544	790883	342	340	96.20	3304701	857877	0.01	0.04	NC_030994.1	JH657931.1
700198	707173	790885	797877	6976	6993	97.36	3304701	857877	0.21	0.82	NC_030994.1	JH657931.1
707392	738280	797988	828862	30889	30875	98.01	3304701	857877	0.93	3.60	NC_030994.1	JH657931.1
738712	743257	829355	833898	4546	4544	98.57	3304701	857877	0.14	0.53	NC_030994.1	JH657931.1
743244	747595	834550	838901	4352	4352	95.23	3304701	857877	0.13	0.51	NC_030994.1	JH657931.1
747819	748988	839120	840308	1170	1189	94.87	3304701	857877	0.04	0.14	NC_030994.1	JH657931.1
749000	749381	9804	9423	382	382	97.12	3304701	12633	0.01	3.02	NC_030994.1	KK035318.1
749275	749427	71341	71493	153	153	98.04	3304701	79820	0.00	0.19	NC_030994.1	JH658019.1
749426	751079	840307	841958	1654	1652	98.00	3304701	857877	0.05	0.19	NC_030994.1	JH657931.1
751081	751213	842090	841959	133	132	93.98	3304701	857877	0.00	0.02	NC_030994.1	JH657931.1
751213	759505	842091	850359	8293	8269	96.67	3304701	857877	0.25	0.96	NC_030994.1	JH657931.1
759832	767354	850359	857877	7523	7519	97.90	3304701	857877	0.23	0.88	NC_030994.1	JH657931.1
767361	794009	1249921	1223266	26649	26656	97.25	3304701	1250108	0.81	2.13	NC_030994.1	JH657923.1
795047	796036	1222184	1221196	990	989	90.01	3304701	1250108	0.03	0.08	NC_030994.1	JH657923.1
796371	797271	1220853	1219953	901	901	87.25	3304701	1250108	0.03	0.07	NC_030994.1	JH657923.1
797558	798242	1219683	1218983	685	701	82.49	3304701	1250108	0.02	0.06	NC_030994.1	JH657923.1
798651	842327	1218595	1174983	43677	43613	97.58	3304701	1250108	1.32	3.49	NC_030994.1	JH657923.1
842498	862813	1174964	1154686	20316	20279	99.04	3304701	1250108	0.61	1.62	NC_030994.1	JH657923.1
862810	880356	1153278	1135695	17547	17584	97.71	3304701	1250108	0.53	1.41	NC_030994.1	JH657923.1
880712	950741	1135533	1065497	70030	70037	98.66	3304701	1250108	2.12	5.60	NC_030994.1	JH657923.1
950750	959250	1065380	1056888	8501	8493	95.35	3304701	1250108	0.26	0.68	NC_030994.1	JH657923.1
960726	1029903	1055802	986632	69178	69171	98.79	3304701	1250108	2.09	5.53	NC_030994.1	JH657923.1
1032151	1175224	984810	841843	143074	142968	98.87	3304701	1250108	4.33	11.44	NC_030994.1	JH657923.1
1175467	1223669	841550	793358	48203	48193	99.14	3304701	1250108	1.46	3.86	NC_030994.1	JH657923.1
1223668	1273299	792921	743248	49632	49674	99.02	3304701	1250108	1.50	3.97	NC_030994.1	JH657923.1
1273524	1280029	742828	736321	6506	6508	98.82	3304701	1250108	0.20	0.52	NC_030994.1	JH657923.1
1280028	1282695	734457	731791	2668	2667	98.84	3304701	1250108	0.08	0.21	NC_030994.1	JH657923.1
1282932	1286972	731571	727536	4041	4036	98.66	3304701	1250108	0.12	0.32	NC_030994.1	JH657923.1
1287740	1292351	719069	714457	4612	4613	98.53	3304701	1250108	0.14	0.37	NC_030994.1	JH657923.1
1292541	1344796	714278	661954	52256	52325	98.92	3304701	1250108	1.58	4.19	NC_030994.1	JH657923.1
1344897	1359929	661952	646918	15033	15035	99.38	3304701	1250108	0.45	1.20	NC_030994.1	JH657923.1
1360233	1369639	646576	637182	9407	9395	99.26	3304701	1250108	0.28	0.75	NC_030994.1	JH657923.1
1369857	1434348	637090	572639	64492	64452	99.03	3304701	1250108	1.95	5.16	NC_030994.1	JH657923.1
1434620	1446479	572438	560578	11860	11861	99.02	3304701	1250108	0.36	0.95	NC_030994.1	JH657923.1
1447146	1479014	560592	528728	31869	31865	99.04	3304701	1250108	0.96	2.55	NC_030994.1	JH657923.1
1479166	1498241	528478	509417	19076	19062	99.22	3304701	1250108	0.58	1.52	NC_030994.1	JH657923.1
1498421	1526551	509247	481036	28131	28212	98.99	3304701	1250108	0.85	2.26	NC_030994.1	JH657923.1
1526879	1568687	480761	438978	41809	41784	99.14	3304701	1250108	1.27	3.34	NC_030994.1	JH657923.1
1569776	1574994	437970	432750	5219	5221	99.48	3304701	1250108	0.16	0.42	NC_030994.1	JH657923.1
1575884	1582935	431912	424851	7052	7062	99.42	3304701	1250108	0.21	0.56	NC_030994.1	JH657923.1
1583222	1600544	424582	407301	17323	17282	98.82	3304701	1250108	0.52	1.38	NC_030994.1	JH657923.1
1601074	1633716	406765	374106	32643	32660	99.13	3304701	1250108	0.99	2.61	NC_030994.1	JH657923.1
1633886	1648847	373951	359006	14962	14946	98.59	3304701	1250108	0.45	1.20	NC_030994.1	JH657923.1
1649336	1649997	33378	32717	662	662	86.58	3304701	71206	0.02	0.93	NC_030994.1	JH658026.1
1650363	1651032	9263	9930	670	668	82.74	3304701	440990	0.02	0.15	NC_030994.1	JH657940.1
1651035	1763153	359007	246784	112119	112224	98.86	3304701	1250108	3.39	8.98	NC_030994.1	JH657923.1
1763619	1780789	246421	229213	17171	17209	99.06	3304701	1250108	0.52	1.38	NC_030994.1	JH657923.1
1780949	1802413	229056	207603	21465	21454	99.08	3304701	1250108	0.65	1.72	NC_030994.1	JH657923.1
1802412	1815226	205739	192953	12815	12787	99.06	3304701	1250108	0.39	1.02	NC_030994.1	JH657923.1
1815460	1849816	192815	158448	34357	34368	99.10	3304701	1250108	1.04	2.75	NC_030994.1	JH657923.1
1851071	1852107	157269	156237	1037	1033	98.84	3304701	1250108	0.03	0.08	NC_030994.1	JH657923.1
1852442	1873290	156244	135338	20849	20907	98.85	3304701	1250108	0.63	1.67	NC_030994.1	JH657923.1
1874253	1881382	134678	127556	7130	7123	98.47	3304701	1250108	0.22	0.57	NC_030994.1	JH657923.1
1881482	1914672	127289	94067	33191	33223	99.25	3304701	1250108	1.00	2.66	NC_030994.1	JH657923.1
1914671	1914897	342235	342009	227	227	99.12	3304701	346831	0.01	0.07	NC_030994.1	JH657945.1
1914896	1964329	94068	44665	49434	49404	99.12	3304701	1250108	1.50	3.95	NC_030994.1	JH657923.1
1964575	1969342	44533	39766	4768	4768	99.54	3304701	1250108	0.14	0.38	NC_030994.1	JH657923.1
1969632	1975910	38197	31924	6279	6274	99.09	3304701	1250108	0.19	0.50	NC_030994.1	JH657923.1
1977106	1996058	6819	25784	18953	18966	99.33	3304701	906049	0.57	2.09	NC_030994.1	JH657930.1
1996056	1996349	17663	17955	294	293	95.61	3304701	46956	0.01	0.62	NC_030994.1	JH658047.1
1996347	2019347	25781	48761	23001	22981	99.44	3304701	906049	0.70	2.54	NC_030994.1	JH657930.1
2020011	2032009	48748	60756	11999	12009	98.95	3304701	906049	0.36	1.33	NC_030994.1	JH657930.1
2032009	2093396	60892	122328	61388	61437	99.11	3304701	906049	1.86	6.78	NC_030994.1	JH657930.1
2093513	2125270	122349	154098	31758	31750	98.85	3304701	906049	0.96	3.50	NC_030994.1	JH657930.1
2125263	2141107	154268	170120	15845	15853	99.16	3304701	906049	0.48	1.75	NC_030994.1	JH657930.1
2141216	2175345	170243	204341	34130	34099	98.93	3304701	906049	1.03	3.76	NC_030994.1	JH657930.1
2177250	2179908	204342	207000	2659	2659	99.02	3304701	906049	0.08	0.29	NC_030994.1	JH657930.1
2180633	2200402	207541	227367	19770	19827	98.48	3304701	906049	0.60	2.19	NC_030994.1	JH657930.1
2200522	2219527	227367	246378	19006	19012	98.16	3304701	906049	0.58	2.10	NC_030994.1	JH657930.1
2222746	2223445	249436	250135	700	700	92.43	3304701	906049	0.02	0.08	NC_030994.1	JH657930.1
2223447	2311317	250719	338538	87871	87820	98.80	3304701	906049	2.66	9.69	NC_030994.1	JH657930.1
2311416	2315162	338679	342424	3747	3746	99.55	3304701	906049	0.11	0.41	NC_030994.1	JH657930.1
2315233	2321906	342423	349093	6674	6671	99.28	3304701	906049	0.20	0.74	NC_030994.1	JH657930.1
2321905	2421523	350503	450072	99619	99570	98.86	3304701	906049	3.01	10.99	NC_030994.1	JH657930.1
2422432	2470523	450974	499111	48092	48138	98.78	3304701	906049	1.46	5.31	NC_030994.1	JH657930.1
2472388	2473187	501023	501821	800	799	98.12	3304701	906049	0.02	0.09	NC_030994.1	JH657930.1
2473876	2510900	501809	538823	37025	37015	99.25	3304701	906049	1.12	4.09	NC_030994.1	JH657930.1
2511326	2522268	539186	550068	10943	10883	98.45	3304701	906049	0.33	1.20	NC_030994.1	JH657930.1
2522589	2558112	550163	585689	35524	35527	98.93	3304701	906049	1.07	3.92	NC_030994.1	JH657930.1
2558114	2565214	585803	592900	7101	7098	98.76	3304701	906049	0.21	0.78	NC_030994.1	JH657930.1
2565319	2576517	593008	604185	11199	11178	98.96	3304701	906049	0.34	1.23	NC_030994.1	JH657930.1
2577394	2579385	605312	607303	1992	1992	98.25	3304701	906049	0.06	0.22	NC_030994.1	JH657930.1
2579910	2581990	607325	609406	2081	2082	99.04	3304701	906049	0.06	0.23	NC_030994.1	JH657930.1
2582451	2599765	609682	626979	17315	17298	98.60	3304701	906049	0.52	1.91	NC_030994.1	JH657930.1
2599936	2603322	627010	630397	3387	3388	99.26	3304701	906049	0.10	0.37	NC_030994.1	JH657930.1
2603468	2627055	630398	654000	23588	23603	98.94	3304701	906049	0.71	2.61	NC_030994.1	JH657930.1
2627163	2629532	654099	656469	2370	2371	99.62	3304701	906049	0.07	0.26	NC_030994.1	JH657930.1
2629644	2712775	656569	739685	83132	83117	98.42	3304701	906049	2.52	9.17	NC_030994.1	JH657930.1
2712777	2753890	739873	780986	41114	41114	97.43	3304701	906049	1.24	4.54	NC_030994.1	JH657930.1
2754201	2755283	781006	782064	1083	1059	84.84	3304701	906049	0.03	0.12	NC_030994.1	JH657930.1
2768215	2769710	782066	783547	1496	1482	85.14	3304701	906049	0.05	0.16	NC_030994.1	JH657930.1
2769709	2808528	784935	823760	38820	38826	98.25	3304701	906049	1.17	4.29	NC_030994.1	JH657930.1
2811853	2812867	827078	828089	1015	1012	81.37	3304701	906049	0.03	0.11	NC_030994.1	JH657930.1
2821132	2835939	833536	848351	14808	14816	96.56	3304701	906049	0.45	1.64	NC_030994.1	JH657930.1
2836152	2838182	848576	850627	2031	2052	86.49	3304701	906049	0.06	0.23	NC_030994.1	JH657930.1
2838182	2851772	850723	864341	13591	13619	97.34	3304701	906049	0.41	1.50	NC_030994.1	JH657930.1
2851970	2858670	864518	871216	6701	6699	98.54	3304701	906049	0.20	0.74	NC_030994.1	JH657930.1
2858829	2873560	871303	886031	14732	14729	98.73	3304701	906049	0.45	1.63	NC_030994.1	JH657930.1
2873771	2886334	886274	898835	12564	12562	97.15	3304701	906049	0.38	1.39	NC_030994.1	JH657930.1
2886520	2889097	899011	901588	2578	2578	94.26	3304701	906049	0.08	0.28	NC_030994.1	JH657930.1
2889219	2892580	901588	904969	3362	3382	94.46	3304701	906049	0.10	0.37	NC_030994.1	JH657930.1
2892579	2894076	164	1659	1498	1496	95.74	3304701	1659	0.05	90.17	NC_030994.1	KK035729.1
2894747	2897919	1	3173	3173	3173	97.42	3304701	3173	0.10	100.00	NC_030994.1	KK035551.1
2898093	2899751	1664	1	1659	1664	96.52	3304701	1664	0.05	100.00	NC_030994.1	KK035728.1
2899753	2910528	10751	1	10776	10751	97.70	3304701	10751	0.33	100.00	NC_030994.1	KK035336.1
2911207	2911552	2036	1694	346	343	93.06	3304701	2036	0.01	16.85	NC_030994.1	KK035661.1
2916298	2918133	1005	2864	1836	1860	96.02	3304701	2864	0.06	64.94	NC_030994.1	KK035580.1
2918065	2919079	1843	836	1015	1008	93.41	3304701	1843	0.03	54.69	NC_030994.1	KK035692.1
2919079	2919481	719	320	403	400	96.53	3304701	1843	0.01	21.70	NC_030994.1	KK035692.1
2919627	2919946	320	1	320	320	96.56	3304701	1843	0.01	17.36	NC_030994.1	KK035692.1
2919944	2920157	1	214	214	214	97.20	3304701	1734	0.01	12.34	NC_030994.1	KK035710.1
2921275	2922795	215	1734	1521	1520	95.14	3304701	1734	0.05	87.66	NC_030994.1	KK035710.1
2922968	2926701	4491	771	3734	3721	96.71	3304701	4491	0.11	82.85	NC_030994.1	KK035474.1
2927439	2927753	1	315	315	315	86.67	3304701	4297	0.01	7.33	NC_030994.1	KK035488.1
2928831	2932815	316	4297	3985	3982	97.99	3304701	4297	0.12	92.67	NC_030994.1	KK035488.1
2932721	2935066	4412	2065	2346	2348	97.57	3304701	4412	0.07	53.22	NC_030994.1	KK035479.1
2935066	2936929	45108	46971	1864	1864	98.87	3304701	74742	0.06	2.49	NC_030994.1	JH658021.1
2936928	2938985	2063	3	2058	2061	94.76	3304701	4412	0.06	46.71	NC_030994.1	KK035479.1
2938994	2941327	6	2332	2334	2327	83.88	3304701	2332	0.07	99.79	NC_030994.1	KK035627.1
2941708	2945097	5	3405	3390	3401	95.68	3304701	3405	0.10	99.88	NC_030994.1	KK035537.1
2945003	2947120	2118	1	2118	2118	98.49	3304701	2118	0.06	100.00	NC_030994.1	KK035654.1
2947523	2951574	4052	1	4052	4052	94.79	3304701	4052	0.12	100.00	NC_030994.1	KK035497.1
2952803	2953810	1	1007	1008	1007	95.34	3304701	2497	0.03	40.33	NC_030994.1	KK035614.1
2958710	2960207	1000	2497	1498	1498	97.80	3304701	2497	0.05	59.99	NC_030994.1	KK035614.1
2960209	2960354	1	146	146	146	97.95	3304701	2307	0.00	6.33	NC_030994.1	KK035632.1
2961118	2962914	143	1939	1797	1797	95.38	3304701	2307	0.05	77.89	NC_030994.1	KK035632.1
2963440	2995412	789809	821753	31973	31945	96.22	3304701	836366	0.97	3.82	NC_030994.1	JH657932.1
2995719	2999549	821954	825782	3831	3829	97.31	3304701	836366	0.12	0.46	NC_030994.1	JH657932.1
3007567	3007673	1850	1956	107	107	97.20	3304701	11353	0.00	0.94	NC_030994.1	JH658182.1
3016037	3017005	265737	264746	969	992	83.84	3304701	316556	0.03	0.31	NC_030994.1	JH657950.1
3017435	3019137	264340	262662	1703	1679	87.70	3304701	316556	0.05	0.53	NC_030994.1	JH657950.1
3019417	3026864	262425	255033	7448	7393	87.25	3304701	316556	0.23	2.34	NC_030994.1	JH657950.1
3027630	3028905	253229	251947	1276	1283	87.39	3304701	316556	0.04	0.41	NC_030994.1	JH657950.1
3035228	3037067	251686	249844	1840	1843	87.76	3304701	316556	0.06	0.58	NC_030994.1	JH657950.1
3037229	3039039	249697	247886	1811	1812	89.79	3304701	316556	0.05	0.57	NC_030994.1	JH657950.1
3039369	3040945	247545	245981	1577	1565	91.61	3304701	316556	0.05	0.49	NC_030994.1	JH657950.1
3040946	3042159	20323	21536	1214	1214	97.45	3304701	44743	0.04	2.71	NC_030994.1	JH658051.1
3058749	3060225	80564	79060	1477	1505	92.43	3304701	246957	0.04	0.61	NC_030994.1	JH657957.1
3065442	3067071	79043	77417	1630	1627	90.74	3304701	246957	0.05	0.66	NC_030994.1	JH657957.1
3067073	3067362	76325	76037	290	289	95.17	3304701	246957	0.01	0.12	NC_030994.1	JH657957.1
3067362	3109661	75901	33614	42300	42288	96.22	3304701	246957	1.28	17.12	NC_030994.1	JH657957.1
3109829	3115127	33225	27894	5299	5332	96.12	3304701	246957	0.16	2.16	NC_030994.1	JH657957.1
3115294	3117332	27752	25737	2039	2016	91.37	3304701	246957	0.06	0.82	NC_030994.1	JH657957.1
3117383	3120138	23046	20296	2756	2751	96.56	3304701	246957	0.08	1.11	NC_030994.1	JH657957.1
3123955	3131254	14513	7213	7300	7301	93.64	3304701	246957	0.22	2.96	NC_030994.1	JH657957.1
3135331	3137257	301	2228	1927	1928	88.71	3304701	6298	0.06	30.61	NC_030994.1	KK035411.1
3137405	3140219	2373	5180	2815	2808	96.27	3304701	6298	0.09	44.59	NC_030994.1	KK035411.1
3140884	3141437	5167	5723	554	557	97.31	3304701	6298	0.02	8.84	NC_030994.1	KK035411.1
3153480	3154958	22300	20813	1479	1488	87.42	3304701	23475	0.04	6.34	NC_030994.1	JH658126.1
3163859	3164266	91692	92107	408	416	87.74	3304701	246957	0.01	0.17	NC_030994.1	JH657957.1
3165114	3208501	101649	145043	43388	43395	96.77	3304701	246957	1.31	17.57	NC_030994.1	JH657957.1
3208844	3209231	145546	145935	388	390	91.03	3304701	246957	0.01	0.16	NC_030994.1	JH657957.1
3216237	3216739	157077	157577	503	501	93.04	3304701	246957	0.02	0.20	NC_030994.1	JH657957.1
3217060	3220393	146915	150181	3334	3267	93.00	3304701	246957	0.10	1.32	NC_030994.1	JH657957.1
3220457	3220681	150388	150612	225	225	93.78	3304701	246957	0.01	0.09	NC_030994.1	JH657957.1
3222274	3244693	157512	179955	22420	22444	96.91	3304701	246957	0.68	9.09	NC_030994.1	JH657957.1
3245001	3250966	186125	192090	5966	5966	96.76	3304701	246957	0.18	2.42	NC_030994.1	JH657957.1
3250957	3252405	192658	194117	1449	1460	95.30	3304701	246957	0.04	0.59	NC_030994.1	JH657957.1
3260450	3285052	202182	226767	24603	24586	97.80	3304701	246957	0.74	9.96	NC_030994.1	JH657957.1
3285050	3291092	227158	233188	6043	6031	95.67	3304701	246957	0.18	2.44	NC_030994.1	JH657957.1
3291091	3294114	234970	237993	3024	3024	96.99	3304701	246957	0.09	1.22	NC_030994.1	JH657957.1
3294113	3301158	239842	246915	7046	7074	96.20	3304701	246957	0.21	2.86	NC_030994.1	JH657957.1
1	621	619	1	621	619	87.96	2896840	119716	0.02	0.52	NC_030995.1	JH657987.1
6387	7766	14634	16017	1380	1384	86.82	2896840	17467	0.05	7.92	NC_030995.1	JH658150.1
6582	7851	39423	40691	1270	1269	84.48	2896840	191548	0.04	0.66	NC_030995.1	JH657972.1
7848	10732	32341	29459	2885	2883	96.13	2896840	202139	0.10	1.43	NC_030995.1	JH657970.1
13642	14002	3080	3434	361	355	83.66	2896840	7159	0.01	4.96	NC_030995.1	KK035392.1
14019	14295	5843	5576	277	268	84.84	2896840	40336	0.01	0.66	NC_030995.1	KK035243.1
14513	23651	29456	20324	9139	9133	96.00	2896840	202139	0.32	4.52	NC_030995.1	JH657970.1
23648	24882	1398	195	1235	1204	83.98	2896840	202139	0.04	0.60	NC_030995.1	JH657970.1
24888	26907	245910	243912	2020	1999	88.32	2896840	246017	0.07	0.81	NC_030995.1	JH657959.1
27358	28137	243447	242669	780	779	78.32	2896840	246017	0.03	0.32	NC_030995.1	JH657959.1
29481	54493	241357	216342	25013	25016	96.17	2896840	246017	0.86	10.17	NC_030995.1	JH657959.1
55249	61042	216353	210560	5794	5794	97.17	2896840	246017	0.20	2.36	NC_030995.1	JH657959.1
61041	65543	210121	205645	4503	4477	96.60	2896840	246017	0.16	1.82	NC_030995.1	JH657959.1
65547	75537	204344	194366	9991	9979	96.23	2896840	246017	0.34	4.06	NC_030995.1	JH657959.1
84977	85311	180739	180405	335	335	85.42	2896840	246017	0.01	0.14	NC_030995.1	JH657959.1
85474	91675	180230	174029	6202	6202	92.56	2896840	246017	0.21	2.52	NC_030995.1	JH657959.1
91975	99931	173798	165791	7957	8008	94.99	2896840	246017	0.27	3.26	NC_030995.1	JH657959.1
99936	102924	158817	155837	2989	2981	93.60	2896840	246017	0.10	1.21	NC_030995.1	JH657959.1
103326	106469	155835	152702	3144	3134	96.28	2896840	246017	0.11	1.27	NC_030995.1	JH657959.1
106469	109326	152587	149729	2858	2859	98.36	2896840	246017	0.10	1.16	NC_030995.1	JH657959.1
109424	121753	149727	137374	12330	12354	97.45	2896840	246017	0.43	5.02	NC_030995.1	JH657959.1
125216	127758	134099	131567	2543	2533	92.81	2896840	246017	0.09	1.03	NC_030995.1	JH657959.1
128215	131245	131121	128084	3031	3038	85.39	2896840	246017	0.10	1.23	NC_030995.1	JH657959.1
132605	134095	126711	125224	1491	1488	84.58	2896840	246017	0.05	0.60	NC_030995.1	JH657959.1
135221	143753	121934	113411	8533	8524	95.93	2896840	246017	0.29	3.46	NC_030995.1	JH657959.1
144257	160202	113309	97329	15946	15981	96.04	2896840	246017	0.55	6.50	NC_030995.1	JH657959.1
160205	177812	97149	79565	17608	17585	96.97	2896840	246017	0.61	7.15	NC_030995.1	JH657959.1
177800	188495	79477	68797	10696	10681	97.24	2896840	246017	0.37	4.34	NC_030995.1	JH657959.1
188741	214470	68607	42858	25730	25750	97.19	2896840	246017	0.89	10.47	NC_030995.1	JH657959.1
215134	227630	42873	30353	12497	12521	97.93	2896840	246017	0.43	5.09	NC_030995.1	JH657959.1
227336	228593	30362	29108	1258	1255	94.52	2896840	246017	0.04	0.51	NC_030995.1	JH657959.1
228502	248624	29058	8946	20123	20113	97.72	2896840	246017	0.69	8.18	NC_030995.1	JH657959.1
249683	251150	8945	7476	1468	1470	98.03	2896840	246017	0.05	0.60	NC_030995.1	JH657959.1
251142	258110	7069	98	6969	6972	98.16	2896840	246017	0.24	2.83	NC_030995.1	JH657959.1
258102	265839	347464	339722	7738	7743	97.11	2896840	348603	0.27	2.22	NC_030995.1	JH657944.1
266011	290379	339603	315219	24369	24385	97.13	2896840	348603	0.84	7.00	NC_030995.1	JH657944.1
290660	292345	314962	313278	1686	1685	93.83	2896840	348603	0.06	0.48	NC_030995.1	JH657944.1
292628	299917	285873	293154	7290	7282	87.29	2896840	348603	0.25	2.09	NC_030995.1	JH657944.1
303563	319617	296823	312825	16055	16003	85.53	2896840	348603	0.55	4.59	NC_030995.1	JH657944.1
319903	320723	285680	284861	821	820	97.56	2896840	348603	0.03	0.24	NC_030995.1	JH657944.1
320934	326541	284686	279081	5608	5606	96.70	2896840	348603	0.19	1.61	NC_030995.1	JH657944.1
326771	357235	277915	247386	30465	30530	96.09	2896840	348603	1.05	8.76	NC_030995.1	JH657944.1
357926	358484	247014	246461	559	554	89.98	2896840	348603	0.02	0.16	NC_030995.1	JH657944.1
358641	365267	246311	239670	6627	6642	97.15	2896840	348603	0.23	1.91	NC_030995.1	JH657944.1
365267	368224	239572	236616	2958	2957	97.53	2896840	348603	0.10	0.85	NC_030995.1	JH657944.1
368428	387269	236431	217619	18842	18813	95.26	2896840	348603	0.65	5.40	NC_030995.1	JH657944.1
388114	390899	216819	214030	2786	2790	96.03	2896840	348603	0.10	0.80	NC_030995.1	JH657944.1
390890	462366	213859	142325	71477	71535	98.50	2896840	348603	2.47	20.52	NC_030995.1	JH657944.1
463020	468915	142338	136442	5896	5897	99.02	2896840	348603	0.20	1.69	NC_030995.1	JH657944.1
469237	516468	136390	89050	47232	47341	98.28	2896840	348603	1.63	13.58	NC_030995.1	JH657944.1
516458	567616	88735	37628	51159	51108	98.10	2896840	348603	1.77	14.66	NC_030995.1	JH657944.1
568307	569055	36954	36203	749	752	82.65	2896840	348603	0.03	0.22	NC_030995.1	JH657944.1
577438	578092	32620	31961	655	660	92.88	2896840	348603	0.02	0.19	NC_030995.1	JH657944.1
578173	578502	32004	31675	330	330	90.00	2896840	348603	0.01	0.09	NC_030995.1	JH657944.1
580529	584770	28613	24326	4242	4288	91.76	2896840	348603	0.15	1.23	NC_030995.1	JH657944.1
584869	591796	14317	7367	6928	6951	95.60	2896840	348603	0.24	1.99	NC_030995.1	JH657944.1
591788	593609	6531	4710	1822	1822	98.41	2896840	348603	0.06	0.52	NC_030995.1	JH657944.1
593841	597215	4509	1133	3375	3377	91.93	2896840	348603	0.12	0.97	NC_030995.1	JH657944.1
597243	598096	975	122	854	854	86.33	2896840	348603	0.03	0.24	NC_030995.1	JH657944.1
598089	621142	593466	570353	23054	23114	97.52	2896840	593533	0.80	3.89	NC_030995.1	JH657934.1
621397	653923	570195	537656	32527	32540	98.50	2896840	593533	1.12	5.48	NC_030995.1	JH657934.1
654056	673968	537538	517636	19913	19903	98.90	2896840	593533	0.69	3.35	NC_030995.1	JH657934.1
674108	737957	517575	453707	63850	63869	98.71	2896840	593533	2.20	10.76	NC_030995.1	JH657934.1
737961	770678	453593	420870	32718	32724	99.10	2896840	593533	1.13	5.51	NC_030995.1	JH657934.1
770792	773979	420765	417579	3188	3187	99.18	2896840	593533	0.11	0.54	NC_030995.1	JH657934.1
774224	787129	417352	404445	12906	12908	98.80	2896840	593533	0.45	2.17	NC_030995.1	JH657934.1
787256	794188	404320	397411	6933	6910	97.55	2896840	593533	0.24	1.16	NC_030995.1	JH657934.1
794191	794628	397311	396869	438	443	82.85	2896840	593533	0.02	0.07	NC_030995.1	JH657934.1
796166	798773	395351	392751	2608	2601	82.63	2896840	593533	0.09	0.44	NC_030995.1	JH657934.1
799987	834056	391562	357512	34070	34051	98.69	2896840	593533	1.18	5.74	NC_030995.1	JH657934.1
834514	834887	356188	356533	374	346	81.07	2896840	593533	0.01	0.06	NC_030995.1	JH657934.1
848428	848942	354245	354785	515	541	84.84	2896840	593533	0.02	0.09	NC_030995.1	JH657934.1
848938	886852	354133	316231	37915	37903	99.17	2896840	593533	1.31	6.39	NC_030995.1	JH657934.1
886840	913078	316008	289758	26239	26251	98.86	2896840	593533	0.91	4.42	NC_030995.1	JH657934.1
913078	974580	289588	228138	61503	61451	98.89	2896840	593533	2.12	10.35	NC_030995.1	JH657934.1
974788	1033668	228057	169184	58881	58874	98.93	2896840	593533	2.03	9.92	NC_030995.1	JH657934.1
1033907	1037061	168947	165792	3155	3156	99.59	2896840	593533	0.11	0.53	NC_030995.1	JH657934.1
1037060	1043469	165353	158951	6410	6403	99.30	2896840	593533	0.22	1.08	NC_030995.1	JH657934.1
1043769	1065825	158642	136584	22057	22059	99.23	2896840	593533	0.76	3.72	NC_030995.1	JH657934.1
1065961	1066758	136477	135681	798	797	98.37	2896840	593533	0.03	0.13	NC_030995.1	JH657934.1
1066939	1102291	135686	100280	35353	35407	99.03	2896840	593533	1.22	5.97	NC_030995.1	JH657934.1
1102290	1153742	98870	47237	51453	51634	98.95	2896840	593533	1.78	8.70	NC_030995.1	JH657934.1
1154770	1174294	964117	944594	19525	19524	99.40	2896840	964207	0.67	2.02	NC_030995.1	JH657929.1
1174559	1177717	944371	941212	3159	3160	99.43	2896840	964207	0.11	0.33	NC_030995.1	JH657929.1
1178204	1187906	940388	930708	9703	9681	99.18	2896840	964207	0.33	1.00	NC_030995.1	JH657929.1
1188012	1230696	930714	888011	42685	42704	98.98	2896840	964207	1.47	4.43	NC_030995.1	JH657929.1
1230899	1246500	887830	872218	15602	15613	98.50	2896840	964207	0.54	1.62	NC_030995.1	JH657929.1
1246500	1333607	872088	784972	87108	87117	98.86	2896840	964207	3.01	9.04	NC_030995.1	JH657929.1
1334048	1362423	784972	756615	28376	28358	98.55	2896840	964207	0.98	2.94	NC_030995.1	JH657929.1
1362629	1382669	756407	736376	20041	20032	97.93	2896840	964207	0.69	2.08	NC_030995.1	JH657929.1
1382845	1389387	736200	729664	6543	6537	96.21	2896840	964207	0.23	0.68	NC_030995.1	JH657929.1
1390350	1391529	728654	727478	1180	1177	98.31	2896840	964207	0.04	0.12	NC_030995.1	JH657929.1
1392344	1461112	726994	658231	68769	68764	98.98	2896840	964207	2.37	7.13	NC_030995.1	JH657929.1
1461107	1618387	657116	499882	157281	157235	98.90	2896840	964207	5.43	16.31	NC_030995.1	JH657929.1
1618386	1708607	498652	408480	90222	90173	99.03	2896840	964207	3.11	9.35	NC_030995.1	JH657929.1
1708606	1708845	407070	406831	240	240	98.33	2896840	964207	0.01	0.02	NC_030995.1	JH657929.1
1708844	1727293	405465	387108	18450	18358	98.70	2896840	964207	0.64	1.90	NC_030995.1	JH657929.1
1727394	1730369	386974	384003	2976	2972	98.92	2896840	964207	0.10	0.31	NC_030995.1	JH657929.1
1730508	1740022	383876	374323	9515	9554	98.90	2896840	964207	0.33	0.99	NC_030995.1	JH657929.1
1740189	1748531	374164	365822	8343	8343	99.08	2896840	964207	0.29	0.87	NC_030995.1	JH657929.1
1748794	1765316	365625	349091	16523	16535	98.94	2896840	964207	0.57	1.71	NC_030995.1	JH657929.1
1765440	1801993	348671	312081	36554	36591	98.77	2896840	964207	1.26	3.79	NC_030995.1	JH657929.1
1802482	1805381	303240	300340	2900	2901	98.35	2896840	964207	0.10	0.30	NC_030995.1	JH657929.1
1805382	1805622	241	1	241	241	99.59	2896840	86016	0.01	0.28	NC_030995.1	JH658011.1
1810576	1817691	300345	293287	7116	7059	98.01	2896840	964207	0.25	0.73	NC_030995.1	JH657929.1
1817691	1843218	293183	267700	25528	25484	97.59	2896840	964207	0.88	2.64	NC_030995.1	JH657929.1
1852220	1853588	267415	266038	1369	1378	98.48	2896840	964207	0.05	0.14	NC_030995.1	JH657929.1
1853714	1866473	265913	253161	12760	12753	98.61	2896840	964207	0.44	1.32	NC_030995.1	JH657929.1
1866741	1868472	252928	251197	1732	1732	99.60	2896840	964207	0.06	0.18	NC_030995.1	JH657929.1
1869125	1947018	251209	173325	77894	77885	98.54	2896840	964207	2.69	8.08	NC_030995.1	JH657929.1
1947390	1956842	172997	163552	9453	9446	97.45	2896840	964207	0.33	0.98	NC_030995.1	JH657929.1
1959269	1971598	163558	151258	12330	12301	98.17	2896840	964207	0.43	1.28	NC_030995.1	JH657929.1
1972384	1972903	150339	150858	520	520	89.04	2896840	964207	0.02	0.05	NC_030995.1	JH657929.1
1973492	1974009	146975	147492	518	518	86.51	2896840	964207	0.02	0.05	NC_030995.1	JH657929.1
1976273	2000417	140973	116867	24145	24107	97.97	2896840	964207	0.83	2.50	NC_030995.1	JH657929.1
2001453	2003785	116009	113683	2333	2327	99.01	2896840	964207	0.08	0.24	NC_030995.1	JH657929.1
2004203	2006710	113361	110849	2508	2513	99.05	2896840	964207	0.09	0.26	NC_030995.1	JH657929.1
2007174	2046541	110142	70790	39368	39353	98.87	2896840	964207	1.36	4.08	NC_030995.1	JH657929.1
2046533	2056438	70464	60576	9906	9889	97.11	2896840	964207	0.34	1.03	NC_030995.1	JH657929.1
2058275	2070911	60577	47942	12637	12636	97.60	2896840	964207	0.44	1.31	NC_030995.1	JH657929.1
2070910	2077266	43075	36684	6357	6392	97.76	2896840	964207	0.22	0.66	NC_030995.1	JH657929.1
2077268	2082150	8354	13238	4883	4885	97.05	2896840	20744	0.17	23.55	NC_030995.1	KK035267.1
2083546	2090902	13237	20590	7357	7354	96.74	2896840	20744	0.25	35.45	NC_030995.1	KK035267.1
2090895	2104586	95	13797	13692	13703	97.34	2896840	964207	0.47	1.42	NC_030995.1	JH657929.1
2104724	2114580	13933	23799	9857	9867	98.30	2896840	964207	0.34	1.02	NC_030995.1	JH657929.1
2115279	2127422	24502	36642	12144	12141	98.21	2896840	964207	0.42	1.26	NC_030995.1	JH657929.1
2127572	2128789	7495	6280	1218	1216	97.70	2896840	20744	0.04	5.86	NC_030995.1	KK035267.1
2129499	2135538	6203	171	6040	6033	98.03	2896840	20744	0.21	29.08	NC_030995.1	KK035267.1
2136252	2143822	354558	346970	7571	7589	96.51	2896840	355385	0.26	2.14	NC_030995.1	JH657943.1
2144799	2151949	346970	339809	7151	7162	97.78	2896840	355385	0.25	2.02	NC_030995.1	JH657943.1
2151946	2158628	339373	332707	6683	6667	97.71	2896840	355385	0.23	1.88	NC_030995.1	JH657943.1
2158931	2183619	332503	307793	24689	24711	97.76	2896840	355385	0.85	6.95	NC_030995.1	JH657943.1
2186100	2199158	307549	294481	13059	13069	97.86	2896840	355385	0.45	3.68	NC_030995.1	JH657943.1
2199330	2199420	294486	294396	91	91	95.60	2896840	355385	0.00	0.03	NC_030995.1	JH657943.1
2200054	2200400	293785	293439	347	347	90.49	2896840	355385	0.01	0.10	NC_030995.1	JH657943.1
2200456	2210565	293212	283063	10110	10150	98.08	2896840	355385	0.35	2.86	NC_030995.1	JH657943.1
2210780	2225000	282984	268762	14221	14223	98.15	2896840	355385	0.49	4.00	NC_030995.1	JH657943.1
2225653	2261573	268775	232940	35921	35836	96.81	2896840	355385	1.24	10.08	NC_030995.1	JH657943.1
2267980	2271497	232884	229370	3518	3515	96.13	2896840	355385	0.12	0.99	NC_030995.1	JH657943.1
2271488	2274877	228817	225414	3390	3404	95.69	2896840	355385	0.12	0.96	NC_030995.1	JH657943.1
2275938	2286388	225149	214678	10451	10472	96.29	2896840	355385	0.36	2.95	NC_030995.1	JH657943.1
2286505	2287622	214561	213449	1118	1113	88.38	2896840	355385	0.04	0.31	NC_030995.1	JH657943.1
2293627	2303179	212310	202760	9553	9551	94.25	2896840	355385	0.33	2.69	NC_030995.1	JH657943.1
2303840	2322990	202766	183600	19151	19167	96.42	2896840	355385	0.66	5.39	NC_030995.1	JH657943.1
2323161	2339390	183442	167256	16230	16187	96.17	2896840	355385	0.56	4.55	NC_030995.1	JH657943.1
2339611	2339953	24924	25266	343	343	93.29	2896840	86016	0.01	0.40	NC_030995.1	JH658011.1
2373395	2376816	162810	159380	3422	3431	93.34	2896840	355385	0.12	0.97	NC_030995.1	JH657943.1
2378200	2422594	159381	115041	44395	44341	97.13	2896840	355385	1.53	12.48	NC_030995.1	JH657943.1
2436719	2443829	115043	107914	7111	7130	97.77	2896840	355385	0.25	2.01	NC_030995.1	JH657943.1
2443827	2486495	107326	64701	42669	42626	97.18	2896840	355385	1.47	11.99	NC_030995.1	JH657943.1
2493548	2496645	62741	59629	3098	3113	93.16	2896840	355385	0.11	0.88	NC_030995.1	JH657943.1
2500165	2500858	59504	58811	694	694	80.20	2896840	355385	0.02	0.20	NC_030995.1	JH657943.1
2501172	2501812	48161	47506	641	656	84.78	2896840	355385	0.02	0.18	NC_030995.1	JH657943.1
2501920	2506552	47374	42738	4633	4637	94.93	2896840	355385	0.16	1.30	NC_030995.1	JH657943.1
2506562	2512969	41938	35536	6408	6403	96.75	2896840	355385	0.22	1.80	NC_030995.1	JH657943.1
2516096	2534410	32341	14127	18315	18215	95.65	2896840	355385	0.63	5.13	NC_030995.1	JH657943.1
2534408	2545657	14027	2778	11250	11250	95.66	2896840	355385	0.39	3.17	NC_030995.1	JH657943.1
2551975	2552175	16473	16669	201	197	93.53	2896840	99969	0.01	0.20	NC_030995.1	JH657996.1
2555679	2556372	57924	57236	694	689	82.35	2896840	63879	0.02	1.08	NC_030995.1	JH658030.1
2557088	2562858	56559	50779	5771	5781	96.49	2896840	63879	0.20	9.05	NC_030995.1	JH658030.1
2562874	2571377	50098	41569	8504	8530	96.82	2896840	63879	0.29	13.35	NC_030995.1	JH658030.1
2572178	2581385	40956	31755	9208	9202	96.91	2896840	63879	0.32	14.41	NC_030995.1	JH658030.1
2581378	2590308	31053	22123	8931	8931	96.28	2896840	63879	0.31	13.98	NC_030995.1	JH658030.1
2590621	2608582	21881	3733	17962	18149	94.47	2896840	63879	0.62	28.41	NC_030995.1	JH658030.1
2608580	2609122	3295	2753	543	543	98.71	2896840	63879	0.02	0.85	NC_030995.1	JH658030.1
2609514	2611866	2460	96	2353	2365	96.92	2896840	63879	0.08	3.70	NC_030995.1	JH658030.1
2611858	2618694	127	6976	6837	6850	98.56	2896840	159806	0.24	4.29	NC_030995.1	JH657982.1
2618693	2633937	8380	23595	15245	15216	97.28	2896840	159806	0.53	9.52	NC_030995.1	JH657982.1
2633930	2634123	24560	24754	194	195	96.92	2896840	159806	0.01	0.12	NC_030995.1	JH657982.1
2634745	2639447	28297	33013	4703	4717	95.87	2896840	159806	0.16	2.95	NC_030995.1	JH657982.1
2653977	2662300	35309	43687	8324	8379	96.69	2896840	159806	0.29	5.24	NC_030995.1	JH657982.1
2662457	2667716	43802	49065	5260	5264	96.92	2896840	159806	0.18	3.29	NC_030995.1	JH657982.1
2667836	2671446	63003	66633	3611	3631	96.09	2896840	159806	0.12	2.27	NC_030995.1	JH657982.1
2671680	2674722	66615	69657	3043	3043	98.49	2896840	159806	0.11	1.90	NC_030995.1	JH657982.1
2674715	2684238	69973	79494	9524	9522	97.21	2896840	159806	0.33	5.96	NC_030995.1	JH657982.1
2686213	2687755	81435	82976	1543	1542	94.23	2896840	159806	0.05	0.96	NC_030995.1	JH657982.1
2687843	2695981	83427	91572	8139	8146	97.02	2896840	159806	0.28	5.10	NC_030995.1	JH657982.1
2696103	2697121	91694	92712	1019	1019	98.04	2896840	159806	0.04	0.64	NC_030995.1	JH657982.1
2697224	2698685	92391	93853	1462	1463	96.73	2896840	159806	0.05	0.92	NC_030995.1	JH657982.1
2698667	2698886	94069	94287	220	219	90.91	2896840	159806	0.01	0.14	NC_030995.1	JH657982.1
2698886	2702938	95172	99229	4053	4058	97.71	2896840	159806	0.14	2.54	NC_030995.1	JH657982.1
2706230	2718741	99415	111841	12512	12427	95.80	2896840	159806	0.43	7.78	NC_030995.1	JH657982.1
2718739	2718908	112789	112958	170	170	96.47	2896840	159806	0.01	0.11	NC_030995.1	JH657982.1
2723803	2724774	112950	113920	972	971	97.53	2896840	159806	0.03	0.61	NC_030995.1	JH657982.1
2725404	2725738	114504	114834	335	331	94.35	2896840	159806	0.01	0.21	NC_030995.1	JH657982.1
2726664	2730330	114829	118488	3667	3660	96.51	2896840	159806	0.13	2.29	NC_030995.1	JH657982.1
2730328	2730947	119199	119824	620	626	89.84	2896840	159806	0.02	0.39	NC_030995.1	JH657982.1
2731193	2731459	119820	120088	267	269	94.07	2896840	159806	0.01	0.17	NC_030995.1	JH657982.1
2732277	2733205	120716	121633	929	918	93.65	2896840	159806	0.03	0.57	NC_030995.1	JH657982.1
2733205	2733447	121874	121632	243	243	97.53	2896840	159806	0.01	0.15	NC_030995.1	JH657982.1
2733697	2734983	122135	123418	1287	1284	94.88	2896840	159806	0.04	0.80	NC_030995.1	JH657982.1
2735329	2741160	123713	129499	5832	5787	92.30	2896840	159806	0.20	3.62	NC_030995.1	JH657982.1
2741205	2741850	9887	9245	646	643	86.11	2896840	440990	0.02	0.15	NC_030995.1	JH657940.1
2743561	2744680	131588	132698	1120	1111	94.82	2896840	159806	0.04	0.70	NC_030995.1	JH657982.1
2744780	2752067	132698	140062	7288	7365	93.81	2896840	159806	0.25	4.61	NC_030995.1	JH657982.1
2752664	2753974	140262	141573	1311	1312	96.34	2896840	159806	0.05	0.82	NC_030995.1	JH657982.1
2753967	2756510	142068	144620	2544	2553	93.03	2896840	159806	0.09	1.60	NC_030995.1	JH657982.1
2757291	2764663	144616	151985	7373	7370	96.49	2896840	159806	0.25	4.61	NC_030995.1	JH657982.1
2764962	2767809	152172	155036	2848	2865	93.29	2896840	159806	0.10	1.79	NC_030995.1	JH657982.1
2768434	2768881	30722	31174	448	453	83.89	2896840	42187	0.02	1.07	NC_030995.1	KK035242.1
2846497	2846590	9747	9840	94	94	100.00	2896840	9840	0.00	0.96	NC_030995.1	KK035346.1
2850016	2852483	4192	6670	2468	2479	90.11	2896840	8566	0.09	28.94	NC_030995.1	KK035360.1
2853582	2855266	16100	17769	1685	1670	90.76	2896840	77205	0.06	2.16	NC_030995.1	JH658018.1
2857143	2859836	526	3243	2694	2718	91.19	2896840	3249	0.09	83.66	NC_030995.1	KK035545.1
2860419	2864251	7346	3492	3833	3855	91.33	2896840	7907	0.13	48.75	NC_030995.1	KK035369.1
2864885	2865439	2397	1841	555	557	85.61	2896840	68105	0.02	0.82	NC_030995.1	JH658029.1
2865097	2865852	315567	314814	756	754	85.15	2896840	357253	0.03	0.21	NC_030995.1	JH657946.1
2865548	2866220	1733	1070	673	664	84.70	2896840	68105	0.02	0.97	NC_030995.1	JH658029.1
2866210	2866404	35950	36141	195	192	90.26	2896840	45501	0.01	0.42	NC_030995.1	JH658052.1
2866239	2866489	33905	34148	251	244	88.05	2896840	71206	0.01	0.34	NC_030995.1	JH658026.1
2866418	2866798	20582	20956	381	375	86.68	2896840	593533	0.01	0.06	NC_030995.1	JH657934.1
2873480	2874445	60251	61220	966	970	82.94	2896840	857877	0.03	0.11	NC_030995.1	JH657931.1
2894018	2896022	3642	1639	2005	2004	97.46	2896840	90069	0.07	2.22	NC_030995.1	JH658006.1
1701	1983	65480	65762	283	283	87.85	2337134	99110	0.01	0.29	NC_030996.1	JH657999.1
1900	8046	21961	15783	6147	6179	96.47	2337134	357253	0.26	1.73	NC_030996.1	JH657946.1
8246	17001	15794	7042	8756	8753	95.92	2337134	357253	0.37	2.45	NC_030996.1	JH657946.1
18038	20094	6130	4063	2057	2068	92.46	2337134	357253	0.09	0.58	NC_030996.1	JH657946.1
20779	22306	3318	1800	1528	1519	92.48	2337134	357253	0.07	0.43	NC_030996.1	JH657946.1
22541	24040	1545	46	1500	1500	89.07	2337134	357253	0.06	0.42	NC_030996.1	JH657946.1
25120	56577	34622	3150	31458	31473	96.85	2337134	35801	1.35	87.91	NC_030996.1	JH658066.1
56577	58962	2858	471	2386	2388	94.48	2337134	35801	0.10	6.67	NC_030996.1	JH658066.1
58963	61578	35558	32939	2616	2620	92.47	2337134	35858	0.11	7.31	NC_030996.1	KK035246.1
62675	63025	31845	31492	351	354	86.16	2337134	35858	0.02	0.99	NC_030996.1	KK035246.1
63057	72002	29546	20642	8946	8905	95.76	2337134	35858	0.38	24.83	NC_030996.1	KK035246.1
76302	77346	20415	19371	1045	1045	95.31	2337134	35858	0.04	2.91	NC_030996.1	KK035246.1
78020	80594	19376	16802	2575	2575	96.00	2337134	35858	0.11	7.18	NC_030996.1	KK035246.1
82125	83365	12325	11087	1241	1239	87.36	2337134	35858	0.05	3.46	NC_030996.1	KK035246.1
86402	86922	8135	7613	521	523	84.22	2337134	35858	0.02	1.46	NC_030996.1	KK035246.1
87049	89239	7501	5314	2191	2188	80.20	2337134	35858	0.09	6.10	NC_030996.1	KK035246.1
90117	94550	4443	56	4434	4388	93.33	2337134	35858	0.19	12.24	NC_030996.1	KK035246.1
94545	104231	9780	95	9687	9686	97.12	2337134	9872	0.41	98.12	NC_030996.1	KK035345.1
104527	115587	72	11138	11061	11067	96.26	2337134	180151	0.47	6.14	NC_030996.1	JH657977.1
115884	141194	11143	36444	25311	25302	96.39	2337134	180151	1.08	14.04	NC_030996.1	JH657977.1
143552	143987	37116	37551	436	436	87.39	2337134	180151	0.02	0.24	NC_030996.1	JH657977.1
144764	154541	38187	47974	9778	9788	96.57	2337134	180151	0.42	5.43	NC_030996.1	JH657977.1
157453	166631	56239	65406	9179	9168	94.95	2337134	180151	0.39	5.09	NC_030996.1	JH657977.1
167172	168901	51169	49431	1730	1739	87.60	2337134	180151	0.07	0.97	NC_030996.1	JH657977.1
169829	170113	48873	48590	285	284	91.23	2337134	180151	0.01	0.16	NC_030996.1	JH657977.1
170112	173586	68772	65310	3475	3463	96.75	2337134	180151	0.15	1.92	NC_030996.1	JH657977.1
173585	181692	68798	76912	8108	8115	97.60	2337134	180151	0.35	4.50	NC_030996.1	JH657977.1
181685	189558	77410	85284	7874	7875	98.26	2337134	180151	0.34	4.37	NC_030996.1	JH657977.1
189559	201272	85445	97168	11714	11724	98.80	2337134	180151	0.50	6.51	NC_030996.1	JH657977.1
201636	203979	97489	99834	2344	2346	97.40	2337134	180151	0.10	1.30	NC_030996.1	JH657977.1
204632	212358	100394	108200	7727	7807	96.53	2337134	180151	0.33	4.33	NC_030996.1	JH657977.1
212377	215320	112526	115469	2944	2944	98.00	2337134	180151	0.13	1.63	NC_030996.1	JH657977.1
215481	216101	115640	116261	621	622	92.93	2337134	180151	0.03	0.35	NC_030996.1	JH657977.1
216108	254018	116475	154512	37911	38038	97.42	2337134	180151	1.62	21.11	NC_030996.1	JH657977.1
254016	257967	155800	159752	3952	3953	96.34	2337134	180151	0.17	2.19	NC_030996.1	JH657977.1
260415	277971	162246	179705	17557	17460	94.40	2337134	180151	0.75	9.69	NC_030996.1	JH657977.1
277959	295425	765	18272	17467	17508	97.79	2337134	80335	0.75	21.79	NC_030996.1	JH658014.1
295423	302652	19652	26863	7230	7212	97.80	2337134	80335	0.31	8.98	NC_030996.1	JH658014.1
303189	332802	27304	56894	29614	29591	97.46	2337134	80335	1.27	36.83	NC_030996.1	JH658014.1
333116	337570	56889	61347	4455	4459	98.30	2337134	80335	0.19	5.55	NC_030996.1	JH658014.1
337561	347058	61739	71249	9498	9511	97.51	2337134	80335	0.41	11.84	NC_030996.1	JH658014.1
354243	360048	74457	80274	5806	5818	96.63	2337134	80335	0.25	7.24	NC_030996.1	JH658014.1
360039	361579	1607	67	1541	1541	98.25	2337134	1669	0.07	92.33	NC_030996.1	KK035726.1
361573	368265	19585	12888	6693	6698	97.91	2337134	19769	0.29	33.88	NC_030996.1	KK035271.1
373592	386224	12886	196	12633	12691	97.20	2337134	19769	0.54	64.20	NC_030996.1	KK035271.1
386217	391217	112876	107875	5001	5002	97.53	2337134	113067	0.21	4.42	NC_030996.1	JH657989.1
391208	400473	107618	98364	9266	9255	98.46	2337134	113067	0.40	8.19	NC_030996.1	JH657989.1
400645	401876	98357	97143	1232	1215	85.37	2337134	113067	0.05	1.07	NC_030996.1	JH657989.1
402094	404729	96789	94160	2636	2630	97.12	2337134	113067	0.11	2.33	NC_030996.1	JH657989.1
405648	407058	93376	91965	1411	1412	99.29	2337134	113067	0.06	1.25	NC_030996.1	JH657989.1
407056	408883	40138	38307	1828	1832	97.38	2337134	79893	0.08	2.29	NC_030996.1	JH658016.1
409246	424937	91966	76297	15692	15670	97.46	2337134	113067	0.67	13.86	NC_030996.1	JH657989.1
425361	441633	75970	59733	16273	16238	97.26	2337134	113067	0.70	14.36	NC_030996.1	JH657989.1
442316	448223	59164	53259	5908	5906	97.95	2337134	113067	0.25	5.22	NC_030996.1	JH657989.1
448329	450356	54184	52157	2028	2028	98.37	2337134	113067	0.09	1.79	NC_030996.1	JH657989.1
451559	458718	50943	43837	7160	7107	97.65	2337134	113067	0.31	6.29	NC_030996.1	JH657989.1
458914	459027	43917	43804	114	114	95.61	2337134	113067	0.00	0.10	NC_030996.1	JH657989.1
459272	459555	43703	43420	284	284	97.89	2337134	113067	0.01	0.25	NC_030996.1	JH657989.1
460659	484680	15104	39137	24022	24034	98.22	2337134	107600	1.03	22.34	NC_030996.1	JH657992.1
485605	494944	39447	48785	9340	9339	98.82	2337134	107600	0.40	8.68	NC_030996.1	JH657992.1
495148	507886	48976	61737	12739	12762	96.94	2337134	107600	0.55	11.86	NC_030996.1	JH657992.1
508316	517727	62165	71558	9412	9394	97.86	2337134	107600	0.40	8.73	NC_030996.1	JH657992.1
517724	551584	73679	107540	33861	33862	98.16	2337134	107600	1.45	31.47	NC_030996.1	JH657992.1
551576	558129	114188	107627	6554	6562	98.45	2337134	114244	0.28	5.74	NC_030996.1	JH657988.1
558785	570339	107640	96010	11555	11631	97.25	2337134	114244	0.49	10.18	NC_030996.1	JH657988.1
570672	586567	96009	80088	15896	15922	97.67	2337134	114244	0.68	13.94	NC_030996.1	JH657988.1
586570	605125	79875	61324	18556	18552	97.14	2337134	114244	0.79	16.24	NC_030996.1	JH657988.1
605537	606396	61323	60498	860	826	91.76	2337134	114244	0.04	0.72	NC_030996.1	JH657988.1
606507	610480	60498	56533	3974	3966	98.21	2337134	114244	0.17	3.47	NC_030996.1	JH657988.1
611130	633533	56549	34197	22404	22353	97.63	2337134	114244	0.96	19.57	NC_030996.1	JH657988.1
636890	638429	34194	32655	1540	1540	96.88	2337134	114244	0.07	1.35	NC_030996.1	JH657988.1
638428	655067	32398	15755	16640	16644	98.30	2337134	114244	0.71	14.57	NC_030996.1	JH657988.1
655219	663495	15579	7304	8277	8276	98.97	2337134	114244	0.35	7.24	NC_030996.1	JH657988.1
663485	669315	6957	1140	5831	5818	98.01	2337134	114244	0.25	5.09	NC_030996.1	JH657988.1
669307	671286	172	2152	1980	1981	97.83	2337134	92023	0.08	2.15	NC_030996.1	JH658005.1
671875	672987	4692	5805	1113	1114	87.28	2337134	92023	0.05	1.21	NC_030996.1	JH658005.1
673146	673360	6064	6278	215	215	87.61	2337134	92023	0.01	0.23	NC_030996.1	JH658005.1
677947	694215	13678	29899	16269	16222	98.11	2337134	92023	0.70	17.63	NC_030996.1	JH658005.1
694206	696513	30725	33032	2308	2308	97.70	2337134	92023	0.10	2.51	NC_030996.1	JH658005.1
696512	748118	35321	87002	51607	51682	97.53	2337134	92023	2.21	56.16	NC_030996.1	JH658005.1
748118	752782	87161	91827	4665	4667	98.07	2337134	92023	0.20	5.07	NC_030996.1	JH658005.1
752775	801112	67	48556	48338	48490	97.39	2337134	182610	2.07	26.55	NC_030996.1	JH657974.1
801111	801389	59242	59520	279	279	97.85	2337134	182610	0.01	0.15	NC_030996.1	JH657974.1
806936	819918	59518	72445	12983	12928	97.07	2337134	182610	0.56	7.08	NC_030996.1	JH657974.1
821169	841601	73426	93896	20433	20471	97.49	2337134	182610	0.87	11.21	NC_030996.1	JH657974.1
841858	842459	93889	94490	602	602	96.68	2337134	182610	0.03	0.33	NC_030996.1	JH657974.1
842459	846267	94664	98473	3809	3810	98.50	2337134	182610	0.16	2.09	NC_030996.1	JH657974.1
846264	853390	98678	105811	7127	7134	98.92	2337134	182610	0.30	3.91	NC_030996.1	JH657974.1
853525	867020	105817	119288	13496	13472	98.24	2337134	182610	0.58	7.38	NC_030996.1	JH657974.1
869930	876018	121255	127350	6089	6096	94.55	2337134	182610	0.26	3.34	NC_030996.1	JH657974.1
876016	890589	130029	144606	14574	14578	98.35	2337134	182610	0.62	7.98	NC_030996.1	JH657974.1
890578	893565	145172	148151	2988	2980	98.86	2337134	182610	0.13	1.63	NC_030996.1	JH657974.1
893567	920177	148289	174879	26611	26591	97.09	2337134	182610	1.14	14.56	NC_030996.1	JH657974.1
920207	926391	174876	181032	6185	6157	96.80	2337134	182610	0.26	3.37	NC_030996.1	JH657974.1
926391	926583	219128	219320	193	193	98.96	2337134	219320	0.01	0.09	NC_030996.1	JH657963.1
926392	927130	2519	1781	739	739	93.91	2337134	10695	0.03	6.91	NC_030996.1	JH658189.1
928152	929422	98049	99329	1271	1281	96.10	2337134	219320	0.05	0.58	NC_030996.1	JH657963.1
929423	930827	181025	182428	1405	1404	97.86	2337134	182610	0.06	0.77	NC_030996.1	JH657974.1
930816	933012	189	2384	2197	2196	98.00	2337134	159098	0.09	1.38	NC_030996.1	JH657981.1
933011	936193	3392	6575	3183	3184	97.55	2337134	159098	0.14	2.00	NC_030996.1	JH657981.1
936952	944698	6567	14327	7747	7761	96.75	2337134	159098	0.33	4.88	NC_030996.1	JH657981.1
944674	950626	15816	21756	5953	5941	97.78	2337134	159098	0.25	3.73	NC_030996.1	JH657981.1
950978	960230	21976	31225	9253	9250	98.17	2337134	159098	0.40	5.81	NC_030996.1	JH657981.1
960986	976750	31214	46983	15765	15770	97.25	2337134	159098	0.67	9.91	NC_030996.1	JH657981.1
976745	978452	47118	48835	1708	1718	92.79	2337134	159098	0.07	1.08	NC_030996.1	JH657981.1
978915	1025729	52096	98880	46815	46785	97.55	2337134	159098	2.00	29.41	NC_030996.1	JH657981.1
1025972	1026746	99102	99866	775	765	96.01	2337134	159098	0.03	0.48	NC_030996.1	JH657981.1
1028652	1029727	99898	100971	1076	1074	97.58	2337134	159098	0.05	0.68	NC_030996.1	JH657981.1
1029922	1034704	100967	105776	4783	4810	97.94	2337134	159098	0.20	3.02	NC_030996.1	JH657981.1
1035327	1049021	106578	120263	13695	13686	98.18	2337134	159098	0.59	8.60	NC_030996.1	JH657981.1
1049680	1088317	120251	158887	38638	38637	98.49	2337134	159098	1.65	24.29	NC_030996.1	JH657981.1
1088296	1095969	217422	209758	7674	7665	98.01	2337134	217469	0.33	3.52	NC_030996.1	JH657964.1
1096116	1117152	209659	188562	21037	21098	98.28	2337134	217469	0.90	9.70	NC_030996.1	JH657964.1
1117687	1120022	187046	184704	2336	2343	95.69	2337134	217469	0.10	1.08	NC_030996.1	JH657964.1
1120501	1193651	184709	111480	73151	73230	97.78	2337134	217469	3.13	33.67	NC_030996.1	JH657964.1
1193782	1276642	111344	28578	82861	82767	97.97	2337134	217469	3.55	38.06	NC_030996.1	JH657964.1
1276643	1291594	26841	11914	14952	14928	98.30	2337134	217469	0.64	6.86	NC_030996.1	JH657964.1
1291584	1302841	11443	189	11258	11255	98.73	2337134	217469	0.48	5.18	NC_030996.1	JH657964.1
1302835	1315381	61	12598	12547	12538	98.04	2337134	93468	0.54	13.41	NC_030996.1	JH658001.1
1315373	1330562	12757	27957	15190	15201	97.42	2337134	93468	0.65	16.26	NC_030996.1	JH658001.1
1330555	1340547	32935	42930	9993	9996	97.72	2337134	93468	0.43	10.69	NC_030996.1	JH658001.1
1344988	1352488	43426	50905	7501	7480	93.07	2337134	93468	0.32	8.00	NC_030996.1	JH658001.1
1353248	1355289	50898	52939	2042	2042	97.65	2337134	93468	0.09	2.18	NC_030996.1	JH658001.1
1364342	1366793	65381	62932	2452	2450	93.12	2337134	93468	0.10	2.62	NC_030996.1	JH658001.1
1366793	1373505	62492	55778	6713	6715	97.20	2337134	93468	0.29	7.18	NC_030996.1	JH658001.1
1375864	1383425	67394	74942	7562	7549	96.97	2337134	93468	0.32	8.08	NC_030996.1	JH658001.1
1386365	1404606	74933	93148	18242	18216	98.13	2337134	93468	0.78	19.49	NC_030996.1	JH658001.1
1404851	1425001	228926	208796	20151	20131	97.32	2337134	229004	0.86	8.79	NC_030996.1	JH657961.1
1425002	1450242	207663	182444	25241	25220	97.50	2337134	229004	1.08	11.01	NC_030996.1	JH657961.1
1450240	1451205	180581	179618	966	964	96.79	2337134	229004	0.04	0.42	NC_030996.1	JH657961.1
1451204	1452478	178261	179619	1275	1359	91.99	2337134	229004	0.05	0.59	NC_030996.1	JH657961.1
1452477	1474693	178262	156094	22217	22169	96.84	2337134	229004	0.95	9.68	NC_030996.1	JH657961.1
1477261	1490437	155724	142569	13177	13156	96.85	2337134	229004	0.56	5.74	NC_030996.1	JH657961.1
1491092	1491736	142585	141943	645	643	95.19	2337134	229004	0.03	0.28	NC_030996.1	JH657961.1
1491728	1517981	141387	115045	26254	26343	97.58	2337134	229004	1.12	11.50	NC_030996.1	JH657961.1
1519049	1535243	115039	98860	16195	16180	98.24	2337134	229004	0.69	7.07	NC_030996.1	JH657961.1
1535581	1606923	98534	27211	71343	71324	97.48	2337134	229004	3.05	31.15	NC_030996.1	JH657961.1
1606916	1615614	25968	17276	8699	8693	96.14	2337134	229004	0.37	3.80	NC_030996.1	JH657961.1
1617219	1618131	15475	14562	913	914	88.04	2337134	229004	0.04	0.40	NC_030996.1	JH657961.1
1618265	1619359	14428	13327	1095	1102	89.25	2337134	229004	0.05	0.48	NC_030996.1	JH657961.1
1619516	1621254	13322	11560	1739	1763	96.43	2337134	229004	0.07	0.77	NC_030996.1	JH657961.1
1621908	1633235	11574	251	11328	11324	96.52	2337134	229004	0.48	4.94	NC_030996.1	JH657961.1
1633235	1641213	107384	99410	7979	7975	98.15	2337134	107607	0.34	7.41	NC_030996.1	JH657993.1
1641211	1641544	13973	13639	334	335	97.61	2337134	49444	0.01	0.68	NC_030996.1	KK035238.1
1641264	1642259	3693	4688	996	996	95.19	2337134	50911	0.04	1.96	NC_030996.1	JH658045.1
1642260	1645563	99421	96114	3304	3308	92.55	2337134	107607	0.14	3.07	NC_030996.1	JH657993.1
1646418	1647580	95223	94074	1163	1150	88.32	2337134	107607	0.05	1.07	NC_030996.1	JH657993.1
1647580	1654925	91224	83871	7346	7354	98.03	2337134	107607	0.31	6.83	NC_030996.1	JH657993.1
1654924	1657779	81825	78969	2856	2857	97.66	2337134	107607	0.12	2.66	NC_030996.1	JH657993.1
1658427	1660937	78983	76454	2511	2530	97.17	2337134	107607	0.11	2.35	NC_030996.1	JH657993.1
1664029	1673575	76462	66918	9547	9545	98.89	2337134	107607	0.41	8.87	NC_030996.1	JH657993.1
1673738	1691402	66761	49122	17665	17640	96.91	2337134	107607	0.76	16.39	NC_030996.1	JH657993.1
1692034	1713723	47280	25582	21690	21699	96.38	2337134	107607	0.93	20.17	NC_030996.1	JH657993.1
1714321	1715922	25581	23979	1602	1603	90.81	2337134	107607	0.07	1.49	NC_030996.1	JH657993.1
1715912	1721042	23730	18607	5131	5124	94.99	2337134	107607	0.22	4.76	NC_030996.1	JH657993.1
1725626	1727538	8354	10251	1913	1898	89.07	2337134	107607	0.08	1.76	NC_030996.1	JH657993.1
1729981	1730274	12586	12879	294	294	83.61	2337134	107607	0.01	0.27	NC_030996.1	JH657993.1
1730935	1733629	13420	16116	2695	2697	90.03	2337134	107607	0.12	2.51	NC_030996.1	JH657993.1
1734679	1739347	4671	1	4669	4671	95.86	2337134	107607	0.20	4.34	NC_030996.1	JH657993.1
1739365	1742128	197	2956	2764	2760	97.30	2337134	280527	0.12	0.98	NC_030996.1	JH657953.1
1742128	1771509	3647	33051	29382	29405	97.66	2337134	280527	1.26	10.48	NC_030996.1	JH657953.1
1771503	1773606	33235	35329	2104	2095	97.24	2337134	280527	0.09	0.75	NC_030996.1	JH657953.1
1773714	1781563	35329	43176	7850	7848	98.36	2337134	280527	0.34	2.80	NC_030996.1	JH657953.1
1781625	1800726	43439	62618	19102	19180	97.32	2337134	280527	0.82	6.84	NC_030996.1	JH657953.1
1800733	1807807	74188	67137	7075	7052	91.95	2337134	280527	0.30	2.51	NC_030996.1	JH657953.1
1807953	1808981	74577	75608	1029	1032	94.87	2337134	280527	0.04	0.37	NC_030996.1	JH657953.1
1808975	1848357	76348	115728	39383	39381	97.24	2337134	280527	1.69	14.04	NC_030996.1	JH657953.1
1851270	1860112	116658	125513	8843	8856	94.37	2337134	280527	0.38	3.16	NC_030996.1	JH657953.1
1860402	1862902	125665	128161	2501	2497	97.76	2337134	280527	0.11	0.89	NC_030996.1	JH657953.1
1863101	1865416	128162	130510	2316	2349	96.35	2337134	280527	0.10	0.84	NC_030996.1	JH657953.1
1866068	1875911	130496	140356	9844	9861	97.20	2337134	280527	0.42	3.52	NC_030996.1	JH657953.1
1880088	1880550	9061	8599	463	463	84.09	2337134	593533	0.02	0.08	NC_030996.1	JH657934.1
1880338	1880833	40672	41164	496	493	80.52	2337134	88241	0.02	0.56	NC_030996.1	JH658007.1
1880830	1881283	28377	27923	454	455	82.89	2337134	71206	0.02	0.64	NC_030996.1	JH658026.1
1880992	1881287	9611	9316	296	296	89.86	2337134	15084	0.01	1.96	NC_030996.1	JH658159.1
1881465	1881736	9192	8921	272	272	85.29	2337134	15084	0.01	1.80	NC_030996.1	JH658159.1
1883892	1884716	17032	16203	825	830	82.13	2337134	71206	0.04	1.17	NC_030996.1	JH658026.1
1899301	1900016	98158	98872	716	715	85.83	2337134	119716	0.03	0.60	NC_030996.1	JH657987.1
1899836	1900248	308829	309241	413	413	87.59	2337134	357253	0.02	0.12	NC_030996.1	JH657946.1
1920706	1952476	140359	172051	31771	31693	97.26	2337134	280527	1.36	11.30	NC_030996.1	JH657953.1
1952594	1953045	172160	172612	452	453	86.34	2337134	280527	0.02	0.16	NC_030996.1	JH657953.1
1955756	1987938	175270	207471	32183	32202	95.58	2337134	280527	1.38	11.48	NC_030996.1	JH657953.1
1988285	1999369	207767	218842	11085	11076	95.64	2337134	280527	0.47	3.95	NC_030996.1	JH657953.1
2009527	2020704	228779	240014	11178	11236	95.30	2337134	280527	0.48	4.01	NC_030996.1	JH657953.1
2021567	2024055	240015	242503	2489	2489	95.58	2337134	280527	0.11	0.89	NC_030996.1	JH657953.1
2024055	2024503	242623	243072	449	450	94.67	2337134	280527	0.02	0.16	NC_030996.1	JH657953.1
2025161	2026301	243061	244201	1141	1141	96.15	2337134	280527	0.05	0.41	NC_030996.1	JH657953.1
2027326	2030152	244205	247042	2827	2838	88.99	2337134	280527	0.12	1.01	NC_030996.1	JH657953.1
2030956	2032280	247846	249170	1325	1325	86.44	2337134	280527	0.06	0.47	NC_030996.1	JH657953.1
2032625	2033542	249511	250435	918	925	82.51	2337134	280527	0.04	0.33	NC_030996.1	JH657953.1
2044096	2044758	252494	253156	663	663	93.37	2337134	280527	0.03	0.24	NC_030996.1	JH657953.1
2044743	2048874	253846	257959	4132	4114	95.94	2337134	280527	0.18	1.47	NC_030996.1	JH657953.1
2051097	2058599	260252	267752	7503	7501	95.96	2337134	280527	0.32	2.67	NC_030996.1	JH657953.1
2058771	2066504	267771	275513	7734	7743	95.86	2337134	280527	0.33	2.76	NC_030996.1	JH657953.1
2067262	2071468	275504	279722	4207	4219	91.33	2337134	280527	0.18	1.50	NC_030996.1	JH657953.1
2071619	2072080	279884	280345	462	462	87.72	2337134	280527	0.02	0.16	NC_030996.1	JH657953.1
2072075	2076868	78	4886	4794	4809	95.39	2337134	201487	0.21	2.39	NC_030996.1	JH657968.1
2076889	2079512	5322	7929	2624	2608	93.65	2337134	201487	0.11	1.29	NC_030996.1	JH657968.1
2079889	2100612	32996	12275	20724	20722	90.07	2337134	201487	0.89	10.28	NC_030996.1	JH657968.1
2101734	2103433	10136	8440	1700	1697	89.50	2337134	201487	0.07	0.84	NC_030996.1	JH657968.1
2112595	2113324	35455	36184	730	730	83.86	2337134	201487	0.03	0.36	NC_030996.1	JH657968.1
2118547	2128108	41303	50861	9562	9559	97.07	2337134	201487	0.41	4.74	NC_030996.1	JH657968.1
2128594	2135165	51441	58007	6572	6567	96.45	2337134	201487	0.28	3.26	NC_030996.1	JH657968.1
2136131	2146866	58811	69574	10736	10764	90.55	2337134	201487	0.46	5.34	NC_030996.1	JH657968.1
2147850	2154148	70563	76871	6299	6309	97.12	2337134	201487	0.27	3.13	NC_030996.1	JH657968.1
2154148	2155279	82374	83506	1132	1133	94.89	2337134	201487	0.05	0.56	NC_030996.1	JH657968.1
2155278	2162040	87128	93871	6763	6744	95.34	2337134	201487	0.29	3.35	NC_030996.1	JH657968.1
2162778	2165783	94458	97461	3006	3004	90.34	2337134	201487	0.13	1.49	NC_030996.1	JH657968.1
2165793	2172061	97935	104189	6269	6255	95.38	2337134	201487	0.27	3.10	NC_030996.1	JH657968.1
2172312	2173599	104186	105475	1288	1290	97.21	2337134	201487	0.06	0.64	NC_030996.1	JH657968.1
2173597	2174488	105532	106411	892	880	96.86	2337134	201487	0.04	0.44	NC_030996.1	JH657968.1
2174472	2188521	106918	120983	14050	14066	96.53	2337134	201487	0.60	6.98	NC_030996.1	JH657968.1
2188976	2190609	121061	122694	1634	1634	98.16	2337134	201487	0.07	0.81	NC_030996.1	JH657968.1
2191289	2193872	122691	125270	2584	2580	95.67	2337134	201487	0.11	1.28	NC_030996.1	JH657968.1
2200726	2203132	125275	127668	2407	2394	93.59	2337134	201487	0.10	1.19	NC_030996.1	JH657968.1
2203123	2205490	127991	130324	2368	2334	94.89	2337134	201487	0.10	1.16	NC_030996.1	JH657968.1
2212443	2218708	139622	145896	6266	6275	95.86	2337134	201487	0.27	3.11	NC_030996.1	JH657968.1
2218829	2234430	146012	161582	15602	15571	97.30	2337134	201487	0.67	7.73	NC_030996.1	JH657968.1
2239979	2257735	161577	179346	17757	17770	97.32	2337134	201487	0.76	8.82	NC_030996.1	JH657968.1
2258049	2264373	178347	184691	6325	6345	96.55	2337134	201487	0.27	3.15	NC_030996.1	JH657968.1
2264904	2265022	1823334	1823217	119	118	95.83	2337134	3361134	0.01	0.00	NC_030996.1	JH657918.1
2265058	2272480	184695	192105	7423	7411	97.74	2337134	201487	0.32	3.68	NC_030996.1	JH657968.1
2275634	2275821	192106	192293	188	188	92.02	2337134	201487	0.01	0.09	NC_030996.1	JH657968.1
2278458	2280450	196159	198150	1993	1992	96.79	2337134	201487	0.09	0.99	NC_030996.1	JH657968.1
2280449	2282375	199491	201414	1927	1924	97.72	2337134	201487	0.08	0.95	NC_030996.1	JH657968.1
2282375	2285259	119672	116763	2885	2910	96.36	2337134	119716	0.12	2.43	NC_030996.1	JH657987.1
2286417	2291757	116765	111427	5341	5339	95.29	2337134	119716	0.23	4.46	NC_030996.1	JH657987.1
2291755	2299030	61442	54170	7276	7273	96.78	2337134	119716	0.31	6.08	NC_030996.1	JH657987.1
2299077	2301842	51840	48995	2766	2846	95.33	2337134	119716	0.12	2.38	NC_030996.1	JH657987.1
2301776	2301893	16825	16943	118	119	94.12	2337134	36326	0.01	0.33	NC_030996.1	JH658065.1
2305198	2308576	33519	30141	3379	3379	96.04	2337134	119716	0.14	2.82	NC_030996.1	JH657987.1
2308576	2325079	30009	13511	16504	16499	97.38	2337134	119716	0.71	13.78	NC_030996.1	JH657987.1
2325132	2331541	12437	6044	6410	6394	96.45	2337134	119716	0.27	5.34	NC_030996.1	JH657987.1
2332093	2332770	5930	5257	678	674	95.15	2337134	119716	0.03	0.56	NC_030996.1	JH657987.1
134	663	1711	1187	530	525	85.21	2233407	262474	0.02	0.20	NC_030997.1	JH657954.1
580	789	22966	23176	210	211	91.47	2233407	43100	0.01	0.49	NC_030997.1	KK035241.1
4414	11689	147947	140651	7276	7297	95.64	2233407	293070	0.33	2.49	NC_030997.1	JH657951.1
13444	14616	140164	138982	1173	1183	94.53	2233407	293070	0.05	0.40	NC_030997.1	JH657951.1
14645	16033	134975	133566	1389	1410	82.30	2233407	293070	0.06	0.48	NC_030997.1	JH657951.1
16034	16466	133286	132856	433	431	89.15	2233407	293070	0.02	0.15	NC_030997.1	JH657951.1
16467	27853	126898	115523	11387	11376	93.64	2233407	293070	0.51	3.88	NC_030997.1	JH657951.1
28035	31545	107239	103730	3511	3510	95.25	2233407	293070	0.16	1.20	NC_030997.1	JH657951.1
31545	31797	100459	100207	253	253	93.28	2233407	293070	0.01	0.09	NC_030997.1	JH657951.1
31799	36594	100093	95336	4796	4758	96.04	2233407	293070	0.21	1.62	NC_030997.1	JH657951.1
40999	42072	92538	91462	1074	1077	94.18	2233407	293070	0.05	0.37	NC_030997.1	JH657951.1
42302	44363	91093	89047	2062	2047	93.02	2233407	293070	0.09	0.70	NC_030997.1	JH657951.1
44925	45504	87887	87310	580	578	84.68	2233407	293070	0.03	0.20	NC_030997.1	JH657951.1
53115	56657	82817	79282	3543	3536	94.16	2233407	293070	0.16	1.21	NC_030997.1	JH657951.1
56658	66360	78539	68860	9703	9680	96.35	2233407	293070	0.43	3.30	NC_030997.1	JH657951.1
66354	69934	68708	65123	3581	3586	97.10	2233407	293070	0.16	1.22	NC_030997.1	JH657951.1
72008	109574	61582	23954	37567	37629	97.40	2233407	293070	1.68	12.84	NC_030997.1	JH657951.1
109981	116482	23559	17069	6502	6491	96.55	2233407	293070	0.29	2.21	NC_030997.1	JH657951.1
116475	125882	16716	7309	9408	9408	95.56	2233407	293070	0.42	3.21	NC_030997.1	JH657951.1
126136	128558	7268	4850	2423	2419	89.50	2233407	293070	0.11	0.83	NC_030997.1	JH657951.1
129181	133312	4238	104	4132	4135	93.15	2233407	293070	0.19	1.41	NC_030997.1	JH657951.1
133306	147583	81917	67633	14278	14285	94.07	2233407	82093	0.64	17.40	NC_030997.1	JH658013.1
147583	171806	67464	43250	24224	24215	97.03	2233407	82093	1.08	29.50	NC_030997.1	JH658013.1
174632	175064	43250	42818	433	433	96.54	2233407	82093	0.02	0.53	NC_030997.1	JH658013.1
175045	184986	42586	32682	9942	9905	96.53	2233407	82093	0.45	12.07	NC_030997.1	JH658013.1
185400	188518	32264	29146	3119	3119	97.82	2233407	82093	0.14	3.80	NC_030997.1	JH658013.1
188797	203290	29098	14597	14494	14502	95.39	2233407	82093	0.65	17.67	NC_030997.1	JH658013.1
203434	204359	14362	13436	926	927	80.56	2233407	82093	0.04	1.13	NC_030997.1	JH658013.1
208889	221453	12754	185	12565	12570	96.15	2233407	82093	0.56	15.31	NC_030997.1	JH658013.1
221446	222535	95066	93978	1090	1089	96.88	2233407	95165	0.05	1.14	NC_030997.1	KK035224.1
223021	230899	93580	85698	7879	7883	93.64	2233407	95165	0.35	8.28	NC_030997.1	KK035224.1
231646	268372	85701	48885	36727	36817	95.85	2233407	95165	1.64	38.69	NC_030997.1	KK035224.1
268360	280556	47595	35402	12197	12194	97.10	2233407	95165	0.55	12.81	NC_030997.1	KK035224.1
280903	303148	35408	13145	22246	22264	95.97	2233407	95165	1.00	23.40	NC_030997.1	KK035224.1
303337	309498	13075	7007	6162	6069	94.10	2233407	95165	0.28	6.38	NC_030997.1	KK035224.1
309710	316716	6966	60	7007	6907	95.38	2233407	95165	0.31	7.26	NC_030997.1	KK035224.1
319661	328600	338149	329207	8940	8943	97.32	2233407	338256	0.40	2.64	NC_030997.1	JH657947.1
328751	354281	329174	303579	25531	25596	95.56	2233407	338256	1.14	7.57	NC_030997.1	JH657947.1
356016	359270	301871	298615	3255	3257	95.89	2233407	338256	0.15	0.96	NC_030997.1	JH657947.1
359269	371209	298176	286248	11941	11929	96.82	2233407	338256	0.53	3.53	NC_030997.1	JH657947.1
372825	390254	286245	268886	17430	17360	93.69	2233407	338256	0.78	5.13	NC_030997.1	JH657947.1
390249	396514	268687	262397	6266	6291	94.16	2233407	338256	0.28	1.86	NC_030997.1	JH657947.1
397554	398667	261493	260379	1114	1115	87.28	2233407	338256	0.05	0.33	NC_030997.1	JH657947.1
398869	407420	260183	251623	8552	8561	97.28	2233407	338256	0.38	2.53	NC_030997.1	JH657947.1
428926	435853	246517	239610	6928	6908	96.91	2233407	338256	0.31	2.04	NC_030997.1	JH657947.1
436139	472687	239296	202737	36549	36560	96.33	2233407	338256	1.64	10.81	NC_030997.1	JH657947.1
472680	481996	202239	192917	9317	9323	96.50	2233407	338256	0.42	2.76	NC_030997.1	JH657947.1
482730	483405	94	765	676	672	89.64	2233407	80335	0.03	0.84	NC_030997.1	JH658014.1
484535	536427	188324	136453	51893	51872	97.37	2233407	338256	2.32	15.34	NC_030997.1	JH657947.1
536691	536924	136359	136125	234	235	88.24	2233407	338256	0.01	0.07	NC_030997.1	JH657947.1
537506	544133	135452	128807	6628	6646	95.42	2233407	338256	0.30	1.96	NC_030997.1	JH657947.1
544207	564332	128472	108347	20126	20126	98.00	2233407	338256	0.90	5.95	NC_030997.1	JH657947.1
564468	573955	108223	98735	9488	9489	98.52	2233407	338256	0.42	2.81	NC_030997.1	JH657947.1
573955	642633	91799	23144	68679	68656	97.65	2233407	338256	3.08	20.30	NC_030997.1	JH657947.1
642798	643820	19037	18015	1023	1023	98.63	2233407	338256	0.05	0.30	NC_030997.1	JH657947.1
644580	648214	18022	14372	3635	3651	97.62	2233407	338256	0.16	1.08	NC_030997.1	JH657947.1
648628	661603	14067	1094	12976	12974	97.43	2233407	338256	0.58	3.84	NC_030997.1	JH657947.1
661733	662256	1034	501	524	534	90.33	2233407	338256	0.02	0.16	NC_030997.1	JH657947.1
662270	694515	16627	48851	32246	32225	98.35	2233407	440990	1.44	7.31	NC_030997.1	JH657940.1
694673	700543	48999	54872	5871	5874	96.63	2233407	440990	0.26	1.33	NC_030997.1	JH657940.1
703709	709731	55071	61071	6023	6001	97.06	2233407	440990	0.27	1.36	NC_030997.1	JH657940.1
709987	710215	61070	61293	229	224	93.89	2233407	440990	0.01	0.05	NC_030997.1	JH657940.1
710203	724678	63282	77766	14476	14485	96.84	2233407	440990	0.65	3.28	NC_030997.1	JH657940.1
725220	729589	78323	82636	4370	4314	93.76	2233407	440990	0.20	0.98	NC_030997.1	JH657940.1
729587	745234	84356	99967	15648	15612	97.62	2233407	440990	0.70	3.54	NC_030997.1	JH657940.1
745554	755276	99968	109689	9723	9722	96.96	2233407	440990	0.44	2.20	NC_030997.1	JH657940.1
757244	762542	110057	115250	5299	5194	95.59	2233407	440990	0.24	1.18	NC_030997.1	JH657940.1
766262	778429	115249	127424	12168	12176	97.53	2233407	440990	0.54	2.76	NC_030997.1	JH657940.1
778430	779497	10892	9827	1068	1066	97.47	2233407	22048	0.05	4.83	NC_030997.1	JH658128.1
779709	780416	127408	128115	708	708	97.46	2233407	440990	0.03	0.16	NC_030997.1	JH657940.1
780410	789168	128716	137474	8759	8759	96.63	2233407	440990	0.39	1.99	NC_030997.1	JH657940.1
789819	793711	137462	141361	3893	3900	97.92	2233407	440990	0.17	0.88	NC_030997.1	JH657940.1
793711	800268	141496	148070	6558	6575	96.50	2233407	440990	0.29	1.49	NC_030997.1	JH657940.1
800603	839608	148064	187012	39006	38949	97.22	2233407	440990	1.75	8.83	NC_030997.1	JH657940.1
839895	840038	191029	190889	144	141	88.89	2233407	440990	0.01	0.03	NC_030997.1	JH657940.1
840437	842339	190446	188499	1903	1948	90.15	2233407	440990	0.09	0.44	NC_030997.1	JH657940.1
842547	843632	188429	187345	1086	1085	91.90	2233407	440990	0.05	0.25	NC_030997.1	JH657940.1
844400	910722	191783	258065	66323	66283	97.47	2233407	440990	2.97	15.03	NC_030997.1	JH657940.1
910720	915349	258167	262801	4630	4635	98.12	2233407	440990	0.21	1.05	NC_030997.1	JH657940.1
915522	920694	262803	267978	5173	5176	98.88	2233407	440990	0.23	1.17	NC_030997.1	JH657940.1
920685	933346	268338	281002	12662	12665	97.64	2233407	440990	0.57	2.87	NC_030997.1	JH657940.1
936287	984187	280994	328890	47901	47897	96.73	2233407	440990	2.14	10.86	NC_030997.1	JH657940.1
984687	999831	329340	344491	15145	15152	97.36	2233407	440990	0.68	3.44	NC_030997.1	JH657940.1
1000012	1005761	344667	350481	5750	5815	96.21	2233407	440990	0.26	1.32	NC_030997.1	JH657940.1
1006414	1026318	350467	370335	19905	19869	98.07	2233407	440990	0.89	4.51	NC_030997.1	JH657940.1
1028799	1063238	373074	407520	34440	34447	97.35	2233407	440990	1.54	7.81	NC_030997.1	JH657940.1
1072208	1074191	407507	409491	1984	1985	96.83	2233407	440990	0.09	0.45	NC_030997.1	JH657940.1
1074191	1104362	410714	440894	30172	30181	97.65	2233407	440990	1.35	6.84	NC_030997.1	JH657940.1
1104355	1120644	46	16281	16290	16236	97.04	2233407	16382	0.73	99.11	NC_030997.1	KK035288.1
1120635	1121396	181247	180486	762	762	99.21	2233407	181325	0.03	0.42	NC_030997.1	JH657975.1
1122155	1133952	180494	168728	11798	11767	97.55	2233407	181325	0.53	6.49	NC_030997.1	JH657975.1
1136085	1154891	168717	149919	18807	18799	98.09	2233407	181325	0.84	10.37	NC_030997.1	JH657975.1
1155544	1156701	149934	148861	1158	1074	88.72	2233407	181325	0.05	0.59	NC_030997.1	JH657975.1
1156940	1158605	148745	147121	1666	1625	91.12	2233407	181325	0.07	0.90	NC_030997.1	JH657975.1
1158780	1160047	147202	146011	1268	1192	90.55	2233407	181325	0.06	0.66	NC_030997.1	JH657975.1
1160067	1161534	145910	144459	1468	1452	97.35	2233407	181325	0.07	0.80	NC_030997.1	JH657975.1
1162714	1220666	143329	85386	57953	57944	97.48	2233407	181325	2.59	31.96	NC_030997.1	JH657975.1
1220648	1222367	85365	83647	1720	1719	97.79	2233407	181325	0.08	0.95	NC_030997.1	JH657975.1
1223401	1225324	82667	80744	1924	1924	98.54	2233407	181325	0.09	1.06	NC_030997.1	JH657975.1
1225434	1230323	80644	75759	4890	4886	98.24	2233407	181325	0.22	2.69	NC_030997.1	JH657975.1
1230314	1247308	75477	58483	16995	16995	97.46	2233407	181325	0.76	9.37	NC_030997.1	JH657975.1
1247454	1258254	58483	47703	10801	10781	96.71	2233407	181325	0.48	5.95	NC_030997.1	JH657975.1
1258254	1264951	47570	40859	6698	6712	97.20	2233407	181325	0.30	3.70	NC_030997.1	JH657975.1
1265004	1268332	40860	37533	3329	3328	97.42	2233407	181325	0.15	1.84	NC_030997.1	JH657975.1
1270372	1283385	35457	22494	13014	12964	98.01	2233407	181325	0.58	7.15	NC_030997.1	JH657975.1
1283386	1292150	22160	13396	8765	8765	98.79	2233407	181325	0.39	4.83	NC_030997.1	JH657975.1
1292417	1295355	13259	10320	2939	2940	98.20	2233407	181325	0.13	1.62	NC_030997.1	JH657975.1
1296356	1307151	136844	126023	10796	10822	97.93	2233407	160715	0.48	6.73	NC_030997.1	JH657980.1
1307283	1317901	125895	115251	10619	10645	97.67	2233407	160715	0.48	6.62	NC_030997.1	JH657980.1
1318176	1319403	114976	113747	1228	1230	94.81	2233407	160715	0.05	0.77	NC_030997.1	JH657980.1
1319821	1320821	113625	112619	1001	1007	97.32	2233407	160715	0.04	0.63	NC_030997.1	JH657980.1
1320814	1322775	112452	110479	1962	1974	97.82	2233407	160715	0.09	1.23	NC_030997.1	JH657980.1
1322988	1330666	110276	102538	7679	7739	97.01	2233407	160715	0.34	4.82	NC_030997.1	JH657980.1
1337246	1369508	98226	65953	32263	32274	95.72	2233407	160715	1.44	20.08	NC_030997.1	JH657980.1
1371175	1381192	64298	54323	10018	9976	93.95	2233407	160715	0.45	6.21	NC_030997.1	JH657980.1
1381379	1392558	54331	43178	11180	11154	97.41	2233407	160715	0.50	6.94	NC_030997.1	JH657980.1
1392551	1397912	42971	37602	5362	5370	98.18	2233407	160715	0.24	3.34	NC_030997.1	JH657980.1
1398973	1403274	37602	33308	4302	4295	96.89	2233407	160715	0.19	2.67	NC_030997.1	JH657980.1
1403406	1421764	33173	14824	18359	18350	96.43	2233407	160715	0.82	11.42	NC_030997.1	JH657980.1
1421884	1436305	14836	431	14422	14406	98.03	2233407	160715	0.65	8.96	NC_030997.1	JH657980.1
1436327	1445702	93078	83734	9376	9345	96.44	2233407	93126	0.42	10.03	NC_030997.1	JH658002.1
1448588	1455276	83743	77078	6689	6666	95.97	2233407	93126	0.30	7.16	NC_030997.1	JH658002.1
1455714	1462287	77078	70514	6574	6565	96.38	2233407	93126	0.29	7.05	NC_030997.1	JH658002.1
1462286	1471311	69723	60675	9026	9049	95.60	2233407	93126	0.40	9.72	NC_030997.1	JH658002.1
1471310	1473572	59820	57558	2263	2263	98.32	2233407	93126	0.10	2.43	NC_030997.1	JH658002.1
1473579	1475191	57287	55653	1613	1635	97.19	2233407	93126	0.07	1.76	NC_030997.1	JH658002.1
1475347	1505273	55646	25698	29927	29949	97.84	2233407	93126	1.34	32.16	NC_030997.1	JH658002.1
1505289	1524546	25470	6189	19258	19282	97.81	2233407	93126	0.86	20.71	NC_030997.1	JH658002.1
1524950	1530698	5878	107	5749	5772	97.21	2233407	93126	0.26	6.20	NC_030997.1	JH658002.1
1530689	1534562	127	3999	3874	3873	98.43	2233407	215476	0.17	1.80	NC_030997.1	JH657966.1
1534593	1542544	4906	12823	7952	7918	95.80	2233407	215476	0.36	3.67	NC_030997.1	JH657966.1
1542548	1545916	13298	16662	3369	3365	98.63	2233407	215476	0.15	1.56	NC_030997.1	JH657966.1
1545906	1549722	17639	21362	3817	3724	91.84	2233407	215476	0.17	1.73	NC_030997.1	JH657966.1
1549721	1565495	21771	37559	15775	15789	97.59	2233407	215476	0.71	7.33	NC_030997.1	JH657966.1
1565743	1573858	37723	45812	8116	8090	98.08	2233407	215476	0.36	3.75	NC_030997.1	JH657966.1
1574047	1601035	45922	72946	26989	27025	97.77	2233407	215476	1.21	12.54	NC_030997.1	JH657966.1
1601396	1617317	73338	89312	15922	15975	96.05	2233407	215476	0.71	7.41	NC_030997.1	JH657966.1
1617243	1629013	89346	101161	11771	11816	97.47	2233407	215476	0.53	5.48	NC_030997.1	JH657966.1
1629610	1640145	101153	111773	10536	10621	96.53	2233407	215476	0.47	4.93	NC_030997.1	JH657966.1
1640145	1651597	112120	123561	11453	11442	97.49	2233407	215476	0.51	5.31	NC_030997.1	JH657966.1
1651753	1653855	123698	125795	2103	2098	97.67	2233407	215476	0.09	0.97	NC_030997.1	JH657966.1
1659547	1672358	125736	138522	12812	12787	95.95	2233407	215476	0.57	5.93	NC_030997.1	JH657966.1
1672357	1703499	140583	171496	31143	30914	96.40	2233407	215476	1.39	14.35	NC_030997.1	JH657966.1
1703645	1722079	171490	189841	18435	18352	95.48	2233407	215476	0.83	8.52	NC_030997.1	JH657966.1
1722185	1729737	189841	197380	7553	7540	95.48	2233407	215476	0.34	3.50	NC_030997.1	JH657966.1
1734943	1738614	197921	201578	3672	3658	89.05	2233407	215476	0.16	1.70	NC_030997.1	JH657966.1
1738618	1739926	42179	43465	1309	1287	96.49	2233407	75149	0.06	1.71	NC_030997.1	KK035230.1
1739926	1744669	201567	206312	4744	4746	95.43	2233407	215476	0.21	2.20	NC_030997.1	JH657966.1
1744790	1753841	206341	215393	9052	9053	97.17	2233407	215476	0.41	4.20	NC_030997.1	JH657966.1
1753838	1758372	1	4525	4535	4525	93.35	2233407	316556	0.20	1.43	NC_030997.1	JH657950.1
1758365	1770247	5225	17125	11883	11901	95.60	2233407	316556	0.53	3.76	NC_030997.1	JH657950.1
1770972	1777259	17108	23403	6288	6296	94.70	2233407	316556	0.28	1.99	NC_030997.1	JH657950.1
1777246	1780364	23620	26737	3119	3118	97.69	2233407	316556	0.14	0.98	NC_030997.1	JH657950.1
1780362	1781711	28146	29474	1350	1329	91.80	2233407	316556	0.06	0.42	NC_030997.1	JH657950.1
1784159	1786033	31946	33820	1875	1875	87.70	2233407	316556	0.08	0.59	NC_030997.1	JH657950.1
1786689	1796144	33806	43287	9456	9482	95.97	2233407	316556	0.42	3.00	NC_030997.1	JH657950.1
1796144	1798591	43985	46459	2448	2475	94.47	2233407	316556	0.11	0.78	NC_030997.1	JH657950.1
1798583	1803679	46700	51816	5097	5117	95.49	2233407	316556	0.23	1.62	NC_030997.1	JH657950.1
1804019	1809250	52046	57285	5232	5240	95.31	2233407	316556	0.23	1.66	NC_030997.1	JH657950.1
1812377	1816352	57286	61255	3976	3970	94.42	2233407	316556	0.18	1.25	NC_030997.1	JH657950.1
1818009	1822239	61253	65476	4231	4224	95.56	2233407	316556	0.19	1.33	NC_030997.1	JH657950.1
1825926	1831934	65473	71568	6009	6096	94.04	2233407	316556	0.27	1.93	NC_030997.1	JH657950.1
1832218	1833433	71572	72791	1216	1220	93.95	2233407	316556	0.05	0.39	NC_030997.1	JH657950.1
1834187	1849860	72778	88387	15674	15610	94.58	2233407	316556	0.70	4.93	NC_030997.1	JH657950.1
1850326	1854127	88899	92668	3802	3770	90.47	2233407	316556	0.17	1.19	NC_030997.1	JH657950.1
1856018	1857106	94198	95293	1089	1096	91.26	2233407	316556	0.05	0.35	NC_030997.1	JH657950.1
1857238	1859486	95370	97544	2249	2175	91.74	2233407	316556	0.10	0.69	NC_030997.1	JH657950.1
1859847	1860221	97966	98340	375	375	94.40	2233407	316556	0.02	0.12	NC_030997.1	JH657950.1
1862197	1865984	98356	102130	3788	3775	95.26	2233407	316556	0.17	1.19	NC_030997.1	JH657950.1
1866299	1867727	102125	103574	1429	1450	89.83	2233407	316556	0.06	0.46	NC_030997.1	JH657950.1
1870701	1875020	107707	112010	4320	4304	96.95	2233407	316556	0.19	1.36	NC_030997.1	JH657950.1
1875361	1884730	112089	121416	9370	9328	95.45	2233407	316556	0.42	2.95	NC_030997.1	JH657950.1
1885119	1898820	121685	135353	13702	13669	97.75	2233407	316556	0.61	4.32	NC_030997.1	JH657950.1
1898819	1905390	137537	144134	6572	6598	95.56	2233407	316556	0.29	2.08	NC_030997.1	JH657950.1
1905395	1912308	144225	151153	6914	6929	96.02	2233407	316556	0.31	2.19	NC_030997.1	JH657950.1
1912302	1914366	151513	153570	2065	2058	97.14	2233407	316556	0.09	0.65	NC_030997.1	JH657950.1
1914486	1917858	153673	157046	3373	3374	96.00	2233407	316556	0.15	1.07	NC_030997.1	JH657950.1
1918683	1918877	157300	157496	195	197	93.40	2233407	316556	0.01	0.06	NC_030997.1	JH657950.1
1918875	1921633	157635	160412	2759	2778	94.11	2233407	316556	0.12	0.88	NC_030997.1	JH657950.1
1928562	1931533	164750	167730	2972	2981	94.87	2233407	316556	0.13	0.94	NC_030997.1	JH657950.1
1931655	1938069	167731	174138	6415	6408	95.65	2233407	316556	0.29	2.02	NC_030997.1	JH657950.1
1938046	1945342	175853	183241	7297	7389	95.03	2233407	316556	0.33	2.33	NC_030997.1	JH657950.1
1945450	1946914	183259	184740	1465	1482	91.43	2233407	316556	0.07	0.47	NC_030997.1	JH657950.1
1947245	1947472	185847	186085	228	239	89.96	2233407	316556	0.01	0.08	NC_030997.1	JH657950.1
1947479	1953658	187843	194010	6180	6168	95.39	2233407	316556	0.28	1.95	NC_030997.1	JH657950.1
1953847	1958332	194006	198509	4486	4504	96.30	2233407	316556	0.20	1.42	NC_030997.1	JH657950.1
1959238	1960387	198511	199640	1150	1130	95.57	2233407	316556	0.05	0.36	NC_030997.1	JH657950.1
1960780	1961917	199771	200910	1138	1140	83.80	2233407	316556	0.05	0.36	NC_030997.1	JH657950.1
1961917	1962189	200999	201262	273	264	85.71	2233407	316556	0.01	0.08	NC_030997.1	JH657950.1
1962538	1976337	201441	215256	13800	13816	95.62	2233407	316556	0.62	4.36	NC_030997.1	JH657950.1
1976376	1978729	216859	219212	2354	2354	92.31	2233407	316556	0.11	0.74	NC_030997.1	JH657950.1
1978844	1979391	219357	219916	548	560	85.74	2233407	316556	0.02	0.18	NC_030997.1	JH657950.1
1979839	1999371	220156	239688	19533	19533	95.34	2233407	316556	0.87	6.17	NC_030997.1	JH657950.1
1999588	2000506	239688	240616	919	929	89.82	2233407	316556	0.04	0.29	NC_030997.1	JH657950.1
2005702	2006699	240818	241825	998	1008	84.47	2233407	316556	0.04	0.32	NC_030997.1	JH657950.1
2010862	2013529	272299	275039	2668	2741	91.62	2233407	316556	0.12	0.87	NC_030997.1	JH657950.1
2014205	2015786	275027	276606	1582	1580	89.35	2233407	316556	0.07	0.50	NC_030997.1	JH657950.1
2016061	2016251	276922	277112	191	191	88.60	2233407	316556	0.01	0.06	NC_030997.1	JH657950.1
2016268	2018987	276991	279707	2720	2717	93.80	2233407	316556	0.12	0.86	NC_030997.1	JH657950.1
2020224	2024391	279697	283864	4168	4168	97.10	2233407	316556	0.19	1.32	NC_030997.1	JH657950.1
2024388	2033680	284026	293381	9293	9356	96.14	2233407	316556	0.42	2.96	NC_030997.1	JH657950.1
2034604	2037237	293381	296031	2634	2651	96.61	2233407	316556	0.12	0.84	NC_030997.1	JH657950.1
2037292	2038113	296270	297069	822	800	87.35	2233407	316556	0.04	0.25	NC_030997.1	JH657950.1
2038106	2040861	313407	316150	2756	2744	96.08	2233407	316556	0.12	0.87	NC_030997.1	JH657950.1
2041207	2044429	35379	32160	3223	3220	97.49	2233407	35540	0.14	9.06	NC_030997.1	KK035247.1
2044637	2047382	32159	29417	2746	2743	94.21	2233407	35540	0.12	7.72	NC_030997.1	KK035247.1
2047690	2051484	29159	25362	3795	3798	93.21	2233407	35540	0.17	10.69	NC_030997.1	KK035247.1
2051446	2061448	87554	97556	10003	10003	98.57	2233407	3361134	0.45	0.30	NC_030997.1	JH657918.1
2061457	2079327	98102	116004	17871	17903	95.74	2233407	3361134	0.80	0.53	NC_030997.1	JH657918.1
2079851	2081212	116004	117360	1362	1357	96.55	2233407	3361134	0.06	0.04	NC_030997.1	JH657918.1
2081210	2081403	31894	32088	194	195	93.33	2233407	32432	0.01	0.60	NC_030997.1	JH658103.1
2081667	2086675	117359	122342	5009	4984	95.83	2233407	3361134	0.22	0.15	NC_030997.1	JH657918.1
2088844	2093558	124539	129311	4715	4773	93.91	2233407	3361134	0.21	0.14	NC_030997.1	JH657918.1
2096866	2097753	129272	130186	888	915	91.97	2233407	3361134	0.04	0.03	NC_030997.1	JH657918.1
2100915	2101634	133885	134636	720	752	88.30	2233407	3361134	0.03	0.02	NC_030997.1	JH657918.1
2110633	2111872	145076	146312	1240	1237	89.68	2233407	3361134	0.06	0.04	NC_030997.1	JH657918.1
2111963	2121209	148181	157333	9247	9153	95.31	2233407	3361134	0.41	0.27	NC_030997.1	JH657918.1
2122425	2127787	157329	162691	5363	5363	98.42	2233407	3361134	0.24	0.16	NC_030997.1	JH657918.1
2133960	2134465	162691	163194	506	504	92.89	2233407	3361134	0.02	0.01	NC_030997.1	JH657918.1
2134894	2138757	163362	167197	3864	3836	96.09	2233407	3361134	0.17	0.11	NC_030997.1	JH657918.1
2140222	2144215	168250	172243	3994	3994	98.35	2233407	3361134	0.18	0.12	NC_030997.1	JH657918.1
2144126	2144553	25367	24940	428	428	94.86	2233407	35540	0.02	1.20	NC_030997.1	KK035247.1
2144710	2152959	24940	16668	8250	8273	94.59	2233407	35540	0.37	23.28	NC_030997.1	KK035247.1
2152958	2158852	16229	10311	5895	5919	92.48	2233407	35540	0.26	16.65	NC_030997.1	KK035247.1
2159864	2167646	27624	19836	7783	7789	95.42	2233407	32035	0.35	24.31	NC_030997.1	KK035250.1
2168071	2169083	19840	18825	1013	1016	93.60	2233407	32035	0.05	3.17	NC_030997.1	KK035250.1
2170332	2173435	18652	15535	3104	3118	95.93	2233407	32035	0.14	9.73	NC_030997.1	KK035250.1
2173435	2174121	10097	9389	687	709	90.73	2233407	32035	0.03	2.21	NC_030997.1	KK035250.1
2174530	2176725	9111	6907	2196	2205	95.25	2233407	32035	0.10	6.88	NC_030997.1	KK035250.1
2176726	2180622	5472	1590	3897	3883	95.08	2233407	32035	0.17	12.12	NC_030997.1	KK035250.1
2180944	2182451	1599	88	1508	1512	94.98	2233407	32035	0.07	4.72	NC_030997.1	KK035250.1
2185327	2185770	181329	180880	444	450	95.11	2233407	181406	0.02	0.25	NC_030997.1	JH657976.1
2186108	2190581	180622	176133	4474	4490	92.60	2233407	181406	0.20	2.48	NC_030997.1	JH657976.1
2190523	2199109	170932	162442	8587	8491	94.60	2233407	181406	0.38	4.68	NC_030997.1	JH657976.1
2200758	2201138	162069	161688	381	382	93.19	2233407	181406	0.02	0.21	NC_030997.1	JH657976.1
2202523	2207925	161691	156293	5403	5399	96.89	2233407	181406	0.24	2.98	NC_030997.1	JH657976.1
2207953	2209814	32751	34612	1862	1862	92.96	2233407	34732	0.08	5.36	NC_030997.1	JH658069.1
2209812	2211306	156297	154799	1495	1499	95.74	2233407	181406	0.07	0.83	NC_030997.1	JH657976.1
2211632	2212979	154456	153108	1348	1349	95.11	2233407	181406	0.06	0.74	NC_030997.1	JH657976.1
2214086	2227893	153105	139241	13808	13865	95.52	2233407	181406	0.62	7.64	NC_030997.1	JH657976.1
2227891	2233407	136082	130575	5517	5508	96.34	2233407	181406	0.25	3.04	NC_030997.1	JH657976.1
4	665	39553	38890	662	664	85.33	1751499	857877	0.04	0.08	NC_030998.1	JH657931.1
7676	15151	55892	48479	7476	7414	93.99	1751499	148325	0.43	5.00	NC_030998.1	JH657983.1
15385	19491	48257	44135	4107	4123	95.73	1751499	148325	0.23	2.78	NC_030998.1	JH657983.1
19835	19957	40408	40286	123	123	92.68	1751499	148325	0.01	0.08	NC_030998.1	JH657983.1
19958	21364	35831	34439	1407	1393	95.60	1751499	148325	0.08	0.94	NC_030998.1	JH657983.1
21614	22550	34140	33205	937	936	90.72	1751499	148325	0.05	0.63	NC_030998.1	JH657983.1
36612	48061	32879	21421	11450	11459	96.79	1751499	148325	0.65	7.73	NC_030998.1	JH657983.1
48719	49630	21435	20525	912	911	97.59	1751499	148325	0.05	0.61	NC_030998.1	JH657983.1
49631	50333	703	1	703	703	99.43	1751499	15746	0.04	4.46	NC_030998.1	KK035293.1
49997	50552	5262	4707	556	556	98.20	1751499	5262	0.03	10.57	NC_030998.1	JH658265.1
50547	50894	348	1	348	348	99.71	1751499	5262	0.02	6.61	NC_030998.1	JH658265.1
52606	60009	20532	13129	7404	7404	97.62	1751499	148325	0.42	4.99	NC_030998.1	JH657983.1
60007	64488	12267	7786	4482	4482	97.21	1751499	148325	0.26	3.02	NC_030998.1	JH657983.1
65897	69885	7127	3147	3989	3981	95.19	1751499	148325	0.23	2.68	NC_030998.1	JH657983.1
84957	86058	25907	24808	1102	1100	90.73	1751499	58475	0.06	1.88	NC_030998.1	JH658035.1
94939	96774	2028	199	1836	1830	97.71	1751499	148325	0.10	1.23	NC_030998.1	JH657983.1
96772	99891	351	3470	3120	3120	95.53	1751499	75263	0.18	4.15	NC_030998.1	JH658020.1
100469	100768	52614	52914	300	301	81.25	1751499	53030	0.02	0.57	NC_030998.1	JH658043.1
100647	100873	14261	14487	227	227	91.23	1751499	27548	0.01	0.82	NC_030998.1	JH658115.1
101361	103891	3667	6196	2531	2530	97.43	1751499	75263	0.14	3.36	NC_030998.1	JH658020.1
103882	107859	6627	10605	3978	3979	97.19	1751499	75263	0.23	5.29	NC_030998.1	JH658020.1
107855	124818	11096	28060	16964	16965	96.93	1751499	75263	0.97	22.54	NC_030998.1	JH658020.1
126383	134576	39182	47376	8194	8195	94.08	1751499	75263	0.47	10.89	NC_030998.1	JH658020.1
135048	136978	47839	49751	1931	1913	89.52	1751499	75263	0.11	2.54	NC_030998.1	JH658020.1
138596	140147	61161	62710	1552	1550	84.72	1751499	75263	0.09	2.06	NC_030998.1	JH658020.1
141454	143754	64271	66574	2301	2304	90.26	1751499	75263	0.13	3.06	NC_030998.1	JH658020.1
144431	145854	67259	68677	1424	1419	89.83	1751499	75263	0.08	1.89	NC_030998.1	JH658020.1
148261	153736	69679	75154	5476	5476	97.95	1751499	75263	0.31	7.28	NC_030998.1	JH658020.1
154374	162255	160	8046	7882	7887	97.54	1751499	222635	0.45	3.54	NC_030998.1	JH657962.1
162255	162627	8298	8668	373	371	85.25	1751499	222635	0.02	0.17	NC_030998.1	JH657962.1
164687	167308	22122	19500	2622	2623	84.32	1751499	222635	0.15	1.18	NC_030998.1	JH657962.1
179861	183261	24205	27582	3401	3378	95.92	1751499	222635	0.19	1.52	NC_030998.1	JH657962.1
183371	187405	27677	31703	4035	4027	97.35	1751499	222635	0.23	1.81	NC_030998.1	JH657962.1
187590	187898	31917	32225	309	309	94.17	1751499	222635	0.02	0.14	NC_030998.1	JH657962.1
187897	195447	32664	40225	7551	7562	93.23	1751499	222635	0.43	3.40	NC_030998.1	JH657962.1
195510	215554	40372	60416	20045	20045	97.82	1751499	222635	1.14	9.00	NC_030998.1	JH657962.1
215753	265521	60650	110387	49769	49738	96.48	1751499	222635	2.84	22.34	NC_030998.1	JH657962.1
265535	265824	110552	110842	290	291	88.66	1751499	222635	0.02	0.13	NC_030998.1	JH657962.1
265821	267002	113698	114843	1182	1146	87.47	1751499	222635	0.07	0.51	NC_030998.1	JH657962.1
267420	337781	115580	186024	70362	70445	97.38	1751499	222635	4.02	31.64	NC_030998.1	JH657962.1
338354	354467	186579	202704	16114	16126	96.69	1751499	222635	0.92	7.24	NC_030998.1	JH657962.1
356014	363706	202703	210409	7693	7707	98.30	1751499	222635	0.44	3.46	NC_030998.1	JH657962.1
364241	366406	210408	212550	2166	2143	95.53	1751499	222635	0.12	0.96	NC_030998.1	JH657962.1
366406	367067	213108	213769	662	662	99.40	1751499	222635	0.04	0.30	NC_030998.1	JH657962.1
367057	375583	213912	222449	8527	8538	98.10	1751499	222635	0.49	3.83	NC_030998.1	JH657962.1
375579	381400	71	5908	5822	5838	97.21	1751499	200265	0.33	2.92	NC_030998.1	JH657969.1
381399	383321	7629	9534	1923	1906	96.73	1751499	200265	0.11	0.95	NC_030998.1	JH657969.1
384701	387810	10844	13957	3110	3114	97.05	1751499	200265	0.18	1.55	NC_030998.1	JH657969.1
387811	388407	7750	8346	597	597	99.50	1751499	8975	0.03	6.65	NC_030998.1	JH658216.1
388408	391461	13950	17001	3054	3052	98.33	1751499	200265	0.17	1.52	NC_030998.1	JH657969.1
392219	396376	16992	21100	4158	4109	88.38	1751499	200265	0.24	2.05	NC_030998.1	JH657969.1
400114	420514	21479	41939	20401	20461	95.58	1751499	200265	1.16	10.22	NC_030998.1	JH657969.1
421132	421628	41928	42424	497	497	97.18	1751499	200265	0.03	0.25	NC_030998.1	JH657969.1
421631	422496	42838	43708	866	871	89.90	1751499	200265	0.05	0.43	NC_030998.1	JH657969.1
424816	441238	45802	62209	16423	16408	97.47	1751499	200265	0.94	8.19	NC_030998.1	JH657969.1
441491	456379	62447	77360	14889	14914	97.46	1751499	200265	0.85	7.45	NC_030998.1	JH657969.1
456477	459619	77650	80791	3143	3142	97.71	1751499	200265	0.18	1.57	NC_030998.1	JH657969.1
464513	473769	80783	90045	9257	9263	97.56	1751499	200265	0.53	4.63	NC_030998.1	JH657969.1
473775	474128	92960	93313	354	354	97.74	1751499	200265	0.02	0.18	NC_030998.1	JH657969.1
474237	482314	93309	101411	8078	8103	96.55	1751499	200265	0.46	4.05	NC_030998.1	JH657969.1
482317	505712	101789	125204	23396	23416	96.35	1751499	200265	1.34	11.69	NC_030998.1	JH657969.1
505774	530171	126457	150769	24398	24313	96.74	1751499	200265	1.39	12.14	NC_030998.1	JH657969.1
538178	539990	150769	152581	1813	1813	93.94	1751499	200265	0.10	0.91	NC_030998.1	JH657969.1
539982	542447	2641	180	2466	2462	97.69	1751499	219320	0.14	1.12	NC_030998.1	JH657963.1
542440	558466	200088	184044	16027	16045	98.10	1751499	200265	0.92	8.01	NC_030998.1	JH657969.1
565384	584620	184045	164806	19237	19240	97.75	1751499	200265	1.10	9.61	NC_030998.1	JH657969.1
584839	587009	164713	162553	2171	2161	97.79	1751499	200265	0.12	1.08	NC_030998.1	JH657969.1
592210	594336	162553	160425	2127	2129	97.23	1751499	200265	0.12	1.06	NC_030998.1	JH657969.1
594332	597899	6367	9908	3568	3542	90.61	1751499	219320	0.20	1.61	NC_030998.1	JH657963.1
599075	602811	15363	19116	3737	3754	93.34	1751499	219320	0.21	1.71	NC_030998.1	JH657963.1
606595	617341	21038	31772	10747	10735	96.60	1751499	219320	0.61	4.89	NC_030998.1	JH657963.1
617502	617892	36746	37137	391	392	86.26	1751499	219320	0.02	0.18	NC_030998.1	JH657963.1
618048	618662	37294	37908	615	615	82.36	1751499	219320	0.04	0.28	NC_030998.1	JH657963.1
618785	619770	38012	38987	986	976	86.32	1751499	219320	0.06	0.45	NC_030998.1	JH657963.1
622809	647207	42090	66480	24399	24391	95.96	1751499	219320	1.39	11.12	NC_030998.1	JH657963.1
647973	661951	66985	80978	13979	13994	95.91	1751499	219320	0.80	6.38	NC_030998.1	JH657963.1
663945	671551	83211	90767	7607	7557	96.95	1751499	219320	0.43	3.45	NC_030998.1	JH657963.1
673164	679679	91254	97766	6516	6513	97.47	1751499	219320	0.37	2.97	NC_030998.1	JH657963.1
679665	696863	99322	116488	17199	17167	98.60	1751499	219320	0.98	7.83	NC_030998.1	JH657963.1
696987	776581	116609	196175	79595	79567	97.64	1751499	219320	4.54	36.28	NC_030998.1	JH657963.1
776577	784894	197257	205567	8318	8311	98.32	1751499	219320	0.47	3.79	NC_030998.1	JH657963.1
786378	799934	205561	219128	13557	13568	97.94	1751499	219320	0.77	6.19	NC_030998.1	JH657963.1
800497	813002	114071	101562	12506	12510	97.84	1751499	114276	0.71	10.95	NC_030998.1	KK035218.1
812998	822266	99865	90614	9269	9252	97.08	1751499	114276	0.53	8.10	NC_030998.1	KK035218.1
822266	863598	88729	47394	41333	41336	97.88	1751499	114276	2.36	36.17	NC_030998.1	KK035218.1
863592	863820	46645	46418	229	228	93.45	1751499	114276	0.01	0.20	NC_030998.1	KK035218.1
863823	870268	46230	39769	6446	6462	97.82	1751499	114276	0.37	5.65	NC_030998.1	KK035218.1
870271	870976	65915	65213	706	703	96.32	1751499	75402	0.04	0.93	NC_030998.1	KK035228.1
872833	930805	63350	5352	57973	57999	97.52	1751499	75402	3.31	76.92	NC_030998.1	KK035228.1
932932	936803	3990	107	3872	3884	95.84	1751499	75402	0.22	5.15	NC_030998.1	KK035228.1
936799	939993	150173	146984	3195	3190	96.31	1751499	150345	0.18	2.12	NC_030998.1	KK035214.1
940821	958433	146158	128607	17613	17552	96.56	1751499	150345	1.01	11.67	NC_030998.1	KK035214.1
958877	996977	128618	90481	38101	38138	97.95	1751499	150345	2.18	25.37	NC_030998.1	KK035214.1
996964	1003287	90240	83889	6324	6352	97.31	1751499	150345	0.36	4.22	NC_030998.1	KK035214.1
1003288	1003668	83699	83317	381	383	98.69	1751499	150345	0.02	0.25	NC_030998.1	KK035214.1
1003789	1004096	83190	82883	308	308	98.38	1751499	150345	0.02	0.20	NC_030998.1	KK035214.1
1004277	1010765	82904	76371	6489	6534	97.46	1751499	150345	0.37	4.35	NC_030998.1	KK035214.1
1010764	1021153	75887	65558	10390	10330	97.78	1751499	150345	0.59	6.87	NC_030998.1	KK035214.1
1021514	1031920	65299	54896	10407	10404	98.35	1751499	150345	0.59	6.92	NC_030998.1	KK035214.1
1032796	1033825	54897	53865	1030	1033	93.42	1751499	150345	0.06	0.69	NC_030998.1	KK035214.1
1034437	1047587	53664	40510	13151	13155	96.16	1751499	150345	0.75	8.75	NC_030998.1	KK035214.1
1047814	1088106	40514	188	40293	40327	98.07	1751499	150345	2.30	26.82	NC_030998.1	KK035214.1
1088106	1119504	106207	74878	31399	31330	98.10	1751499	106602	1.79	29.39	NC_030998.1	JH657994.1
1119497	1139864	74143	53665	20368	20479	97.70	1751499	106602	1.16	19.21	NC_030998.1	JH657994.1
1140371	1144354	53323	49337	3984	3987	94.84	1751499	106602	0.23	3.74	NC_030998.1	JH657994.1
1145114	1146013	49344	48451	900	894	97.00	1751499	106602	0.05	0.84	NC_030998.1	JH657994.1
1146118	1153626	48445	40944	7509	7502	96.77	1751499	106602	0.43	7.04	NC_030998.1	JH657994.1
1153767	1168834	40832	25766	15068	15067	98.61	1751499	106602	0.86	14.13	NC_030998.1	JH657994.1
1168931	1170650	25605	23887	1720	1719	90.43	1751499	106602	0.10	1.61	NC_030998.1	JH657994.1
1171191	1184502	23348	10041	13312	13308	95.61	1751499	106602	0.76	12.48	NC_030998.1	JH657994.1
1186921	1193281	6437	96	6361	6342	98.55	1751499	106602	0.36	5.95	NC_030998.1	JH657994.1
1193273	1253483	198349	138222	60211	60128	97.58	1751499	198351	3.44	30.31	NC_030998.1	JH657971.1
1254318	1261391	138220	131120	7074	7101	97.51	1751499	198351	0.40	3.58	NC_030998.1	JH657971.1
1261382	1265079	130879	127193	3698	3687	98.43	1751499	198351	0.21	1.86	NC_030998.1	JH657971.1
1265466	1267509	126847	124809	2044	2039	97.70	1751499	198351	0.12	1.03	NC_030998.1	JH657971.1
1267653	1271343	124474	120753	3691	3722	95.10	1751499	198351	0.21	1.88	NC_030998.1	JH657971.1
1271619	1275519	120619	116720	3901	3900	97.59	1751499	198351	0.22	1.97	NC_030998.1	JH657971.1
1275518	1302548	114522	87562	27031	26961	97.29	1751499	198351	1.54	13.59	NC_030998.1	JH657971.1
1303193	1314032	87575	76763	10840	10813	98.00	1751499	198351	0.62	5.45	NC_030998.1	JH657971.1
1314031	1327804	76214	62477	13774	13738	96.92	1751499	198351	0.79	6.93	NC_030998.1	JH657971.1
1327805	1328115	62166	62478	311	313	95.85	1751499	198351	0.02	0.16	NC_030998.1	JH657971.1
1328115	1342588	62164	47721	14474	14444	95.50	1751499	198351	0.83	7.28	NC_030998.1	JH657971.1
1344421	1365347	45842	24883	20927	20960	97.64	1751499	198351	1.19	10.57	NC_030998.1	JH657971.1
1365347	1365546	21824	21625	200	200	93.00	1751499	198351	0.01	0.10	NC_030998.1	JH657971.1
1365545	1367055	21440	19915	1511	1526	91.15	1751499	198351	0.09	0.77	NC_030998.1	JH657971.1
1367167	1377191	13442	3369	10025	10074	96.68	1751499	198351	0.57	5.08	NC_030998.1	JH657971.1
1378199	1381358	15252	18397	3160	3146	96.52	1751499	50911	0.18	6.18	NC_030998.1	JH658045.1
1381663	1384575	18684	21600	2913	2917	98.56	1751499	50911	0.17	5.73	NC_030998.1	JH658045.1
1384896	1413814	21860	50815	28919	28956	97.18	1751499	50911	1.65	56.88	NC_030998.1	JH658045.1
1413810	1421970	58242	50072	8161	8171	97.74	1751499	59947	0.47	13.63	NC_030998.1	JH658032.1
1422017	1426464	50130	45684	4448	4447	98.09	1751499	59947	0.25	7.42	NC_030998.1	JH658032.1
1426454	1435296	45377	36580	8843	8798	95.45	1751499	59947	0.50	14.68	NC_030998.1	JH658032.1
1435294	1442827	36421	28898	7534	7524	96.37	1751499	59947	0.43	12.55	NC_030998.1	JH658032.1
1443473	1445264	28470	26675	1792	1796	97.16	1751499	59947	0.10	3.00	NC_030998.1	JH658032.1
1445256	1467582	26204	3871	22327	22334	96.79	1751499	59947	1.27	37.26	NC_030998.1	JH658032.1
1467573	1471043	3616	122	3471	3495	95.75	1751499	59947	0.20	5.83	NC_030998.1	JH658032.1
1471345	1474362	46	3063	3018	3018	98.87	1751499	346831	0.17	0.87	NC_030998.1	JH657945.1
1474359	1487129	4625	17386	12771	12762	97.60	1751499	346831	0.73	3.68	NC_030998.1	JH657945.1
1487327	1493745	17578	23995	6419	6418	97.42	1751499	346831	0.37	1.85	NC_030998.1	JH657945.1
1494587	1505767	24867	36046	11181	11180	96.36	1751499	346831	0.64	3.22	NC_030998.1	JH657945.1
1506112	1537708	36383	67988	31597	31606	96.99	1751499	346831	1.80	9.11	NC_030998.1	JH657945.1
1537710	1546606	68323	77241	8897	8919	95.67	1751499	346831	0.51	2.57	NC_030998.1	JH657945.1
1546598	1562380	77386	93171	15783	15786	98.04	1751499	346831	0.90	4.55	NC_030998.1	JH657945.1
1562657	1564479	93644	95468	1823	1825	93.98	1751499	346831	0.10	0.53	NC_030998.1	JH657945.1
1564602	1566558	95468	97428	1957	1961	86.89	1751499	346831	0.11	0.57	NC_030998.1	JH657945.1
1568556	1568834	99451	99745	279	295	88.85	1751499	346831	0.02	0.09	NC_030998.1	JH657945.1
1572963	1574732	4402	2633	1770	1770	84.07	1751499	4979	0.10	35.55	NC_030998.1	KK035449.1
1576959	1607438	101776	132218	30480	30443	97.29	1751499	346831	1.74	8.78	NC_030998.1	JH657945.1
1613031	1617370	132208	136541	4340	4334	97.49	1751499	346831	0.25	1.25	NC_030998.1	JH657945.1
1617471	1619866	135112	137507	2396	2396	96.67	1751499	346831	0.14	0.69	NC_030998.1	JH657945.1
1621864	1624161	139489	141767	2298	2279	96.78	1751499	346831	0.13	0.66	NC_030998.1	JH657945.1
1626921	1630367	144498	147949	3447	3452	98.12	1751499	346831	0.20	1.00	NC_030998.1	JH657945.1
1630468	1634485	143144	147159	4018	4016	97.99	1751499	346831	0.23	1.16	NC_030998.1	JH657945.1
1634585	1636010	147961	149384	1426	1424	97.12	1751499	346831	0.08	0.41	NC_030998.1	JH657945.1
1636010	1636109	26263	26164	100	100	100.00	1751499	40519	0.01	0.25	NC_030998.1	JH658057.1
1643499	1643863	153533	153896	365	364	98.08	1751499	346831	0.02	0.10	NC_030998.1	JH657945.1
1643886	1646255	154781	157149	2370	2369	95.70	1751499	346831	0.14	0.68	NC_030998.1	JH657945.1
1646271	1663214	157326	174257	16944	16932	97.46	1751499	346831	0.97	4.88	NC_030998.1	JH657945.1
1663219	1670567	175051	182401	7349	7351	97.00	1751499	346831	0.42	2.12	NC_030998.1	JH657945.1
1670726	1670939	14118	13904	214	215	94.88	1751499	61992	0.01	0.35	NC_030998.1	JH658031.1
1670755	1671868	221674	220556	1114	1119	86.39	1751499	857877	0.06	0.13	NC_030998.1	JH657931.1
1672048	1673673	40637	42263	1626	1627	85.47	1751499	857877	0.09	0.19	NC_030998.1	JH657931.1
1673317	1674228	174	1085	912	912	89.06	1751499	25526	0.05	3.57	NC_030998.1	JH658120.1
1680068	1688573	182388	190907	8506	8520	96.25	1751499	346831	0.49	2.46	NC_030998.1	JH657945.1
1689206	1692756	194400	197949	3551	3550	98.42	1751499	346831	0.20	1.02	NC_030998.1	JH657945.1
1693009	1693098	197949	198037	90	89	97.78	1751499	346831	0.01	0.03	NC_030998.1	JH657945.1
1693558	1706977	198408	211759	13420	13352	96.58	1751499	346831	0.77	3.85	NC_030998.1	JH657945.1
1708108	1717614	211761	221257	9507	9497	96.54	1751499	346831	0.54	2.74	NC_030998.1	JH657945.1
1719550	1748473	223186	252093	28924	28908	95.53	1751499	346831	1.65	8.33	NC_030998.1	JH657945.1
1748885	1749391	9192	8679	507	514	84.01	1751499	440990	0.03	0.12	NC_030998.1	JH657940.1
627	1979	20947	19586	1353	1362	96.48	1838362	22170	0.07	6.14	NC_030999.1	JH658125.1
3679	3753	29134	29207	75	74	97.33	1838362	87296	0.00	0.08	NC_030999.1	JH658017.1
4646	4834	82055	82243	189	189	95.77	1838362	86016	0.01	0.22	NC_030999.1	JH658011.1
5112	5355	7567	7322	244	246	91.46	1838362	22707	0.01	1.08	NC_030999.1	JH658134.1
7323	7402	50837	50916	80	80	98.75	1838362	67929	0.00	0.12	NC_030999.1	JH658034.1
10924	12179	2497	1242	1256	1256	99.68	1838362	9991	0.07	12.57	NC_030999.1	JH658205.1
12371	13491	1121	1	1121	1121	100.00	1838362	9991	0.06	11.22	NC_030999.1	JH658205.1
27159	27324	8986	9149	166	164	96.39	1838362	10462	0.01	1.57	NC_030999.1	JH658195.1
33142	34463	5723	7044	1322	1322	97.66	1838362	87296	0.07	1.51	NC_030999.1	JH658017.1
34955	35968	32520	33523	1014	1004	96.06	1838362	86016	0.06	1.17	NC_030999.1	JH658011.1
35968	36777	11859	12666	810	808	90.37	1838362	15983	0.04	5.06	NC_030999.1	JH658161.1
36359	39079	12960	10233	2721	2728	95.68	1838362	86016	0.15	3.17	NC_030999.1	JH658011.1
43284	43707	11471	11047	424	425	90.59	1838362	12569	0.02	3.38	NC_030999.1	JH658167.1
44139	44230	3995	3904	92	92	100.00	1838362	7470	0.01	1.23	NC_030999.1	JH658233.1
44265	46652	7216	4823	2388	2394	94.32	1838362	9703	0.13	24.67	NC_030999.1	KK035348.1
47113	47597	6937	6453	485	485	86.04	1838362	11031	0.03	4.40	NC_030999.1	KK035331.1
65564	65811	2097	1850	248	248	97.58	1838362	9445	0.01	2.63	NC_030999.1	JH658214.1
66117	66345	3365	3137	229	229	92.58	1838362	181325	0.01	0.13	NC_030999.1	JH657975.1
66754	66934	845	665	181	181	98.90	1838362	4230	0.01	4.28	NC_030999.1	JH658261.1
67877	68192	21683	21368	316	316	88.64	1838362	25526	0.02	1.24	NC_030999.1	JH658120.1
68357	68481	61529	61653	125	125	96.80	1838362	75149	0.01	0.17	NC_030999.1	KK035230.1
68489	68780	18672	18963	292	292	98.97	1838362	34314	0.02	0.85	NC_030999.1	JH658072.1
68930	70666	61656	63391	1737	1736	98.50	1838362	75149	0.09	2.31	NC_030999.1	KK035230.1
76922	77826	9152	10052	905	901	95.92	1838362	13325	0.05	6.76	NC_030999.1	JH658162.1
78832	78965	6937	7070	134	134	95.52	1838362	10210	0.01	1.31	NC_030999.1	JH658198.1
79219	79418	442	634	200	193	93.50	1838362	9860	0.01	1.96	NC_030999.1	JH658203.1
82719	86334	23622	27191	3616	3570	89.84	1838362	32432	0.20	11.01	NC_030999.1	JH658103.1
86333	86458	177332	177456	126	125	92.91	1838362	177456	0.01	0.07	NC_030999.1	KK035212.1
86448	86597	1	150	150	150	99.33	1838362	1870	0.01	8.02	NC_030999.1	KK035687.1
86598	86977	14442	14063	380	380	94.23	1838362	45501	0.02	0.84	NC_030999.1	JH658052.1
86976	87079	14841	14944	104	104	99.04	1838362	79893	0.01	0.13	NC_030999.1	JH658016.1
87240	87378	27897	27763	139	135	92.81	1838362	32432	0.01	0.42	NC_030999.1	JH658103.1
87984	88208	147	371	225	225	89.78	1838362	3552	0.01	6.33	NC_030999.1	JH658271.1
88214	88439	943	701	226	243	85.19	1838362	2104	0.01	11.55	NC_030999.1	KK035655.1
88774	89373	659	55	600	605	90.13	1838362	1860	0.03	32.53	NC_030999.1	KK035689.1
89642	91891	3989	6238	2250	2250	99.51	1838362	7470	0.12	30.12	NC_030999.1	JH658233.1
97142	99132	28135	26144	1991	1992	99.60	1838362	32220	0.11	6.18	NC_030999.1	JH658079.1
107258	107615	2429	2785	358	357	90.81	1838362	2785	0.02	12.82	NC_030999.1	KK035582.1
110907	115176	31862	27700	4270	4163	89.27	1838362	42973	0.23	9.69	NC_030999.1	JH658050.1
125102	127962	20523	17654	2861	2870	98.36	1838362	42973	0.16	6.68	NC_030999.1	JH658050.1
127958	132020	17567	13494	4063	4074	98.55	1838362	42973	0.22	9.48	NC_030999.1	JH658050.1
140219	144871	4848	9495	4653	4648	93.22	1838362	25158	0.25	18.48	NC_030999.1	JH658106.1
145189	145427	3761	3530	239	232	86.61	1838362	30642	0.01	0.76	NC_030999.1	JH658087.1
145354	145524	9497	9667	171	171	95.91	1838362	25158	0.01	0.68	NC_030999.1	JH658106.1
152885	153599	8838	9551	715	714	80.92	1838362	11767	0.04	6.07	NC_030999.1	JH658188.1
153999	156142	532	2696	2144	2165	90.46	1838362	5520	0.12	39.22	NC_030999.1	JH658259.1
155274	157176	1902	1	1903	1902	97.79	1838362	2133	0.10	89.17	NC_030999.1	KK035651.1
159588	160130	4980	5520	543	541	95.76	1838362	5520	0.03	9.80	NC_030999.1	JH658259.1
161061	162432	2366	995	1372	1372	98.18	1838362	12897	0.07	10.64	NC_030999.1	KK035314.1
170910	173251	117	2456	2342	2340	99.74	1838362	2456	0.13	95.28	NC_030999.1	KK035617.1
174043	175529	1	1488	1487	1488	99.80	1838362	1488	0.08	100.00	NC_030999.1	KK035748.1
180459	181643	1185	1	1185	1185	99.32	1838362	1185	0.06	100.00	NC_030999.1	KK035813.1
186259	186355	13119	13215	97	97	100.00	1838362	42973	0.01	0.23	NC_030999.1	JH658050.1
189958	191148	1	1186	1191	1186	99.16	1838362	1186	0.06	100.00	NC_030999.1	KK035812.1
191613	195059	1	3442	3447	3442	99.10	1838362	6590	0.19	52.23	NC_030999.1	KK035404.1
198214	198921	1453	2153	708	701	94.77	1838362	3728	0.04	18.80	NC_030999.1	KK035513.1
198629	200338	2124	3796	1710	1673	93.60	1838362	3828	0.09	43.70	NC_030999.1	KK035508.1
201298	203231	1936	1	1934	1936	95.30	1838362	1936	0.11	100.00	NC_030999.1	KK035679.1
206081	207165	1175	2276	1085	1102	87.43	1838362	22586	0.06	4.88	NC_030999.1	JH658142.1
213044	213234	2992	3183	191	192	89.58	1838362	22586	0.01	0.85	NC_030999.1	JH658142.1
220606	221286	6815	7501	681	687	87.48	1838362	22707	0.04	3.03	NC_030999.1	JH658134.1
221211	221986	1735	957	776	779	90.27	1838362	5635	0.04	13.82	NC_030999.1	KK035436.1
223142	223325	1744	1927	184	184	99.46	1838362	1927	0.01	9.55	NC_030999.1	KK035680.1
231690	235332	8352	4648	3643	3705	93.85	1838362	11767	0.20	31.49	NC_030999.1	JH658188.1
241204	245116	3924	1	3913	3924	99.31	1838362	4549	0.21	86.26	NC_030999.1	KK035471.1
246558	246781	67727	67941	224	215	88.00	1838362	71206	0.01	0.30	NC_030999.1	JH658026.1
247241	248623	76	1458	1383	1383	99.35	1838362	1458	0.08	94.86	NC_030999.1	KK035754.1
248529	251390	1	2862	2862	2862	99.65	1838362	2870	0.16	99.72	NC_030999.1	KK035579.1
252170	253250	2361	1282	1081	1080	99.44	1838362	2361	0.06	45.74	NC_030999.1	KK035624.1
255466	256454	1283	293	989	991	99.09	1838362	2361	0.05	41.97	NC_030999.1	KK035624.1
257319	257636	549	866	318	318	85.94	1838362	4029	0.02	7.89	NC_030999.1	KK035498.1
265355	267421	2812	4879	2067	2068	95.60	1838362	5520	0.11	37.46	NC_030999.1	JH658259.1
268668	270662	2012	1	1995	2012	94.49	1838362	2012	0.11	100.00	NC_030999.1	KK035666.1
270404	270978	1	592	575	592	88.42	1838362	9377	0.03	6.31	NC_030999.1	JH658222.1
278659	278952	294	1	294	294	100.00	1838362	2361	0.02	12.45	NC_030999.1	KK035624.1
278858	280742	1900	1	1885	1900	98.21	1838362	1900	0.10	100.00	NC_030999.1	KK035682.1
280744	280925	1054	873	182	182	98.90	1838362	1054	0.01	17.27	NC_030999.1	KK035838.1
280924	281741	43909	44752	818	844	91.71	1838362	89445	0.04	0.94	NC_030999.1	JH658009.1
281876	285021	44853	48013	3146	3161	90.65	1838362	89445	0.17	3.53	NC_030999.1	JH658009.1
286834	287247	86016	85603	414	414	99.03	1838362	86016	0.02	0.48	NC_030999.1	JH658011.1
289517	289984	2936	3424	468	489	91.21	1838362	15047	0.03	3.25	NC_030999.1	KK035296.1
290866	291082	3841	4057	217	217	97.70	1838362	15047	0.01	1.44	NC_030999.1	KK035296.1
297097	300753	12897	9223	3657	3675	94.74	1838362	12897	0.20	28.49	NC_030999.1	KK035314.1
299537	300835	2955	4259	1299	1305	88.08	1838362	4371	0.07	29.86	NC_030999.1	JH658267.1
301973	302059	95168	95254	87	87	98.85	1838362	95269	0.00	0.09	NC_030999.1	KK035223.1
307011	307448	1389	951	438	439	93.20	1838362	5985	0.02	7.34	NC_030999.1	JH658245.1
312323	313010	554	1240	688	687	93.48	1838362	5614	0.04	12.24	NC_030999.1	JH658250.1
314592	314742	2323	2172	151	152	90.79	1838362	20451	0.01	0.74	NC_030999.1	JH658135.1
314736	315174	436	1	439	436	98.18	1838362	87296	0.02	0.50	NC_030999.1	JH658017.1
318049	318954	1974	1071	906	904	84.55	1838362	20451	0.05	4.42	NC_030999.1	JH658135.1
324675	325710	41610	40544	1036	1067	83.57	1838362	89445	0.06	1.19	NC_030999.1	JH658009.1
325963	327153	805420	804244	1191	1177	87.78	1838362	1190151	0.06	0.10	NC_030999.1	JH657926.1
326633	327798	4268	5442	1166	1175	82.91	1838362	42973	0.06	2.73	NC_030999.1	JH658050.1
328422	329028	16467	17077	607	611	94.44	1838362	31739	0.03	1.93	NC_030999.1	KK035251.1
329026	330985	17910	19868	1960	1959	93.45	1838362	31739	0.11	6.17	NC_030999.1	KK035251.1
342297	342460	6851	6688	164	164	98.78	1838362	26171	0.01	0.63	NC_030999.1	JH658111.1
346357	346511	17136	17289	155	154	92.90	1838362	29423	0.01	0.52	NC_030999.1	JH658094.1
357256	357427	20982	21156	172	175	85.47	1838362	33158	0.01	0.53	NC_030999.1	JH658076.1
358358	359058	25039	25738	701	700	80.85	1838362	33158	0.04	2.11	NC_030999.1	JH658076.1
358915	360274	97363	96004	1360	1360	84.20	1838362	100508	0.07	1.35	NC_030999.1	JH657997.1
361782	362225	14037	13578	444	460	84.78	1838362	28369	0.02	1.62	NC_030999.1	JH658093.1
373317	373677	1958	1598	361	361	97.78	1838362	4057	0.02	8.90	NC_030999.1	JH658263.1
380589	381238	73946	74595	650	650	95.38	1838362	99639	0.04	0.65	NC_030999.1	JH658000.1
386666	388139	5880	4394	1474	1487	91.34	1838362	7294	0.08	20.39	NC_030999.1	KK035390.1
390692	394580	8375	12262	3889	3888	94.33	1838362	18606	0.21	20.90	NC_030999.1	KK035275.1
394661	395526	64197	63335	866	863	95.15	1838362	87225	0.05	0.99	NC_030999.1	JH658008.1
395839	397721	6704	8586	1883	1883	97.19	1838362	42973	0.10	4.38	NC_030999.1	JH658050.1
398139	399229	1378	288	1091	1091	98.90	1838362	6031	0.06	18.09	NC_030999.1	KK035421.1
399221	403810	22706	18116	4590	4591	99.04	1838362	58475	0.25	7.85	NC_030999.1	JH658035.1
410790	412627	6816	8649	1838	1834	83.74	1838362	21774	0.10	8.42	NC_030999.1	JH658121.1
418319	424780	13267	6810	6462	6458	98.04	1838362	58475	0.35	11.04	NC_030999.1	JH658035.1
425017	426501	6562	5076	1485	1487	95.90	1838362	58475	0.08	2.54	NC_030999.1	JH658035.1
429109	429535	3973	3549	427	425	85.78	1838362	58475	0.02	0.73	NC_030999.1	JH658035.1
429974	432434	2604	188	2461	2417	93.42	1838362	58475	0.13	4.13	NC_030999.1	JH658035.1
433308	437013	64703	61018	3706	3686	86.76	1838362	111555	0.20	3.30	NC_030999.1	JH657991.1
437123	437574	60899	60447	452	453	88.52	1838362	111555	0.02	0.41	NC_030999.1	JH657991.1
447441	454049	11381	18013	6609	6633	94.98	1838362	73102	0.36	9.07	NC_030999.1	JH658023.1
457226	459228	85971	83900	2003	2072	88.05	1838362	111555	0.11	1.86	NC_030999.1	JH657991.1
459240	464667	82735	77313	5428	5423	90.69	1838362	111555	0.30	4.86	NC_030999.1	JH657991.1
472633	472717	18671	18755	85	85	98.82	1838362	34314	0.00	0.25	NC_030999.1	JH658072.1
472720	473665	66115	65209	946	907	86.39	1838362	111555	0.05	0.81	NC_030999.1	JH657991.1
473379	473697	1385	1704	319	320	89.69	1838362	9107	0.02	3.51	NC_030999.1	JH658215.1
474052	475717	1704	3374	1666	1671	96.84	1838362	9107	0.09	18.35	NC_030999.1	JH658215.1
475716	478175	3432	5891	2460	2460	99.02	1838362	9107	0.13	27.01	NC_030999.1	JH658215.1
477744	478542	8214	9010	799	797	86.38	1838362	73102	0.04	1.09	NC_030999.1	JH658023.1
481867	488666	53747	46956	6800	6792	93.23	1838362	111555	0.37	6.09	NC_030999.1	JH657991.1
493462	493822	21305	21662	361	358	81.49	1838362	102212	0.02	0.35	NC_030999.1	JH657995.1
494879	495498	14922	14308	620	615	90.02	1838362	111555	0.03	0.55	NC_030999.1	JH657991.1
495653	495820	200	33	168	168	98.81	1838362	11437	0.01	1.47	NC_030999.1	KK035328.1
495964	496820	44286	45144	857	859	89.62	1838362	73102	0.05	1.18	NC_030999.1	JH658023.1
499541	500199	47769	48426	659	658	89.10	1838362	73102	0.04	0.90	NC_030999.1	JH658023.1
499727	500247	31349	30828	521	522	86.67	1838362	111555	0.03	0.47	NC_030999.1	JH657991.1
503906	504569	27369	26694	664	676	89.23	1838362	111555	0.04	0.61	NC_030999.1	JH657991.1
504666	508857	26425	22236	4192	4190	88.56	1838362	111555	0.23	3.76	NC_030999.1	JH657991.1
508850	509139	21637	21344	290	294	87.41	1838362	111555	0.02	0.26	NC_030999.1	JH657991.1
522185	528254	38397	44480	6070	6084	94.38	1838362	60600	0.33	10.04	NC_030999.1	JH658036.1
528487	529410	9575	10506	924	932	85.41	1838362	55499	0.05	1.68	NC_030999.1	JH658039.1
532687	533461	13238	14013	775	776	86.38	1838362	55499	0.04	1.40	NC_030999.1	JH658039.1
532868	534446	48239	49816	1579	1578	85.45	1838362	60600	0.09	2.60	NC_030999.1	JH658036.1
533943	534462	14270	14780	520	511	83.24	1838362	55499	0.03	0.92	NC_030999.1	JH658039.1
535247	538572	50677	54000	3326	3324	94.79	1838362	60600	0.18	5.49	NC_030999.1	JH658036.1
547284	547718	7476	7035	435	442	89.37	1838362	12785	0.02	3.46	NC_030999.1	JH658166.1
548222	548324	7034	6932	103	103	94.17	1838362	12785	0.01	0.81	NC_030999.1	JH658166.1
548431	550310	39989	41853	1880	1865	86.28	1838362	55028	0.10	3.39	NC_030999.1	JH658040.1
548432	550314	2693	826	1883	1868	86.14	1838362	14682	0.10	12.72	NC_030999.1	JH658163.1
550873	551280	26164	26569	408	406	94.85	1838362	75475	0.02	0.54	NC_030999.1	KK035227.1
551281	551472	192	1	192	192	100.00	1838362	130990	0.01	0.15	NC_030999.1	JH657984.1
557037	557117	81	1	81	81	98.77	1838362	6981	0.00	1.16	NC_030999.1	KK035395.1
557071	558030	3495	4445	960	951	94.69	1838362	20702	0.05	4.59	NC_030999.1	JH658133.1
561709	562160	9826	10278	452	453	99.56	1838362	10462	0.02	4.33	NC_030999.1	JH658195.1
562205	562401	24796	24599	197	198	96.97	1838362	24796	0.01	0.80	NC_030999.1	JH658108.1
562417	562601	71555	71739	185	185	91.94	1838362	107600	0.01	0.17	NC_030999.1	JH657992.1
562879	564269	22751	24140	1391	1390	85.02	1838362	24340	0.08	5.71	NC_030999.1	KK035260.1
604042	605489	6359	4914	1448	1446	97.31	1838362	10462	0.08	13.82	NC_030999.1	JH658195.1
605486	605775	2491	2213	290	279	80.55	1838362	6736	0.02	4.14	NC_030999.1	KK035400.1
605765	607531	4915	3149	1767	1767	99.89	1838362	10462	0.10	16.89	NC_030999.1	JH658195.1
608173	608283	14792	14682	111	111	100.00	1838362	21696	0.01	0.51	NC_030999.1	JH658131.1
610366	610615	14581	14332	250	250	98.40	1838362	21696	0.01	1.15	NC_030999.1	JH658131.1
610471	610655	953060	952876	185	185	98.92	1838362	1211435	0.01	0.02	NC_030999.1	JH657925.1
618968	620714	1	1749	1747	1749	94.40	1838362	2111	0.10	82.85	NC_030999.1	KK035646.1
622075	623238	8767	9930	1164	1164	99.23	1838362	30125	0.06	3.86	NC_030999.1	JH658100.1
623238	623701	25342	24879	464	464	99.14	1838362	27360	0.03	1.70	NC_030999.1	JH658101.1
623669	623857	2631	2819	189	189	97.88	1838362	10462	0.01	1.81	NC_030999.1	JH658195.1
625929	626400	1	472	472	472	98.94	1838362	20737	0.03	2.28	NC_030999.1	JH658144.1
627352	628013	5464	4812	662	653	98.19	1838362	18732	0.04	3.49	NC_030999.1	JH658145.1
628814	629021	2688	2481	208	208	99.04	1838362	3247	0.01	6.41	NC_030999.1	KK035548.1
638142	638643	4894	5395	502	502	99.40	1838362	6326	0.03	7.94	NC_030999.1	KK035412.1
638642	638942	4867	5167	301	301	96.03	1838362	7399	0.02	4.07	NC_030999.1	KK035384.1
638942	639522	6815	7396	581	582	98.11	1838362	7399	0.03	7.87	NC_030999.1	KK035384.1
639521	640461	5386	6326	941	941	100.00	1838362	6326	0.05	14.88	NC_030999.1	KK035412.1
641702	642173	1	472	472	472	98.52	1838362	4230	0.03	11.16	NC_030999.1	JH658261.1
642357	642541	8884	8699	185	186	98.92	1838362	31686	0.01	0.59	NC_030999.1	JH658086.1
643371	643644	1868	2141	274	274	98.91	1838362	6138	0.01	4.46	NC_030999.1	JH658241.1
643827	644260	20039	19606	434	434	98.39	1838362	32432	0.02	1.34	NC_030999.1	JH658103.1
644328	644749	6747	7167	422	421	96.21	1838362	13325	0.02	3.16	NC_030999.1	JH658162.1
648693	648915	73211	72988	223	224	98.21	1838362	74742	0.01	0.30	NC_030999.1	JH658021.1
649197	650050	236	1089	854	854	98.13	1838362	1968	0.05	43.39	NC_030999.1	KK035674.1
650671	653373	609	3380	2703	2772	90.23	1838362	20737	0.15	13.37	NC_030999.1	JH658144.1
653374	654337	3480	4443	964	964	91.18	1838362	20737	0.05	4.65	NC_030999.1	JH658144.1
655084	655319	763	998	236	236	99.15	1838362	14572	0.01	1.62	NC_030999.1	KK035303.1
655690	655780	17522	17612	91	91	97.80	1838362	19146	0.00	0.48	NC_030999.1	JH658139.1
655691	655931	17408	17164	241	245	95.51	1838362	19146	0.01	1.28	NC_030999.1	JH658139.1
656633	656744	698	809	112	112	98.21	1838362	2104	0.01	5.32	NC_030999.1	KK035655.1
656967	657702	1002	259	736	744	88.80	1838362	1750	0.04	42.51	NC_030999.1	KK035707.1
657786	657899	6868	6981	114	114	99.12	1838362	6981	0.01	1.63	NC_030999.1	KK035395.1
659079	659285	2237	2033	207	205	90.91	1838362	2517	0.01	8.14	NC_030999.1	KK035612.1
659653	659902	16782	17031	250	250	87.20	1838362	21495	0.01	1.16	NC_030999.1	JH658138.1
660207	661777	29499	27929	1571	1571	79.76	1838362	36326	0.09	4.32	NC_030999.1	JH658065.1
663430	665085	3	1659	1656	1657	95.96	1838362	6736	0.09	24.60	NC_030999.1	KK035400.1
665124	665311	280631	280435	188	197	84.34	1838362	346831	0.01	0.06	NC_030999.1	JH657945.1
665961	669092	1370	4501	3132	3132	91.35	1838362	5683	0.17	55.11	NC_030999.1	KK035432.1
670261	670329	6865	6797	69	69	100.00	1838362	6981	0.00	0.99	NC_030999.1	KK035395.1
670328	671164	16742	17581	837	840	93.81	1838362	32432	0.05	2.59	NC_030999.1	JH658103.1
671165	671487	22236	21914	323	323	98.76	1838362	111555	0.02	0.29	NC_030999.1	JH657991.1
671166	672024	1424	2282	859	859	98.14	1838362	7747	0.05	11.09	NC_030999.1	JH658226.1
673328	674761	7236	8735	1434	1500	89.09	1838362	9888	0.08	15.17	NC_030999.1	JH658210.1
675012	675302	8295	8013	291	283	93.47	1838362	9053	0.02	3.13	NC_030999.1	KK035354.1
675299	675520	6222	6001	222	222	92.34	1838362	9860	0.01	2.25	NC_030999.1	JH658203.1
691632	692445	13330	12511	814	820	96.46	1838362	30509	0.04	2.69	NC_030999.1	JH658090.1
700891	702248	200	1550	1358	1351	94.85	1838362	6138	0.07	22.01	NC_030999.1	JH658241.1
702246	703240	12512	11518	995	995	94.98	1838362	30509	0.05	3.26	NC_030999.1	JH658090.1
702359	703245	5887	5000	887	888	95.72	1838362	9628	0.05	9.22	NC_030999.1	JH658207.1
703260	703483	9266	9489	224	224	99.11	1838362	10523	0.01	2.13	NC_030999.1	KK035339.1
710141	710998	5804	6661	858	858	97.32	1838362	6661	0.05	12.88	NC_030999.1	JH658236.1
712269	712458	190	1	190	190	99.47	1838362	2785	0.01	6.82	NC_030999.1	KK035582.1
714861	716429	6787	8371	1569	1585	96.78	1838362	8482	0.09	18.69	NC_030999.1	JH658218.1
717476	718923	3417	1970	1448	1448	98.69	1838362	3417	0.08	42.38	NC_030999.1	KK035535.1
719111	719348	1970	1733	238	238	98.74	1838362	3417	0.01	6.97	NC_030999.1	KK035535.1
719351	719575	7711	7487	225	225	94.67	1838362	9991	0.01	2.25	NC_030999.1	JH658205.1
719575	722028	6736	4285	2454	2452	98.57	1838362	9991	0.13	24.54	NC_030999.1	JH658205.1
722021	723489	3966	2498	1469	1469	98.91	1838362	9991	0.08	14.70	NC_030999.1	JH658205.1
728042	729009	1739	773	968	967	98.35	1838362	3417	0.05	28.30	NC_030999.1	KK035535.1
729096	729722	774	148	627	627	99.36	1838362	3417	0.03	18.35	NC_030999.1	KK035535.1
732225	737106	29559	24765	4882	4795	90.93	1838362	44044	0.27	10.89	NC_030999.1	JH658056.1
745429	748217	21044	23830	2789	2787	91.94	1838362	24796	0.15	11.24	NC_030999.1	JH658108.1
748210	748475	9693	9958	266	266	96.24	1838362	11053	0.01	2.41	NC_030999.1	JH658185.1
748302	748557	61799	61544	256	256	92.97	1838362	79893	0.01	0.32	NC_030999.1	JH658016.1
748555	748794	3955	4192	240	238	93.83	1838362	10893	0.01	2.18	NC_030999.1	JH658202.1
748864	749213	1102	753	350	350	95.14	1838362	2578	0.02	13.58	NC_030999.1	KK035605.1
749215	749493	279	1	279	279	94.27	1838362	2578	0.02	10.82	NC_030999.1	KK035605.1
749303	749753	31880	31430	451	451	90.91	1838362	66907	0.02	0.67	NC_030999.1	JH658028.1
760419	761207	3471	2676	789	796	91.60	1838362	5262	0.04	15.13	NC_030999.1	JH658265.1
762791	763011	6618	6838	221	221	95.48	1838362	10893	0.01	2.03	NC_030999.1	JH658202.1
763806	764006	507	311	201	197	95.52	1838362	23478	0.01	0.84	NC_030999.1	JH658114.1
764208	764565	20761	21121	358	361	97.51	1838362	60600	0.02	0.60	NC_030999.1	JH658036.1
770263	773653	4409	7805	3391	3397	97.79	1838362	12969	0.18	26.19	NC_030999.1	JH658177.1
778430	779608	3711	2533	1179	1179	97.37	1838362	5447	0.06	21.64	NC_030999.1	JH658266.1
779372	779634	2471	2734	263	264	95.45	1838362	8620	0.01	3.06	NC_030999.1	JH658224.1
779824	780119	3573	3869	296	297	95.96	1838362	8620	0.02	3.45	NC_030999.1	JH658224.1
780119	780576	4474	4931	458	458	98.25	1838362	8620	0.02	5.31	NC_030999.1	JH658224.1
790015	791525	10861	9304	1511	1558	93.93	1838362	10861	0.08	14.34	NC_030999.1	JH658190.1
791771	792091	10116	9799	321	318	87.27	1838362	29423	0.02	1.08	NC_030999.1	JH658094.1
796600	797900	211	1517	1301	1307	89.37	1838362	60600	0.07	2.16	NC_030999.1	JH658036.1
797938	798110	9782	9610	173	173	98.27	1838362	10484	0.01	1.65	NC_030999.1	KK035340.1
798831	799253	16370	16791	423	422	90.78	1838362	20737	0.02	2.04	NC_030999.1	JH658144.1
799256	800434	17189	18375	1179	1187	92.01	1838362	20737	0.06	5.72	NC_030999.1	JH658144.1
800704	800916	18375	18586	213	212	92.02	1838362	20737	0.01	1.02	NC_030999.1	JH658144.1
801015	801968	7120	8067	954	948	89.89	1838362	20737	0.05	4.57	NC_030999.1	JH658144.1
801965	803602	8435	10092	1638	1658	91.75	1838362	20737	0.09	8.00	NC_030999.1	JH658144.1
807345	807563	2651	2869	219	219	96.35	1838362	7318	0.01	2.99	NC_030999.1	KK035389.1
811204	814047	6386	3551	2844	2836	96.21	1838362	11053	0.15	25.66	NC_030999.1	JH658185.1
814835	816016	30936	29756	1182	1181	93.74	1838362	86016	0.06	1.37	NC_030999.1	JH658011.1
818337	818811	1	472	475	472	96.44	1838362	20737	0.03	2.28	NC_030999.1	JH658144.1
818812	819119	3526	3219	308	308	99.03	1838362	6443	0.02	4.78	NC_030999.1	JH658237.1
830644	831634	2652	1662	991	991	96.67	1838362	7318	0.05	13.54	NC_030999.1	KK035389.1
833232	834050	527793	528609	819	817	97.44	1838362	579230	0.04	0.14	NC_030999.1	JH657935.1
833959	835104	6287	5142	1146	1146	99.30	1838362	27527	0.06	4.16	NC_030999.1	JH658095.1
834639	835106	159287	158820	468	468	93.16	1838362	246017	0.03	0.19	NC_030999.1	JH657959.1
836236	836867	25542	24913	632	630	91.15	1838362	67929	0.03	0.93	NC_030999.1	JH658034.1
836356	836969	49	668	614	620	83.49	1838362	1825	0.03	33.97	NC_030999.1	KK035694.1
837135	837228	8977	8884	94	94	98.94	1838362	31686	0.01	0.30	NC_030999.1	JH658086.1
837230	841866	12484	7847	4637	4638	99.53	1838362	18732	0.25	24.76	NC_030999.1	JH658145.1
841864	842780	928	1844	917	917	99.35	1838362	18732	0.05	4.90	NC_030999.1	JH658145.1
842832	843896	6628	5565	1065	1064	98.87	1838362	18732	0.06	5.68	NC_030999.1	JH658145.1
863841	863983	5	147	143	143	99.30	1838362	45501	0.01	0.31	NC_030999.1	JH658052.1
868267	869706	95732	94298	1440	1435	96.06	1838362	102212	0.08	1.40	NC_030999.1	JH657995.1
868631	869755	20357	19234	1125	1124	97.16	1838362	46251	0.06	2.43	NC_030999.1	JH658063.1
870012	876075	94235	88199	6064	6037	91.34	1838362	102212	0.33	5.91	NC_030999.1	JH657995.1
878644	880759	86489	84377	2116	2113	95.89	1838362	102212	0.12	2.07	NC_030999.1	JH657995.1
880925	883487	84209	81649	2563	2561	97.08	1838362	102212	0.14	2.51	NC_030999.1	JH657995.1
888656	890319	70828	69166	1664	1663	93.06	1838362	102212	0.09	1.63	NC_030999.1	JH657995.1
913009	915347	61862	59511	2339	2352	89.04	1838362	73102	0.13	3.22	NC_030999.1	JH658023.1
914070	915542	50219	48715	1473	1505	87.68	1838362	102212	0.08	1.47	NC_030999.1	JH657995.1
915721	918162	59005	56546	2442	2460	89.21	1838362	73102	0.13	3.37	NC_030999.1	JH658023.1
918208	923601	42932	37528	5394	5405	94.29	1838362	102212	0.29	5.29	NC_030999.1	JH657995.1
931718	934022	28872	26555	2305	2318	91.13	1838362	102212	0.13	2.27	NC_030999.1	JH657995.1
935220	937209	40964	43016	1990	2053	94.45	1838362	58475	0.11	3.51	NC_030999.1	JH658035.1
938705	939057	34474	34123	353	352	85.11	1838362	71206	0.02	0.49	NC_030999.1	JH658026.1
945343	945701	29114	28759	359	356	83.61	1838362	99110	0.02	0.36	NC_030999.1	JH657999.1
946089	946474	23221	23606	386	386	83.51	1838362	99110	0.02	0.39	NC_030999.1	JH657999.1
950103	950375	16154	15882	273	273	97.07	1838362	32516	0.01	0.84	NC_030999.1	JH658081.1
950293	950382	1	90	90	90	98.89	1838362	2913	0.00	3.09	NC_030999.1	KK035573.1
958320	958967	6356	5705	648	652	85.95	1838362	102212	0.04	0.64	NC_030999.1	JH657995.1
966284	966638	920	568	355	353	88.17	1838362	34314	0.02	1.03	NC_030999.1	JH658072.1
973832	974561	274553	273821	730	733	95.63	1838362	3361134	0.04	0.02	NC_030999.1	JH657918.1
982039	985145	1626	4744	3107	3119	97.72	1838362	488579	0.17	0.64	NC_030999.1	KK035209.1
985838	986962	23709	24813	1125	1105	90.93	1838362	58475	0.06	1.89	NC_030999.1	JH658035.1
988431	988969	4737	5284	539	548	93.09	1838362	488579	0.03	0.11	NC_030999.1	KK035209.1
1008046	1008803	54747	53997	758	751	84.80	1838362	111555	0.04	0.67	NC_030999.1	JH657991.1
1039300	1039789	1203	1781	490	579	79.86	1838362	18606	0.03	3.11	NC_030999.1	KK035275.1
1039971	1041975	51267	49263	2005	2005	92.38	1838362	58475	0.11	3.43	NC_030999.1	JH658035.1
1042891	1043140	2743	2982	250	240	89.20	1838362	32478	0.01	0.74	NC_030999.1	JH658077.1
1045743	1047153	24375	22965	1411	1411	99.72	1838362	25158	0.08	5.61	NC_030999.1	JH658106.1
1049605	1049770	29790	29624	166	167	97.60	1838362	79893	0.01	0.21	NC_030999.1	JH658016.1
1050717	1050998	25452	25172	282	281	88.34	1838362	32516	0.02	0.86	NC_030999.1	JH658081.1
1057600	1059084	5980	7464	1485	1485	99.12	1838362	9736	0.08	15.25	NC_030999.1	JH658204.1
1060528	1061061	4735	5267	534	533	91.59	1838362	14794	0.03	3.60	NC_030999.1	KK035295.1
1062642	1063211	70213	70795	570	583	91.61	1838362	171404	0.03	0.34	NC_030999.1	JH657978.1
1070937	1071249	8273	8593	313	321	90.06	1838362	79893	0.02	0.40	NC_030999.1	JH658016.1
1077907	1078605	13690	12995	699	696	98.14	1838362	18732	0.04	3.72	NC_030999.1	JH658145.1
1078187	1078617	11616	11186	431	431	99.07	1838362	102212	0.02	0.42	NC_030999.1	JH657995.1
1084545	1085050	7271	7771	506	501	83.89	1838362	34314	0.03	1.46	NC_030999.1	JH658072.1
1110178	1110885	32002	32676	708	675	87.31	1838362	38863	0.04	1.74	NC_030999.1	JH658058.1
1119002	1119372	1	372	371	372	89.81	1838362	1396	0.02	26.65	NC_030999.1	KK035768.1
1119065	1121391	32008	29680	2327	2329	95.71	1838362	38863	0.13	5.99	NC_030999.1	JH658058.1
1121536	1124656	29538	26416	3121	3123	94.32	1838362	38863	0.17	8.04	NC_030999.1	JH658058.1
1124828	1126335	24124	22596	1508	1529	95.45	1838362	38863	0.08	3.93	NC_030999.1	JH658058.1
1126333	1127908	21369	19794	1576	1576	97.84	1838362	89445	0.09	1.76	NC_030999.1	JH658009.1
1128365	1130294	19742	17803	1930	1940	95.52	1838362	89445	0.10	2.17	NC_030999.1	JH658009.1
1130493	1130928	17600	17163	436	438	82.65	1838362	89445	0.02	0.49	NC_030999.1	JH658009.1
1133687	1134693	17163	16163	1007	1001	95.14	1838362	89445	0.05	1.12	NC_030999.1	JH658009.1
1146253	1146569	11884	12204	317	321	90.55	1838362	13076	0.02	2.45	NC_030999.1	KK035312.1
1147303	1147480	178	1	178	178	98.88	1838362	15675	0.01	1.14	NC_030999.1	JH658158.1
1154239	1154588	350	1	350	350	97.14	1838362	5262	0.02	6.65	NC_030999.1	JH658265.1
1164705	1164917	4889	5100	213	212	97.65	1838362	5100	0.01	4.16	NC_030999.1	KK035446.1
1170856	1171142	10701	10988	287	288	96.53	1838362	11767	0.02	2.45	NC_030999.1	JH658188.1
1171258	1171902	10988	11635	645	648	96.91	1838362	11767	0.04	5.51	NC_030999.1	JH658188.1
1171896	1172841	135	1063	946	929	89.85	1838362	3607	0.05	25.76	NC_030999.1	KK035518.1
1172886	1173469	1482	1996	584	515	84.25	1838362	3607	0.03	14.28	NC_030999.1	KK035518.1
1176721	1176951	10384	10153	231	232	92.27	1838362	15005	0.01	1.55	NC_030999.1	JH658157.1
1177336	1178862	1028	2563	1527	1536	93.12	1838362	13076	0.08	11.75	NC_030999.1	KK035312.1
1177822	1178982	3729	2520	1161	1210	94.38	1838362	4209	0.06	28.75	NC_030999.1	KK035490.1
1178981	1179198	4824	5041	218	218	95.41	1838362	9888	0.01	2.20	NC_030999.1	JH658210.1
1179200	1179342	2519	2377	143	143	99.30	1838362	4209	0.01	3.40	NC_030999.1	KK035490.1
1179336	1179461	2257	2132	126	126	97.62	1838362	4209	0.01	2.99	NC_030999.1	KK035490.1
1179461	1179842	1942	1560	382	383	97.91	1838362	4209	0.02	9.10	NC_030999.1	KK035490.1
1179788	1180264	494	1	477	494	90.08	1838362	6443	0.03	7.67	NC_030999.1	JH658237.1
1180203	1180849	1559	912	647	648	96.32	1838362	4209	0.04	15.40	NC_030999.1	KK035490.1
1181065	1181281	7167	7380	217	214	96.77	1838362	10677	0.01	2.00	NC_030999.1	KK035338.1
1181501	1181619	7380	7498	119	119	98.32	1838362	10677	0.01	1.11	NC_030999.1	KK035338.1
1185432	1186157	6437	5704	726	734	98.50	1838362	6981	0.04	10.51	NC_030999.1	KK035395.1
1191938	1193327	18565	17177	1390	1389	86.21	1838362	26171	0.08	5.31	NC_030999.1	JH658111.1
1203041	1203226	70829	71014	186	186	98.92	1838362	102212	0.01	0.18	NC_030999.1	JH657995.1
1207572	1208687	12606	11491	1116	1116	95.70	1838362	15005	0.06	7.44	NC_030999.1	JH658157.1
1223580	1223719	127	269	140	143	93.01	1838362	5910	0.01	2.42	NC_030999.1	KK035424.1
1232712	1233025	8947	9261	314	315	90.79	1838362	27360	0.02	1.15	NC_030999.1	JH658101.1
1240024	1242217	69016	66777	2194	2240	87.25	1838362	83753	0.12	2.67	NC_030999.1	KK035226.1
1242216	1245243	3629	6629	3028	3001	98.02	1838362	32220	0.16	9.31	NC_030999.1	JH658079.1
1245234	1245310	7544	7620	77	77	100.00	1838362	32220	0.00	0.24	NC_030999.1	JH658079.1
1245309	1246481	7845	9017	1173	1173	99.83	1838362	32220	0.06	3.64	NC_030999.1	JH658079.1
1246689	1247002	9016	9329	314	314	98.09	1838362	32220	0.02	0.97	NC_030999.1	JH658079.1
1247002	1254469	9554	17020	7468	7467	99.54	1838362	32220	0.41	23.18	NC_030999.1	JH658079.1
1254468	1254609	8742	8883	142	142	100.00	1838362	12633	0.01	1.12	NC_030999.1	KK035318.1
1260323	1260512	9606	9795	190	190	99.47	1838362	21495	0.01	0.88	NC_030999.1	JH658138.1
1260509	1261231	17019	17736	723	718	98.20	1838362	32220	0.04	2.23	NC_030999.1	JH658079.1
1263564	1263913	17766	18118	350	353	98.02	1838362	32220	0.02	1.10	NC_030999.1	JH658079.1
1263910	1264135	9555	9329	226	227	96.92	1838362	32220	0.01	0.70	NC_030999.1	JH658079.1
1264133	1264270	18114	18251	138	138	100.00	1838362	32220	0.01	0.43	NC_030999.1	JH658079.1
1264432	1264606	3318	3493	175	176	97.16	1838362	7907	0.01	2.23	NC_030999.1	KK035369.1
1264608	1272095	18264	25755	7488	7492	99.33	1838362	32220	0.41	23.25	NC_030999.1	JH658079.1
1274790	1275299	620	1128	510	509	88.65	1838362	22170	0.03	2.30	NC_030999.1	JH658125.1
1275841	1276063	2557	2779	223	223	96.41	1838362	4548	0.01	4.90	NC_030999.1	KK035469.1
1282177	1282298	6892	6776	122	117	90.16	1838362	7464	0.01	1.57	NC_030999.1	JH658232.1
1283066	1283276	6495	6701	211	207	92.42	1838362	9286	0.01	2.23	NC_030999.1	JH658208.1
1289648	1289882	11965	12199	235	235	95.32	1838362	70476	0.01	0.33	NC_030999.1	JH658024.1
1291456	1291588	15598	15466	133	133	93.23	1838362	46956	0.01	0.28	NC_030999.1	JH658047.1
1293415	1294969	8174	9726	1555	1553	99.55	1838362	13988	0.08	11.10	NC_030999.1	KK035309.1
1295001	1297022	8580	10627	2022	2048	92.40	1838362	20737	0.11	9.88	NC_030999.1	JH658144.1
1297134	1298580	10627	12051	1447	1425	91.03	1838362	20737	0.08	6.87	NC_030999.1	JH658144.1
1299708	1299793	3249	3164	86	86	97.67	1838362	31401	0.00	0.27	NC_030999.1	JH658089.1
1299795	1303511	12055	15770	3717	3716	93.71	1838362	20737	0.20	17.92	NC_030999.1	JH658144.1
1308481	1309712	9911	8679	1232	1233	94.32	1838362	23815	0.07	5.18	NC_030999.1	JH658113.1
1313380	1315082	12840	14565	1703	1726	93.65	1838362	38410	0.09	4.49	NC_030999.1	JH658060.1
1314578	1315082	7025	6517	505	509	91.16	1838362	9148	0.03	5.56	NC_030999.1	JH658209.1
1315145	1317292	4822	2667	2148	2156	97.36	1838362	9703	0.12	22.22	NC_030999.1	KK035348.1
1315192	1317925	9693	12406	2734	2714	90.53	1838362	34732	0.15	7.81	NC_030999.1	JH658069.1
1319969	1320230	16339	16605	262	267	88.81	1838362	21255	0.01	1.26	NC_030999.1	JH658129.1
1321901	1323529	10622	12242	1629	1621	93.02	1838362	15983	0.09	10.14	NC_030999.1	JH658161.1
1327319	1327524	12064	12269	206	206	99.03	1838362	21255	0.01	0.97	NC_030999.1	JH658129.1
1328665	1328891	6445	6219	227	227	96.48	1838362	10893	0.01	2.08	NC_030999.1	JH658202.1
1340987	1341094	128716	128609	108	108	100.00	1838362	440990	0.01	0.02	NC_030999.1	JH657940.1
1345412	1345617	2771	2974	206	204	92.72	1838362	10062	0.01	2.03	NC_030999.1	JH658201.1
1349370	1349792	31143	31560	423	418	91.53	1838362	32432	0.02	1.29	NC_030999.1	JH658103.1
1349750	1350316	53749	54315	567	567	95.60	1838362	111555	0.03	0.51	NC_030999.1	JH657991.1
1350316	1350451	608	473	136	136	97.06	1838362	20737	0.01	0.66	NC_030999.1	JH658144.1
1350317	1350614	2586	2289	298	298	92.62	1838362	20702	0.02	1.44	NC_030999.1	JH658133.1
1355469	1356762	2599	1306	1294	1294	89.12	1838362	12569	0.07	10.30	NC_030999.1	JH658167.1
1360370	1360523	76633	76786	154	154	98.70	1838362	181406	0.01	0.08	NC_030999.1	JH657976.1
1378312	1378547	3640	3405	236	236	98.73	1838362	31739	0.01	0.74	NC_030999.1	KK035251.1
1380894	1381396	65211	65673	503	463	89.29	1838362	89445	0.03	0.52	NC_030999.1	JH658009.1
1382767	1382883	12062	12178	117	117	98.29	1838362	21255	0.01	0.55	NC_030999.1	JH658129.1
1391987	1397420	23977	29428	5434	5452	92.85	1838362	44044	0.30	12.38	NC_030999.1	JH658056.1
1411235	1411861	96574	97201	627	628	97.45	1838362	2166963	0.03	0.03	NC_030999.1	JH657919.1
1415510	1416132	1	619	623	619	97.27	1838362	10972	0.03	5.64	NC_030999.1	KK035334.1
1415976	1416221	16479	16234	246	246	98.37	1838362	16479	0.01	1.49	NC_030999.1	JH658156.1
1417816	1418032	1129	1345	217	217	97.24	1838362	4332	0.01	5.01	NC_030999.1	KK035482.1
1418593	1418803	6100	6310	211	211	91.94	1838362	10062	0.01	2.10	NC_030999.1	JH658201.1
1426272	1427335	78669	77611	1064	1059	90.70	1838362	171404	0.06	0.62	NC_030999.1	JH657978.1
1429437	1429631	2492	2298	195	195	87.24	1838362	4230	0.01	4.61	NC_030999.1	JH658261.1
1429805	1430069	840	1104	265	265	92.48	1838362	1375	0.01	19.27	NC_030999.1	KK035761.1
1432065	1434387	6186	3864	2323	2323	99.23	1838362	26335	0.13	8.82	NC_030999.1	JH658102.1
1442667	1442953	1	287	287	287	98.95	1838362	40519	0.02	0.71	NC_030999.1	JH658057.1
1446390	1446657	10068	10338	268	271	88.56	1838362	12569	0.01	2.16	NC_030999.1	JH658167.1
1446805	1447984	6069	4864	1180	1206	93.29	1838362	10677	0.06	11.30	NC_030999.1	KK035338.1
1454109	1454592	4862	4374	484	489	95.91	1838362	10677	0.03	4.58	NC_030999.1	KK035338.1
1459987	1460243	26720	26467	257	254	95.33	1838362	34555	0.01	0.74	NC_030999.1	JH658070.1
1465107	1466526	12605	11186	1420	1420	87.05	1838362	36572	0.08	3.88	NC_030999.1	JH658085.1
1467870	1468135	913	653	266	261	89.10	1838362	1860	0.01	14.03	NC_030999.1	KK035689.1
1470484	1470631	6189	6336	148	148	95.95	1838362	15983	0.01	0.93	NC_030999.1	JH658161.1
1470631	1471094	6535	6998	464	464	94.40	1838362	15983	0.03	2.90	NC_030999.1	JH658161.1
1484725	1485916	399	1557	1192	1159	87.85	1838362	1750	0.06	66.23	NC_030999.1	KK035707.1
1487940	1489268	1769	3099	1329	1331	94.32	1838362	10893	0.07	12.22	NC_030999.1	JH658202.1
1494199	1494408	122992	122783	210	210	91.90	1838362	181406	0.01	0.12	NC_030999.1	JH657976.1
1494201	1494411	79877	80088	211	212	82.63	1838362	114244	0.01	0.19	NC_030999.1	JH657988.1
1495156	1495380	5495	5276	225	220	92.89	1838362	13076	0.01	1.68	NC_030999.1	KK035312.1
1537606	1537788	97036	97218	183	183	97.83	1838362	2166963	0.01	0.01	NC_030999.1	JH657919.1
1537801	1538703	48858	47955	903	904	97.46	1838362	73370	0.05	1.23	NC_030999.1	JH658022.1
1538702	1540117	47698	46280	1416	1419	97.32	1838362	73370	0.08	1.93	NC_030999.1	JH658022.1
1540115	1541172	44195	43137	1058	1059	98.39	1838362	73370	0.06	1.44	NC_030999.1	JH658022.1
1542307	1543740	38518	37045	1434	1474	95.66	1838362	73370	0.08	2.01	NC_030999.1	JH658022.1
1543737	1548015	8554	12826	4279	4273	98.90	1838362	12826	0.23	33.32	NC_030999.1	KK035315.1
1554457	1554650	21418	21225	194	194	98.45	1838362	556614	0.01	0.03	NC_030999.1	JH657936.1
1554501	1557223	16151	13428	2723	2724	97.47	1838362	16210	0.15	16.80	NC_030999.1	JH658154.1
1561165	1561727	23226	23789	563	564	98.58	1838362	89445	0.03	0.63	NC_030999.1	JH658009.1
1563610	1563683	8666	8593	74	74	98.65	1838362	9029	0.00	0.82	NC_030999.1	JH658217.1
1572403	1574481	11865	9796	2079	2070	96.73	1838362	32956	0.11	6.28	NC_030999.1	JH658092.1
1574596	1576596	9695	7695	2001	2001	96.80	1838362	32956	0.11	6.07	NC_030999.1	JH658092.1
1577319	1577704	988817	989202	386	386	98.96	1838362	1211435	0.02	0.03	NC_030999.1	JH657925.1
1577751	1580046	2296	1	2296	2296	95.43	1838362	2296	0.12	100.00	NC_030999.1	KK035626.1
1581383	1587627	6367	32	6245	6336	96.94	1838362	32956	0.34	19.23	NC_030999.1	JH658092.1
1588114	1589272	1	1137	1159	1137	93.98	1838362	1137	0.06	100.00	NC_030999.1	KK035823.1
1588898	1590660	14447	16208	1763	1762	94.05	1838362	281107	0.10	0.63	NC_030999.1	JH657952.1
1615261	1615399	6555	6691	139	137	93.57	1838362	33081	0.01	0.41	NC_030999.1	JH658078.1
1615467	1619321	20730	24656	3855	3927	95.35	1838362	31739	0.21	12.37	NC_030999.1	KK035251.1
1619511	1625805	25389	31681	6295	6293	97.72	1838362	31739	0.34	19.83	NC_030999.1	KK035251.1
1631250	1631467	7171	6957	218	215	83.94	1838362	9530	0.01	2.26	NC_030999.1	KK035349.1
1632099	1635658	10737	7197	3560	3541	96.69	1838362	10737	0.19	32.98	NC_030999.1	JH658193.1
1635121	1637147	2030	1	2027	2030	97.29	1838362	2030	0.11	100.00	NC_030999.1	KK035662.1
1636361	1637265	6338	5431	905	908	96.59	1838362	10737	0.05	8.46	NC_030999.1	JH658193.1
1637929	1638231	5445	5137	303	309	92.26	1838362	10737	0.02	2.88	NC_030999.1	JH658193.1
1638230	1639832	4769	3169	1603	1601	97.76	1838362	10737	0.09	14.91	NC_030999.1	JH658193.1
1639880	1642685	1	2819	2806	2819	96.28	1838362	3703	0.15	76.13	NC_030999.1	KK035511.1
1643437	1643599	25342	25504	163	163	97.55	1838362	27360	0.01	0.60	NC_030999.1	JH658101.1
1644915	1649786	24634	19756	4872	4879	98.50	1838362	27360	0.27	17.83	NC_030999.1	JH658101.1
1649836	1653286	19655	16204	3451	3452	98.99	1838362	27360	0.19	12.62	NC_030999.1	JH658101.1
1653283	1657495	15803	11586	4213	4218	99.15	1838362	27360	0.23	15.42	NC_030999.1	JH658101.1
1657724	1660005	11354	9061	2282	2294	95.35	1838362	27360	0.12	8.38	NC_030999.1	JH658101.1
1661453	1661631	415	232	179	184	86.96	1838362	2526	0.01	7.28	NC_030999.1	KK035610.1
1670402	1672979	126306	128879	2578	2574	82.27	1838362	246017	0.14	1.05	NC_030999.1	JH657959.1
1674530	1674689	39808	39967	160	160	95.62	1838362	59173	0.01	0.27	NC_030999.1	JH658033.1
1675863	1676062	51516	51714	200	199	90.50	1838362	59173	0.01	0.34	NC_030999.1	JH658033.1
1676061	1676263	11039	11241	203	203	99.01	1838362	12782	0.01	1.59	NC_030999.1	KK035316.1
1676265	1677978	53815	55578	1714	1764	94.78	1838362	59173	0.09	2.98	NC_030999.1	JH658033.1
1678051	1678385	19465	19785	335	321	82.69	1838362	24113	0.02	1.33	NC_030999.1	JH658124.1
1678394	1679035	57841	58473	642	633	94.09	1838362	59173	0.03	1.07	NC_030999.1	JH658033.1
1680018	1680733	1164	435	716	730	82.19	1838362	3612	0.04	20.21	NC_030999.1	KK035521.1
1699506	1701880	10049	12418	2375	2370	95.92	1838362	12418	0.13	19.09	NC_030999.1	KK035319.1
1701964	1703693	1730	1	1730	1730	96.99	1838362	3532	0.09	48.98	NC_030999.1	JH658270.1
1705075	1705458	23690	24072	384	383	91.19	1838362	31385	0.02	1.22	NC_030999.1	JH658082.1
1706533	1706638	60443	60338	106	106	96.23	1838362	181406	0.01	0.06	NC_030999.1	JH657976.1
1715778	1719715	2370	6295	3938	3926	96.51	1838362	6295	0.21	62.37	NC_030999.1	KK035414.1
1717437	1719940	2501	1	2504	2501	97.61	1838362	24603	0.14	10.17	NC_030999.1	JH658110.1
1721438	1723108	1672	1	1671	1672	99.16	1838362	1672	0.09	100.00	NC_030999.1	KK035702.1
1722349	1723240	8808	7917	892	892	94.73	1838362	17083	0.05	5.22	NC_030999.1	KK035283.1
1729955	1730160	206	1	206	206	99.51	1838362	11433	0.01	1.80	NC_030999.1	JH658184.1
1733158	1733352	87225	87030	195	196	98.47	1838362	87225	0.01	0.22	NC_030999.1	JH658008.1
1735991	1737358	22624	21257	1368	1368	85.05	1838362	24093	0.07	5.68	NC_030999.1	KK035261.1
1737474	1738059	20964	20379	586	586	83.45	1838362	24093	0.03	2.43	NC_030999.1	KK035261.1
1738486	1741904	2436	5833	3419	3398	98.42	1838362	5983	0.19	56.79	NC_030999.1	KK035423.1
1741899	1742030	559	690	132	132	96.97	1838362	19609	0.01	0.67	NC_030999.1	JH658136.1
1742452	1742586	5388	5254	135	135	99.26	1838362	5726	0.01	2.36	NC_030999.1	KK035431.1
1742910	1743639	3562	2835	730	728	85.40	1838362	3703	0.04	19.66	NC_030999.1	KK035511.1
1752478	1752666	5848	6037	189	190	92.11	1838362	9286	0.01	2.05	NC_030999.1	JH658208.1
1753000	1753072	4834	4906	73	73	97.26	1838362	32478	0.00	0.22	NC_030999.1	JH658077.1
1758296	1758513	20103	20320	218	218	97.25	1838362	60600	0.01	0.36	NC_030999.1	JH658036.1
1758528	1759824	13739	14994	1297	1256	91.45	1838362	18046	0.07	6.96	NC_030999.1	JH658148.1
1760324	1761299	20327	19353	976	975	88.95	1838362	59173	0.05	1.65	NC_030999.1	JH658033.1
1762755	1766828	50375	46308	4074	4068	92.75	1838362	75149	0.22	5.41	NC_030999.1	KK035230.1
1767317	1770751	33607	37037	3435	3431	93.28	1838362	38271	0.19	8.97	NC_030999.1	JH658062.1
1777294	1777400	1	109	107	109	98.17	1838362	11486	0.01	0.95	NC_030999.1	JH658183.1
1780898	1788202	12938	5634	7305	7305	99.58	1838362	31401	0.40	23.26	NC_030999.1	JH658089.1
1788435	1790582	45830	47982	2148	2153	86.67	1838362	58229	0.12	3.70	NC_030999.1	JH658037.1
1808545	1810053	9465	7968	1509	1498	96.89	1838362	30509	0.08	4.91	NC_030999.1	JH658090.1
1810507	1818235	7867	206	7729	7662	96.81	1838362	30509	0.42	25.11	NC_030999.1	JH658090.1
1836466	1838362	10218	8313	1897	1906	92.76	1838362	30509	0.10	6.25	NC_030999.1	JH658090.1
13289	13393	7054	7159	105	106	90.57	2434640	14975	0.00	0.71	NC_031000.1	KK035297.1
25822	26081	551	284	260	268	89.93	2434640	1224	0.01	21.90	NC_031000.1	KK035801.1
30446	31347	32072	32973	902	902	94.24	2434640	70476	0.04	1.28	NC_031000.1	JH658024.1
40107	41403	169986	168711	1297	1276	92.17	2434640	171404	0.05	0.74	NC_031000.1	JH657978.1
54801	57021	12390	10173	2221	2218	89.90	2434640	21175	0.09	10.47	NC_031000.1	KK035265.1
57018	58691	1815	135	1674	1681	96.85	2434640	33835	0.07	4.97	NC_031000.1	JH658084.1
75073	78924	39249	43100	3852	3852	92.59	2434640	87296	0.16	4.41	NC_031000.1	JH658017.1
80079	81302	31297	32519	1224	1223	97.55	2434640	86016	0.05	1.42	NC_031000.1	JH658011.1
82663	83037	970	597	375	374	95.48	2434640	1087	0.02	34.41	NC_031000.1	KK035833.1
101692	102109	7648	8090	418	443	84.08	2434640	10557	0.02	4.20	NC_031000.1	JH658192.1
102248	102399	8090	8240	152	151	92.76	2434640	10557	0.01	1.43	NC_031000.1	JH658192.1
104191	104585	8265	8660	395	396	92.68	2434640	10557	0.02	3.75	NC_031000.1	JH658192.1
114865	116798	7701	9590	1934	1890	85.46	2434640	28369	0.08	6.66	NC_031000.1	JH658093.1
119864	122414	10169	12657	2551	2489	88.32	2434640	28369	0.10	8.77	NC_031000.1	JH658093.1
128885	132024	11135	14262	3140	3128	85.58	2434640	17112	0.13	18.28	NC_031000.1	KK035282.1
167037	170678	46347	49992	3642	3646	98.77	2434640	67929	0.15	5.37	NC_031000.1	JH658034.1
171026	171422	58101	58496	397	396	92.25	2434640	99639	0.02	0.40	NC_031000.1	JH658000.1
171415	172456	59214	60255	1042	1042	91.46	2434640	99639	0.04	1.05	NC_031000.1	JH658000.1
172714	173475	166963	166204	762	760	89.11	2434640	171404	0.03	0.44	NC_031000.1	JH657978.1
254510	254670	12176	12016	161	161	95.03	2434640	24886	0.01	0.65	NC_031000.1	JH658107.1
264673	266164	7771	9260	1492	1490	92.77	2434640	9342	0.06	15.95	NC_031000.1	KK035350.1
280047	291968	27334	15391	11922	11944	95.14	2434640	55028	0.49	21.71	NC_031000.1	JH658040.1
319214	321096	44602	42718	1883	1885	98.25	2434640	98198	0.08	1.92	NC_031000.1	JH658004.1
323289	323979	30283	30970	691	688	88.01	2434640	58640	0.03	1.17	NC_031000.1	KK035233.1
366882	369871	1	2981	2990	2981	95.69	2434640	30642	0.12	9.73	NC_031000.1	JH658087.1
374583	376446	61245	63108	1864	1864	98.28	2434640	579230	0.08	0.32	NC_031000.1	JH657935.1
390368	392158	23608	21818	1791	1791	92.57	2434640	31385	0.07	5.71	NC_031000.1	JH658082.1
392397	393123	4200	3474	727	727	93.81	2434640	7294	0.03	9.97	NC_031000.1	KK035390.1
395935	399283	88	3396	3349	3309	94.70	2434640	3715	0.14	89.07	NC_031000.1	KK035515.1
399976	400874	283	1212	899	930	92.70	2434640	21495	0.04	4.33	NC_031000.1	JH658138.1
401654	403768	2119	5	2115	2115	97.97	2434640	2119	0.09	99.81	NC_031000.1	KK035653.1
410631	411079	1744	2192	449	449	97.77	2434640	44137	0.02	1.02	NC_031000.1	JH658053.1
411783	413815	12130	14186	2033	2057	85.59	2434640	19633	0.08	10.48	NC_031000.1	JH658137.1
420808	421364	11190	11744	557	555	85.66	2434640	22669	0.02	2.45	NC_031000.1	KK035262.1
433540	434211	14589	13914	672	676	97.04	2434640	14682	0.03	4.60	NC_031000.1	JH658163.1
437286	437502	214	430	217	217	91.24	2434640	2324	0.01	9.34	NC_031000.1	KK035630.1
438866	439924	9328	10388	1059	1061	88.88	2434640	33558	0.04	3.16	NC_031000.1	JH658073.1
440370	440816	31986	32432	447	447	93.53	2434640	32432	0.02	1.38	NC_031000.1	JH658103.1
442721	442975	37961	38215	255	255	94.90	2434640	87296	0.01	0.29	NC_031000.1	JH658017.1
449934	453786	39249	43100	3853	3852	92.57	2434640	87296	0.16	4.41	NC_031000.1	JH658017.1
454289	454418	12081	12210	130	130	95.38	2434640	13988	0.01	0.93	NC_031000.1	KK035309.1
456892	457229	266810	267146	338	337	86.14	2434640	293070	0.01	0.11	NC_031000.1	JH657951.1
464136	465558	174135	175557	1423	1423	94.45	2434640	316556	0.06	0.45	NC_031000.1	JH657950.1
469117	469783	18352	19015	667	664	96.40	2434640	40292	0.03	1.65	NC_031000.1	JH658054.1
471083	473636	19015	21569	2554	2555	96.79	2434640	40292	0.10	6.34	NC_031000.1	JH658054.1
474768	476690	5407	7334	1923	1928	95.13	2434640	10557	0.08	18.26	NC_031000.1	JH658192.1
480535	481955	7345	8766	1421	1422	91.84	2434640	30125	0.06	4.72	NC_031000.1	JH658100.1
481958	485938	12517	16492	3981	3976	95.71	2434640	30125	0.16	13.20	NC_031000.1	JH658100.1
486555	487052	2821	2325	498	497	85.80	2434640	18046	0.02	2.75	NC_031000.1	JH658148.1
498508	498686	2802	2623	179	180	91.16	2434640	11053	0.01	1.63	NC_031000.1	JH658185.1
499201	500831	11354	9729	1631	1626	90.88	2434640	85819	0.07	1.89	NC_031000.1	JH658012.1
506879	507274	42006	41611	396	396	92.42	2434640	73102	0.02	0.54	NC_031000.1	JH658023.1
508182	508317	224	80	136	145	92.41	2434640	16507	0.01	0.88	NC_031000.1	KK035286.1
516353	517487	49543	50676	1135	1134	86.17	2434640	55790	0.05	2.03	NC_031000.1	JH658044.1
516803	517751	27891	26947	949	945	83.35	2434640	59173	0.04	1.60	NC_031000.1	JH658033.1
536346	538501	7142	4992	2156	2151	96.52	2434640	12633	0.09	17.03	NC_031000.1	KK035318.1
545739	545823	46425	46340	85	86	98.84	2434640	67929	0.00	0.13	NC_031000.1	JH658034.1
546165	546561	58101	58496	397	396	92.25	2434640	99639	0.02	0.40	NC_031000.1	JH658000.1
547624	547854	673	443	231	231	96.10	2434640	12418	0.01	1.86	NC_031000.1	KK035319.1
550790	556188	7407	2033	5399	5375	93.21	2434640	24340	0.22	22.08	NC_031000.1	KK035260.1
556193	556951	3472	2735	759	738	94.47	2434640	8620	0.03	8.56	NC_031000.1	JH658224.1
557091	558687	9021	10638	1597	1618	92.52	2434640	19633	0.07	8.24	NC_031000.1	JH658137.1
565160	567001	13587	15432	1842	1846	97.72	2434640	75149	0.08	2.46	NC_031000.1	KK035230.1
574288	575108	10004	10828	821	825	93.33	2434640	14385	0.03	5.74	NC_031000.1	KK035306.1
575348	576661	16558	17871	1314	1314	95.97	2434640	21175	0.05	6.21	NC_031000.1	KK035265.1
576660	577445	24374	25158	786	785	98.60	2434640	25158	0.03	3.12	NC_031000.1	JH658106.1
578284	578527	1159	916	244	244	97.95	2434640	1159	0.01	21.05	NC_031000.1	KK035819.1
591726	594048	35286	37609	2323	2324	98.58	2434640	38863	0.10	5.98	NC_031000.1	JH658058.1
594046	596264	69918	67699	2219	2220	98.33	2434640	99639	0.09	2.23	NC_031000.1	JH658000.1
605187	607647	282095	284608	2461	2514	89.81	2434640	357253	0.10	0.70	NC_031000.1	JH657946.1
609755	611174	408480	407062	1420	1419	88.74	2434640	964207	0.06	0.15	NC_031000.1	JH657929.1
609755	611165	36680	38090	1411	1411	89.31	2434640	55499	0.06	2.54	NC_031000.1	JH658039.1
611886	613469	43086	41504	1584	1583	83.49	2434640	99110	0.07	1.60	NC_031000.1	JH657999.1
617359	618367	13861	14867	1009	1007	91.39	2434640	36771	0.04	2.74	NC_031000.1	KK035244.1
618750	618873	312	188	124	125	94.40	2434640	1843	0.01	6.78	NC_031000.1	KK035693.1
618873	619220	16774	17121	348	348	100.00	2434640	40292	0.01	0.86	NC_031000.1	JH658054.1
619331	620736	6736	5331	1406	1406	99.79	2434640	6736	0.06	20.87	NC_031000.1	KK035400.1
623699	624358	4295	4954	660	660	81.97	2434640	59173	0.03	1.12	NC_031000.1	JH658033.1
625190	625456	11836	11566	267	271	91.14	2434640	44137	0.01	0.61	NC_031000.1	JH658053.1
632505	632696	50536	50349	192	188	85.94	2434640	181406	0.01	0.10	NC_031000.1	JH657976.1
632549	633545	17398	16417	997	982	88.21	2434640	18046	0.04	5.44	NC_031000.1	JH658148.1
633184	633773	26605	26005	590	601	89.11	2434640	27527	0.02	2.18	NC_031000.1	JH658095.1
641117	641887	7554	6785	771	770	86.58	2434640	7630	0.03	10.09	NC_031000.1	KK035378.1
642787	642879	4218	4310	93	93	97.85	2434640	4310	0.00	2.16	NC_031000.1	KK035486.1
649998	650098	980	878	101	103	96.12	2434640	2526	0.00	4.08	NC_031000.1	KK035610.1
651142	651966	9508	8686	825	823	90.79	2434640	26171	0.03	3.14	NC_031000.1	JH658111.1
652252	652989	21243	21979	738	737	89.72	2434640	45350	0.03	1.63	NC_031000.1	KK035239.1
655010	657383	27334	24965	2374	2370	94.36	2434640	55028	0.10	4.31	NC_031000.1	JH658040.1
666938	668743	15031	13228	1806	1804	92.48	2434640	55028	0.07	3.28	NC_031000.1	JH658040.1
675330	675515	18484	18663	186	180	94.09	2434640	30509	0.01	0.59	NC_031000.1	JH658090.1
689127	690869	1942	201	1743	1742	98.16	2434640	32516	0.07	5.36	NC_031000.1	JH658081.1
691670	691749	45404	45482	80	79	95.00	2434640	58475	0.00	0.14	NC_031000.1	JH658035.1
699029	699719	30283	30970	691	688	88.01	2434640	58640	0.03	1.17	NC_031000.1	KK035233.1
727259	727410	17173	17023	152	151	98.03	2434640	31385	0.01	0.48	NC_031000.1	JH658082.1
737704	737864	3978	4137	161	160	90.12	2434640	4423	0.01	3.62	NC_031000.1	KK035478.1
746149	748091	24113	22176	1943	1938	95.06	2434640	24113	0.08	8.04	NC_031000.1	JH658124.1
749825	750074	67010	66758	250	253	92.13	2434640	74742	0.01	0.34	NC_031000.1	JH658021.1
754071	754798	16063	16791	728	729	94.93	2434640	20451	0.03	3.56	NC_031000.1	JH658135.1
759149	759416	16180	15913	268	268	87.36	2434640	35225	0.01	0.76	NC_031000.1	JH658074.1
759416	759771	181457	181098	356	360	84.62	2434640	191548	0.01	0.19	NC_031000.1	JH657972.1
772060	772809	10053	9308	750	746	97.47	2434640	35043	0.03	2.13	NC_031000.1	KK035248.1
772986	775334	9308	6976	2349	2333	97.15	2434640	35043	0.10	6.66	NC_031000.1	KK035248.1
777205	777465	26333	26593	261	261	91.98	2434640	75475	0.01	0.35	NC_031000.1	KK035227.1
779905	780974	8995	7939	1070	1057	85.10	2434640	30123	0.04	3.51	NC_031000.1	JH658088.1
789232	789461	48317	48089	230	229	94.78	2434640	120035	0.01	0.19	NC_031000.1	JH657986.1
789817	790461	1985	1361	645	625	94.73	2434640	17083	0.03	3.66	NC_031000.1	KK035283.1
793260	793438	9245	9423	179	179	100.00	2434640	12633	0.01	1.42	NC_031000.1	KK035318.1
796856	797248	287683	287312	393	372	89.11	2434640	357253	0.02	0.10	NC_031000.1	JH657946.1
801344	803239	1375	3268	1896	1894	95.04	2434640	21374	0.08	8.86	NC_031000.1	KK035266.1
804638	807838	7872	11096	3201	3225	92.31	2434640	17112	0.13	18.85	NC_031000.1	KK035282.1
810826	811221	828006	828399	396	394	94.70	2434640	836366	0.02	0.05	NC_031000.1	JH657932.1
813357	814067	39880	40589	711	710	81.91	2434640	42187	0.03	1.68	NC_031000.1	KK035242.1
838800	840884	1486	3564	2085	2079	81.65	2434640	74742	0.09	2.78	NC_031000.1	JH658021.1
845580	845915	6077	6411	336	335	86.35	2434640	7630	0.01	4.39	NC_031000.1	KK035378.1
847239	847601	94265	94625	363	361	86.38	2434640	100508	0.01	0.36	NC_031000.1	JH657997.1
847664	847881	17010	17227	218	218	98.62	2434640	55790	0.01	0.39	NC_031000.1	JH658044.1
868769	869067	31644	31941	299	298	88.67	2434640	67929	0.01	0.44	NC_031000.1	JH658034.1
871225	871586	1043	1402	362	360	93.65	2434640	1402	0.01	25.68	NC_031000.1	KK035765.1
884048	884963	9695	10620	916	926	96.76	2434640	26171	0.04	3.54	NC_031000.1	JH658111.1
889082	889411	101	430	330	330	93.94	2434640	28369	0.01	1.16	NC_031000.1	JH658093.1
889628	890542	18055	18971	915	917	95.75	2434640	30642	0.04	2.99	NC_031000.1	JH658087.1
890540	890735	2285	2090	196	196	93.37	2434640	58569	0.01	0.33	NC_031000.1	JH658041.1
890806	892297	12800	11310	1492	1491	95.78	2434640	27702	0.06	5.38	NC_031000.1	KK035255.1
891786	898196	12838	6442	6411	6397	93.94	2434640	24093	0.26	26.55	NC_031000.1	KK035261.1
901752	902015	39899	39635	264	265	95.47	2434640	58475	0.01	0.45	NC_031000.1	JH658035.1
902208	905786	39628	36058	3579	3571	94.00	2434640	58475	0.15	6.11	NC_031000.1	JH658035.1
905791	906808	17125	16108	1018	1018	92.73	2434640	32516	0.04	3.13	NC_031000.1	JH658081.1
906800	909200	42440	40043	2401	2398	84.30	2434640	99110	0.10	2.42	NC_031000.1	JH657999.1
907469	910578	53836	56872	3110	3037	83.24	2434640	181406	0.13	1.67	NC_031000.1	JH657976.1
911396	911557	1726	1565	162	162	94.44	2434640	3489	0.01	4.64	NC_031000.1	KK035530.1
917140	917366	5575	5801	227	227	90.31	2434640	35043	0.01	0.65	NC_031000.1	KK035248.1
917363	917555	3393	3201	193	193	98.96	2434640	4614	0.01	4.18	NC_031000.1	KK035468.1
930739	931432	92444	93123	694	680	84.15	2434640	357253	0.03	0.19	NC_031000.1	JH657946.1
942220	942992	933	1707	773	775	92.13	2434640	28369	0.03	2.73	NC_031000.1	JH658093.1
960724	960821	2307	2210	98	98	92.86	2434640	30125	0.00	0.33	NC_031000.1	JH658100.1
961700	962088	178364	178740	389	377	83.72	2434640	202139	0.02	0.19	NC_031000.1	JH657970.1
962107	962219	16772	16660	113	113	96.46	2434640	17467	0.00	0.65	NC_031000.1	JH658150.1
962591	962669	23357	23435	79	79	100.00	2434640	32516	0.00	0.24	NC_031000.1	JH658081.1
963861	964174	16661	16352	314	310	92.36	2434640	17467	0.01	1.77	NC_031000.1	JH658150.1
970389	970526	143154	143294	138	141	92.20	2434640	171404	0.01	0.08	NC_031000.1	JH657978.1
1004560	1005610	216548	217598	1051	1051	91.16	2434640	217771	0.04	0.48	NC_031000.1	JH657965.1
1005603	1006354	18022	17272	752	751	90.03	2434640	18069	0.03	4.16	NC_031000.1	KK035279.1
1007660	1010008	13616	15970	2349	2355	85.09	2434640	19146	0.10	12.30	NC_031000.1	JH658139.1
1042224	1042789	69810	70375	566	566	84.63	2434640	83753	0.02	0.68	NC_031000.1	KK035226.1
1042786	1043219	97862	98295	434	434	96.08	2434640	181406	0.02	0.24	NC_031000.1	JH657976.1
1043022	1043229	1	208	208	208	96.15	2434640	198351	0.01	0.10	NC_031000.1	JH657971.1
1043397	1043683	286	2	287	285	85.07	2434640	15159	0.01	1.88	NC_031000.1	JH658168.1
1043474	1045195	2140	419	1722	1722	91.76	2434640	10462	0.07	16.46	NC_031000.1	JH658195.1
1045349	1048025	54156	56827	2677	2672	93.95	2434640	99639	0.11	2.68	NC_031000.1	JH658000.1
1046258	1048615	280652	278341	2358	2312	94.78	2434640	357253	0.10	0.65	NC_031000.1	JH657946.1
1048715	1048997	277180	276898	283	283	97.53	2434640	357253	0.01	0.08	NC_031000.1	JH657946.1
1070553	1070901	9722	9374	349	349	97.13	2434640	14385	0.01	2.43	NC_031000.1	KK035306.1
1090919	1092380	6474	5014	1462	1461	81.42	2434640	14330	0.06	10.20	NC_031000.1	KK035305.1
1093941	1094591	2268	2919	651	652	96.02	2434640	7630	0.03	8.55	NC_031000.1	KK035378.1
1097076	1097471	3749	3356	396	394	93.94	2434640	15756	0.02	2.50	NC_031000.1	JH658153.1
1097534	1101870	42220	37862	4337	4359	94.43	2434640	67929	0.18	6.42	NC_031000.1	JH658034.1
1119025	1119417	12781	12389	393	393	97.96	2434640	12782	0.02	3.07	NC_031000.1	KK035316.1
1128733	1129449	20334	19619	717	716	96.53	2434640	20552	0.03	3.48	NC_031000.1	JH658155.1
1130995	1131247	37975	38229	253	255	95.69	2434640	79893	0.01	0.32	NC_031000.1	JH658016.1
1131246	1131449	40136	40338	204	203	96.08	2434640	79893	0.01	0.25	NC_031000.1	JH658016.1
1131451	1133252	40439	42241	1802	1803	96.73	2434640	79893	0.07	2.26	NC_031000.1	JH658016.1
1134776	1135730	28764	27810	955	955	94.76	2434640	79820	0.04	1.20	NC_031000.1	JH658019.1
1135730	1138315	27307	24711	2586	2597	94.54	2434640	79820	0.11	3.25	NC_031000.1	JH658019.1
1138314	1143523	62190	67337	5210	5148	93.91	2434640	77205	0.21	6.67	NC_031000.1	JH658018.1
1141951	1145196	912	4197	3246	3286	89.85	2434640	40292	0.13	8.16	NC_031000.1	JH658054.1
1146047	1146506	69652	70110	460	459	95.87	2434640	77205	0.02	0.59	NC_031000.1	JH658018.1
1164997	1166175	1611	433	1179	1179	82.04	2434640	2391	0.05	49.31	NC_031000.1	KK035620.1
1165508	1166412	35583	34679	905	905	89.62	2434640	79893	0.04	1.13	NC_031000.1	JH658016.1
1171708	1171775	7409	7342	68	68	100.00	2434640	31739	0.00	0.21	NC_031000.1	KK035251.1
1171836	1172120	15017	15300	285	284	98.95	2434640	38863	0.01	0.73	NC_031000.1	JH658058.1
1176349	1177388	1	994	1040	994	91.36	2434640	12897	0.04	7.71	NC_031000.1	KK035314.1
1184663	1186641	63275	61294	1979	1982	98.74	2434640	440990	0.08	0.45	NC_031000.1	JH657940.1
1187092	1189855	17834	20597	2764	2764	96.49	2434640	20702	0.11	13.35	NC_031000.1	JH658133.1
1190059	1190656	10237	9640	598	598	95.48	2434640	10237	0.02	5.84	NC_031000.1	JH658197.1
1190657	1193359	11065	13759	2703	2695	95.75	2434640	58640	0.11	4.60	NC_031000.1	KK035233.1
1193916	1196938	37279	40327	3023	3049	88.91	2434640	99969	0.12	3.05	NC_031000.1	JH657996.1
1196937	1198563	7135	8761	1627	1627	98.40	2434640	22170	0.07	7.34	NC_031000.1	JH658125.1
1199834	1201698	8888	7024	1865	1865	98.34	2434640	9148	0.08	20.39	NC_031000.1	JH658209.1
1203748	1206102	91983	89629	2355	2355	92.87	2434640	181406	0.10	1.30	NC_031000.1	JH657976.1
1221213	1221934	718	1	722	718	89.93	2434640	22669	0.03	3.17	NC_031000.1	KK035262.1
1225607	1226829	1	1229	1223	1229	94.15	2434640	60600	0.05	2.03	NC_031000.1	JH658036.1
1232485	1234209	3002	1279	1725	1724	99.07	2434640	8985	0.07	19.19	NC_031000.1	JH658213.1
1233876	1235997	19636	17514	2122	2123	94.02	2434640	21339	0.09	9.95	NC_031000.1	JH658127.1
1235993	1236653	9290	8630	661	661	98.94	2434640	11433	0.03	5.78	NC_031000.1	JH658184.1
1243845	1244093	348	592	249	245	88.80	2434640	1705	0.01	14.37	NC_031000.1	KK035715.1
1254856	1256719	5624	7487	1864	1864	96.24	2434640	27702	0.08	6.73	NC_031000.1	KK035255.1
1256718	1257705	7711	8698	988	988	93.52	2434640	12633	0.04	7.82	NC_031000.1	KK035318.1
1257779	1258749	9860	10843	971	984	92.29	2434640	12633	0.04	7.79	NC_031000.1	KK035318.1
1262289	1262512	1785	1562	224	224	96.88	2434640	1785	0.01	12.55	NC_031000.1	KK035701.1
1264703	1267204	47998	45486	2502	2513	97.21	2434640	120035	0.10	2.09	NC_031000.1	JH657986.1
1270638	1272454	1814	1	1817	1814	96.75	2434640	10198	0.07	17.79	NC_031000.1	JH658200.1
1271147	1272789	10130	8460	1643	1671	95.03	2434640	14682	0.07	11.38	NC_031000.1	JH658163.1
1272849	1277796	1	4907	4948	4907	96.14	2434640	12633	0.20	38.84	NC_031000.1	KK035318.1
1300627	1301023	13208	12812	397	397	84.50	2434640	46956	0.02	0.85	NC_031000.1	JH658047.1
1334609	1335209	4478	3878	601	601	99.17	2434640	8620	0.02	6.97	NC_031000.1	JH658224.1
1335048	1335212	8856	9020	165	165	89.09	2434640	13325	0.01	1.24	NC_031000.1	JH658162.1
1354017	1354799	53	835	783	783	86.62	2434640	2550	0.03	30.71	NC_031000.1	KK035608.1
1354802	1354979	7228	7405	178	178	99.44	2434640	31739	0.01	0.56	NC_031000.1	KK035251.1
1355741	1357029	7347	6059	1289	1289	85.59	2434640	30125	0.05	4.28	NC_031000.1	JH658100.1
1363470	1365602	134650	136780	2133	2131	97.42	2434640	171404	0.09	1.24	NC_031000.1	JH657978.1
1364071	1373700	17440	7823	9630	9618	96.89	2434640	17440	0.40	55.15	NC_031000.1	KK035280.1
1373856	1374546	16261	15556	691	706	91.09	2434640	79820	0.03	0.88	NC_031000.1	JH658019.1
1384260	1386165	1916	1	1906	1916	99.11	2434640	30125	0.08	6.36	NC_031000.1	JH658100.1
1385492	1386914	38860	40292	1423	1433	98.53	2434640	40292	0.06	3.56	NC_031000.1	JH658054.1
1387749	1387959	15536	15746	211	211	98.58	2434640	15746	0.01	1.34	NC_031000.1	KK035293.1
1388909	1389069	1	163	161	163	98.16	2434640	32432	0.01	0.50	NC_031000.1	JH658103.1
1389218	1390213	994	1	996	994	96.10	2434640	12897	0.04	7.71	NC_031000.1	KK035314.1
1393417	1394987	1572	1	1571	1572	99.75	2434640	5659	0.06	27.78	NC_031000.1	JH658252.1
1397221	1398565	58569	57225	1345	1345	99.48	2434640	58569	0.06	2.30	NC_031000.1	JH658041.1
1398567	1402845	57124	52849	4279	4276	99.77	2434640	58569	0.18	7.30	NC_031000.1	JH658041.1
1402838	1405294	52362	49906	2457	2457	99.76	2434640	58569	0.10	4.20	NC_031000.1	JH658041.1
1405291	1407036	4156	2411	1746	1746	90.63	2434640	27527	0.07	6.34	NC_031000.1	JH658095.1
1406933	1407154	26499	26720	222	222	92.34	2434640	58229	0.01	0.38	NC_031000.1	JH658037.1
1407153	1413755	49909	43307	6603	6603	99.79	2434640	58569	0.27	11.27	NC_031000.1	JH658041.1
1414809	1422256	43076	35632	7448	7445	99.66	2434640	58569	0.31	12.71	NC_031000.1	JH658041.1
1439771	1440042	272	1	272	272	98.90	2434640	4498	0.01	6.05	NC_031000.1	KK035473.1
1441190	1442477	263	1547	1288	1285	96.82	2434640	3454	0.05	37.20	NC_031000.1	KK035533.1
1441675	1444150	4813	7288	2476	2476	91.48	2434640	15756	0.10	15.71	NC_031000.1	JH658153.1
1444172	1444718	43602	43056	547	547	83.97	2434640	181406	0.02	0.30	NC_031000.1	JH657976.1
1445641	1446916	6320	5045	1276	1276	95.38	2434640	33835	0.05	3.77	NC_031000.1	JH658084.1
1445902	1447491	63837	65427	1590	1591	94.78	2434640	357253	0.07	0.45	NC_031000.1	JH657946.1
1449681	1453038	4570	7953	3358	3384	92.36	2434640	15047	0.14	22.49	NC_031000.1	KK035296.1
1453047	1453194	8216	8363	148	148	97.97	2434640	15047	0.01	0.98	NC_031000.1	KK035296.1
1453196	1459064	9171	15047	5869	5877	94.23	2434640	15047	0.24	39.06	NC_031000.1	KK035296.1
1453720	1461830	36659	28565	8111	8095	93.88	2434640	43179	0.33	18.75	NC_031000.1	JH658049.1
1463538	1467051	26335	22822	3514	3514	97.16	2434640	26335	0.14	13.34	NC_031000.1	JH658102.1
1465547	1471373	14514	8699	5827	5816	98.08	2434640	23641	0.24	24.60	NC_031000.1	JH658123.1
1471801	1472700	4174	5056	900	883	86.90	2434640	17440	0.04	5.06	NC_031000.1	KK035280.1
1476538	1479280	5095	7833	2743	2739	89.43	2434640	17440	0.11	15.71	NC_031000.1	KK035280.1
1479864	1481595	4748	3016	1732	1733	96.54	2434640	32516	0.07	5.33	NC_031000.1	JH658081.1
1482332	1482719	76971	77338	388	368	84.79	2434640	119716	0.02	0.31	NC_031000.1	JH657987.1
1484294	1485015	16784	16063	722	722	99.45	2434640	20451	0.03	3.53	NC_031000.1	JH658135.1
1486752	1488538	28138	26370	1787	1769	96.98	2434640	44137	0.07	4.01	NC_031000.1	JH658053.1
1492085	1492555	115504	115971	471	468	83.44	2434640	148325	0.02	0.32	NC_031000.1	JH657983.1
1494112	1494326	2304	2518	215	215	91.16	2434640	6578	0.01	3.27	NC_031000.1	KK035405.1
1504305	1504880	16844	17407	576	564	85.76	2434640	38139	0.02	1.48	NC_031000.1	JH658061.1
1523943	1533401	38573	29185	9459	9389	93.92	2434640	74742	0.39	12.56	NC_031000.1	JH658021.1
1536164	1536469	7406	7712	306	307	94.16	2434640	12633	0.01	2.43	NC_031000.1	KK035318.1
1544736	1545136	28632	28244	401	389	87.59	2434640	30642	0.02	1.27	NC_031000.1	JH658087.1
1545168	1546453	15300	14012	1286	1289	96.51	2434640	21255	0.05	6.06	NC_031000.1	JH658129.1
1545311	1546457	5849	4701	1147	1149	89.92	2434640	9286	0.05	12.37	NC_031000.1	JH658208.1
1563241	1563560	1868	1548	320	321	95.95	2434640	6138	0.01	5.23	NC_031000.1	JH658241.1
1570020	1570206	31860	32040	187	181	86.77	2434640	70476	0.01	0.26	NC_031000.1	JH658024.1
1573229	1573717	17298	16810	489	489	88.37	2434640	79893	0.02	0.61	NC_031000.1	JH658016.1
1578910	1579015	3427	3532	106	106	100.00	2434640	3532	0.00	3.00	NC_031000.1	JH658270.1
1578926	1579868	943	1	943	943	99.47	2434640	23815	0.04	3.96	NC_031000.1	JH658113.1
1588522	1590054	11026	9495	1533	1532	98.89	2434640	16271	0.06	9.42	NC_031000.1	JH658151.1
1590275	1591460	212180	210990	1186	1191	90.10	2434640	327723	0.05	0.36	NC_031000.1	JH657949.1
1592035	1596916	14583	19476	4882	4894	95.02	2434640	33835	0.20	14.46	NC_031000.1	JH658084.1
1604272	1604456	220	36	185	185	98.38	2434640	16507	0.01	1.12	NC_031000.1	KK035286.1
1606234	1607295	15720	14656	1062	1065	96.90	2434640	31739	0.04	3.36	NC_031000.1	KK035251.1
1610974	1613344	12745	10386	2371	2360	88.20	2434640	17112	0.10	13.79	NC_031000.1	KK035282.1
1613346	1616003	10283	7604	2658	2680	91.57	2434640	17112	0.11	15.66	NC_031000.1	KK035282.1
1622123	1622296	11856	12029	174	174	93.68	2434640	12569	0.01	1.38	NC_031000.1	JH658167.1
1622326	1623151	13048	12218	826	831	88.40	2434640	13988	0.03	5.94	NC_031000.1	KK035309.1
1666035	1666409	339439	339810	375	372	82.71	2434640	355385	0.02	0.10	NC_031000.1	JH657943.1
1668563	1672385	32550	28734	3823	3817	93.41	2434640	38139	0.16	10.01	NC_031000.1	JH658061.1
1672388	1675605	14791	11561	3218	3231	95.64	2434640	31686	0.13	10.20	NC_031000.1	JH658086.1
1683542	1688216	27981	23302	4675	4680	98.95	2434640	30642	0.19	15.27	NC_031000.1	JH658087.1
1691458	1692140	6665	5978	683	688	95.35	2434640	26171	0.03	2.63	NC_031000.1	JH658111.1
1692048	1694015	5818	3850	1968	1969	94.64	2434640	26171	0.08	7.52	NC_031000.1	JH658111.1
1697536	1698823	17866	19131	1288	1266	91.89	2434640	98198	0.05	1.29	NC_031000.1	JH658004.1
1699062	1709707	19128	29812	10646	10685	93.25	2434640	98198	0.44	10.88	NC_031000.1	JH658004.1
1709886	1714887	29926	34952	5002	5027	89.63	2434640	98198	0.21	5.12	NC_031000.1	JH658004.1
1714882	1721747	35136	42024	6866	6889	94.22	2434640	98198	0.28	7.02	NC_031000.1	JH658004.1
1752261	1752626	157202	156842	366	361	82.02	2434640	160715	0.02	0.22	NC_031000.1	JH657980.1
1753005	1753082	8976	9053	78	78	98.72	2434640	9053	0.00	0.86	NC_031000.1	KK035354.1
1762044	1762174	943	813	131	131	95.42	2434640	44318	0.01	0.30	NC_031000.1	KK035240.1
1762065	1762324	81169	81428	260	260	95.77	2434640	86016	0.01	0.30	NC_031000.1	JH658011.1
1764318	1765717	2506	1105	1400	1402	97.15	2434640	71206	0.06	1.97	NC_031000.1	JH658026.1
1772505	1773443	41791	42700	939	910	89.48	2434640	71206	0.04	1.28	NC_031000.1	JH658026.1
1773441	1773927	97711	98198	487	488	97.13	2434640	98198	0.02	0.50	NC_031000.1	JH658004.1
1773833	1774642	44715	45543	810	829	94.58	2434640	71206	0.03	1.16	NC_031000.1	JH658026.1
1775307	1780430	45644	50760	5124	5117	96.43	2434640	71206	0.21	7.19	NC_031000.1	JH658026.1
1776749	1782181	16507	11094	5433	5414	95.47	2434640	16507	0.22	32.80	NC_031000.1	KK035286.1
1867993	1868237	18269	18025	245	245	94.29	2434640	45501	0.01	0.54	NC_031000.1	JH658052.1
1908611	1908976	5666	5299	366	368	92.14	2434640	45501	0.02	0.81	NC_031000.1	JH658052.1
1908766	1908996	1	231	231	231	90.52	2434640	12734	0.01	1.81	NC_031000.1	KK035317.1
1913660	1914865	2	1217	1206	1216	85.15	2434640	96460	0.05	1.26	NC_031000.1	KK035222.1
1915798	1917373	1787	217	1576	1571	92.83	2434640	23896	0.06	6.57	NC_031000.1	JH658112.1
1917297	1917408	18791	18902	112	112	97.32	2434640	23896	0.00	0.47	NC_031000.1	JH658112.1
1927150	1928405	32553	33841	1256	1289	93.66	2434640	38139	0.05	3.38	NC_031000.1	JH658061.1
1929063	1929706	43353	42710	644	644	90.85	2434640	85358	0.03	0.75	NC_031000.1	JH658010.1
1931798	1932706	9340	10244	909	905	90.99	2434640	10972	0.04	8.25	NC_031000.1	KK035334.1
1932390	1932711	14974	14653	322	322	90.37	2434640	99868	0.01	0.32	NC_031000.1	KK035221.1
1933584	1934294	41489	42199	711	711	86.08	2434640	43100	0.03	1.65	NC_031000.1	KK035241.1
1935492	1936065	5800	6373	574	574	93.74	2434640	35043	0.02	1.64	NC_031000.1	KK035248.1
1936063	1936416	25295	25649	354	355	99.15	2434640	31401	0.01	1.13	NC_031000.1	JH658089.1
1936414	1938041	14051	12422	1628	1630	98.65	2434640	27399	0.07	5.95	NC_031000.1	JH658098.1
1938039	1944234	12035	5775	6196	6261	93.71	2434640	27399	0.25	22.85	NC_031000.1	JH658098.1
1943441	1945909	16151	13683	2469	2469	95.22	2434640	29423	0.10	8.39	NC_031000.1	JH658094.1
1946087	1957074	7281	18263	10988	10983	97.42	2434640	18357	0.45	59.83	NC_031000.1	KK035276.1
1956999	1959266	31368	29200	2268	2169	83.36	2434640	70476	0.09	3.08	NC_031000.1	JH658024.1
1964072	1965190	19561	20678	1119	1118	81.92	2434640	27527	0.05	4.06	NC_031000.1	JH658095.1
1966139	1966574	436	1	436	436	99.31	2434640	87296	0.02	0.50	NC_031000.1	JH658017.1
1968473	1969283	9888	9079	811	810	96.92	2434640	9888	0.03	8.19	NC_031000.1	JH658210.1
1969984	1971872	23961	25848	1889	1888	93.66	2434640	77205	0.08	2.45	NC_031000.1	JH658018.1
1975787	1975971	6849	6667	185	183	90.32	2434640	33835	0.01	0.54	NC_031000.1	JH658084.1
1981041	1982530	1	1490	1490	1490	99.53	2434640	1490	0.06	100.00	NC_031000.1	KK035735.1
1989892	1990043	10506	10657	152	152	100.00	2434640	10972	0.01	1.39	NC_031000.1	KK035334.1
1993078	1993358	129720	130004	281	285	89.69	2434640	171404	0.01	0.17	NC_031000.1	JH657978.1
1996474	1996632	3783	3625	159	159	98.74	2434640	7464	0.01	2.13	NC_031000.1	JH658232.1
2001417	2001664	45224	45471	248	248	88.31	2434640	120035	0.01	0.21	NC_031000.1	JH657986.1
2001629	2004626	65005	62010	2998	2996	98.77	2434640	86016	0.12	3.48	NC_031000.1	JH658011.1
2004532	2004657	61909	61784	126	126	100.00	2434640	86016	0.01	0.15	NC_031000.1	JH658011.1
2004656	2014489	59545	49663	9834	9883	98.33	2434640	86016	0.40	11.49	NC_031000.1	JH658011.1
2014483	2015200	49446	48760	718	687	93.04	2434640	86016	0.03	0.80	NC_031000.1	JH658011.1
2015201	2018293	47608	44517	3093	3092	98.00	2434640	86016	0.13	3.59	NC_031000.1	JH658011.1
2018173	2023869	62060	56343	5697	5718	96.53	2434640	74742	0.23	7.65	NC_031000.1	JH658021.1
2025040	2026448	1402	2	1409	1401	97.38	2434640	17440	0.06	8.03	NC_031000.1	KK035280.1
2030093	2031641	258063	259604	1549	1542	90.58	2434640	357253	0.06	0.43	NC_031000.1	JH657946.1
2032363	2034761	15366	17769	2399	2404	93.57	2434640	77205	0.10	3.11	NC_031000.1	JH658018.1
2033209	2035045	15530	13695	1837	1836	94.74	2434640	33835	0.08	5.43	NC_031000.1	JH658084.1
2039968	2040424	3312	2860	457	453	85.62	2434640	7907	0.02	5.73	NC_031000.1	KK035369.1
2042112	2042280	1805	1973	169	169	92.31	2434640	26171	0.01	0.65	NC_031000.1	JH658111.1
2044563	2046574	23820	21815	2012	2006	95.74	2434640	27399	0.08	7.32	NC_031000.1	JH658098.1
2058365	2058803	53728	53292	439	437	85.91	2434640	99110	0.02	0.44	NC_031000.1	JH657999.1
2060816	2060935	866	985	120	120	95.83	2434640	1330	0.00	9.02	NC_031000.1	KK035778.1
2064645	2064761	19689	19573	117	117	99.15	2434640	36695	0.00	0.32	NC_031000.1	JH658068.1
2064667	2066836	19403	17234	2170	2170	97.60	2434640	36695	0.09	5.91	NC_031000.1	JH658068.1
2066833	2071227	75304	79713	4395	4410	97.92	2434640	79893	0.18	5.52	NC_031000.1	JH658016.1
2071264	2074018	32010	29256	2755	2755	99.49	2434640	40519	0.11	6.80	NC_031000.1	JH658057.1
2074010	2074094	28890	28806	85	85	100.00	2434640	40519	0.00	0.21	NC_031000.1	JH658057.1
2075312	2077342	30572	28562	2031	2011	94.58	2434640	99639	0.08	2.02	NC_031000.1	JH658000.1
2078177	2078765	9980	9395	589	586	95.25	2434640	10198	0.02	5.75	NC_031000.1	JH658200.1
2078191	2079446	2734	3984	1256	1251	94.52	2434640	13325	0.05	9.39	NC_031000.1	JH658162.1
2084368	2084538	7	180	171	174	90.80	2434640	35043	0.01	0.50	NC_031000.1	KK035248.1
2088465	2088617	2753	2905	153	153	97.39	2434640	3488	0.01	4.39	NC_031000.1	KK035525.1
2089548	2090101	132175	132729	554	555	95.68	2434640	171404	0.02	0.32	NC_031000.1	JH657978.1
2101760	2101849	3200	3289	90	90	100.00	2434640	4614	0.00	1.95	NC_031000.1	KK035468.1
2101849	2102042	48087	48280	194	194	94.85	2434640	120035	0.01	0.16	NC_031000.1	JH657986.1
2107958	2108087	48299	48433	130	135	89.71	2434640	120035	0.01	0.11	NC_031000.1	JH657986.1
2126417	2126553	172499	172635	137	137	97.08	2434640	191548	0.01	0.07	NC_031000.1	JH657972.1
2127973	2128473	6973	6473	501	501	95.21	2434640	35043	0.02	1.43	NC_031000.1	KK035248.1
2128475	2128739	67330	67594	265	265	95.85	2434640	99639	0.01	0.27	NC_031000.1	JH658000.1
2128955	2129548	69915	70505	594	591	97.81	2434640	99639	0.02	0.59	NC_031000.1	JH658000.1
2129548	2129671	72711	72834	124	124	99.19	2434640	99639	0.01	0.12	NC_031000.1	JH658000.1
2129599	2129680	23976	23894	82	83	93.98	2434640	44044	0.00	0.19	NC_031000.1	JH658056.1
2130416	2130515	6371	6470	100	100	100.00	2434640	35043	0.00	0.29	NC_031000.1	KK035248.1
2130632	2130760	1823	1952	129	130	96.92	2434640	11353	0.01	1.15	NC_031000.1	JH658182.1
2131817	2132978	91094	92256	1162	1163	92.95	2434640	148325	0.05	0.78	NC_031000.1	JH657983.1
2133738	2134815	92249	93326	1078	1078	98.24	2434640	148325	0.04	0.73	NC_031000.1	JH657983.1
2135863	2139777	93327	97190	3915	3864	94.01	2434640	148325	0.16	2.61	NC_031000.1	JH657983.1
2139819	2140019	98636	98836	201	201	95.02	2434640	148325	0.01	0.14	NC_031000.1	JH657983.1
2140177	2140414	705	942	238	238	90.76	2434640	1161	0.01	20.50	NC_031000.1	KK035818.1
2140412	2140880	98833	99301	469	469	95.52	2434640	148325	0.02	0.32	NC_031000.1	JH657983.1
2140958	2142823	76346	74481	1866	1866	90.94	2434640	181406	0.08	1.03	NC_031000.1	JH657976.1
2145500	2146870	101897	103257	1371	1361	96.13	2434640	148325	0.06	0.92	NC_031000.1	JH657983.1
2150356	2151667	104053	105353	1312	1301	94.15	2434640	148325	0.05	0.88	NC_031000.1	JH657983.1
2151779	2153878	105454	107553	2100	2100	97.57	2434640	148325	0.09	1.42	NC_031000.1	JH657983.1
2158336	2158567	6950	6720	232	231	91.81	2434640	18284	0.01	1.26	NC_031000.1	KK035278.1
2163797	2164502	3430	4137	706	708	98.16	2434640	4331	0.03	16.35	NC_031000.1	KK035483.1
2166636	2166988	8139	7788	353	352	96.60	2434640	8620	0.01	4.08	NC_031000.1	JH658224.1
2166920	2167082	35540	35379	163	162	89.63	2434640	35540	0.01	0.46	NC_031000.1	KK035247.1
2168895	2169089	4745	4551	195	195	99.49	2434640	4745	0.01	4.11	NC_031000.1	JH658258.1
2171247	2171628	3044	2664	382	381	95.29	2434640	7747	0.02	4.92	NC_031000.1	JH658226.1
2172872	2172952	81	1	81	81	100.00	2434640	14960	0.00	0.54	NC_031000.1	JH658170.1
2179084	2179352	16482	16750	269	269	93.31	2434640	40079	0.01	0.67	NC_031000.1	JH658055.1
2184597	2185456	12229	11373	860	857	85.07	2434640	32432	0.04	2.64	NC_031000.1	JH658103.1
2194458	2194690	60024	60255	233	232	97.00	2434640	262474	0.01	0.09	NC_031000.1	JH657954.1
2198654	2198845	11875	11684	192	192	99.48	2434640	19633	0.01	0.98	NC_031000.1	JH658137.1
2283357	2284402	18973	20028	1046	1056	86.98	2434640	21255	0.04	4.97	NC_031000.1	JH658129.1
2283357	2284396	1101	2148	1040	1048	93.42	2434640	17440	0.04	6.01	NC_031000.1	KK035280.1
2291831	2293399	8032	6465	1569	1568	96.05	2434640	99969	0.06	1.57	NC_031000.1	JH657996.1
2293398	2295263	14634	12769	1866	1866	95.23	2434640	20918	0.08	8.92	NC_031000.1	KK035268.1
2295269	2296057	6835	7623	789	789	92.14	2434640	11353	0.03	6.95	NC_031000.1	JH658182.1
2300802	2301727	5390	6315	926	926	97.73	2434640	24603	0.04	3.76	NC_031000.1	JH658110.1
2309677	2309796	5837	5716	120	122	95.12	2434640	5837	0.00	2.09	NC_031000.1	JH658249.1
2318573	2319239	1423	763	667	661	96.72	2434640	7747	0.03	8.53	NC_031000.1	JH658226.1
2318846	2319239	11179	10774	394	406	90.39	2434640	14794	0.02	2.74	NC_031000.1	KK035295.1
2319290	2319649	359	1	360	359	94.21	2434640	3921	0.01	9.16	NC_031000.1	KK035501.1
2319539	2319686	5782	5637	148	146	85.91	2434640	13076	0.01	1.12	NC_031000.1	KK035312.1
2328216	2328311	8396	8487	96	92	93.75	2434640	8975	0.00	1.03	NC_031000.1	JH658216.1
2328755	2328826	2306	2235	72	72	97.22	2434640	6178	0.00	1.17	NC_031000.1	KK035417.1
2337842	2339681	60743	62581	1840	1839	97.28	2434640	68105	0.08	2.70	NC_031000.1	JH658029.1
2349029	2349317	1	289	289	289	97.23	2434640	10633	0.01	2.72	NC_031000.1	KK035337.1
2349472	2351281	376	2183	1810	1808	96.69	2434640	10633	0.07	17.00	NC_031000.1	KK035337.1
2351473	2351624	16471	16321	152	151	98.03	2434640	87296	0.01	0.17	NC_031000.1	JH658017.1
2358753	2359017	2311	2576	265	266	95.11	2434640	17030	0.01	1.56	NC_031000.1	KK035284.1
2359222	2361953	38055	35330	2732	2726	94.23	2434640	38139	0.11	7.15	NC_031000.1	JH658061.1
2361879	2361998	13094	12974	120	121	92.56	2434640	49821	0.00	0.24	NC_031000.1	JH658046.1
2362008	2363574	8293	9854	1567	1562	93.38	2434640	33558	0.06	4.65	NC_031000.1	JH658073.1
2363061	2363574	28238	27724	514	515	92.04	2434640	87296	0.02	0.59	NC_031000.1	JH658017.1
2394285	2394670	1	386	386	386	98.70	2434640	7464	0.02	5.17	NC_031000.1	JH658232.1
2426806	2427354	3180	2634	549	547	96.36	2434640	6348	0.02	8.62	NC_031000.1	KK035408.1
