1	4585	6366372	6361771	4585	4602	95.46	6854980	6487135	0.07	0.07	NC_030986.1	NC_072840.1
5106	5803	6361250	6360553	698	698	97.56	6854980	6487135	0.01	0.01	NC_030986.1	NC_072840.1
5951	12194	6360500	6354243	6244	6258	96.42	6854980	6487135	0.09	0.10	NC_030986.1	NC_072840.1
33863	44150	6336691	6326413	10288	10279	96.47	6854980	6487135	0.15	0.16	NC_030986.1	NC_072840.1
44460	48326	6326419	6322497	3867	3923	97.04	6854980	6487135	0.06	0.06	NC_030986.1	NC_072840.1
48323	52913	6321108	6316548	4591	4561	98.04	6854980	6487135	0.07	0.07	NC_030986.1	NC_072840.1
55298	59933	6316550	6311905	4636	4646	96.11	6854980	6487135	0.07	0.07	NC_030986.1	NC_072840.1
60167	61197	6309421	6308391	1031	1031	94.57	6854980	6487135	0.02	0.02	NC_030986.1	NC_072840.1
61993	62663	6308382	6307708	671	675	93.63	6854980	6487135	0.01	0.01	NC_030986.1	NC_072840.1
62667	75748	6303485	6290400	13082	13086	97.85	6854980	6487135	0.19	0.20	NC_030986.1	NC_072840.1
76401	93605	6290414	6273224	17205	17191	98.06	6854980	6487135	0.25	0.27	NC_030986.1	NC_072840.1
107482	108078	6271704	6271107	597	598	89.15	6854980	6487135	0.01	0.01	NC_030986.1	NC_072840.1
108078	115999	6270641	6262736	7922	7906	96.16	6854980	6487135	0.12	0.12	NC_030986.1	NC_072840.1
117249	119959	6252143	6249431	2711	2713	96.28	6854980	6487135	0.04	0.04	NC_030986.1	NC_072840.1
124223	125093	6243011	6242155	871	857	91.51	6854980	6487135	0.01	0.01	NC_030986.1	NC_072840.1
126839	129074	6241875	6239637	2236	2239	97.28	6854980	6487135	0.03	0.03	NC_030986.1	NC_072840.1
129275	136855	6239558	6231976	7581	7583	98.13	6854980	6487135	0.11	0.12	NC_030986.1	NC_072840.1
136857	140171	6231830	6228514	3315	3317	95.94	6854980	6487135	0.05	0.05	NC_030986.1	NC_072840.1
140690	144352	6225323	6221649	3663	3675	96.63	6854980	6487135	0.05	0.06	NC_030986.1	NC_072840.1
147089	153691	6221651	6215049	6603	6603	95.53	6854980	6487135	0.10	0.10	NC_030986.1	NC_072840.1
153848	154025	2931480	2931664	178	185	88.65	6854980	5611497	0.00	0.00	NC_030986.1	NC_072841.1
153875	154057	2041819	2041636	183	184	88.04	6854980	4731052	0.00	0.00	NC_030986.1	NC_072843.1
154059	154139	43760	43840	81	81	96.30	6854980	5151772	0.00	0.00	NC_030986.1	NC_072842.1
154135	154253	131673	131791	119	119	92.44	6854980	3716460	0.00	0.00	NC_030986.1	NC_072847.1
154908	156995	202693	204780	2088	2088	84.86	6854980	4300638	0.03	0.05	NC_030986.1	NC_072845.1
156859	160862	2832796	2836804	4004	4009	88.51	6854980	2853886	0.06	0.14	NC_030986.1	NC_072850.1
161212	161345	357102	356969	134	134	93.28	6854980	3716460	0.00	0.00	NC_030986.1	NC_072847.1
161973	162899	692024	691098	927	927	88.00	6854980	3716460	0.01	0.02	NC_030986.1	NC_072847.1
163586	163846	691077	690817	261	261	93.87	6854980	3716460	0.00	0.01	NC_030986.1	NC_072847.1
163858	163984	2262703	2262832	127	130	91.54	6854980	4523040	0.00	0.00	NC_030986.1	NC_072844.1
164301	164753	6214061	6213609	453	453	94.70	6854980	6487135	0.01	0.01	NC_030986.1	NC_072840.1
170541	171111	6213538	6212967	571	572	94.25	6854980	6487135	0.01	0.01	NC_030986.1	NC_072840.1
171106	171275	6212586	6212417	170	170	94.71	6854980	6487135	0.00	0.00	NC_030986.1	NC_072840.1
171263	208990	6211314	6173610	37728	37705	97.21	6854980	6487135	0.55	0.58	NC_030986.1	NC_072840.1
212168	216308	6173611	6169466	4141	4146	98.24	6854980	6487135	0.06	0.06	NC_030986.1	NC_072840.1
216954	240836	6169482	6145602	23883	23881	98.52	6854980	6487135	0.35	0.37	NC_030986.1	NC_072840.1
243297	263058	6143462	6123710	19762	19753	97.83	6854980	6487135	0.29	0.30	NC_030986.1	NC_072840.1
263059	267932	6115528	6110655	4874	4874	98.26	6854980	6487135	0.07	0.08	NC_030986.1	NC_072840.1
273887	274794	6110654	6109747	908	908	97.36	6854980	6487135	0.01	0.01	NC_030986.1	NC_072840.1
275032	275879	6109530	6108683	848	848	95.99	6854980	6487135	0.01	0.01	NC_030986.1	NC_072840.1
279859	280109	6108687	6108437	251	251	96.81	6854980	6487135	0.00	0.00	NC_030986.1	NC_072840.1
289948	290817	6108437	6107602	870	836	94.60	6854980	6487135	0.01	0.01	NC_030986.1	NC_072840.1
292036	359230	6107602	6040464	67195	67139	97.74	6854980	6487135	0.98	1.03	NC_030986.1	NC_072840.1
359218	370712	6035460	6024006	11495	11455	96.97	6854980	6487135	0.17	0.18	NC_030986.1	NC_072840.1
370886	370956	2281424	2281494	71	71	97.18	6854980	2853886	0.00	0.00	NC_030986.1	NC_072850.1
370955	389964	6024018	6004981	19010	19038	97.77	6854980	6487135	0.28	0.29	NC_030986.1	NC_072840.1
390507	391886	6004122	6002745	1380	1378	89.15	6854980	6487135	0.02	0.02	NC_030986.1	NC_072840.1
393099	393489	6000133	6000523	391	391	87.47	6854980	6487135	0.01	0.01	NC_030986.1	NC_072840.1
395197	401555	5999201	5992849	6359	6353	96.65	6854980	6487135	0.09	0.10	NC_030986.1	NC_072840.1
401736	405601	5992847	5988981	3866	3867	96.54	6854980	6487135	0.06	0.06	NC_030986.1	NC_072840.1
409547	431855	5960710	5938401	22309	22310	97.45	6854980	6487135	0.33	0.34	NC_030986.1	NC_072840.1
433916	438830	5936442	5931513	4915	4930	97.14	6854980	6487135	0.07	0.08	NC_030986.1	NC_072840.1
438971	479491	5931385	5890841	40521	40545	97.68	6854980	6487135	0.59	0.63	NC_030986.1	NC_072840.1
479491	481192	5890728	5889030	1702	1699	97.83	6854980	6487135	0.02	0.03	NC_030986.1	NC_072840.1
481158	499907	5888908	5870106	18750	18803	96.54	6854980	6487135	0.27	0.29	NC_030986.1	NC_072840.1
500152	505347	5870105	5864919	5196	5187	95.45	6854980	6487135	0.08	0.08	NC_030986.1	NC_072840.1
505421	506642	5864970	5863743	1222	1228	97.31	6854980	6487135	0.02	0.02	NC_030986.1	NC_072840.1
507998	510146	5854422	5856561	2149	2140	95.03	6854980	6487135	0.03	0.03	NC_030986.1	NC_072840.1
510409	516823	5857308	5863740	6415	6433	95.92	6854980	6487135	0.09	0.10	NC_030986.1	NC_072840.1
516975	527785	5854292	5843520	10811	10773	97.89	6854980	6487135	0.16	0.17	NC_030986.1	NC_072840.1
527878	532326	5843520	5839068	4449	4453	97.13	6854980	6487135	0.06	0.07	NC_030986.1	NC_072840.1
533110	538527	5832523	5827107	5418	5417	96.90	6854980	6487135	0.08	0.08	NC_030986.1	NC_072840.1
538640	539794	5826995	5825842	1155	1154	92.04	6854980	6487135	0.02	0.02	NC_030986.1	NC_072840.1
539941	577955	5825711	5787664	38015	38048	98.72	6854980	6487135	0.55	0.59	NC_030986.1	NC_072840.1
578148	637619	5787472	5727972	59472	59501	99.02	6854980	6487135	0.87	0.92	NC_030986.1	NC_072840.1
638790	640417	5726712	5725086	1628	1627	99.02	6854980	6487135	0.02	0.03	NC_030986.1	NC_072840.1
640737	642387	5724909	5723250	1651	1660	98.25	6854980	6487135	0.02	0.03	NC_030986.1	NC_072840.1
643088	691454	5722840	5674443	48367	48398	99.35	6854980	6487135	0.71	0.75	NC_030986.1	NC_072840.1
691581	737649	5674334	5628267	46069	46068	99.10	6854980	6487135	0.67	0.71	NC_030986.1	NC_072840.1
738266	740093	5627846	5626020	1828	1827	98.85	6854980	6487135	0.03	0.03	NC_030986.1	NC_072840.1
740618	751480	5626024	5615159	10863	10866	98.86	6854980	6487135	0.16	0.17	NC_030986.1	NC_072840.1
751607	764513	5615158	5602265	12907	12894	99.29	6854980	6487135	0.19	0.20	NC_030986.1	NC_072840.1
764681	787841	5602164	5579003	23161	23162	98.55	6854980	6487135	0.34	0.36	NC_030986.1	NC_072840.1
787840	789228	5578115	5576750	1389	1366	96.18	6854980	6487135	0.02	0.02	NC_030986.1	NC_072840.1
789225	847960	5576121	5517442	58736	58680	98.74	6854980	6487135	0.86	0.90	NC_030986.1	NC_072840.1
848100	855774	5517285	5509605	7675	7681	98.84	6854980	6487135	0.11	0.12	NC_030986.1	NC_072840.1
856350	891324	5509053	5474059	34975	34995	98.47	6854980	6487135	0.51	0.54	NC_030986.1	NC_072840.1
891110	937471	5474186	5427978	46362	46209	98.57	6854980	6487135	0.68	0.71	NC_030986.1	NC_072840.1
937971	946472	5427411	5418945	8502	8467	97.74	6854980	6487135	0.12	0.13	NC_030986.1	NC_072840.1
946734	946921	5418796	5418615	188	182	84.46	6854980	6487135	0.00	0.00	NC_030986.1	NC_072840.1
949315	973717	5416970	5392568	24403	24403	98.94	6854980	6487135	0.36	0.38	NC_030986.1	NC_072840.1
973872	1025821	5392419	5340407	51950	52013	99.16	6854980	6487135	0.76	0.80	NC_030986.1	NC_072840.1
1026042	1059906	5340189	5306344	33865	33846	99.35	6854980	6487135	0.49	0.52	NC_030986.1	NC_072840.1
1059906	1062598	5306245	5303553	2693	2693	99.29	6854980	6487135	0.04	0.04	NC_030986.1	NC_072840.1
1062724	1123970	5303444	5242206	61247	61239	99.14	6854980	6487135	0.89	0.94	NC_030986.1	NC_072840.1
1127153	1137952	5238863	5228092	10800	10772	98.99	6854980	6487135	0.16	0.17	NC_030986.1	NC_072840.1
1138110	1157906	5227945	5208151	19797	19795	99.14	6854980	6487135	0.29	0.31	NC_030986.1	NC_072840.1
1158045	1216048	5208142	5150214	58004	57929	98.82	6854980	6487135	0.85	0.89	NC_030986.1	NC_072840.1
1217459	1243454	5148563	5122601	25996	25963	99.00	6854980	6487135	0.38	0.40	NC_030986.1	NC_072840.1
1244348	1268316	5121659	5097669	23969	23991	98.71	6854980	6487135	0.35	0.37	NC_030986.1	NC_072840.1
1268967	1396925	5097684	4969792	127959	127893	99.02	6854980	6487135	1.87	1.97	NC_030986.1	NC_072840.1
1397117	1400314	4969661	4966462	3198	3200	99.44	6854980	6487135	0.05	0.05	NC_030986.1	NC_072840.1
1401055	1432219	4965884	4934708	31165	31177	99.10	6854980	6487135	0.45	0.48	NC_030986.1	NC_072840.1
1439347	1442108	4927922	4925163	2762	2760	97.28	6854980	6487135	0.04	0.04	NC_030986.1	NC_072840.1
1442179	1457757	4925018	4909450	15579	15569	98.60	6854980	6487135	0.23	0.24	NC_030986.1	NC_072840.1
1458421	1458570	4909463	4909314	150	150	98.00	6854980	6487135	0.00	0.00	NC_030986.1	NC_072840.1
1458723	1474429	4909313	4893606	15707	15708	99.22	6854980	6487135	0.23	0.24	NC_030986.1	NC_072840.1
1474736	1488438	4893611	4879843	13703	13769	98.50	6854980	6487135	0.20	0.21	NC_030986.1	NC_072840.1
1488584	1523757	4879770	4844591	35174	35180	99.32	6854980	6487135	0.51	0.54	NC_030986.1	NC_072840.1
1523968	1534395	4844598	4834164	10428	10435	99.23	6854980	6487135	0.15	0.16	NC_030986.1	NC_072840.1
1534394	1565615	4831980	4800764	31222	31217	98.98	6854980	6487135	0.46	0.48	NC_030986.1	NC_072840.1
1566059	1574979	4800381	4791466	8921	8916	99.33	6854980	6487135	0.13	0.14	NC_030986.1	NC_072840.1
1575150	1603705	4791307	4762758	28556	28550	99.16	6854980	6487135	0.42	0.44	NC_030986.1	NC_072840.1
1604706	1608527	4710056	4706239	3822	3818	99.32	6854980	6487135	0.06	0.06	NC_030986.1	NC_072840.1
1610345	1711439	4704656	4603581	101095	101076	99.17	6854980	6487135	1.47	1.56	NC_030986.1	NC_072840.1
1711538	1733541	4603478	4581486	22004	21993	98.95	6854980	6487135	0.32	0.34	NC_030986.1	NC_072840.1
1734177	1755293	4580989	4559837	21117	21153	98.93	6854980	6487135	0.31	0.33	NC_030986.1	NC_072840.1
1755402	1784806	4559723	4530375	29405	29349	99.15	6854980	6487135	0.43	0.45	NC_030986.1	NC_072840.1
1784962	1838835	4530295	4476474	53874	53822	99.19	6854980	6487135	0.79	0.83	NC_030986.1	NC_072840.1
1839424	1859148	4475892	4456169	19725	19724	99.22	6854980	6487135	0.29	0.30	NC_030986.1	NC_072840.1
1859805	1859907	4456180	4456078	103	103	97.09	6854980	6487135	0.00	0.00	NC_030986.1	NC_072840.1
1860081	1866177	4456082	4449982	6097	6101	99.05	6854980	6487135	0.09	0.09	NC_030986.1	NC_072840.1
1867886	1879114	4448459	4437264	11229	11196	98.78	6854980	6487135	0.16	0.17	NC_030986.1	NC_072840.1
1879755	1910582	4436755	4406001	30828	30755	98.76	6854980	6487135	0.45	0.47	NC_030986.1	NC_072840.1
1911218	1930505	4405553	4386276	19288	19278	99.21	6854980	6487135	0.28	0.30	NC_030986.1	NC_072840.1
1930961	1960778	4386201	4356443	29818	29759	99.11	6854980	6487135	0.43	0.46	NC_030986.1	NC_072840.1
1961366	1988142	4355919	4329150	26777	26770	99.04	6854980	6487135	0.39	0.41	NC_030986.1	NC_072840.1
1988595	2017609	4328779	4299749	29015	29031	99.12	6854980	6487135	0.42	0.45	NC_030986.1	NC_072840.1
2017716	2035931	4299733	4281595	18216	18139	98.54	6854980	6487135	0.27	0.28	NC_030986.1	NC_072840.1
2036757	2040066	4281052	4277768	3310	3285	98.40	6854980	6487135	0.05	0.05	NC_030986.1	NC_072840.1
2040529	2053768	4277216	4263995	13240	13222	98.89	6854980	6487135	0.19	0.20	NC_030986.1	NC_072840.1
2054278	2087448	4263269	4230034	33171	33236	99.04	6854980	6487135	0.48	0.51	NC_030986.1	NC_072840.1
2087897	2090637	4229416	4226676	2741	2741	99.12	6854980	6487135	0.04	0.04	NC_030986.1	NC_072840.1
2090634	2211781	4226639	4105496	121148	121144	99.26	6854980	6487135	1.77	1.87	NC_030986.1	NC_072840.1
2211780	2224010	4103308	4091070	12231	12239	99.40	6854980	6487135	0.18	0.19	NC_030986.1	NC_072840.1
2224173	2250774	4091074	4064533	26602	26542	99.14	6854980	6487135	0.39	0.41	NC_030986.1	NC_072840.1
2251303	2252610	4064139	4062833	1308	1307	99.69	6854980	6487135	0.02	0.02	NC_030986.1	NC_072840.1
2252711	2308623	4062707	4006791	55913	55917	99.23	6854980	6487135	0.82	0.86	NC_030986.1	NC_072840.1
2308743	2376118	4006677	3939284	67376	67394	99.03	6854980	6487135	0.98	1.04	NC_030986.1	NC_072840.1
2376108	2429545	3939185	3885923	53438	53263	98.44	6854980	6487135	0.78	0.82	NC_030986.1	NC_072840.1
2432424	2432509	3882928	3882848	86	81	91.86	6854980	6487135	0.00	0.00	NC_030986.1	NC_072840.1
2433136	2465849	3882334	3849610	32714	32725	99.25	6854980	6487135	0.48	0.50	NC_030986.1	NC_072840.1
2465895	2560638	3849630	3754932	94744	94699	99.28	6854980	6487135	1.38	1.46	NC_030986.1	NC_072840.1
2561019	2586473	3754674	3729138	25455	25537	98.53	6854980	6487135	0.37	0.39	NC_030986.1	NC_072840.1
2591635	2592121	3728261	3728744	487	484	85.80	6854980	6487135	0.01	0.01	NC_030986.1	NC_072840.1
2592119	2593013	3725135	3726027	895	893	94.19	6854980	6487135	0.01	0.01	NC_030986.1	NC_072840.1
2594749	2595117	3729106	3728738	369	369	92.95	6854980	6487135	0.01	0.01	NC_030986.1	NC_072840.1
2595316	2596068	3724946	3724214	753	733	89.01	6854980	6487135	0.01	0.01	NC_030986.1	NC_072840.1
2596069	2598618	3721927	3719379	2550	2549	96.79	6854980	6487135	0.04	0.04	NC_030986.1	NC_072840.1
2598620	2598827	3719029	3718822	208	208	97.60	6854980	6487135	0.00	0.00	NC_030986.1	NC_072840.1
2598818	2632522	3718681	3684930	33705	33752	98.67	6854980	6487135	0.49	0.52	NC_030986.1	NC_072840.1
2634086	2662913	3684051	3655213	28828	28839	99.01	6854980	6487135	0.42	0.44	NC_030986.1	NC_072840.1
2663282	2678201	3654986	3640067	14920	14920	99.32	6854980	6487135	0.22	0.23	NC_030986.1	NC_072840.1
2678481	2698506	3639778	3619755	20026	20024	99.44	6854980	6487135	0.29	0.31	NC_030986.1	NC_072840.1
2698480	2698567	3619673	3619586	88	88	95.45	6854980	6487135	0.00	0.00	NC_030986.1	NC_072840.1
2698705	2704155	3619496	3614037	5451	5460	98.90	6854980	6487135	0.08	0.08	NC_030986.1	NC_072840.1
2704315	2711806	3613878	3606395	7492	7484	99.29	6854980	6487135	0.11	0.12	NC_030986.1	NC_072840.1
2711848	2753121	3606397	3565135	41274	41263	99.13	6854980	6487135	0.60	0.64	NC_030986.1	NC_072840.1
2753121	2815323	3564967	3502771	62203	62197	99.11	6854980	6487135	0.91	0.96	NC_030986.1	NC_072840.1
2815971	2899757	3502786	3419001	83787	83786	99.34	6854980	6487135	1.22	1.29	NC_030986.1	NC_072840.1
2900220	2909690	3418507	3409033	9471	9475	99.18	6854980	6487135	0.14	0.15	NC_030986.1	NC_072840.1
2910154	2950021	3408732	3368842	39868	39891	99.03	6854980	6487135	0.58	0.61	NC_030986.1	NC_072840.1
2950138	2975731	3368721	3343142	25594	25580	99.28	6854980	6487135	0.37	0.39	NC_030986.1	NC_072840.1
2977184	2992114	3342361	3327435	14931	14927	99.46	6854980	6487135	0.22	0.23	NC_030986.1	NC_072840.1
2992343	3147822	3327292	3171772	155480	155521	99.29	6854980	6487135	2.27	2.40	NC_030986.1	NC_072840.1
3147920	3171920	3171772	3147730	24001	24043	99.17	6854980	6487135	0.35	0.37	NC_030986.1	NC_072840.1
3171920	3274241	3147559	3045207	102322	102353	99.28	6854980	6487135	1.49	1.58	NC_030986.1	NC_072840.1
3274487	3279088	3044967	3040372	4602	4596	99.02	6854980	6487135	0.07	0.07	NC_030986.1	NC_072840.1
3279411	3328448	3040012	2991063	49038	48950	98.93	6854980	6487135	0.72	0.75	NC_030986.1	NC_072840.1
3328637	3341020	2991011	2978652	12384	12360	99.00	6854980	6487135	0.18	0.19	NC_030986.1	NC_072840.1
3341779	3384547	2977778	2935004	42769	42775	99.35	6854980	6487135	0.62	0.66	NC_030986.1	NC_072840.1
3384727	3511518	2934817	2808022	126792	126796	99.11	6854980	6487135	1.85	1.95	NC_030986.1	NC_072840.1
3511845	3541740	2807536	2777621	29896	29916	99.24	6854980	6487135	0.44	0.46	NC_030986.1	NC_072840.1
3541739	3625585	2775433	2691539	83847	83895	99.18	6854980	6487135	1.22	1.29	NC_030986.1	NC_072840.1
3625719	3630814	2691407	2686315	5096	5093	97.13	6854980	6487135	0.07	0.08	NC_030986.1	NC_072840.1
3631043	3632428	2686183	2684806	1386	1378	98.92	6854980	6487135	0.02	0.02	NC_030986.1	NC_072840.1
3632626	3714483	2684586	2602771	81858	81816	99.10	6854980	6487135	1.19	1.26	NC_030986.1	NC_072840.1
3715878	3749639	2601359	2567563	33762	33797	99.16	6854980	6487135	0.49	0.52	NC_030986.1	NC_072840.1
3749763	3823577	2567446	2493713	73815	73734	99.17	6854980	6487135	1.08	1.14	NC_030986.1	NC_072840.1
3823541	3825770	2493710	2491481	2230	2230	99.24	6854980	6487135	0.03	0.03	NC_030986.1	NC_072840.1
3826508	3903713	2491425	2414313	77206	77113	98.98	6854980	6487135	1.13	1.19	NC_030986.1	NC_072840.1
3905334	3914650	2413602	2404300	9317	9303	99.07	6854980	6487135	0.14	0.14	NC_030986.1	NC_072840.1
3915301	3927165	2404315	2392530	11865	11786	98.16	6854980	6487135	0.17	0.18	NC_030986.1	NC_072840.1
3927500	3959592	2392280	2360138	32093	32143	98.82	6854980	6487135	0.47	0.50	NC_030986.1	NC_072840.1
3959736	3979754	2360069	2340011	20019	20059	98.64	6854980	6487135	0.29	0.31	NC_030986.1	NC_072840.1
3979900	3983062	2339879	2336722	3163	3158	98.52	6854980	6487135	0.05	0.05	NC_030986.1	NC_072840.1
3983165	4031489	2336741	2288423	48325	48319	99.35	6854980	6487135	0.70	0.74	NC_030986.1	NC_072840.1
4032198	4038151	2287789	2281836	5954	5954	99.50	6854980	6487135	0.09	0.09	NC_030986.1	NC_072840.1
4038497	4067950	2281601	2252222	29454	29380	98.88	6854980	6487135	0.43	0.45	NC_030986.1	NC_072840.1
4068605	4178604	2252234	2142325	110000	109910	99.12	6854980	6487135	1.60	1.69	NC_030986.1	NC_072840.1
4178604	4276331	2142229	2044500	97728	97730	99.23	6854980	6487135	1.43	1.51	NC_030986.1	NC_072840.1
4276884	4282115	2043997	2038752	5232	5246	98.59	6854980	6487135	0.08	0.08	NC_030986.1	NC_072840.1
4282846	4294882	2038553	2026569	12037	11985	99.06	6854980	6487135	0.18	0.18	NC_030986.1	NC_072840.1
4295893	4313534	2025588	2007939	17642	17650	98.97	6854980	6487135	0.26	0.27	NC_030986.1	NC_072840.1
4313681	4343293	2007909	1978411	29613	29499	99.05	6854980	6487135	0.43	0.45	NC_030986.1	NC_072840.1
4343647	4444585	1978147	1877327	100939	100821	98.91	6854980	6487135	1.47	1.55	NC_030986.1	NC_072840.1
4444494	4444607	1877105	1877218	114	114	100.00	6854980	6487135	0.00	0.00	NC_030986.1	NC_072840.1
4447489	4447697	1877217	1877424	209	208	96.17	6854980	6487135	0.00	0.00	NC_030986.1	NC_072840.1
4447599	4454201	1877196	1870605	6603	6592	98.64	6854980	6487135	0.10	0.10	NC_030986.1	NC_072840.1
4454411	4456309	1870408	1868514	1899	1895	99.32	6854980	6487135	0.03	0.03	NC_030986.1	NC_072840.1
4456443	4467888	1868498	1857057	11446	11442	98.45	6854980	6487135	0.17	0.18	NC_030986.1	NC_072840.1
4468134	4474776	1856917	1850257	6643	6661	99.08	6854980	6487135	0.10	0.10	NC_030986.1	NC_072840.1
4474774	4485570	1848508	1837644	10797	10865	98.39	6854980	6487135	0.16	0.17	NC_030986.1	NC_072840.1
4487516	4489031	1837182	1835668	1516	1515	99.08	6854980	6487135	0.02	0.02	NC_030986.1	NC_072840.1
4491869	4493145	1833343	1832068	1277	1276	99.14	6854980	6487135	0.02	0.02	NC_030986.1	NC_072840.1
4493247	4519427	1831697	1805541	26181	26157	97.48	6854980	6487135	0.38	0.40	NC_030986.1	NC_072840.1
4521290	4524813	1803651	1800129	3524	3523	99.15	6854980	6487135	0.05	0.05	NC_030986.1	NC_072840.1
4524977	4540914	1799966	1784034	15938	15933	98.77	6854980	6487135	0.23	0.25	NC_030986.1	NC_072840.1
4540918	4580341	1780581	1741170	39424	39412	99.22	6854980	6487135	0.58	0.61	NC_030986.1	NC_072840.1
4580549	4588702	1740978	1732823	8154	8156	99.28	6854980	6487135	0.12	0.13	NC_030986.1	NC_072840.1
4588904	4812752	1732825	1508953	223849	223873	99.17	6854980	6487135	3.27	3.45	NC_030986.1	NC_072840.1
4812902	4814386	1508801	1507320	1485	1482	99.39	6854980	6487135	0.02	0.02	NC_030986.1	NC_072840.1
4815043	4818583	1507333	1503793	3541	3541	98.93	6854980	6487135	0.05	0.05	NC_030986.1	NC_072840.1
4819231	4823462	1503808	1499550	4232	4259	97.34	6854980	6487135	0.06	0.07	NC_030986.1	NC_072840.1
4823692	4859671	1499440	1463472	35980	35969	98.96	6854980	6487135	0.52	0.55	NC_030986.1	NC_072840.1
4859671	4927338	1463310	1395743	67668	67568	99.09	6854980	6487135	0.99	1.04	NC_030986.1	NC_072840.1
4927848	4945864	1395561	1377478	18017	18084	98.61	6854980	6487135	0.26	0.28	NC_030986.1	NC_072840.1
4945964	4949000	1377477	1374457	3037	3021	98.72	6854980	6487135	0.04	0.05	NC_030986.1	NC_072840.1
4949450	4952427	1374105	1371126	2978	2980	99.50	6854980	6487135	0.04	0.05	NC_030986.1	NC_072840.1
4952812	4955394	1370873	1368289	2583	2585	99.38	6854980	6487135	0.04	0.04	NC_030986.1	NC_072840.1
4955992	4966801	1367620	1356815	10810	10806	98.84	6854980	6487135	0.16	0.17	NC_030986.1	NC_072840.1
4966967	4975590	1356847	1348221	8624	8627	98.92	6854980	6487135	0.13	0.13	NC_030986.1	NC_072840.1
4975717	5058605	1348043	1265243	82889	82801	99.00	6854980	6487135	1.21	1.28	NC_030986.1	NC_072840.1
5059888	5060599	1264078	1263359	712	720	83.13	6854980	6487135	0.01	0.01	NC_030986.1	NC_072840.1
5064200	5110094	1256350	1210549	45895	45802	97.63	6854980	6487135	0.67	0.71	NC_030986.1	NC_072840.1
5110087	5124523	1210616	1196129	14437	14488	99.10	6854980	6487135	0.21	0.22	NC_030986.1	NC_072840.1
5125631	5158304	1195031	1162352	32674	32680	99.07	6854980	6487135	0.48	0.50	NC_030986.1	NC_072840.1
5158565	5308002	1162162	1012836	149438	149327	99.19	6854980	6487135	2.18	2.30	NC_030986.1	NC_072840.1
5308135	5343375	1012643	977470	35241	35174	98.92	6854980	6487135	0.51	0.54	NC_030986.1	NC_072840.1
5343373	5344764	976083	977474	1392	1392	98.49	6854980	6487135	0.02	0.02	NC_030986.1	NC_072840.1
5344760	5346658	976085	974134	1899	1952	96.06	6854980	6487135	0.03	0.03	NC_030986.1	NC_072840.1
5347195	5361443	973647	959401	14249	14247	99.48	6854980	6487135	0.21	0.22	NC_030986.1	NC_072840.1
5361588	5378674	959233	942130	17087	17104	99.07	6854980	6487135	0.25	0.26	NC_030986.1	NC_072840.1
5378856	5399615	942044	921227	20760	20818	98.33	6854980	6487135	0.30	0.32	NC_030986.1	NC_072840.1
5400837	5412580	919132	907336	11744	11797	97.03	6854980	6487135	0.17	0.18	NC_030986.1	NC_072840.1
5412697	5434408	907230	885516	21712	21715	98.83	6854980	6487135	0.32	0.33	NC_030986.1	NC_072840.1
5435538	5438304	884942	882172	2767	2771	93.04	6854980	6487135	0.04	0.04	NC_030986.1	NC_072840.1
5438684	5453300	881224	866653	14617	14572	98.46	6854980	6487135	0.21	0.22	NC_030986.1	NC_072840.1
5453482	5461801	866500	858185	8320	8316	97.80	6854980	6487135	0.12	0.13	NC_030986.1	NC_072840.1
5465179	5466914	855081	853345	1736	1737	97.59	6854980	6487135	0.03	0.03	NC_030986.1	NC_072840.1
5466914	5477315	852740	842506	10402	10235	96.56	6854980	6487135	0.15	0.16	NC_030986.1	NC_072840.1
5479705	5534061	842505	788086	54357	54420	98.14	6854980	6487135	0.79	0.84	NC_030986.1	NC_072840.1
5534379	5544019	787850	778149	9641	9702	97.87	6854980	6487135	0.14	0.15	NC_030986.1	NC_072840.1
5544020	5552654	777975	769344	8635	8632	98.50	6854980	6487135	0.13	0.13	NC_030986.1	NC_072840.1
5553108	5635023	768922	687021	81916	81902	98.97	6854980	6487135	1.19	1.26	NC_030986.1	NC_072840.1
5637913	5642946	685266	680244	5034	5023	98.79	6854980	6487135	0.07	0.08	NC_030986.1	NC_072840.1
5643248	5650316	679999	672934	7069	7066	99.12	6854980	6487135	0.10	0.11	NC_030986.1	NC_072840.1
5650475	5706086	672767	617022	55612	55746	98.10	6854980	6487135	0.81	0.86	NC_030986.1	NC_072840.1
5706200	5708063	617022	615159	1864	1864	98.28	6854980	6487135	0.03	0.03	NC_030986.1	NC_072840.1
5708733	5729680	615172	594265	20948	20908	97.61	6854980	6487135	0.31	0.32	NC_030986.1	NC_072840.1
5729680	5734233	594159	589587	4554	4573	97.22	6854980	6487135	0.07	0.07	NC_030986.1	NC_072840.1
5735512	5759985	589593	565097	24474	24497	98.16	6854980	6487135	0.36	0.38	NC_030986.1	NC_072840.1
5760597	5763645	564462	561399	3049	3064	86.28	6854980	6487135	0.04	0.05	NC_030986.1	NC_072840.1
5764817	5773724	561298	552396	8908	8903	98.25	6854980	6487135	0.13	0.14	NC_030986.1	NC_072840.1
5773816	5784737	552394	541572	10922	10823	95.41	6854980	6487135	0.16	0.17	NC_030986.1	NC_072840.1
5784732	5790084	540876	535518	5353	5359	97.56	6854980	6487135	0.08	0.08	NC_030986.1	NC_072840.1
5790080	5799709	534619	524990	9630	9630	99.04	6854980	6487135	0.14	0.15	NC_030986.1	NC_072840.1
5799708	5815253	523860	508311	15546	15550	97.11	6854980	6487135	0.23	0.24	NC_030986.1	NC_072840.1
5815245	5851505	508029	471775	36261	36255	97.40	6854980	6487135	0.53	0.56	NC_030986.1	NC_072840.1
5851683	5859669	471684	463714	7987	7971	97.02	6854980	6487135	0.12	0.12	NC_030986.1	NC_072840.1
5860204	5861385	463266	462085	1182	1182	99.58	6854980	6487135	0.02	0.02	NC_030986.1	NC_072840.1
5861458	5863629	462092	459902	2172	2191	96.12	6854980	6487135	0.03	0.03	NC_030986.1	NC_072840.1
5867964	5895225	3227337	3254629	27262	27293	98.34	6854980	4259108	0.40	0.64	NC_030986.1	NC_072846.1
5902489	5908990	3263560	3270062	6502	6503	98.89	6854980	4259108	0.09	0.15	NC_030986.1	NC_072846.1
5925930	5936233	3289607	3299912	10304	10306	99.31	6854980	4259108	0.15	0.24	NC_030986.1	NC_072846.1
5936225	5939939	3302860	3306602	3715	3743	98.74	6854980	4259108	0.05	0.09	NC_030986.1	NC_072846.1
5939941	5941947	3308464	3310457	2007	1994	98.56	6854980	4259108	0.03	0.05	NC_030986.1	NC_072846.1
5966150	5968997	3373487	3376336	2848	2850	97.37	6854980	4259108	0.04	0.07	NC_030986.1	NC_072846.1
5968990	5980215	3379284	3390554	11226	11271	96.32	6854980	4259108	0.16	0.26	NC_030986.1	NC_072846.1
5980208	5985398	3393541	3398733	5191	5193	99.36	6854980	4259108	0.08	0.12	NC_030986.1	NC_072846.1
6043516	6055667	3420465	3432614	12152	12150	99.46	6854980	4259108	0.18	0.29	NC_030986.1	NC_072846.1
6076710	6095737	3450366	3469390	19028	19025	99.01	6854980	4259108	0.28	0.45	NC_030986.1	NC_072846.1
6098344	6099818	1443669	1445143	1475	1475	98.78	6854980	4259108	0.02	0.03	NC_030986.1	NC_072846.1
6100796	6102149	1445709	1447062	1354	1354	99.26	6854980	4259108	0.02	0.03	NC_030986.1	NC_072846.1
6130119	6133004	1228484	1225617	2886	2868	95.67	6854980	4259108	0.04	0.07	NC_030986.1	NC_072846.1
6134795	6136079	340703	339418	1285	1286	95.10	6854980	4731052	0.02	0.03	NC_030986.1	NC_072843.1
6159290	6161451	2674630	2676792	2162	2163	94.41	6854980	4259108	0.03	0.05	NC_030986.1	NC_072846.1
6163561	6173247	2676780	2686444	9687	9665	95.93	6854980	4259108	0.14	0.23	NC_030986.1	NC_072846.1
6173388	6177989	2686445	2691019	4602	4575	96.16	6854980	4259108	0.07	0.11	NC_030986.1	NC_072846.1
6183340	6185795	2600532	2598080	2456	2453	91.79	6854980	4259108	0.04	0.06	NC_030986.1	NC_072846.1
6185637	6186235	2597356	2596754	599	603	86.57	6854980	4259108	0.01	0.01	NC_030986.1	NC_072846.1
6193374	6194321	502382	501435	948	948	90.82	6854980	4259108	0.01	0.02	NC_030986.1	NC_072846.1
6203085	6205951	2141063	2138184	2867	2880	95.45	6854980	4259108	0.04	0.07	NC_030986.1	NC_072846.1
6216648	6216843	3245275	3245080	196	196	90.82	6854980	3277645	0.00	0.01	NC_030986.1	NC_072848.1
6260983	6263347	4184515	4186961	2365	2447	93.43	6854980	4259108	0.03	0.06	NC_030986.1	NC_072846.1
6274968	6275325	1335101	1335456	358	356	94.13	6854980	4259108	0.01	0.01	NC_030986.1	NC_072846.1
6290755	6290950	3243646	3243450	196	197	88.83	6854980	3277645	0.00	0.01	NC_030986.1	NC_072848.1
6290783	6291173	2329066	2329450	391	385	89.57	6854980	4259108	0.01	0.01	NC_030986.1	NC_072846.1
6293459	6294762	84569	85871	1304	1303	96.78	6854980	2853886	0.02	0.05	NC_030986.1	NC_072850.1
6294777	6295144	1410818	1411185	368	368	91.85	6854980	4259108	0.01	0.01	NC_030986.1	NC_072846.1
6334966	6335151	4150680	4150855	186	176	85.48	6854980	4259108	0.00	0.00	NC_030986.1	NC_072846.1
6337543	6337869	1335879	1335559	327	321	87.84	6854980	4259108	0.00	0.01	NC_030986.1	NC_072846.1
6410136	6410308	5062927	5063099	173	173	95.38	6854980	5151772	0.00	0.00	NC_030986.1	NC_072842.1
6425943	6429113	2087901	2091103	3171	3203	94.41	6854980	4259108	0.05	0.08	NC_030986.1	NC_072846.1
6444726	6450318	613730	619321	5593	5592	98.46	6854980	4259108	0.08	0.13	NC_030986.1	NC_072846.1
6456509	6460670	885261	889409	4162	4149	97.77	6854980	4259108	0.06	0.10	NC_030986.1	NC_072846.1
6460661	6472251	892672	904244	11591	11573	98.15	6854980	4259108	0.17	0.27	NC_030986.1	NC_072846.1
6472252	6474371	2177813	2179933	2120	2121	95.24	6854980	4259108	0.03	0.05	NC_030986.1	NC_072846.1
6495877	6500425	2585673	2590222	4549	4550	95.41	6854980	4259108	0.07	0.11	NC_030986.1	NC_072846.1
6507372	6508645	92924	94197	1274	1274	97.41	6854980	4259108	0.02	0.03	NC_030986.1	NC_072846.1
6516734	6519831	1155213	1158310	3098	3098	99.32	6854980	4259108	0.05	0.07	NC_030986.1	NC_072846.1
6544775	6553850	991010	1000028	9076	9019	98.94	6854980	4259108	0.13	0.21	NC_030986.1	NC_072846.1
6557416	6573550	1002679	1018816	16135	16138	98.63	6854980	4259108	0.24	0.38	NC_030986.1	NC_072846.1
6589346	6596217	3907580	3900695	6872	6886	98.81	6854980	4259108	0.10	0.16	NC_030986.1	NC_072846.1
6652123	6660646	329612	338135	8524	8524	99.07	6854980	2853886	0.12	0.30	NC_030986.1	NC_072850.1
6678141	6686110	280267	272302	7970	7966	98.86	6854980	2853886	0.12	0.28	NC_030986.1	NC_072850.1
6712360	6712504	884339	884195	145	145	95.86	6854980	4259108	0.00	0.00	NC_030986.1	NC_072846.1
6714452	6716282	884196	882368	1831	1829	95.25	6854980	4259108	0.03	0.04	NC_030986.1	NC_072846.1
6719083	6719206	70528	70406	124	123	95.97	6854980	2853886	0.00	0.00	NC_030986.1	NC_072850.1
6724779	6734455	37212	46884	9677	9673	99.60	6854980	2853886	0.14	0.34	NC_030986.1	NC_072850.1
6780404	6780579	4150855	4150678	176	178	94.38	6854980	4259108	0.00	0.00	NC_030986.1	NC_072846.1
6817924	6819036	4150914	4152037	1113	1124	84.86	6854980	4259108	0.02	0.03	NC_030986.1	NC_072846.1
6852498	6854358	2113390	2111530	1861	1861	99.46	6854980	4259108	0.03	0.04	NC_030986.1	NC_072846.1
36375	51847	4684335	4668863	15473	15473	98.38	5577357	4731052	0.28	0.33	NC_030987.1	NC_072843.1
52327	66116	4668766	4654994	13790	13773	98.12	5577357	4731052	0.25	0.29	NC_030987.1	NC_072843.1
101206	102284	2942039	2943117	1079	1079	85.55	5577357	5611497	0.02	0.02	NC_030987.1	NC_072841.1
101691	102311	2265398	2266005	621	608	88.38	5577357	4523040	0.01	0.01	NC_030987.1	NC_072844.1
102892	103075	3363699	3363882	184	184	94.62	5577357	4259108	0.00	0.00	NC_030987.1	NC_072846.1
103124	103650	2781183	2781707	527	525	89.20	5577357	4523040	0.01	0.01	NC_030987.1	NC_072844.1
103156	103935	4718194	4717415	780	780	88.62	5577357	4731052	0.01	0.02	NC_030987.1	NC_072843.1
103950	104158	81010	81230	209	221	85.52	5577357	6487135	0.00	0.00	NC_030987.1	NC_072840.1
104474	107056	4647357	4644800	2583	2558	94.62	5577357	4731052	0.05	0.05	NC_030987.1	NC_072843.1
107056	113082	4644231	4638201	6027	6031	96.60	5577357	4731052	0.11	0.13	NC_030987.1	NC_072843.1
113738	132607	4634370	4615530	18870	18841	97.64	5577357	4731052	0.34	0.40	NC_030987.1	NC_072843.1
137991	138181	4293371	4293562	191	192	89.06	5577357	4300638	0.00	0.00	NC_030987.1	NC_072845.1
138219	138343	4614265	4614141	125	125	96.00	5577357	4731052	0.00	0.00	NC_030987.1	NC_072843.1
138342	149389	4611794	4600734	11048	11061	96.77	5577357	4731052	0.20	0.23	NC_030987.1	NC_072843.1
149727	159468	4592151	4582423	9742	9729	96.83	5577357	4731052	0.17	0.21	NC_030987.1	NC_072843.1
159707	162960	4582347	4579100	3254	3248	98.96	5577357	4731052	0.06	0.07	NC_030987.1	NC_072843.1
165848	172038	4579108	4572840	6191	6269	96.25	5577357	4731052	0.11	0.13	NC_030987.1	NC_072843.1
178140	179009	4572843	4571972	870	872	98.39	5577357	4731052	0.02	0.02	NC_030987.1	NC_072843.1
179981	181740	4571011	4569250	1760	1762	98.13	5577357	4731052	0.03	0.04	NC_030987.1	NC_072843.1
182809	203699	4568297	4547344	20891	20954	97.38	5577357	4731052	0.37	0.44	NC_030987.1	NC_072843.1
203849	204334	4546856	4547343	486	488	94.26	5577357	4731052	0.01	0.01	NC_030987.1	NC_072843.1
204335	208087	4546801	4543060	3753	3742	97.87	5577357	4731052	0.07	0.08	NC_030987.1	NC_072843.1
208306	211503	4543057	4539860	3198	3198	99.03	5577357	4731052	0.06	0.07	NC_030987.1	NC_072843.1
211682	254721	4539724	4496682	43040	43043	96.91	5577357	4731052	0.77	0.91	NC_030987.1	NC_072843.1
256598	270082	4489786	4476306	13485	13481	97.73	5577357	4731052	0.24	0.28	NC_030987.1	NC_072843.1
270078	276750	4467076	4460370	6673	6707	94.63	5577357	4731052	0.12	0.14	NC_030987.1	NC_072843.1
276897	278632	4460370	4458633	1736	1738	97.99	5577357	4731052	0.03	0.04	NC_030987.1	NC_072843.1
280006	286874	4457507	4450636	6869	6872	98.13	5577357	4731052	0.12	0.15	NC_030987.1	NC_072843.1
287728	288936	4449822	4448609	1209	1214	98.85	5577357	4731052	0.02	0.03	NC_030987.1	NC_072843.1
289681	302043	4447837	4435471	12363	12367	97.99	5577357	4731052	0.22	0.26	NC_030987.1	NC_072843.1
302221	305807	4435451	4431868	3587	3584	97.80	5577357	4731052	0.06	0.08	NC_030987.1	NC_072843.1
305945	308258	4431752	4429438	2314	2315	98.49	5577357	4731052	0.04	0.05	NC_030987.1	NC_072843.1
308699	310887	4429140	4426953	2189	2188	97.99	5577357	4731052	0.04	0.05	NC_030987.1	NC_072843.1
312064	336910	4426953	4402132	24847	24822	97.94	5577357	4731052	0.45	0.52	NC_030987.1	NC_072843.1
337580	338987	4402143	4400743	1408	1401	97.80	5577357	4731052	0.03	0.03	NC_030987.1	NC_072843.1
339350	340818	4400413	4398951	1469	1463	97.35	5577357	4731052	0.03	0.03	NC_030987.1	NC_072843.1
341090	361101	4398845	4378815	20012	20031	97.62	5577357	4731052	0.36	0.42	NC_030987.1	NC_072843.1
361325	362662	4378576	4377235	1338	1342	81.67	5577357	4731052	0.02	0.03	NC_030987.1	NC_072843.1
364224	365677	4376407	4374957	1454	1451	86.04	5577357	4731052	0.03	0.03	NC_030987.1	NC_072843.1
365796	367231	4374747	4373311	1436	1437	88.17	5577357	4731052	0.03	0.03	NC_030987.1	NC_072843.1
369204	383987	4371371	4356582	14784	14790	96.22	5577357	4731052	0.27	0.31	NC_030987.1	NC_072843.1
385364	395746	4356590	4346201	10383	10390	97.57	5577357	4731052	0.19	0.22	NC_030987.1	NC_072843.1
396693	408047	4345634	4334288	11355	11347	97.95	5577357	4731052	0.20	0.24	NC_030987.1	NC_072843.1
408161	417102	4334169	4325240	8942	8930	98.56	5577357	4731052	0.16	0.19	NC_030987.1	NC_072843.1
417280	464857	4325047	4277467	47578	47581	98.57	5577357	4731052	0.85	1.01	NC_030987.1	NC_072843.1
464852	486267	4276486	4255098	21416	21389	96.49	5577357	4731052	0.38	0.45	NC_030987.1	NC_072843.1
486372	487098	4254966	4254242	727	725	92.86	5577357	4731052	0.01	0.02	NC_030987.1	NC_072843.1
487266	521286	4253782	4219749	34021	34034	97.43	5577357	4731052	0.61	0.72	NC_030987.1	NC_072843.1
522110	522425	4218928	4218613	316	316	89.27	5577357	4731052	0.01	0.01	NC_030987.1	NC_072843.1
523127	523551	4217889	4217462	425	428	81.42	5577357	4731052	0.01	0.01	NC_030987.1	NC_072843.1
523770	539525	4217284	4201441	15756	15844	96.57	5577357	4731052	0.28	0.33	NC_030987.1	NC_072843.1
541596	608213	4196662	4130199	66618	66464	97.78	5577357	4731052	1.19	1.40	NC_030987.1	NC_072843.1
614336	621183	4130199	4123353	6848	6847	98.05	5577357	4731052	0.12	0.14	NC_030987.1	NC_072843.1
626536	627162	3155415	3154789	627	627	91.23	5577357	4259108	0.01	0.01	NC_030987.1	NC_072846.1
627310	631721	4121770	4117358	4412	4413	98.57	5577357	4731052	0.08	0.09	NC_030987.1	NC_072843.1
631878	644549	4117229	4104564	12672	12666	97.62	5577357	4731052	0.23	0.27	NC_030987.1	NC_072843.1
644701	646633	4104566	4102645	1933	1922	96.54	5577357	4731052	0.03	0.04	NC_030987.1	NC_072843.1
646845	654323	4102486	4095019	7479	7468	98.16	5577357	4731052	0.13	0.16	NC_030987.1	NC_072843.1
654365	656599	4094848	4092634	2235	2215	92.82	5577357	4731052	0.04	0.05	NC_030987.1	NC_072843.1
659889	660141	4088660	4088408	253	253	92.13	5577357	4731052	0.00	0.01	NC_030987.1	NC_072843.1
660369	666397	4088205	4082178	6029	6028	98.42	5577357	4731052	0.11	0.13	NC_030987.1	NC_072843.1
666750	693913	4082179	4055069	27164	27111	97.26	5577357	4731052	0.49	0.57	NC_030987.1	NC_072843.1
694378	717676	4052767	4029464	23299	23304	98.49	5577357	4731052	0.42	0.49	NC_030987.1	NC_072843.1
717781	752055	4029460	3995169	34275	34292	98.26	5577357	4731052	0.61	0.72	NC_030987.1	NC_072843.1
752046	805482	3995112	3941667	53437	53446	98.72	5577357	4731052	0.96	1.13	NC_030987.1	NC_072843.1
806685	823407	3941671	3924955	16723	16717	98.66	5577357	4731052	0.30	0.35	NC_030987.1	NC_072843.1
823360	831284	3924957	3917034	7925	7924	98.95	5577357	4731052	0.14	0.17	NC_030987.1	NC_072843.1
831430	851288	3916913	3897050	19859	19864	98.88	5577357	4731052	0.36	0.42	NC_030987.1	NC_072843.1
851971	880947	3897023	3868037	28977	28987	98.76	5577357	4731052	0.52	0.61	NC_030987.1	NC_072843.1
880942	904812	3867942	3844078	23871	23865	98.67	5577357	4731052	0.43	0.50	NC_030987.1	NC_072843.1
906025	915787	3844077	3834310	9763	9768	98.86	5577357	4731052	0.18	0.21	NC_030987.1	NC_072843.1
915788	944922	3830948	3801795	29135	29154	98.99	5577357	4731052	0.52	0.62	NC_030987.1	NC_072843.1
945177	996768	3801542	3749914	51592	51629	99.14	5577357	4731052	0.93	1.09	NC_030987.1	NC_072843.1
996767	1010814	3749868	3735829	14048	14040	99.35	5577357	4731052	0.25	0.30	NC_030987.1	NC_072843.1
1011059	1046302	3735834	3700600	35244	35235	99.28	5577357	4731052	0.63	0.74	NC_030987.1	NC_072843.1
1046546	1071864	3700445	3675108	25319	25338	98.86	5577357	4731052	0.45	0.54	NC_030987.1	NC_072843.1
1071862	1072208	3674764	3675110	347	347	98.85	5577357	4731052	0.01	0.01	NC_030987.1	NC_072843.1
1072206	1082321	3674766	3664672	10116	10095	98.85	5577357	4731052	0.18	0.21	NC_030987.1	NC_072843.1
1082841	1095831	3664464	3651447	12991	13018	99.25	5577357	4731052	0.23	0.28	NC_030987.1	NC_072843.1
1097220	1140137	3651448	3608673	42918	42776	98.56	5577357	4731052	0.77	0.90	NC_030987.1	NC_072843.1
1140139	1141658	3605566	3607085	1520	1520	97.83	5577357	4731052	0.03	0.03	NC_030987.1	NC_072843.1
1141658	1142021	3608017	3608399	364	383	90.86	5577357	4731052	0.01	0.01	NC_030987.1	NC_072843.1
1142017	1142175	30420	30262	159	159	93.08	5577357	4731052	0.00	0.00	NC_030987.1	NC_072843.1
1142466	1142745	3608387	3608675	280	289	94.46	5577357	4731052	0.01	0.01	NC_030987.1	NC_072843.1
1142751	1148668	3605568	3599650	5918	5919	99.48	5577357	4731052	0.11	0.13	NC_030987.1	NC_072843.1
1148848	1152637	3599638	3595876	3790	3763	98.24	5577357	4731052	0.07	0.08	NC_030987.1	NC_072843.1
1152687	1185962	3595880	3562701	33276	33180	99.02	5577357	4731052	0.60	0.70	NC_030987.1	NC_072843.1
1186119	1254407	3562567	3494299	68289	68269	99.25	5577357	4731052	1.22	1.44	NC_030987.1	NC_072843.1
1254809	1259635	3493909	3489085	4827	4825	98.55	5577357	4731052	0.09	0.10	NC_030987.1	NC_072843.1
1259823	1269882	3488915	3478857	10060	10059	99.28	5577357	4731052	0.18	0.21	NC_030987.1	NC_072843.1
1269875	1304823	3478777	3443860	34949	34918	99.13	5577357	4731052	0.63	0.74	NC_030987.1	NC_072843.1
1304818	1304971	3443714	3443867	154	154	94.16	5577357	4731052	0.00	0.00	NC_030987.1	NC_072843.1
1304964	1305555	3443719	3443127	592	593	97.81	5577357	4731052	0.01	0.01	NC_030987.1	NC_072843.1
1306470	1361102	3443129	3388566	54633	54564	98.69	5577357	4731052	0.98	1.15	NC_030987.1	NC_072843.1
1361359	1363687	3388371	3386039	2329	2333	98.76	5577357	4731052	0.04	0.05	NC_030987.1	NC_072843.1
1365393	1403852	3385614	3347183	38460	38432	98.92	5577357	4731052	0.69	0.81	NC_030987.1	NC_072843.1
1404492	1438122	3346737	3313154	33631	33584	99.17	5577357	4731052	0.60	0.71	NC_030987.1	NC_072843.1
1438058	1458993	3313159	3292262	20936	20898	98.07	5577357	4731052	0.38	0.44	NC_030987.1	NC_072843.1
1459227	1472754	3292061	3278525	13528	13537	98.93	5577357	4731052	0.24	0.29	NC_030987.1	NC_072843.1
1474080	1510983	3278539	3241635	36904	36905	99.23	5577357	4731052	0.66	0.78	NC_030987.1	NC_072843.1
1512012	1522998	3211403	3200483	10987	10921	98.76	5577357	4731052	0.20	0.23	NC_030987.1	NC_072843.1
1523951	1538229	3199354	3185137	14279	14218	98.50	5577357	4731052	0.26	0.30	NC_030987.1	NC_072843.1
1538257	1595838	3185163	3127538	57582	57626	98.90	5577357	4731052	1.03	1.22	NC_030987.1	NC_072843.1
1595808	1597438	3127796	3126166	1631	1631	97.85	5577357	4731052	0.03	0.03	NC_030987.1	NC_072843.1
1597593	1606735	3126040	3116894	9143	9147	99.41	5577357	4731052	0.16	0.19	NC_030987.1	NC_072843.1
1606990	1637135	3116372	3086243	30146	30130	98.80	5577357	4731052	0.54	0.64	NC_030987.1	NC_072843.1
1637281	1651813	3086235	3071707	14533	14529	98.89	5577357	4731052	0.26	0.31	NC_030987.1	NC_072843.1
1652141	1669146	3071715	3054695	17006	17021	98.84	5577357	4731052	0.30	0.36	NC_030987.1	NC_072843.1
1669336	1690980	3054701	3033007	21645	21695	98.82	5577357	4731052	0.39	0.46	NC_030987.1	NC_072843.1
1691081	1702802	3033001	3021284	11722	11718	98.88	5577357	4731052	0.21	0.25	NC_030987.1	NC_072843.1
1702826	1741694	3021295	2982386	38869	38910	98.75	5577357	4731052	0.70	0.82	NC_030987.1	NC_072843.1
1741979	1770495	2982248	2953691	28517	28558	99.29	5577357	4731052	0.51	0.60	NC_030987.1	NC_072843.1
1770900	1771036	3607358	3607230	137	129	88.32	5577357	4731052	0.00	0.00	NC_030987.1	NC_072843.1
1771343	1771932	3229797	3229214	590	584	94.58	5577357	4731052	0.01	0.01	NC_030987.1	NC_072843.1
1771931	1772485	3224569	3224016	555	554	94.05	5577357	4731052	0.01	0.01	NC_030987.1	NC_072843.1
1773268	1773547	3215735	3216014	280	280	89.64	5577357	4731052	0.01	0.01	NC_030987.1	NC_072843.1
1773951	1774450	3217563	3218058	500	496	83.75	5577357	4731052	0.01	0.01	NC_030987.1	NC_072843.1
1779083	1850871	2953481	2881687	71789	71795	99.29	5577357	4731052	1.29	1.52	NC_030987.1	NC_072843.1
1851043	1857185	2881531	2875398	6143	6134	98.70	5577357	4731052	0.11	0.13	NC_030987.1	NC_072843.1
1857298	2029157	2875269	2703452	171860	171818	99.32	5577357	4731052	3.08	3.63	NC_030987.1	NC_072843.1
2029319	2070892	2703305	2661753	41574	41553	99.30	5577357	4731052	0.75	0.88	NC_030987.1	NC_072843.1
2071109	2073353	2661691	2659443	2245	2249	99.33	5577357	4731052	0.04	0.05	NC_030987.1	NC_072843.1
2075235	2146037	2657541	2586788	70803	70754	99.38	5577357	4731052	1.27	1.50	NC_030987.1	NC_072843.1
2146179	2152511	2586692	2580357	6333	6336	99.37	5577357	4731052	0.11	0.13	NC_030987.1	NC_072843.1
2152775	2153172	2580111	2579706	398	406	97.29	5577357	4731052	0.01	0.01	NC_030987.1	NC_072843.1
2153640	2174767	2579219	2558086	21128	21134	99.10	5577357	4731052	0.38	0.45	NC_030987.1	NC_072843.1
2174913	2196626	2557953	2536240	21714	21714	99.15	5577357	4731052	0.39	0.46	NC_030987.1	NC_072843.1
2196796	2216126	2536073	2516749	19331	19325	99.57	5577357	4731052	0.35	0.41	NC_030987.1	NC_072843.1
2216249	2220237	2516644	2512658	3989	3987	99.50	5577357	4731052	0.07	0.08	NC_030987.1	NC_072843.1
2220826	2225872	2512162	2507121	5047	5042	98.79	5577357	4731052	0.09	0.11	NC_030987.1	NC_072843.1
2226040	2230918	2506981	2502118	4879	4864	98.91	5577357	4731052	0.09	0.10	NC_030987.1	NC_072843.1
2231305	2272178	2501797	2460929	40874	40869	98.94	5577357	4731052	0.73	0.86	NC_030987.1	NC_072843.1
2273565	2339376	2460932	2395088	65812	65845	98.96	5577357	4731052	1.18	1.39	NC_030987.1	NC_072843.1
2339581	2368977	2394910	2365483	29397	29428	98.44	5577357	4731052	0.53	0.62	NC_030987.1	NC_072843.1
2369160	2424776	2365345	2309753	55617	55593	99.08	5577357	4731052	1.00	1.18	NC_030987.1	NC_072843.1
2425071	2430646	2309577	2304004	5576	5574	99.46	5577357	4731052	0.10	0.12	NC_030987.1	NC_072843.1
2430816	2515623	2304009	2219174	84808	84836	99.25	5577357	4731052	1.52	1.79	NC_030987.1	NC_072843.1
2516055	2538185	2218915	2196783	22131	22133	99.36	5577357	4731052	0.40	0.47	NC_030987.1	NC_072843.1
2538637	2542109	2196407	2192927	3473	3481	99.57	5577357	4731052	0.06	0.07	NC_030987.1	NC_072843.1
2542663	2572681	2192448	2162406	30019	30043	99.33	5577357	4731052	0.54	0.64	NC_030987.1	NC_072843.1
2573658	2585234	2161920	2150356	11577	11565	99.20	5577357	4731052	0.21	0.24	NC_030987.1	NC_072843.1
2585436	2628186	2150184	2107512	42751	42673	99.10	5577357	4731052	0.77	0.90	NC_030987.1	NC_072843.1
2629067	2645700	2106690	2090059	16634	16632	99.62	5577357	4731052	0.30	0.35	NC_030987.1	NC_072843.1
2645801	2657023	2090052	2078821	11223	11232	99.49	5577357	4731052	0.20	0.24	NC_030987.1	NC_072843.1
2658024	2669555	2035724	2024204	11532	11521	99.50	5577357	4731052	0.21	0.24	NC_030987.1	NC_072843.1
2669797	2697569	2023966	1996210	27773	27757	99.14	5577357	4731052	0.50	0.59	NC_030987.1	NC_072843.1
2698152	2730664	1995834	1963346	32513	32489	99.20	5577357	4731052	0.58	0.69	NC_030987.1	NC_072843.1
2730765	2749942	1963212	1944026	19178	19187	99.13	5577357	4731052	0.34	0.41	NC_030987.1	NC_072843.1
2751837	2802246	1944011	1893618	50410	50394	99.04	5577357	4731052	0.90	1.07	NC_030987.1	NC_072843.1
2802229	2840848	1893511	1854915	38620	38597	99.09	5577357	4731052	0.69	0.82	NC_030987.1	NC_072843.1
2841505	2870355	1854928	1826103	28851	28826	99.27	5577357	4731052	0.52	0.61	NC_030987.1	NC_072843.1
2870353	2888617	1825005	1806737	18265	18269	99.43	5577357	4731052	0.33	0.39	NC_030987.1	NC_072843.1
2888817	2899928	1806747	1795655	11112	11093	99.33	5577357	4731052	0.20	0.23	NC_030987.1	NC_072843.1
2900388	2950075	1795314	1745627	49688	49688	99.54	5577357	4731052	0.89	1.05	NC_030987.1	NC_072843.1
2950371	2977376	1745400	1718338	27006	27063	99.16	5577357	4731052	0.48	0.57	NC_030987.1	NC_072843.1
2977649	2982983	1718148	1712814	5335	5335	99.51	5577357	4731052	0.10	0.11	NC_030987.1	NC_072843.1
2983084	2986659	1712700	1709125	3576	3576	99.66	5577357	4731052	0.06	0.08	NC_030987.1	NC_072843.1
2986766	2995472	1709028	1700322	8707	8707	99.49	5577357	4731052	0.16	0.18	NC_030987.1	NC_072843.1
2995602	3067898	1700197	1627929	72297	72269	99.36	5577357	4731052	1.30	1.53	NC_030987.1	NC_072843.1
3069138	3087055	1626889	1608971	17918	17919	98.85	5577357	4731052	0.32	0.38	NC_030987.1	NC_072843.1
3087615	3107255	1608657	1588983	19641	19675	98.54	5577357	4731052	0.35	0.42	NC_030987.1	NC_072843.1
3107355	3111930	1588878	1584305	4576	4574	99.10	5577357	4731052	0.08	0.10	NC_030987.1	NC_072843.1
3114863	3190036	1584321	1509321	75174	75001	98.96	5577357	4731052	1.35	1.59	NC_030987.1	NC_072843.1
3190052	3288908	1509344	1410424	98857	98921	98.98	5577357	4731052	1.77	2.09	NC_030987.1	NC_072843.1
3289212	3311835	1410274	1387658	22624	22617	99.27	5577357	4731052	0.41	0.48	NC_030987.1	NC_072843.1
3311833	3335966	1387292	1363163	24134	24130	99.05	5577357	4731052	0.43	0.51	NC_030987.1	NC_072843.1
3336631	3353681	1363176	1346132	17051	17045	99.06	5577357	4731052	0.31	0.36	NC_030987.1	NC_072843.1
3354270	3381450	1345246	1318132	27181	27115	99.14	5577357	4731052	0.49	0.57	NC_030987.1	NC_072843.1
3381745	3403931	1317981	1295811	22187	22171	99.28	5577357	4731052	0.40	0.47	NC_030987.1	NC_072843.1
3403920	3449962	1295879	1249830	46043	46050	99.20	5577357	4731052	0.83	0.97	NC_030987.1	NC_072843.1
3449844	3475442	1249833	1224166	25599	25668	98.86	5577357	4731052	0.46	0.54	NC_030987.1	NC_072843.1
3475718	3520246	1223853	1179300	44529	44554	99.27	5577357	4731052	0.80	0.94	NC_030987.1	NC_072843.1
3520475	3576624	1179084	1122951	56150	56134	98.69	5577357	4731052	1.01	1.19	NC_030987.1	NC_072843.1
3576780	3639219	1122796	1060344	62440	62453	99.13	5577357	4731052	1.12	1.32	NC_030987.1	NC_072843.1
3639344	3743849	1060221	955720	104506	104502	99.21	5577357	4731052	1.87	2.21	NC_030987.1	NC_072843.1
3744058	3756458	955525	943112	12401	12414	99.33	5577357	4731052	0.22	0.26	NC_030987.1	NC_072843.1
3756625	3775910	943024	923726	19286	19299	98.80	5577357	4731052	0.35	0.41	NC_030987.1	NC_072843.1
3777190	3793801	922474	905832	16612	16643	99.11	5577357	4731052	0.30	0.35	NC_030987.1	NC_072843.1
3793794	3818866	905655	880596	25073	25060	99.32	5577357	4731052	0.45	0.53	NC_030987.1	NC_072843.1
3818973	3895057	880589	804527	76085	76063	99.11	5577357	4731052	1.36	1.61	NC_030987.1	NC_072843.1
3895520	3928972	804186	770721	33453	33466	99.02	5577357	4731052	0.60	0.71	NC_030987.1	NC_072843.1
3929335	3965835	770464	733988	36501	36477	98.98	5577357	4731052	0.65	0.77	NC_030987.1	NC_072843.1
3966090	3972261	733758	727561	6172	6198	99.23	5577357	4731052	0.11	0.13	NC_030987.1	NC_072843.1
3972562	3976581	727412	723401	4020	4012	98.66	5577357	4731052	0.07	0.08	NC_030987.1	NC_072843.1
3976818	4033039	723259	667046	56222	56214	98.73	5577357	4731052	1.01	1.19	NC_030987.1	NC_072843.1
4033457	4051843	666652	648261	18387	18392	98.92	5577357	4731052	0.33	0.39	NC_030987.1	NC_072843.1
4051432	4109662	648786	590571	58231	58216	98.76	5577357	4731052	1.04	1.23	NC_030987.1	NC_072843.1
4110367	4126214	590572	574763	15848	15810	98.29	5577357	4731052	0.28	0.33	NC_030987.1	NC_072843.1
4126251	4175546	574765	525465	49296	49301	98.55	5577357	4731052	0.88	1.04	NC_030987.1	NC_072843.1
4182326	4192974	519791	509155	10649	10637	97.83	5577357	4731052	0.19	0.22	NC_030987.1	NC_072843.1
4192973	4265897	506967	434011	72925	72957	98.33	5577357	4731052	1.31	1.54	NC_030987.1	NC_072843.1
4265896	4274218	433820	425511	8323	8310	97.65	5577357	4731052	0.15	0.18	NC_030987.1	NC_072843.1
4274989	4277904	425510	422585	2916	2926	93.12	5577357	4731052	0.05	0.06	NC_030987.1	NC_072843.1
4277982	4278402	422741	422321	421	421	97.86	5577357	4731052	0.01	0.01	NC_030987.1	NC_072843.1
4278402	4289048	422124	411499	10647	10626	97.95	5577357	4731052	0.19	0.22	NC_030987.1	NC_072843.1
4296296	4301616	510249	515567	5321	5319	84.95	5577357	3716460	0.10	0.14	NC_030987.1	NC_072847.1
4302579	4302692	1478524	1478637	114	114	96.49	5577357	4259108	0.00	0.00	NC_030987.1	NC_072846.1
4302959	4303478	76938	77457	520	520	91.75	5577357	5151772	0.01	0.01	NC_030987.1	NC_072842.1
4303634	4304245	148090	147480	612	611	91.21	5577357	3716460	0.01	0.02	NC_030987.1	NC_072847.1
4304242	4306606	411500	409146	2365	2355	95.73	5577357	4731052	0.04	0.05	NC_030987.1	NC_072843.1
4307209	4309521	400018	402239	2313	2222	88.86	5577357	4731052	0.04	0.05	NC_030987.1	NC_072843.1
4309828	4312826	404134	407122	2999	2989	88.01	5577357	4731052	0.05	0.06	NC_030987.1	NC_072843.1
4328092	4365648	399426	361879	37557	37548	97.85	5577357	4731052	0.67	0.79	NC_030987.1	NC_072843.1
4365640	4371455	361791	355985	5816	5807	97.67	5577357	4731052	0.10	0.12	NC_030987.1	NC_072843.1
4371608	4386813	355968	340723	15206	15246	98.23	5577357	4731052	0.27	0.32	NC_030987.1	NC_072843.1
4386817	4439837	339392	286366	53021	53027	98.97	5577357	4731052	0.95	1.12	NC_030987.1	NC_072843.1
4439837	4446345	285972	279471	6509	6502	98.25	5577357	4731052	0.12	0.14	NC_030987.1	NC_072843.1
4446383	4452159	279474	273730	5777	5745	96.20	5577357	4731052	0.10	0.12	NC_030987.1	NC_072843.1
4452405	4455673	273464	270181	3269	3284	96.45	5577357	4731052	0.06	0.07	NC_030987.1	NC_072843.1
4455858	4458878	270016	266996	3021	3021	98.25	5577357	4731052	0.05	0.06	NC_030987.1	NC_072843.1
4459638	4462219	267003	264431	2582	2573	96.71	5577357	4731052	0.05	0.05	NC_030987.1	NC_072843.1
4462346	4478995	264294	247649	16650	16646	98.79	5577357	4731052	0.30	0.35	NC_030987.1	NC_072843.1
4479095	4481769	247475	244804	2675	2672	98.80	5577357	4731052	0.05	0.06	NC_030987.1	NC_072843.1
4482454	4485917	244711	241246	3464	3466	96.42	5577357	4731052	0.06	0.07	NC_030987.1	NC_072843.1
4486347	4490707	241249	236895	4361	4355	98.69	5577357	4731052	0.08	0.09	NC_030987.1	NC_072843.1
4490707	4496571	236769	230850	5865	5920	96.69	5577357	4731052	0.11	0.13	NC_030987.1	NC_072843.1
4497140	4498656	230849	229334	1517	1516	97.36	5577357	4731052	0.03	0.03	NC_030987.1	NC_072843.1
4498717	4500520	229393	227596	1804	1798	97.29	5577357	4731052	0.03	0.04	NC_030987.1	NC_072843.1
4500881	4501650	227389	226620	770	770	97.79	5577357	4731052	0.01	0.02	NC_030987.1	NC_072843.1
4514476	4519591	226622	221496	5116	5127	91.84	5577357	4731052	0.09	0.11	NC_030987.1	NC_072843.1
4520234	4521077	221509	220622	844	888	89.46	5577357	4731052	0.02	0.02	NC_030987.1	NC_072843.1
4536663	4542779	191166	197248	6117	6083	97.08	5577357	4731052	0.11	0.13	NC_030987.1	NC_072843.1
4543547	4554716	197218	208401	11170	11184	97.84	5577357	4731052	0.20	0.24	NC_030987.1	NC_072843.1
4554716	4566484	208586	220356	11769	11771	97.99	5577357	4731052	0.21	0.25	NC_030987.1	NC_072843.1
4567996	4568775	80242	81000	780	759	87.24	5577357	6487135	0.01	0.01	NC_030987.1	NC_072840.1
4568448	4568796	477078	477429	349	352	86.97	5577357	5611497	0.01	0.01	NC_030987.1	NC_072841.1
4573765	4598060	188930	164627	24296	24304	98.33	5577357	4731052	0.44	0.51	NC_030987.1	NC_072843.1
4597837	4606408	164964	156397	8572	8568	98.33	5577357	4731052	0.15	0.18	NC_030987.1	NC_072843.1
4612196	4612538	156396	156054	343	343	97.38	5577357	4731052	0.01	0.01	NC_030987.1	NC_072843.1
4612750	4644667	156060	124183	31918	31878	97.66	5577357	4731052	0.57	0.67	NC_030987.1	NC_072843.1
4644669	4644773	124080	124183	105	104	95.24	5577357	4731052	0.00	0.00	NC_030987.1	NC_072843.1
4644770	4661986	124081	106773	17217	17309	95.85	5577357	4731052	0.31	0.37	NC_030987.1	NC_072843.1
4662846	4696362	105950	72436	33517	33515	98.45	5577357	4731052	0.60	0.71	NC_030987.1	NC_072843.1
4696365	4696701	72045	72379	337	335	84.02	5577357	4731052	0.01	0.01	NC_030987.1	NC_072843.1
4697338	4697639	72044	71744	302	301	94.70	5577357	4731052	0.01	0.01	NC_030987.1	NC_072843.1
4697641	4717956	70123	49783	20316	20341	97.39	5577357	4731052	0.36	0.43	NC_030987.1	NC_072843.1
4722143	4722880	34692	35429	738	738	80.92	5577357	4300638	0.01	0.02	NC_030987.1	NC_072845.1
4903177	4906455	5044927	5048275	3279	3349	89.68	5577357	5151772	0.06	0.07	NC_030987.1	NC_072842.1
4906358	4906692	2876072	2875738	335	335	93.45	5577357	2893631	0.01	0.01	NC_030987.1	NC_072849.1
4907144	4909090	1405153	1407100	1947	1948	88.82	5577357	4259108	0.03	0.05	NC_030987.1	NC_072846.1
4916673	4919960	2208595	2205314	3288	3282	94.06	5577357	4259108	0.06	0.08	NC_030987.1	NC_072846.1
4919608	4920329	2011624	2010903	722	722	94.32	5577357	4259108	0.01	0.02	NC_030987.1	NC_072846.1
4935608	4936059	1365199	1365649	452	451	83.01	5577357	4259108	0.01	0.01	NC_030987.1	NC_072846.1
4938548	4940421	3371592	3373465	1874	1874	92.16	5577357	4259108	0.03	0.04	NC_030987.1	NC_072846.1
4940624	4941003	585974	586353	380	380	91.32	5577357	4259108	0.01	0.01	NC_030987.1	NC_072846.1
4941333	4944361	2691484	2688441	3029	3044	87.89	5577357	4259108	0.05	0.07	NC_030987.1	NC_072846.1
4984754	4985950	2435274	2434062	1197	1213	88.88	5577357	4259108	0.02	0.03	NC_030987.1	NC_072846.1
4988719	4990753	2430221	2428186	2035	2036	95.85	5577357	4259108	0.04	0.05	NC_030987.1	NC_072846.1
4993016	4994590	2693116	2694697	1575	1582	93.18	5577357	4259108	0.03	0.04	NC_030987.1	NC_072846.1
5007146	5007685	1503625	1503088	540	538	89.07	5577357	4259108	0.01	0.01	NC_030987.1	NC_072846.1
5007742	5008486	376137	375357	745	781	91.17	5577357	4259108	0.01	0.02	NC_030987.1	NC_072846.1
5008529	5008755	627790	628016	227	227	96.04	5577357	4259108	0.00	0.01	NC_030987.1	NC_072846.1
5010627	5010804	28779	28957	178	179	89.39	5577357	2853886	0.00	0.01	NC_030987.1	NC_072850.1
5010636	5010851	754600	754383	216	218	88.53	5577357	4259108	0.00	0.01	NC_030987.1	NC_072846.1
5010853	5021391	3470900	3460337	10539	10564	95.57	5577357	4259108	0.19	0.25	NC_030987.1	NC_072846.1
5052665	5054619	2512355	2514312	1955	1958	94.38	5577357	4259108	0.04	0.05	NC_030987.1	NC_072846.1
5053807	5054619	1858232	1857416	813	817	87.41	5577357	4259108	0.01	0.02	NC_030987.1	NC_072846.1
5057488	5057706	4498459	4498676	219	218	90.91	5577357	4523040	0.00	0.00	NC_030987.1	NC_072844.1
5060089	5061922	4143510	4145338	1834	1829	92.54	5577357	4259108	0.03	0.04	NC_030987.1	NC_072846.1
5086093	5091414	497345	492015	5322	5331	95.97	5577357	4259108	0.10	0.13	NC_030987.1	NC_072846.1
5092252	5099060	489982	483184	6809	6799	95.14	5577357	4259108	0.12	0.16	NC_030987.1	NC_072846.1
5110316	5117488	1121813	1114611	7173	7203	94.47	5577357	4259108	0.13	0.17	NC_030987.1	NC_072846.1
5126670	5127129	3175891	3175431	460	461	76.76	5577357	4259108	0.01	0.01	NC_030987.1	NC_072846.1
5144057	5145405	89235	90578	1349	1344	89.55	5577357	2853886	0.02	0.05	NC_030987.1	NC_072850.1
5145720	5147996	90892	93181	2277	2290	88.54	5577357	2853886	0.04	0.08	NC_030987.1	NC_072850.1
5146470	5148159	6377999	6379694	1690	1696	82.58	5577357	6487135	0.03	0.03	NC_030987.1	NC_072840.1
5148071	5148688	590644	590027	618	618	96.60	5577357	4259108	0.01	0.01	NC_030987.1	NC_072846.1
5148682	5149957	589832	588558	1276	1275	98.35	5577357	4259108	0.02	0.03	NC_030987.1	NC_072846.1
5150339	5150969	588559	587929	631	631	97.94	5577357	4259108	0.01	0.01	NC_030987.1	NC_072846.1
5163567	5165739	1073933	1076097	2173	2165	90.08	5577357	4259108	0.04	0.05	NC_030987.1	NC_072846.1
5175586	5178445	2320207	2317349	2860	2859	93.36	5577357	4259108	0.05	0.07	NC_030987.1	NC_072846.1
5191744	5193349	4070944	4069365	1606	1580	92.67	5577357	4259108	0.03	0.04	NC_030987.1	NC_072846.1
5193545	5193894	4069362	4069012	350	351	93.45	5577357	4259108	0.01	0.01	NC_030987.1	NC_072846.1
5195695	5195887	213597	213789	193	193	99.48	5577357	2853886	0.00	0.01	NC_030987.1	NC_072850.1
5195922	5196330	1392711	1393119	409	409	91.71	5577357	4259108	0.01	0.01	NC_030987.1	NC_072846.1
5196337	5196463	351978	351852	127	127	92.13	5577357	4259108	0.00	0.00	NC_030987.1	NC_072846.1
5198895	5201181	4185741	4183471	2287	2271	94.02	5577357	4259108	0.04	0.05	NC_030987.1	NC_072846.1
5204167	5204504	4071472	4071806	338	335	82.35	5577357	4259108	0.01	0.01	NC_030987.1	NC_072846.1
5206730	5207710	2715260	2714280	981	981	98.17	5577357	4259108	0.02	0.02	NC_030987.1	NC_072846.1
5211683	5211932	4506549	4506800	250	252	84.52	5577357	4523040	0.00	0.01	NC_030987.1	NC_072844.1
5212138	5212723	3498764	3498179	586	586	90.03	5577357	4259108	0.01	0.01	NC_030987.1	NC_072846.1
5219851	5220436	4508842	4509427	586	586	88.74	5577357	4523040	0.01	0.01	NC_030987.1	NC_072844.1
5221915	5222066	1223852	1224002	152	151	90.13	5577357	4259108	0.00	0.00	NC_030987.1	NC_072846.1
5224879	5225032	2746596	2746749	154	154	90.91	5577357	4259108	0.00	0.00	NC_030987.1	NC_072846.1
5227790	5228125	223326	223666	336	341	89.80	5577357	2853886	0.01	0.01	NC_030987.1	NC_072850.1
5228724	5229106	2876133	2876512	383	380	89.30	5577357	2893631	0.01	0.01	NC_030987.1	NC_072849.1
5232799	5233072	340704	340431	274	274	95.99	5577357	4731052	0.00	0.01	NC_030987.1	NC_072843.1
5236727	5236933	3989788	3989992	207	205	89.37	5577357	4259108	0.00	0.00	NC_030987.1	NC_072846.1
5244631	5244964	3947441	3947773	334	333	82.99	5577357	4259108	0.01	0.01	NC_030987.1	NC_072846.1
5245167	5246461	1980528	1979226	1295	1303	94.79	5577357	4259108	0.02	0.03	NC_030987.1	NC_072846.1
5252725	5254640	6400769	6402685	1916	1917	81.22	5577357	6487135	0.03	0.03	NC_030987.1	NC_072840.1
5282481	5282982	5065476	5065984	502	509	83.82	5577357	5151772	0.01	0.01	NC_030987.1	NC_072842.1
5282999	5283188	3975217	3975029	190	189	91.05	5577357	4259108	0.00	0.00	NC_030987.1	NC_072846.1
5302336	5302493	5604947	5604695	158	253	62.45	5577357	5611497	0.00	0.00	NC_030987.1	NC_072841.1
5302336	5302431	5605066	5604971	96	96	100.00	5577357	5611497	0.00	0.00	NC_030987.1	NC_072841.1
5304154	5304539	5601562	5601177	386	386	95.60	5577357	5611497	0.01	0.01	NC_030987.1	NC_072841.1
5304532	5305026	4516502	4516022	495	481	88.96	5577357	4523040	0.01	0.01	NC_030987.1	NC_072844.1
5308297	5310183	14157	16047	1887	1891	82.90	5577357	4523040	0.03	0.04	NC_030987.1	NC_072844.1
5310475	5311084	222366	221757	610	610	92.46	5577357	6487135	0.01	0.01	NC_030987.1	NC_072840.1
5311080	5312338	213732	212474	1259	1259	92.06	5577357	6487135	0.02	0.02	NC_030987.1	NC_072840.1
5312584	5312836	3055430	3055178	253	253	88.14	5577357	4259108	0.00	0.01	NC_030987.1	NC_072846.1
5313365	5314683	925543	926859	1319	1317	87.48	5577357	4259108	0.02	0.03	NC_030987.1	NC_072846.1
5314208	5315378	1895082	1896239	1171	1158	93.61	5577357	4259108	0.02	0.03	NC_030987.1	NC_072846.1
5315373	5317565	1896698	1898895	2193	2198	97.18	5577357	4259108	0.04	0.05	NC_030987.1	NC_072846.1
5319293	5319802	705585	706095	510	511	97.06	5577357	4259108	0.01	0.01	NC_030987.1	NC_072846.1
5321479	5321920	4750382	4749939	442	444	93.56	5577357	6487135	0.01	0.01	NC_030987.1	NC_072840.1
5323430	5329265	375359	369517	5836	5843	98.97	5577357	4259108	0.10	0.14	NC_030987.1	NC_072846.1
5340809	5340927	1843224	1843106	119	119	90.83	5577357	4259108	0.00	0.00	NC_030987.1	NC_072846.1
5351865	5352034	2461277	2461446	170	170	95.29	5577357	4259108	0.00	0.00	NC_030987.1	NC_072846.1
5360758	5365051	2582997	2587202	4294	4206	88.60	5577357	4259108	0.08	0.10	NC_030987.1	NC_072846.1
5365055	5371193	2588001	2594137	6139	6137	88.62	5577357	4259108	0.11	0.14	NC_030987.1	NC_072846.1
5371184	5371435	2596708	2596959	252	252	99.60	5577357	4259108	0.00	0.01	NC_030987.1	NC_072846.1
5371687	5372049	2597119	2597481	363	363	92.84	5577357	4259108	0.01	0.01	NC_030987.1	NC_072846.1
5371772	5374174	2597960	2600364	2403	2405	96.34	5577357	4259108	0.04	0.06	NC_030987.1	NC_072846.1
5381332	5384190	2822165	2819310	2859	2856	79.43	5577357	2853886	0.05	0.10	NC_030987.1	NC_072850.1
5388525	5388817	361061	361353	293	293	93.86	5577357	3716460	0.01	0.01	NC_030987.1	NC_072847.1
5401272	5401693	296425	296847	422	423	84.91	5577357	2552985	0.01	0.02	NC_030987.1	NC_072851.1
5401691	5403449	259646	257889	1759	1758	86.53	5577357	4523040	0.03	0.04	NC_030987.1	NC_072844.1
5402311	5404320	5266838	5268844	2010	2007	85.09	5577357	5611497	0.04	0.04	NC_030987.1	NC_072841.1
5413057	5413244	3078775	3078962	188	188	96.81	5577357	4259108	0.00	0.00	NC_030987.1	NC_072846.1
5414131	5414800	119751	119082	670	670	93.44	5577357	4300638	0.01	0.02	NC_030987.1	NC_072845.1
5422946	5425423	435466	437943	2478	2478	83.01	5577357	4300638	0.04	0.06	NC_030987.1	NC_072845.1
5427725	5428103	3040031	3039654	379	378	95.51	5577357	3277645	0.01	0.01	NC_030987.1	NC_072848.1
5451531	5457516	17275	23254	5986	5980	99.13	5577357	4731052	0.11	0.13	NC_030987.1	NC_072843.1
5463544	5464281	3161975	3162716	738	742	93.55	5577357	4259108	0.01	0.02	NC_030987.1	NC_072846.1
5467056	5469911	3723250	3726106	2856	2857	92.77	5577357	4259108	0.05	0.07	NC_030987.1	NC_072846.1
5483608	5484041	2422058	2422489	434	432	93.32	5577357	4259108	0.01	0.01	NC_030987.1	NC_072846.1
5488667	5488816	4209389	4209240	150	150	94.67	5577357	4259108	0.00	0.00	NC_030987.1	NC_072846.1
5500487	5505164	13380	18057	4678	4678	99.96	5577357	4731052	0.08	0.10	NC_030987.1	NC_072843.1
17191	19745	322026	324579	2555	2554	99.10	5634991	4259108	0.05	0.06	NC_030988.1	NC_072846.1
19938	20493	2702638	2703193	556	556	99.10	5634991	4259108	0.01	0.01	NC_030988.1	NC_072846.1
23867	24254	3243856	3243462	388	395	80.00	5634991	3277645	0.01	0.01	NC_030988.1	NC_072848.1
24016	24549	2852454	2851933	534	522	86.14	5634991	2893631	0.01	0.02	NC_030988.1	NC_072849.1
24786	25386	819049	819649	601	601	92.85	5634991	4259108	0.01	0.01	NC_030988.1	NC_072846.1
25486	25591	819657	819762	106	106	98.11	5634991	4259108	0.00	0.00	NC_030988.1	NC_072846.1
30925	31278	2467686	2468046	354	361	90.58	5634991	4259108	0.01	0.01	NC_030988.1	NC_072846.1
31728	31858	2468272	2468401	131	130	92.37	5634991	4259108	0.00	0.00	NC_030988.1	NC_072846.1
33436	34916	1523844	1525333	1481	1490	92.82	5634991	4259108	0.03	0.03	NC_030988.1	NC_072846.1
41674	41871	1772943	1773140	198	198	95.96	5634991	4259108	0.00	0.00	NC_030988.1	NC_072846.1
42941	43382	3021177	3021618	442	442	97.96	5634991	4259108	0.01	0.01	NC_030988.1	NC_072846.1
51906	53534	3531882	3530247	1629	1636	92.91	5634991	4259108	0.03	0.04	NC_030988.1	NC_072846.1
59556	60539	1512008	1512992	984	985	93.20	5634991	4259108	0.02	0.02	NC_030988.1	NC_072846.1
60021	60558	2884687	2884169	538	519	90.91	5634991	4259108	0.01	0.01	NC_030988.1	NC_072846.1
64775	64927	2768820	2768668	153	153	92.16	5634991	4259108	0.00	0.00	NC_030988.1	NC_072846.1
66407	68614	1357090	1354883	2208	2208	95.88	5634991	4259108	0.04	0.05	NC_030988.1	NC_072846.1
137601	137777	3998751	3998922	177	172	91.53	5634991	4259108	0.00	0.00	NC_030988.1	NC_072846.1
172431	173942	32366	33878	1512	1513	84.40	5634991	4300638	0.03	0.04	NC_030988.1	NC_072845.1
176290	178121	4042195	4040365	1832	1831	98.91	5634991	4259108	0.03	0.04	NC_030988.1	NC_072846.1
195524	196213	1475710	1476398	690	689	95.80	5634991	4259108	0.01	0.02	NC_030988.1	NC_072846.1
292141	293150	4405846	4404837	1010	1010	83.47	5634991	6487135	0.02	0.02	NC_030988.1	NC_072840.1
343950	344152	2620421	2620620	203	200	92.65	5634991	4259108	0.00	0.00	NC_030988.1	NC_072846.1
344707	346540	2840639	2842472	1834	1834	96.57	5634991	4259108	0.03	0.04	NC_030988.1	NC_072846.1
404728	404931	685678	685885	204	208	91.83	5634991	6487135	0.00	0.00	NC_030988.1	NC_072840.1
453861	453997	3145228	3145092	137	137	92.70	5634991	4259108	0.00	0.00	NC_030988.1	NC_072846.1
461329	461631	3784188	3783886	303	303	98.02	5634991	4259108	0.01	0.01	NC_030988.1	NC_072846.1
507951	508466	1363763	1364287	516	525	90.86	5634991	4259108	0.01	0.01	NC_030988.1	NC_072846.1
514902	517669	4929035	4931812	2768	2778	88.79	5634991	5151772	0.05	0.05	NC_030988.1	NC_072842.1
517827	517927	1081990	1081890	101	101	97.03	5634991	4259108	0.00	0.00	NC_030988.1	NC_072846.1
521420	521734	3471813	3472129	315	317	98.42	5634991	4259108	0.01	0.01	NC_030988.1	NC_072846.1
523551	526286	859014	856279	2736	2736	97.00	5634991	4259108	0.05	0.06	NC_030988.1	NC_072846.1
526286	527227	3963153	3964094	942	942	99.04	5634991	4259108	0.02	0.02	NC_030988.1	NC_072846.1
529526	530710	194368	193188	1185	1181	87.02	5634991	4259108	0.02	0.03	NC_030988.1	NC_072846.1
530993	532659	192903	191234	1667	1670	85.53	5634991	4259108	0.03	0.04	NC_030988.1	NC_072846.1
545583	545984	818649	819049	402	401	98.51	5634991	4259108	0.01	0.01	NC_030988.1	NC_072846.1
549827	550373	2468299	2467764	547	536	87.77	5634991	4259108	0.01	0.01	NC_030988.1	NC_072846.1
559457	559657	3770103	3770299	201	197	91.54	5634991	4259108	0.00	0.00	NC_030988.1	NC_072846.1
559661	559747	1935000	1934914	87	87	97.70	5634991	4259108	0.00	0.00	NC_030988.1	NC_072846.1
565731	567069	705421	704134	1339	1288	91.82	5634991	4259108	0.02	0.03	NC_030988.1	NC_072846.1
708492	708666	275476	275302	175	175	91.48	5634991	4259108	0.00	0.00	NC_030988.1	NC_072846.1
854618	855127	3624050	3623541	510	510	91.78	5634991	4259108	0.01	0.01	NC_030988.1	NC_072846.1
876790	878729	4063876	4065824	1940	1949	93.95	5634991	4259108	0.03	0.05	NC_030988.1	NC_072846.1
984032	984230	59133	59332	199	200	84.65	5634991	4259108	0.00	0.00	NC_030988.1	NC_072846.1
988683	991405	2622930	2625650	2723	2721	98.94	5634991	4259108	0.05	0.06	NC_030988.1	NC_072846.1
994370	995619	3145228	3146475	1250	1248	92.80	5634991	4259108	0.02	0.03	NC_030988.1	NC_072846.1
996520	996605	3092632	3092547	86	86	98.84	5634991	4259108	0.00	0.00	NC_030988.1	NC_072846.1
997916	997999	2312261	2312178	84	84	100.00	5634991	4259108	0.00	0.00	NC_030988.1	NC_072846.1
997989	998101	3690221	3690333	113	113	95.58	5634991	4259108	0.00	0.00	NC_030988.1	NC_072846.1
1007179	1007394	52272	52052	216	221	89.64	5634991	5611497	0.00	0.00	NC_030988.1	NC_072841.1
1010818	1011050	1602406	1602636	233	231	95.71	5634991	4259108	0.00	0.01	NC_030988.1	NC_072846.1
1011048	1012320	3081287	3082557	1273	1271	97.80	5634991	4259108	0.02	0.03	NC_030988.1	NC_072846.1
1021789	1024845	3099829	3102884	3057	3056	98.95	5634991	4259108	0.05	0.07	NC_030988.1	NC_072846.1
1047986	1048285	3915211	3914913	300	299	93.33	5634991	4259108	0.01	0.01	NC_030988.1	NC_072846.1
1049840	1049983	5350834	5350690	144	145	97.93	5634991	5611497	0.00	0.00	NC_030988.1	NC_072841.1
1107931	1108135	40024	40228	205	205	92.27	5634991	4259108	0.00	0.00	NC_030988.1	NC_072846.1
1254382	1254633	2490009	2490260	252	252	97.22	5634991	4259108	0.00	0.01	NC_030988.1	NC_072846.1
1265311	1265477	875622	875456	167	167	90.42	5634991	2552985	0.00	0.01	NC_030988.1	NC_072851.1
1293276	1293477	197716	197917	202	202	93.07	5634991	3277645	0.00	0.01	NC_030988.1	NC_072848.1
1307966	1308057	2875317	2875408	92	92	100.00	5634991	4259108	0.00	0.00	NC_030988.1	NC_072846.1
1441451	1443127	3304847	3306524	1677	1678	94.46	5634991	5151772	0.03	0.03	NC_030988.1	NC_072842.1
1661088	1661675	15355	14768	588	588	81.42	5634991	6487135	0.01	0.01	NC_030988.1	NC_072840.1
1663971	1664307	2707869	2708205	337	337	85.46	5634991	4259108	0.01	0.01	NC_030988.1	NC_072846.1
1723798	1723899	3142688	3142789	102	102	95.10	5634991	4259108	0.00	0.00	NC_030988.1	NC_072846.1
1760334	1761921	2339449	2337861	1588	1589	96.54	5634991	4259108	0.03	0.04	NC_030988.1	NC_072846.1
1765662	1767523	2164921	2163061	1862	1861	93.88	5634991	4259108	0.03	0.04	NC_030988.1	NC_072846.1
1773855	1775010	2247206	2248361	1156	1156	94.05	5634991	4259108	0.02	0.03	NC_030988.1	NC_072846.1
1775012	1775939	2573349	2572422	928	928	98.38	5634991	4259108	0.02	0.02	NC_030988.1	NC_072846.1
1776043	1776733	2248428	2249124	691	697	90.46	5634991	4259108	0.01	0.02	NC_030988.1	NC_072846.1
1782293	1783099	3519273	3520079	807	807	98.88	5634991	4259108	0.01	0.02	NC_030988.1	NC_072846.1
1792737	1792832	5004329	5004424	96	96	100.00	5634991	5151772	0.00	0.00	NC_030988.1	NC_072842.1
1801369	1801733	2489639	2490002	365	364	93.97	5634991	4259108	0.01	0.01	NC_030988.1	NC_072846.1
1801756	1801906	3270848	3270698	151	151	99.34	5634991	4259108	0.00	0.00	NC_030988.1	NC_072846.1
1801758	1801909	1204018	1204169	152	152	95.39	5634991	4259108	0.00	0.00	NC_030988.1	NC_072846.1
1807773	1807996	3329449	3329226	224	224	99.11	5634991	4259108	0.00	0.01	NC_030988.1	NC_072846.1
1814443	1818426	388977	384964	3984	4014	87.73	5634991	2853886	0.07	0.14	NC_030988.1	NC_072850.1
1831498	1832071	2368471	2369045	574	575	93.91	5634991	4259108	0.01	0.01	NC_030988.1	NC_072846.1
1853049	1854469	2853419	2854835	1421	1417	87.58	5634991	4259108	0.03	0.03	NC_030988.1	NC_072846.1
1859246	1859628	2854834	2855216	383	383	96.87	5634991	4259108	0.01	0.01	NC_030988.1	NC_072846.1
1860423	1860630	2771741	2771534	208	208	92.79	5634991	4259108	0.00	0.00	NC_030988.1	NC_072846.1
1889140	1891423	2497137	2499413	2284	2277	94.84	5634991	2552985	0.04	0.09	NC_030988.1	NC_072851.1
1897590	1899225	2458214	2456591	1636	1624	96.70	5634991	4259108	0.03	0.04	NC_030988.1	NC_072846.1
1921689	1922403	575201	574487	715	715	99.58	5634991	4259108	0.01	0.02	NC_030988.1	NC_072846.1
1924590	1925135	351697	352240	546	544	85.19	5634991	3716460	0.01	0.01	NC_030988.1	NC_072847.1
1938032	1940288	2482312	2484558	2257	2247	84.62	5634991	2552985	0.04	0.09	NC_030988.1	NC_072851.1
1946793	1947073	3680157	3679878	281	280	87.23	5634991	4259108	0.00	0.01	NC_030988.1	NC_072846.1
1947870	1949315	3611805	3613262	1446	1458	97.81	5634991	4259108	0.03	0.03	NC_030988.1	NC_072846.1
1948428	1949315	1957935	1958834	888	900	97.56	5634991	4259108	0.02	0.02	NC_030988.1	NC_072846.1
1969030	1971213	3960610	3962793	2184	2184	93.96	5634991	4259108	0.04	0.05	NC_030988.1	NC_072846.1
1971022	1971291	186667	186936	270	270	91.48	5634991	4259108	0.00	0.01	NC_030988.1	NC_072846.1
1987819	1988097	325110	324832	279	279	99.64	5634991	4259108	0.00	0.01	NC_030988.1	NC_072846.1
2004706	2006531	3362207	3360382	1826	1826	99.34	5634991	4259108	0.03	0.04	NC_030988.1	NC_072846.1
2004819	2006559	3333153	3334893	1741	1741	99.43	5634991	4259108	0.03	0.04	NC_030988.1	NC_072846.1
2012719	2019600	196449	203333	6882	6885	98.81	5634991	2853886	0.12	0.24	NC_030988.1	NC_072850.1
2021344	2023307	984940	982980	1964	1961	97.10	5634991	4259108	0.03	0.05	NC_030988.1	NC_072846.1
2024896	2025157	972959	972698	262	262	96.56	5634991	4259108	0.00	0.01	NC_030988.1	NC_072846.1
2024897	2025165	2511716	2511985	269	270	92.96	5634991	4259108	0.00	0.01	NC_030988.1	NC_072846.1
2042109	2042445	3569704	3569368	337	337	91.99	5634991	3716460	0.01	0.01	NC_030988.1	NC_072847.1
2108089	2108770	3739386	3738696	682	691	80.09	5634991	4259108	0.01	0.02	NC_030988.1	NC_072846.1
2114197	2116927	2571822	2569064	2731	2759	92.92	5634991	4259108	0.05	0.06	NC_030988.1	NC_072846.1
2128379	2128459	84151	84071	81	81	100.00	5634991	4259108	0.00	0.00	NC_030988.1	NC_072846.1
2138099	2138537	1508350	1508790	439	441	97.28	5634991	4259108	0.01	0.01	NC_030988.1	NC_072846.1
2138768	2139764	4233021	4234005	997	985	86.47	5634991	4300638	0.02	0.02	NC_030988.1	NC_072845.1
2152921	2154382	2473138	2474651	1462	1514	88.95	5634991	2552985	0.03	0.06	NC_030988.1	NC_072851.1
2160704	2160895	855289	855479	192	191	99.48	5634991	4259108	0.00	0.00	NC_030988.1	NC_072846.1
2178024	2178271	2463843	2463592	248	252	88.10	5634991	4259108	0.00	0.01	NC_030988.1	NC_072846.1
2216545	2216794	2384004	2383744	250	261	88.93	5634991	4259108	0.00	0.01	NC_030988.1	NC_072846.1
2219038	2219234	2326705	2326901	197	197	97.46	5634991	4259108	0.00	0.00	NC_030988.1	NC_072846.1
2219800	2224352	3644821	3640251	4553	4571	95.80	5634991	4259108	0.08	0.11	NC_030988.1	NC_072846.1
2257232	2258771	2329640	2331181	1540	1542	95.94	5634991	4259108	0.03	0.04	NC_030988.1	NC_072846.1
2267464	2269990	3287059	3289586	2527	2528	91.50	5634991	4259108	0.04	0.06	NC_030988.1	NC_072846.1
2269150	2270020	60451	59577	871	875	80.46	5634991	3277645	0.02	0.03	NC_030988.1	NC_072848.1
2284614	2285877	3530634	3529370	1264	1265	95.18	5634991	4259108	0.02	0.03	NC_030988.1	NC_072846.1
2368039	2368290	2499427	2499173	252	255	89.88	5634991	2552985	0.00	0.01	NC_030988.1	NC_072851.1
2421958	2422195	3161931	3161698	238	234	89.08	5634991	4259108	0.00	0.01	NC_030988.1	NC_072846.1
2439842	2440282	1272690	1273131	441	442	98.42	5634991	4259108	0.01	0.01	NC_030988.1	NC_072846.1
2477938	2478157	2380005	2379786	220	220	98.64	5634991	2893631	0.00	0.01	NC_030988.1	NC_072849.1
2484390	2485669	1409427	1408148	1280	1280	98.67	5634991	4259108	0.02	0.03	NC_030988.1	NC_072846.1
2494621	2494697	586885	586808	77	78	98.72	5634991	4259108	0.00	0.00	NC_030988.1	NC_072846.1
2508783	2509180	805736	806148	398	413	89.10	5634991	4259108	0.01	0.01	NC_030988.1	NC_072846.1
2529307	2533915	3524818	3520207	4609	4612	98.16	5634991	4259108	0.08	0.11	NC_030988.1	NC_072846.1
2631392	2632957	2727876	2729441	1566	1566	95.79	5634991	2853886	0.03	0.05	NC_030988.1	NC_072850.1
2696965	2702174	3828938	3834124	5210	5187	94.22	5634991	4259108	0.09	0.12	NC_030988.1	NC_072846.1
2707687	2709018	2760782	2762111	1332	1330	90.10	5634991	2853886	0.02	0.05	NC_030988.1	NC_072850.1
2718483	2720564	2872543	2870463	2082	2081	98.32	5634991	2893631	0.04	0.07	NC_030988.1	NC_072849.1
2780408	2780855	3487741	3487300	448	442	92.89	5634991	4259108	0.01	0.01	NC_030988.1	NC_072846.1
2791644	2793507	915879	917742	1864	1864	97.37	5634991	4259108	0.03	0.04	NC_030988.1	NC_072846.1
2815978	2817857	153055	154930	1880	1876	96.17	5634991	2853886	0.03	0.07	NC_030988.1	NC_072850.1
2824296	2826129	964031	965864	1834	1834	89.75	5634991	4259108	0.03	0.04	NC_030988.1	NC_072846.1
2824863	2826169	353533	352228	1307	1306	86.95	5634991	4259108	0.02	0.03	NC_030988.1	NC_072846.1
2849607	2849766	209345	209502	160	158	95.62	5634991	4259108	0.00	0.00	NC_030988.1	NC_072846.1
2863177	2864108	2830370	2829454	932	917	77.45	5634991	2893631	0.02	0.03	NC_030988.1	NC_072849.1
2904732	2904967	2809337	2809572	236	236	94.07	5634991	2893631	0.00	0.01	NC_030988.1	NC_072849.1
2905110	2905260	2696149	2696299	151	151	98.01	5634991	4259108	0.00	0.00	NC_030988.1	NC_072846.1
2976002	2977461	1843953	1845412	1460	1460	98.01	5634991	4259108	0.03	0.03	NC_030988.1	NC_072846.1
3014860	3015190	204118	203791	331	328	88.52	5634991	2853886	0.01	0.01	NC_030988.1	NC_072850.1
3028260	3028374	2354110	2354224	115	115	93.91	5634991	2853886	0.00	0.00	NC_030988.1	NC_072850.1
3030235	3031184	2354222	2355171	950	950	87.05	5634991	2853886	0.02	0.03	NC_030988.1	NC_072850.1
3054072	3054500	3486609	3486177	429	433	82.84	5634991	4259108	0.01	0.01	NC_030988.1	NC_072846.1
3055368	3055498	467508	467638	131	131	98.47	5634991	5611497	0.00	0.00	NC_030988.1	NC_072841.1
3156389	3157362	3585525	3584549	974	977	87.54	5634991	3716460	0.02	0.03	NC_030988.1	NC_072847.1
3182917	3183109	2143009	2143201	193	193	99.48	5634991	4259108	0.00	0.00	NC_030988.1	NC_072846.1
3188956	3189987	5020345	5019314	1032	1032	94.48	5634991	5151772	0.02	0.02	NC_030988.1	NC_072842.1
3203645	3203933	427549	427837	289	289	95.85	5634991	4259108	0.01	0.01	NC_030988.1	NC_072846.1
3214863	3216072	3627142	3628350	1210	1209	95.63	5634991	4259108	0.02	0.03	NC_030988.1	NC_072846.1
3250826	3253641	3726033	3723232	2816	2802	94.43	5634991	4259108	0.05	0.07	NC_030988.1	NC_072846.1
3268113	3269044	2829454	2830370	932	917	77.45	5634991	2893631	0.02	0.03	NC_030988.1	NC_072849.1
3292487	3293765	1944770	1946046	1279	1277	81.74	5634991	4259108	0.02	0.03	NC_030988.1	NC_072846.1
3305705	3305887	915085	915267	183	183	96.17	5634991	4259108	0.00	0.00	NC_030988.1	NC_072846.1
3306067	3307543	2131781	2133256	1477	1476	91.14	5634991	4259108	0.03	0.03	NC_030988.1	NC_072846.1
3313994	3314162	155104	154936	169	169	99.41	5634991	2853886	0.00	0.01	NC_030988.1	NC_072850.1
3317853	3318419	2928714	2928149	567	566	95.60	5634991	4259108	0.01	0.01	NC_030988.1	NC_072846.1
3335435	3336410	4182509	4183467	976	959	91.91	5634991	4259108	0.02	0.02	NC_030988.1	NC_072846.1
3337489	3337667	727816	727990	179	175	93.30	5634991	4259108	0.00	0.00	NC_030988.1	NC_072846.1
3340670	3341042	727985	728354	373	370	92.00	5634991	4259108	0.01	0.01	NC_030988.1	NC_072846.1
3341682	3341823	728799	728940	142	142	94.37	5634991	4259108	0.00	0.00	NC_030988.1	NC_072846.1
3341824	3344449	3162030	3164657	2626	2628	97.11	5634991	4259108	0.05	0.06	NC_030988.1	NC_072846.1
3344624	3344984	3164652	3165019	361	368	94.02	5634991	4259108	0.01	0.01	NC_030988.1	NC_072846.1
3345596	3347270	2092811	2091116	1675	1696	90.22	5634991	4259108	0.03	0.04	NC_030988.1	NC_072846.1
3350939	3351289	8691	8337	351	355	89.61	5634991	5611497	0.01	0.01	NC_030988.1	NC_072841.1
3370271	3371320	4169116	4170186	1050	1071	83.12	5634991	4259108	0.02	0.03	NC_030988.1	NC_072846.1
3371533	3373444	4170516	4172425	1912	1910	88.00	5634991	4259108	0.03	0.04	NC_030988.1	NC_072846.1
3392713	3392857	2730873	2731016	145	144	97.93	5634991	4259108	0.00	0.00	NC_030988.1	NC_072846.1
3413518	3416239	3130678	3127938	2722	2741	93.35	5634991	4259108	0.05	0.06	NC_030988.1	NC_072846.1
3422925	3425511	3789322	3791911	2587	2590	96.41	5634991	4259108	0.05	0.06	NC_030988.1	NC_072846.1
3425508	3428991	3838290	3834832	3484	3459	97.53	5634991	4259108	0.06	0.08	NC_030988.1	NC_072846.1
3444048	3445252	2471024	2469810	1205	1215	85.35	5634991	2552985	0.02	0.05	NC_030988.1	NC_072851.1
3455640	3456725	3120984	3122053	1086	1070	83.13	5634991	4259108	0.02	0.03	NC_030988.1	NC_072846.1
3456867	3459172	2466977	2464696	2306	2282	88.59	5634991	2552985	0.04	0.09	NC_030988.1	NC_072851.1
3463067	3463752	3118459	3117772	686	688	89.26	5634991	4259108	0.01	0.02	NC_030988.1	NC_072846.1
3539415	3540233	142094	141270	819	825	82.93	5634991	5151772	0.01	0.02	NC_030988.1	NC_072842.1
3540346	3542035	141249	139573	1690	1677	84.58	5634991	5151772	0.03	0.03	NC_030988.1	NC_072842.1
3543977	3544127	108391	108541	151	151	100.00	5634991	4259108	0.00	0.00	NC_030988.1	NC_072846.1
3554115	3554943	1857432	1856613	829	820	85.03	5634991	4259108	0.01	0.02	NC_030988.1	NC_072846.1
3560958	3561173	3739919	3739702	216	218	94.04	5634991	4259108	0.00	0.01	NC_030988.1	NC_072846.1
3601987	3604212	597776	600000	2226	2225	99.19	5634991	2552985	0.04	0.09	NC_030988.1	NC_072851.1
3618660	3618865	3730461	3730256	206	206	100.00	5634991	4259108	0.00	0.00	NC_030988.1	NC_072846.1
3638664	3638829	89070	89235	166	166	95.18	5634991	2853886	0.00	0.01	NC_030988.1	NC_072850.1
3640121	3640275	2582272	2582118	155	155	90.97	5634991	4259108	0.00	0.00	NC_030988.1	NC_072846.1
3640981	3642817	1689938	1688102	1837	1837	99.29	5634991	4259108	0.03	0.04	NC_030988.1	NC_072846.1
3641188	3642832	3059323	3060967	1645	1645	97.15	5634991	4259108	0.03	0.04	NC_030988.1	NC_072846.1
3647362	3647883	2784480	2783959	522	522	98.08	5634991	4259108	0.01	0.01	NC_030988.1	NC_072846.1
3663435	3669455	3499018	3505029	6021	6012	98.66	5634991	4259108	0.11	0.14	NC_030988.1	NC_072846.1
3669455	3670857	1409412	1410814	1403	1403	97.65	5634991	4259108	0.02	0.03	NC_030988.1	NC_072846.1
3670849	3671722	1411142	1412030	874	889	96.18	5634991	4259108	0.02	0.02	NC_030988.1	NC_072846.1
3672096	3672400	1449711	1450016	305	306	85.95	5634991	4259108	0.01	0.01	NC_030988.1	NC_072846.1
3672721	3673484	204114	204876	764	763	92.43	5634991	2853886	0.01	0.03	NC_030988.1	NC_072850.1
3687156	3687912	158103	158866	757	764	82.33	5634991	3716460	0.01	0.02	NC_030988.1	NC_072847.1
3688050	3689885	1843981	1845816	1836	1836	97.93	5634991	4259108	0.03	0.04	NC_030988.1	NC_072846.1
3723665	3724544	4150858	4151751	880	894	87.46	5634991	4259108	0.02	0.02	NC_030988.1	NC_072846.1
3732754	3738519	3730455	3736220	5766	5766	99.17	5634991	4259108	0.10	0.14	NC_030988.1	NC_072846.1
3751660	3753464	922841	921039	1805	1803	90.09	5634991	4259108	0.03	0.04	NC_030988.1	NC_072846.1
3756739	3758608	4211458	4209589	1870	1870	99.09	5634991	4259108	0.03	0.04	NC_030988.1	NC_072846.1
3758781	3760502	1939942	1941662	1722	1721	91.62	5634991	4259108	0.03	0.04	NC_030988.1	NC_072846.1
3802267	3802941	11752	12425	675	674	90.57	5634991	4259108	0.01	0.02	NC_030988.1	NC_072846.1
3879655	3880992	3288108	3286770	1338	1339	91.05	5634991	4259108	0.02	0.03	NC_030988.1	NC_072846.1
3982351	3985899	4107402	4103872	3549	3531	97.61	5634991	4259108	0.06	0.08	NC_030988.1	NC_072846.1
3995790	3999514	2466977	2463237	3725	3741	90.97	5634991	2552985	0.07	0.15	NC_030988.1	NC_072851.1
4008668	4009664	4234005	4233021	997	985	86.47	5634991	4300638	0.02	0.02	NC_030988.1	NC_072845.1
4062919	4063118	4027388	4027190	200	199	97.00	5634991	4259108	0.00	0.00	NC_030988.1	NC_072846.1
4075441	4076126	2106152	2105466	686	687	96.66	5634991	4259108	0.01	0.02	NC_030988.1	NC_072846.1
4080334	4080623	2198905	2198616	290	290	98.28	5634991	4259108	0.01	0.01	NC_030988.1	NC_072846.1
4128710	4132218	606791	603271	3509	3521	92.88	5634991	4259108	0.06	0.08	NC_030988.1	NC_072846.1
4148498	4148827	351455	351784	330	330	83.08	5634991	4259108	0.01	0.01	NC_030988.1	NC_072846.1
4181031	4183834	889866	892675	2804	2810	98.01	5634991	4259108	0.05	0.07	NC_030988.1	NC_072846.1
4189879	4191827	1549882	1547975	1949	1908	92.22	5634991	4259108	0.03	0.04	NC_030988.1	NC_072846.1
4200003	4202160	507000	509169	2158	2170	86.95	5634991	4731052	0.04	0.05	NC_030988.1	NC_072843.1
4205691	4206147	2388185	2388641	457	457	98.47	5634991	4259108	0.01	0.01	NC_030988.1	NC_072846.1
4258594	4260842	2482277	2480026	2249	2252	89.20	5634991	2552985	0.04	0.09	NC_030988.1	NC_072851.1
4261655	4263611	2480023	2478081	1957	1943	89.59	5634991	2552985	0.03	0.08	NC_030988.1	NC_072851.1
4285222	4286645	100691	99265	1424	1427	86.49	5634991	2552985	0.03	0.06	NC_030988.1	NC_072851.1
4285569	4286652	1734484	1733401	1084	1084	85.81	5634991	4259108	0.02	0.03	NC_030988.1	NC_072846.1
4288760	4291748	3390555	3393540	2989	2986	98.49	5634991	4259108	0.05	0.07	NC_030988.1	NC_072846.1
4293696	4294128	2320208	2320639	433	432	95.62	5634991	4259108	0.01	0.01	NC_030988.1	NC_072846.1
4307575	4307776	2734407	2734611	202	205	89.76	5634991	4259108	0.00	0.00	NC_030988.1	NC_072846.1
4308500	4312744	2497132	2492876	4245	4257	93.30	5634991	2552985	0.08	0.17	NC_030988.1	NC_072851.1
4314666	4315047	2492482	2492115	382	368	87.43	5634991	2552985	0.01	0.01	NC_030988.1	NC_072851.1
4315050	4318650	2491567	2488031	3601	3537	92.04	5634991	2552985	0.06	0.14	NC_030988.1	NC_072851.1
4318640	4319045	2487567	2487974	406	408	93.38	5634991	2552985	0.01	0.02	NC_030988.1	NC_072851.1
4334295	4334445	1758560	1758710	151	151	97.37	5634991	4259108	0.00	0.00	NC_030988.1	NC_072846.1
4335085	4337645	2948213	2950774	2561	2562	99.18	5634991	4259108	0.05	0.06	NC_030988.1	NC_072846.1
4355340	4355783	3354937	3354495	444	443	97.97	5634991	4259108	0.01	0.01	NC_030988.1	NC_072846.1
4355917	4356075	3655950	3656108	159	159	97.48	5634991	4259108	0.00	0.00	NC_030988.1	NC_072846.1
4401364	4401557	3655913	3656106	194	194	91.75	5634991	4259108	0.00	0.00	NC_030988.1	NC_072846.1
4408358	4410588	1478636	1480866	2231	2231	96.01	5634991	4259108	0.04	0.05	NC_030988.1	NC_072846.1
4437554	4437874	450110	449793	321	318	88.79	5634991	4259108	0.01	0.01	NC_030988.1	NC_072846.1
4457469	4461079	2906629	2903019	3611	3611	96.90	5634991	4259108	0.06	0.08	NC_030988.1	NC_072846.1
4461081	4464424	2898427	2895085	3344	3343	98.53	5634991	4259108	0.06	0.08	NC_030988.1	NC_072846.1
4464515	4465034	2895085	2894566	520	520	97.88	5634991	4259108	0.01	0.01	NC_030988.1	NC_072846.1
4469293	4470298	4095973	4094965	1006	1009	94.00	5634991	4259108	0.02	0.02	NC_030988.1	NC_072846.1
4470879	4480063	3011910	3002722	9185	9189	95.89	5634991	4259108	0.16	0.22	NC_030988.1	NC_072846.1
4495965	4496353	3418039	3418428	389	390	89.77	5634991	4259108	0.01	0.01	NC_030988.1	NC_072846.1
4526063	4528527	13522	11068	2465	2455	89.21	5634991	6487135	0.04	0.04	NC_030988.1	NC_072840.1
4530499	4531182	10797	10126	684	672	86.03	5634991	6487135	0.01	0.01	NC_030988.1	NC_072840.1
4531035	4532639	12874	14484	1605	1611	85.71	5634991	6487135	0.03	0.02	NC_030988.1	NC_072840.1
4532919	4533582	14511	15174	664	664	80.72	5634991	6487135	0.01	0.01	NC_030988.1	NC_072840.1
4711243	4716797	3312973	3318500	5555	5528	95.87	5634991	4259108	0.10	0.13	NC_030988.1	NC_072846.1
4719429	4724579	3322140	3327287	5151	5148	92.63	5634991	4259108	0.09	0.12	NC_030988.1	NC_072846.1
4737969	4741414	3407270	3410711	3446	3442	96.31	5634991	4259108	0.06	0.08	NC_030988.1	NC_072846.1
4741415	4747449	3576292	3582320	6035	6029	99.27	5634991	4259108	0.11	0.14	NC_030988.1	NC_072846.1
4747448	4753759	3410698	3417019	6312	6322	96.60	5634991	4259108	0.11	0.15	NC_030988.1	NC_072846.1
4757710	4759071	152583	153934	1362	1352	85.01	5634991	4300638	0.02	0.03	NC_030988.1	NC_072845.1
4758625	4760709	2950773	2952840	2085	2068	98.08	5634991	4259108	0.04	0.05	NC_030988.1	NC_072846.1
4760708	4762096	2955806	2957196	1389	1391	93.67	5634991	4259108	0.02	0.03	NC_030988.1	NC_072846.1
4766537	4767160	2957238	2957849	624	612	88.33	5634991	4259108	0.01	0.01	NC_030988.1	NC_072846.1
4766538	4767535	140556	141570	998	1015	84.26	5634991	4300638	0.02	0.02	NC_030988.1	NC_072845.1
4767680	4772164	2958122	2962599	4485	4478	96.52	5634991	4259108	0.08	0.11	NC_030988.1	NC_072846.1
4772156	4774700	2963626	2966171	2545	2546	97.45	5634991	4259108	0.05	0.06	NC_030988.1	NC_072846.1
4774734	4775197	2966652	2967119	464	468	95.09	5634991	4259108	0.01	0.01	NC_030988.1	NC_072846.1
4775596	4775927	2967113	2967444	332	332	97.89	5634991	4259108	0.01	0.01	NC_030988.1	NC_072846.1
4775929	4777499	2967556	2969140	1571	1585	94.41	5634991	4259108	0.03	0.04	NC_030988.1	NC_072846.1
4781725	4781863	775760	775898	139	139	94.24	5634991	4259108	0.00	0.00	NC_030988.1	NC_072846.1
4837362	4838602	2973763	2975003	1241	1241	97.91	5634991	4259108	0.02	0.03	NC_030988.1	NC_072846.1
4839269	4848403	2974988	2984106	9135	9119	98.39	5634991	4259108	0.16	0.21	NC_030988.1	NC_072846.1
4851156	4857178	2984100	2990126	6023	6027	96.29	5634991	4259108	0.11	0.14	NC_030988.1	NC_072846.1
4871589	4872968	149335	147948	1380	1388	83.31	5634991	4300638	0.02	0.03	NC_030988.1	NC_072845.1
4881732	4888249	2997946	3004528	6518	6583	95.90	5634991	4259108	0.12	0.15	NC_030988.1	NC_072846.1
4901280	4905722	2888185	2892626	4443	4442	97.98	5634991	4259108	0.08	0.10	NC_030988.1	NC_072846.1
4916061	4928044	2911259	2923232	11984	11974	95.76	5634991	4259108	0.21	0.28	NC_030988.1	NC_072846.1
4929402	4930881	2923655	2925138	1480	1484	92.05	5634991	4259108	0.03	0.03	NC_030988.1	NC_072846.1
4929584	4930969	3122855	3124240	1386	1386	94.59	5634991	4259108	0.02	0.03	NC_030988.1	NC_072846.1
4932444	4934773	2925210	2927567	2330	2358	94.67	5634991	4259108	0.04	0.06	NC_030988.1	NC_072846.1
4934773	4936523	2928933	2930678	1751	1746	94.98	5634991	4259108	0.03	0.04	NC_030988.1	NC_072846.1
4937164	4937430	4056101	4056367	267	267	95.88	5634991	4259108	0.00	0.01	NC_030988.1	NC_072846.1
4943133	4946706	3497858	3494289	3574	3570	96.92	5634991	4259108	0.06	0.08	NC_030988.1	NC_072846.1
4943495	4947549	1111096	1107046	4055	4051	93.86	5634991	4259108	0.07	0.10	NC_030988.1	NC_072846.1
4947554	4947762	5052224	5052432	209	209	92.34	5634991	5151772	0.00	0.00	NC_030988.1	NC_072842.1
4959581	4959722	1540771	1540912	142	142	90.14	5634991	4259108	0.00	0.00	NC_030988.1	NC_072846.1
4963976	4964897	2388642	2389565	922	924	99.46	5634991	4259108	0.02	0.02	NC_030988.1	NC_072846.1
4977159	4978857	952219	950521	1699	1699	94.06	5634991	4259108	0.03	0.04	NC_030988.1	NC_072846.1
4979964	4980443	501914	502393	480	480	87.92	5634991	4259108	0.01	0.01	NC_030988.1	NC_072846.1
4998971	5000426	3943637	3945092	1456	1456	97.94	5634991	4259108	0.03	0.03	NC_030988.1	NC_072846.1
5000592	5003185	877402	874791	2594	2612	93.55	5634991	4259108	0.05	0.06	NC_030988.1	NC_072846.1
5003904	5009525	619345	613731	5622	5615	95.89	5634991	4259108	0.10	0.13	NC_030988.1	NC_072846.1
5016659	5017009	172039	172390	351	352	89.80	5634991	4300638	0.01	0.01	NC_030988.1	NC_072845.1
5019522	5019966	207986	207543	445	444	94.17	5634991	4259108	0.01	0.01	NC_030988.1	NC_072846.1
5021523	5021707	3165636	3165450	185	187	95.72	5634991	4259108	0.00	0.00	NC_030988.1	NC_072846.1
5034309	5034768	3590188	3590653	460	466	95.71	5634991	4259108	0.01	0.01	NC_030988.1	NC_072846.1
5034769	5035369	1907384	1907983	601	600	94.84	5634991	4259108	0.01	0.01	NC_030988.1	NC_072846.1
5037309	5039463	3794062	3791908	2155	2155	99.86	5634991	4259108	0.04	0.05	NC_030988.1	NC_072846.1
5040622	5042273	509511	507861	1652	1651	93.65	5634991	6487135	0.03	0.03	NC_030988.1	NC_072840.1
5047998	5048609	387033	387646	612	614	98.21	5634991	4259108	0.01	0.01	NC_030988.1	NC_072846.1
5053641	5053778	2716817	2716954	138	138	94.20	5634991	4259108	0.00	0.00	NC_030988.1	NC_072846.1
5054439	5058236	3600853	3597019	3798	3835	91.25	5634991	3716460	0.07	0.10	NC_030988.1	NC_072847.1
5058647	5058893	3597012	3596766	247	247	91.13	5634991	3716460	0.00	0.01	NC_030988.1	NC_072847.1
5072762	5075998	449523	446220	3237	3304	97.04	5634991	4259108	0.06	0.08	NC_030988.1	NC_072846.1
5076124	5076487	146393	146030	364	364	81.37	5634991	3277645	0.01	0.01	NC_030988.1	NC_072848.1
5076738	5076925	1469672	1469492	188	181	91.49	5634991	4259108	0.00	0.00	NC_030988.1	NC_072846.1
5076925	5077116	521748	521937	192	190	98.96	5634991	4259108	0.00	0.00	NC_030988.1	NC_072846.1
5077453	5082360	446222	441328	4908	4895	98.76	5634991	4259108	0.09	0.11	NC_030988.1	NC_072846.1
5082358	5082783	3055853	3055429	426	425	99.30	5634991	4259108	0.01	0.01	NC_030988.1	NC_072846.1
5082782	5094091	441329	430023	11310	11307	98.56	5634991	4259108	0.20	0.27	NC_030988.1	NC_072846.1
5094680	5096010	430029	428699	1331	1331	99.40	5634991	4259108	0.02	0.03	NC_030988.1	NC_072846.1
5099170	5099539	2054871	2055240	370	370	100.00	5634991	4259108	0.01	0.01	NC_030988.1	NC_072846.1
5099537	5101482	2894568	2892622	1946	1947	97.18	5634991	4259108	0.03	0.05	NC_030988.1	NC_072846.1
5101476	5106512	2055236	2060272	5037	5037	98.85	5634991	4259108	0.09	0.12	NC_030988.1	NC_072846.1
5106671	5111961	2060304	2065524	5291	5221	97.58	5634991	4259108	0.09	0.12	NC_030988.1	NC_072846.1
5113189	5113811	1823926	1823303	623	624	96.00	5634991	4259108	0.01	0.01	NC_030988.1	NC_072846.1
5114586	5115230	1763011	1762367	645	645	96.01	5634991	4259108	0.01	0.02	NC_030988.1	NC_072846.1
5124418	5124639	1106753	1106974	222	222	93.69	5634991	4259108	0.00	0.01	NC_030988.1	NC_072846.1
5125639	5126449	3824693	3825503	811	811	98.03	5634991	4259108	0.01	0.02	NC_030988.1	NC_072846.1
5127869	5129430	1351562	1349976	1562	1587	91.25	5634991	4259108	0.03	0.04	NC_030988.1	NC_072846.1
5129799	5159374	224776	254358	29576	29583	99.28	5634991	4259108	0.52	0.69	NC_030988.1	NC_072846.1
5159814	5165593	254357	260134	5780	5778	99.24	5634991	4259108	0.10	0.14	NC_030988.1	NC_072846.1
5165782	5171056	260130	265404	5275	5275	99.92	5634991	4259108	0.09	0.12	NC_030988.1	NC_072846.1
5171492	5176461	265414	270382	4970	4969	98.88	5634991	4259108	0.09	0.12	NC_030988.1	NC_072846.1
5176702	5178785	270374	272454	2084	2081	98.94	5634991	4259108	0.04	0.05	NC_030988.1	NC_072846.1
5179836	5179993	789216	789373	158	158	100.00	5634991	4259108	0.00	0.00	NC_030988.1	NC_072846.1
5179841	5182645	2106090	2103287	2805	2804	98.72	5634991	4259108	0.05	0.07	NC_030988.1	NC_072846.1
5182638	5183766	1444582	1445710	1129	1129	99.03	5634991	4259108	0.02	0.03	NC_030988.1	NC_072846.1
5188372	5188602	19539	19309	231	231	92.24	5634991	4259108	0.00	0.01	NC_030988.1	NC_072846.1
5198779	5199555	5055427	5056202	777	776	92.67	5634991	5151772	0.01	0.02	NC_030988.1	NC_072842.1
5199805	5200220	5056254	5056669	416	416	95.43	5634991	5151772	0.01	0.01	NC_030988.1	NC_072842.1
5202411	5202641	209117	209347	231	231	97.40	5634991	4259108	0.00	0.01	NC_030988.1	NC_072846.1
5208565	5209038	1973127	1973601	474	475	94.74	5634991	4259108	0.01	0.01	NC_030988.1	NC_072846.1
5220817	5221750	4107403	4108336	934	934	91.34	5634991	4259108	0.02	0.02	NC_030988.1	NC_072846.1
5221677	5223615	1482846	1480865	1939	1982	95.16	5634991	4259108	0.03	0.05	NC_030988.1	NC_072846.1
5221964	5223784	89068	87242	1821	1827	96.77	5634991	2853886	0.03	0.06	NC_030988.1	NC_072850.1
5224205	5224386	6453957	6454137	182	181	95.05	5634991	6487135	0.00	0.00	NC_030988.1	NC_072840.1
5224212	5224389	1195660	1195482	178	179	92.74	5634991	4259108	0.00	0.00	NC_030988.1	NC_072846.1
5236169	5237984	2716494	2714658	1816	1837	97.01	5634991	4259108	0.03	0.04	NC_030988.1	NC_072846.1
5244022	5244166	3344158	3344302	145	145	97.95	5634991	4259108	0.00	0.00	NC_030988.1	NC_072846.1
5246866	5248017	1610842	1609701	1152	1142	87.78	5634991	4259108	0.02	0.03	NC_030988.1	NC_072846.1
5254853	5259001	1973754	1977902	4149	4149	98.58	5634991	4259108	0.07	0.10	NC_030988.1	NC_072846.1
5259380	5259620	2477618	2477382	241	237	95.02	5634991	4259108	0.00	0.01	NC_030988.1	NC_072846.1
5264803	5269710	591778	596684	4908	4907	99.69	5634991	4259108	0.09	0.12	NC_030988.1	NC_072846.1
5269709	5278030	596941	605247	8322	8307	99.11	5634991	4259108	0.15	0.20	NC_030988.1	NC_072846.1
5278072	5286355	605459	613729	8284	8271	98.19	5634991	4259108	0.15	0.19	NC_030988.1	NC_072846.1
5287545	5287807	755199	755461	263	263	99.24	5634991	4259108	0.00	0.01	NC_030988.1	NC_072846.1
5295089	5295656	1853555	1854125	568	571	87.06	5634991	4259108	0.01	0.01	NC_030988.1	NC_072846.1
5296927	5307342	2225151	2214749	10416	10403	98.24	5634991	4259108	0.18	0.24	NC_030988.1	NC_072846.1
5325226	5326098	2829423	2828479	873	945	87.10	5634991	2893631	0.02	0.03	NC_030988.1	NC_072849.1
5330778	5333641	3534906	3532049	2864	2858	95.53	5634991	4259108	0.05	0.07	NC_030988.1	NC_072846.1
5343109	5343281	569387	569559	173	173	86.78	5634991	3716460	0.00	0.00	NC_030988.1	NC_072847.1
5343314	5343581	2814966	2815232	268	267	92.54	5634991	2853886	0.00	0.01	NC_030988.1	NC_072850.1
5350801	5351090	4096707	4096996	290	290	88.28	5634991	4259108	0.01	0.01	NC_030988.1	NC_072846.1
5352872	5353325	48655	49108	454	454	87.00	5634991	2552985	0.01	0.02	NC_030988.1	NC_072851.1
5356076	5356712	8862	9498	637	637	87.13	5634991	2552985	0.01	0.02	NC_030988.1	NC_072851.1
5369926	5370188	2884228	2883966	263	263	97.72	5634991	2893631	0.00	0.01	NC_030988.1	NC_072849.1
5376806	5377058	2488936	2489188	253	253	91.70	5634991	4259108	0.00	0.01	NC_030988.1	NC_072846.1
5377077	5378800	2491172	2492895	1724	1724	89.82	5634991	4259108	0.03	0.04	NC_030988.1	NC_072846.1
5381593	5385017	2498381	2501829	3425	3449	89.87	5634991	4259108	0.06	0.08	NC_030988.1	NC_072846.1
5391124	5391248	4066213	4066089	125	125	90.40	5634991	4259108	0.00	0.00	NC_030988.1	NC_072846.1
5396202	5396325	2836604	2836481	124	124	94.35	5634991	2893631	0.00	0.00	NC_030988.1	NC_072849.1
5396992	5397188	2836494	2836300	197	195	92.93	5634991	2893631	0.00	0.01	NC_030988.1	NC_072849.1
5398162	5399400	2776655	2775430	1239	1226	95.16	5634991	6487135	0.02	0.02	NC_030988.1	NC_072840.1
5399522	5399965	207543	207986	444	444	95.28	5634991	4259108	0.01	0.01	NC_030988.1	NC_072846.1
5399968	5400722	970862	970107	755	756	94.58	5634991	4259108	0.01	0.02	NC_030988.1	NC_072846.1
5400824	5401502	969695	969021	679	675	92.65	5634991	4259108	0.01	0.02	NC_030988.1	NC_072846.1
5406547	5409699	1148727	1145597	3153	3131	94.59	5634991	4259108	0.06	0.07	NC_030988.1	NC_072846.1
5412880	5414006	1988560	1989686	1127	1127	98.67	5634991	4259108	0.02	0.03	NC_030988.1	NC_072846.1
5416722	5419486	2432139	2434891	2765	2753	98.26	5634991	4259108	0.05	0.06	NC_030988.1	NC_072846.1
5419493	5423599	2136803	2140935	4107	4133	95.58	5634991	4259108	0.07	0.10	NC_030988.1	NC_072846.1
5426720	5427963	121976	120739	1244	1238	93.82	5634991	4300638	0.02	0.03	NC_030988.1	NC_072845.1
5428287	5429821	5597282	5595735	1535	1548	92.58	5634991	5611497	0.03	0.03	NC_030988.1	NC_072841.1
5461232	5462602	3078805	3080176	1371	1372	89.08	5634991	4259108	0.02	0.03	NC_030988.1	NC_072846.1
5463067	5463515	1899449	1899023	449	427	87.97	5634991	4259108	0.01	0.01	NC_030988.1	NC_072846.1
5464149	5465482	914693	913360	1334	1334	91.99	5634991	4259108	0.02	0.03	NC_030988.1	NC_072846.1
5466617	5475348	4698186	4706920	8732	8735	97.23	5634991	4731052	0.15	0.18	NC_030988.1	NC_072843.1
5475420	5481559	4707511	4713645	6140	6135	97.74	5634991	4731052	0.11	0.13	NC_030988.1	NC_072843.1
5481863	5482780	2804592	2805513	918	922	93.42	5634991	2893631	0.02	0.03	NC_030988.1	NC_072849.1
5482945	5483243	2805513	2805811	299	299	96.99	5634991	2893631	0.01	0.01	NC_030988.1	NC_072849.1
5485560	5486191	1568261	1568891	632	631	88.17	5634991	4259108	0.01	0.01	NC_030988.1	NC_072846.1
5494507	5497665	2156560	2153402	3159	3159	98.83	5634991	4259108	0.06	0.07	NC_030988.1	NC_072846.1
5500653	5501897	1376556	1375310	1245	1247	83.72	5634991	4259108	0.02	0.03	NC_030988.1	NC_072846.1
5503275	5503850	2512022	2512599	576	578	95.67	5634991	4259108	0.01	0.01	NC_030988.1	NC_072846.1
5506469	5506569	3679662	3679562	101	101	97.03	5634991	4259108	0.00	0.00	NC_030988.1	NC_072846.1
5508830	5508953	777225	777347	124	123	91.94	5634991	4259108	0.00	0.00	NC_030988.1	NC_072846.1
5516883	5519032	3607636	3609786	2150	2151	92.53	5634991	4259108	0.04	0.05	NC_030988.1	NC_072846.1
5529439	5529661	7970	7747	223	224	88.84	5634991	5611497	0.00	0.00	NC_030988.1	NC_072841.1
5539527	5539790	8070	7810	264	261	90.91	5634991	5611497	0.00	0.00	NC_030988.1	NC_072841.1
5551946	5554930	4094663	4091651	2985	3013	88.68	5634991	4259108	0.05	0.07	NC_030988.1	NC_072846.1
5568939	5569043	1513152	1513048	105	105	97.14	5634991	4259108	0.00	0.00	NC_030988.1	NC_072846.1
5569501	5570625	1761232	1762360	1125	1129	82.77	5634991	4259108	0.02	0.03	NC_030988.1	NC_072846.1
5569715	5575449	77342	71607	5735	5736	86.61	5634991	3277645	0.10	0.18	NC_030988.1	NC_072848.1
5583524	5584214	3664345	3665035	691	691	92.76	5634991	4259108	0.01	0.02	NC_030988.1	NC_072846.1
5585204	5585353	845675	845527	150	149	94.00	5634991	4259108	0.00	0.00	NC_030988.1	NC_072846.1
5587604	5587818	67146	67355	215	210	94.88	5634991	2853886	0.00	0.01	NC_030988.1	NC_072850.1
5587819	5588213	67518	67909	395	392	92.93	5634991	2853886	0.01	0.01	NC_030988.1	NC_072850.1
5594509	5596632	803679	805818	2124	2140	95.56	5634991	4259108	0.04	0.05	NC_030988.1	NC_072846.1
5602487	5604109	3691309	3692926	1623	1618	92.62	5634991	4259108	0.03	0.04	NC_030988.1	NC_072846.1
5603004	5605289	839669	841942	2286	2274	85.25	5634991	4259108	0.04	0.05	NC_030988.1	NC_072846.1
5605847	5609164	1418077	1421419	3318	3343	97.14	5634991	4259108	0.06	0.08	NC_030988.1	NC_072846.1
5623604	5625678	1424919	1422838	2075	2082	93.07	5634991	4259108	0.04	0.05	NC_030988.1	NC_072846.1
5632747	5634077	5036085	5037408	1331	1324	82.45	5634991	5151772	0.02	0.03	NC_030988.1	NC_072842.1
1	28300	5306588	5278338	28300	28251	98.02	5212762	5611497	0.54	0.50	NC_030989.1	NC_072841.1
28575	29373	5278000	5277210	799	791	96.15	5212762	5611497	0.02	0.01	NC_030989.1	NC_072841.1
39358	41625	5259080	5256813	2268	2268	98.72	5212762	5611497	0.04	0.04	NC_030989.1	NC_072841.1
42964	60655	5249078	5231342	17692	17737	96.91	5212762	5611497	0.34	0.32	NC_030989.1	NC_072841.1
60654	64259	5229155	5225558	3606	3598	98.23	5212762	5611497	0.07	0.06	NC_030989.1	NC_072841.1
77005	77315	3260452	3260762	311	311	86.17	5212762	3277645	0.01	0.01	NC_030989.1	NC_072848.1
87600	87953	5215813	5215452	354	362	89.29	5212762	5611497	0.01	0.01	NC_030989.1	NC_072841.1
87941	104297	5215111	5198665	16357	16447	95.99	5212762	5611497	0.31	0.29	NC_030989.1	NC_072841.1
105191	131665	5198664	5172226	26475	26439	97.40	5212762	5611497	0.51	0.47	NC_030989.1	NC_072841.1
131659	132291	5167325	5166692	633	634	94.95	5212762	5611497	0.01	0.01	NC_030989.1	NC_072841.1
132248	137676	5165065	5159633	5429	5433	92.84	5212762	5611497	0.10	0.10	NC_030989.1	NC_072841.1
138546	153662	5156258	5141129	15117	15130	96.61	5212762	5611497	0.29	0.27	NC_030989.1	NC_072841.1
153662	162271	5140962	5132268	8610	8695	97.95	5212762	5611497	0.17	0.15	NC_030989.1	NC_072841.1
162922	176762	5132283	5118441	13841	13843	99.83	5212762	5611497	0.27	0.25	NC_030989.1	NC_072841.1
178622	208539	5118443	5088534	29918	29910	98.17	5212762	5611497	0.57	0.53	NC_030989.1	NC_072841.1
208537	209344	5088367	5087560	808	808	98.64	5212762	5611497	0.02	0.01	NC_030989.1	NC_072841.1
210100	220313	5087571	5077352	10214	10220	97.52	5212762	5611497	0.20	0.18	NC_030989.1	NC_072841.1
220590	231779	5077358	5066192	11190	11167	97.59	5212762	5611497	0.21	0.20	NC_030989.1	NC_072841.1
234868	239394	5066203	5061678	4527	4526	98.54	5212762	5611497	0.09	0.08	NC_030989.1	NC_072841.1
240055	248882	5061699	5052870	8828	8830	96.82	5212762	5611497	0.17	0.16	NC_030989.1	NC_072841.1
249020	249527	5052873	5052363	508	511	87.94	5212762	5611497	0.01	0.01	NC_030989.1	NC_072841.1
250274	252858	5048264	5045680	2585	2585	97.33	5212762	5611497	0.05	0.05	NC_030989.1	NC_072841.1
254793	261035	5045684	5039438	6243	6247	98.13	5212762	5611497	0.12	0.11	NC_030989.1	NC_072841.1
261467	283062	5039062	5017401	21596	21662	97.52	5212762	5611497	0.41	0.39	NC_030989.1	NC_072841.1
283062	302183	4999185	4980014	19122	19172	97.76	5212762	5611497	0.37	0.34	NC_030989.1	NC_072841.1
305274	314710	4980023	4970581	9437	9443	98.31	5212762	5611497	0.18	0.17	NC_030989.1	NC_072841.1
314853	315520	4970437	4969771	668	667	98.80	5212762	5611497	0.01	0.01	NC_030989.1	NC_072841.1
316128	332249	4969256	4953111	16122	16146	97.86	5212762	5611497	0.31	0.29	NC_030989.1	NC_072841.1
333318	378043	4953050	4908244	44726	44807	97.33	5212762	5611497	0.86	0.80	NC_030989.1	NC_072841.1
378164	385405	4908139	4900891	7242	7249	99.03	5212762	5611497	0.14	0.13	NC_030989.1	NC_072841.1
385404	388998	4900693	4897105	3595	3589	95.72	5212762	5611497	0.07	0.06	NC_030989.1	NC_072841.1
389004	421084	4896307	4864217	32081	32091	98.36	5212762	5611497	0.62	0.57	NC_030989.1	NC_072841.1
421084	429653	4864055	4855502	8570	8554	98.18	5212762	5611497	0.16	0.15	NC_030989.1	NC_072841.1
429653	431515	1856113	1854251	1863	1863	98.34	5212762	4259108	0.04	0.04	NC_030989.1	NC_072846.1
431515	482329	4855500	4804747	50815	50754	98.71	5212762	5611497	0.97	0.90	NC_030989.1	NC_072841.1
482742	484774	4804537	4802505	2033	2033	98.92	5212762	5611497	0.04	0.04	NC_030989.1	NC_072841.1
485588	510818	4801761	4776536	25231	25226	99.23	5212762	5611497	0.48	0.45	NC_030989.1	NC_072841.1
510996	562267	4776540	4725452	51272	51089	98.29	5212762	5611497	0.98	0.91	NC_030989.1	NC_072841.1
562371	570757	4725290	4716913	8387	8378	98.88	5212762	5611497	0.16	0.15	NC_030989.1	NC_072841.1
571578	572261	4716915	4716231	684	685	97.66	5212762	5611497	0.01	0.01	NC_030989.1	NC_072841.1
572893	593915	4716231	4695201	21023	21031	98.85	5212762	5611497	0.40	0.37	NC_030989.1	NC_072841.1
594078	685358	4695080	4603786	91281	91295	99.20	5212762	5611497	1.75	1.63	NC_030989.1	NC_072841.1
685478	701666	4603678	4587503	16189	16176	99.13	5212762	5611497	0.31	0.29	NC_030989.1	NC_072841.1
706228	756728	4582620	4532111	50501	50510	98.58	5212762	5611497	0.97	0.90	NC_030989.1	NC_072841.1
757448	883869	4532114	4405725	126422	126390	99.04	5212762	5611497	2.43	2.25	NC_030989.1	NC_072841.1
884012	904545	4405423	4384889	20534	20535	99.21	5212762	5611497	0.39	0.37	NC_030989.1	NC_072841.1
904747	915159	4384670	4374251	10413	10420	99.30	5212762	5611497	0.20	0.19	NC_030989.1	NC_072841.1
915325	971545	4374091	4317874	56221	56218	99.17	5212762	5611497	1.08	1.00	NC_030989.1	NC_072841.1
971531	973365	4317674	4315839	1835	1836	98.86	5212762	5611497	0.04	0.03	NC_030989.1	NC_072841.1
973470	975355	4314919	4313037	1886	1883	99.26	5212762	5611497	0.04	0.03	NC_030989.1	NC_072841.1
976552	1035713	4312463	4253344	59162	59120	99.07	5212762	5611497	1.13	1.05	NC_030989.1	NC_072841.1
1035808	1069633	4253344	4219511	33826	33834	98.62	5212762	5611497	0.65	0.60	NC_030989.1	NC_072841.1
1069632	1171244	4219406	4117756	101613	101651	98.97	5212762	5611497	1.95	1.81	NC_030989.1	NC_072841.1
1175499	1208399	4113555	4080669	32901	32887	98.86	5212762	5611497	0.63	0.59	NC_030989.1	NC_072841.1
1208548	1244708	4080544	4044374	36161	36171	99.23	5212762	5611497	0.69	0.64	NC_030989.1	NC_072841.1
1244905	1282464	4044186	4006617	37560	37570	99.31	5212762	5611497	0.72	0.67	NC_030989.1	NC_072841.1
1282747	1303135	4006538	3986121	20389	20418	99.09	5212762	5611497	0.39	0.36	NC_030989.1	NC_072841.1
1304636	1367001	3986121	3923763	62366	62359	98.94	5212762	5611497	1.20	1.11	NC_030989.1	NC_072841.1
1367961	1437465	3922880	3853435	69505	69446	98.99	5212762	5611497	1.33	1.24	NC_030989.1	NC_072841.1
1440341	1443742	3850738	3847324	3402	3415	98.62	5212762	5611497	0.07	0.06	NC_030989.1	NC_072841.1
1444600	1602852	3847321	3689228	158253	158094	98.99	5212762	5611497	3.04	2.82	NC_030989.1	NC_072841.1
1603189	1642288	3688976	3649879	39100	39098	98.85	5212762	5611497	0.75	0.70	NC_030989.1	NC_072841.1
1642393	1721090	3649879	3571222	78698	78658	99.20	5212762	5611497	1.51	1.40	NC_030989.1	NC_072841.1
1721154	1795353	3571231	3496944	74200	74288	99.06	5212762	5611497	1.42	1.32	NC_030989.1	NC_072841.1
1796693	1800878	3495818	3491643	4186	4176	98.35	5212762	5611497	0.08	0.07	NC_030989.1	NC_072841.1
1801644	1804652	3490935	3487935	3009	3001	99.14	5212762	5611497	0.06	0.05	NC_030989.1	NC_072841.1
1805099	1806335	3486969	3485697	1237	1273	93.64	5212762	5611497	0.02	0.02	NC_030989.1	NC_072841.1
1807842	1810407	3484749	3482184	2566	2566	96.82	5212762	5611497	0.05	0.05	NC_030989.1	NC_072841.1
1810815	1949030	3481787	3343605	138216	138183	99.00	5212762	5611497	2.65	2.46	NC_030989.1	NC_072841.1
1949338	2013103	3343125	3279396	63766	63730	99.11	5212762	5611497	1.22	1.14	NC_030989.1	NC_072841.1
2013318	2071950	3279169	3220583	58633	58587	99.26	5212762	5611497	1.12	1.04	NC_030989.1	NC_072841.1
2071951	2243201	3220632	3049473	171251	171160	99.13	5212762	5611497	3.29	3.05	NC_030989.1	NC_072841.1
2243358	2255826	3049312	3036877	12469	12436	98.92	5212762	5611497	0.24	0.22	NC_030989.1	NC_072841.1
2256850	2269835	3035831	3022905	12986	12927	98.95	5212762	5611497	0.25	0.23	NC_030989.1	NC_072841.1
2270016	2305892	3022724	2986832	35877	35893	99.42	5212762	5611497	0.69	0.64	NC_030989.1	NC_072841.1
2306121	2321880	2986675	2970931	15760	15745	99.21	5212762	5611497	0.30	0.28	NC_030989.1	NC_072841.1
2322864	2328039	2970093	2964875	5176	5219	98.15	5212762	5611497	0.10	0.09	NC_030989.1	NC_072841.1
2329039	2369608	2912552	2872016	40570	40537	99.17	5212762	5611497	0.78	0.72	NC_030989.1	NC_072841.1
2370121	2387163	2871523	2854479	17043	17045	99.41	5212762	5611497	0.33	0.30	NC_030989.1	NC_072841.1
2387353	2393974	2854384	2847761	6622	6624	99.44	5212762	5611497	0.13	0.12	NC_030989.1	NC_072841.1
2394328	2409412	2847638	2832562	15085	15077	99.24	5212762	5611497	0.29	0.27	NC_030989.1	NC_072841.1
2409413	2426183	2832279	2815506	16771	16774	99.47	5212762	5611497	0.32	0.30	NC_030989.1	NC_072841.1
2426313	2472767	2815505	2769070	46455	46436	99.20	5212762	5611497	0.89	0.83	NC_030989.1	NC_072841.1
2472871	2507046	2768961	2734822	34176	34140	99.03	5212762	5611497	0.66	0.61	NC_030989.1	NC_072841.1
2509660	2510742	2734830	2733746	1083	1085	98.80	5212762	5611497	0.02	0.02	NC_030989.1	NC_072841.1
2510684	2522300	2733692	2722072	11617	11621	98.74	5212762	5611497	0.22	0.21	NC_030989.1	NC_072841.1
2522293	2619044	2721847	2625073	96752	96775	98.29	5212762	5611497	1.86	1.72	NC_030989.1	NC_072841.1
2619223	2631214	2624905	2612953	11992	11953	96.27	5212762	5611497	0.23	0.21	NC_030989.1	NC_072841.1
2631999	2664654	2612954	2580316	32656	32639	98.70	5212762	5611497	0.63	0.58	NC_030989.1	NC_072841.1
2664651	2670839	2579834	2573646	6189	6189	99.08	5212762	5611497	0.12	0.11	NC_030989.1	NC_072841.1
2671488	2683009	2573658	2562113	11522	11546	99.14	5212762	5611497	0.22	0.21	NC_030989.1	NC_072841.1
2682999	2739931	2557849	2500900	56933	56950	98.55	5212762	5611497	1.09	1.01	NC_030989.1	NC_072841.1
2739931	2753864	2498445	2484512	13934	13934	98.40	5212762	5611497	0.27	0.25	NC_030989.1	NC_072841.1
2757031	2794276	2483516	2446235	37246	37282	98.41	5212762	5611497	0.71	0.66	NC_030989.1	NC_072841.1
2794501	2802296	2432293	2424498	7796	7796	98.73	5212762	5611497	0.15	0.14	NC_030989.1	NC_072841.1
2802288	2834327	2424305	2392333	32040	31973	98.21	5212762	5611497	0.61	0.57	NC_030989.1	NC_072841.1
2835087	2847931	2392340	2379504	12845	12837	97.82	5212762	5611497	0.25	0.23	NC_030989.1	NC_072841.1
2848344	2855286	2379224	2372269	6943	6956	98.25	5212762	5611497	0.13	0.12	NC_030989.1	NC_072841.1
2856597	2880180	2372280	2348774	23584	23507	98.22	5212762	5611497	0.45	0.42	NC_030989.1	NC_072841.1
2880482	2930761	2348620	2298345	50280	50276	98.27	5212762	5611497	0.96	0.90	NC_030989.1	NC_072841.1
2930760	2944915	2297690	2283530	14156	14161	98.74	5212762	5611497	0.27	0.25	NC_030989.1	NC_072841.1
2945241	2951216	2283532	2277633	5976	5900	95.76	5212762	5611497	0.11	0.11	NC_030989.1	NC_072841.1
2951613	2982907	2277440	2246186	31295	31255	97.98	5212762	5611497	0.60	0.56	NC_030989.1	NC_072841.1
2984731	3013614	2246189	2217291	28884	28899	99.00	5212762	5611497	0.55	0.51	NC_030989.1	NC_072841.1
3019722	3056622	2217291	2180407	36901	36885	98.02	5212762	5611497	0.71	0.66	NC_030989.1	NC_072841.1
3059224	3079482	2180428	2160153	20259	20276	98.84	5212762	5611497	0.39	0.36	NC_030989.1	NC_072841.1
3082370	3095882	2160161	2146685	13513	13477	98.51	5212762	5611497	0.26	0.24	NC_030989.1	NC_072841.1
3096221	3097064	2146334	2145491	844	844	98.70	5212762	5611497	0.02	0.02	NC_030989.1	NC_072841.1
3097060	3101154	2144809	2140713	4095	4097	98.39	5212762	5611497	0.08	0.07	NC_030989.1	NC_072841.1
3101368	3112490	2140721	2129616	11123	11106	98.65	5212762	5611497	0.21	0.20	NC_030989.1	NC_072841.1
3113148	3137546	2129629	2105270	24399	24360	98.24	5212762	5611497	0.47	0.43	NC_030989.1	NC_072841.1
3138305	3179345	2105278	2064226	41041	41053	98.71	5212762	5611497	0.79	0.73	NC_030989.1	NC_072841.1
3179535	3190242	2064218	2053514	10708	10705	98.73	5212762	5611497	0.21	0.19	NC_030989.1	NC_072841.1
3190243	3200921	2053355	2042679	10679	10677	98.58	5212762	5611497	0.20	0.19	NC_030989.1	NC_072841.1
3201682	3203091	2042685	2041277	1410	1409	98.01	5212762	5611497	0.03	0.03	NC_030989.1	NC_072841.1
3206185	3222232	2041285	2025238	16048	16048	98.70	5212762	5611497	0.31	0.29	NC_030989.1	NC_072841.1
3225203	3227955	2025246	2022494	2753	2753	99.16	5212762	5611497	0.05	0.05	NC_030989.1	NC_072841.1
3227954	3243140	2020306	2005121	15187	15186	98.42	5212762	5611497	0.29	0.27	NC_030989.1	NC_072841.1
3243799	3250351	2005135	1998586	6553	6550	97.64	5212762	5611497	0.13	0.12	NC_030989.1	NC_072841.1
3250341	3252414	1996648	1994574	2074	2075	95.28	5212762	5611497	0.04	0.04	NC_030989.1	NC_072841.1
3265335	3306994	1993588	1951915	41660	41674	97.90	5212762	5611497	0.80	0.74	NC_030989.1	NC_072841.1
3307319	3312597	1951918	1946719	5279	5200	96.50	5212762	5611497	0.10	0.09	NC_030989.1	NC_072841.1
3312849	3318611	1946721	1940961	5763	5761	96.90	5212762	5611497	0.11	0.10	NC_030989.1	NC_072841.1
3319845	3320307	1939864	1939398	463	467	83.33	5212762	5611497	0.01	0.01	NC_030989.1	NC_072841.1
3321967	3323134	1937728	1936560	1168	1169	89.86	5212762	5611497	0.02	0.02	NC_030989.1	NC_072841.1
3323317	3328054	1936404	1931670	4738	4735	97.03	5212762	5611497	0.09	0.08	NC_030989.1	NC_072841.1
3330046	3460673	1931679	1801162	130628	130518	98.49	5212762	5611497	2.51	2.33	NC_030989.1	NC_072841.1
3460672	3474043	1801117	1787751	13372	13367	98.68	5212762	5611497	0.26	0.24	NC_030989.1	NC_072841.1
3474202	3474718	1787750	1787234	517	517	99.42	5212762	5611497	0.01	0.01	NC_030989.1	NC_072841.1
3475235	3476599	1786852	1785482	1365	1371	96.06	5212762	5611497	0.03	0.02	NC_030989.1	NC_072841.1
3478505	3499777	1783444	1762215	21273	21230	98.63	5212762	5611497	0.41	0.38	NC_030989.1	NC_072841.1
3499669	3502901	1760698	1757466	3233	3233	97.32	5212762	5611497	0.06	0.06	NC_030989.1	NC_072841.1
3502900	3509849	1757134	1750185	6950	6950	99.27	5212762	5611497	0.13	0.12	NC_030989.1	NC_072841.1
3515114	3517792	1750189	1747511	2679	2679	98.92	5212762	5611497	0.05	0.05	NC_030989.1	NC_072841.1
3517944	3518288	1747484	1747138	345	347	98.56	5212762	5611497	0.01	0.01	NC_030989.1	NC_072841.1
3518287	3518418	1747008	1747139	132	132	99.24	5212762	5611497	0.00	0.00	NC_030989.1	NC_072841.1
3518417	3533852	1747009	1731609	15436	15401	98.26	5212762	5611497	0.30	0.27	NC_030989.1	NC_072841.1
3533852	3542676	1728227	1719393	8825	8835	98.69	5212762	5611497	0.17	0.16	NC_030989.1	NC_072841.1
3542879	3560087	1719292	1702137	17209	17156	98.41	5212762	5611497	0.33	0.31	NC_030989.1	NC_072841.1
3560405	3561643	1700432	1701727	1239	1296	86.57	5212762	5611497	0.02	0.02	NC_030989.1	NC_072841.1
3562328	3565300	1695835	1692783	2973	3053	95.75	5212762	5611497	0.06	0.05	NC_030989.1	NC_072841.1
3565643	3601717	1692781	1656722	36075	36060	99.04	5212762	5611497	0.69	0.64	NC_030989.1	NC_072841.1
3601912	3635442	1656475	1622964	33531	33512	99.28	5212762	5611497	0.64	0.60	NC_030989.1	NC_072841.1
3636094	3652843	1622977	1606212	16750	16766	98.94	5212762	5611497	0.32	0.30	NC_030989.1	NC_072841.1
3652972	3660544	1606137	1598557	7573	7581	98.11	5212762	5611497	0.15	0.14	NC_030989.1	NC_072841.1
3660603	3694722	1598624	1564495	34120	34130	99.34	5212762	5611497	0.65	0.61	NC_030989.1	NC_072841.1
3694831	3749282	1564391	1509946	54452	54446	99.23	5212762	5611497	1.04	0.97	NC_030989.1	NC_072841.1
3749506	3784471	1509822	1474856	34966	34967	99.41	5212762	5611497	0.67	0.62	NC_030989.1	NC_072841.1
3784709	3814283	1474630	1445067	29575	29564	99.11	5212762	5611497	0.57	0.53	NC_030989.1	NC_072841.1
3814482	3830668	1444885	1428708	16187	16178	99.16	5212762	5611497	0.31	0.29	NC_030989.1	NC_072841.1
3830932	3855128	1428424	1404262	24197	24163	99.10	5212762	5611497	0.46	0.43	NC_030989.1	NC_072841.1
3856400	3891531	1403049	1367923	35132	35127	99.25	5212762	5611497	0.67	0.63	NC_030989.1	NC_072841.1
3891633	3930982	1367915	1328644	39350	39272	99.01	5212762	5611497	0.75	0.70	NC_030989.1	NC_072841.1
3931636	3933937	1328658	1326363	2302	2296	99.17	5212762	5611497	0.04	0.04	NC_030989.1	NC_072841.1
3934408	3984357	1326025	1276086	49950	49940	98.26	5212762	5611497	0.96	0.89	NC_030989.1	NC_072841.1
3984937	4017289	1275504	1243191	32353	32314	99.16	5212762	5611497	0.62	0.58	NC_030989.1	NC_072841.1
4017572	4020946	1243014	1239645	3375	3370	99.05	5212762	5611497	0.06	0.06	NC_030989.1	NC_072841.1
4021864	4069386	1238885	1191397	47523	47489	99.13	5212762	5611497	0.91	0.85	NC_030989.1	NC_072841.1
4069625	4105022	1191182	1155861	35398	35322	98.75	5212762	5611497	0.68	0.63	NC_030989.1	NC_072841.1
4105686	4127785	1155875	1133899	22100	21977	98.39	5212762	5611497	0.42	0.39	NC_030989.1	NC_072841.1
4127928	4129697	1133852	1132084	1770	1769	98.53	5212762	5611497	0.03	0.03	NC_030989.1	NC_072841.1
4129830	4195061	1129495	1064318	65232	65178	98.68	5212762	5611497	1.25	1.16	NC_030989.1	NC_072841.1
4195060	4213610	1064025	1045493	18551	18533	98.60	5212762	5611497	0.36	0.33	NC_030989.1	NC_072841.1
4213611	4222289	1045297	1036619	8679	8679	99.31	5212762	5611497	0.17	0.15	NC_030989.1	NC_072841.1
4222530	4236887	1036463	1022087	14358	14377	98.89	5212762	5611497	0.28	0.26	NC_030989.1	NC_072841.1
4238184	4245217	1022211	1015179	7034	7033	99.63	5212762	5611497	0.13	0.13	NC_030989.1	NC_072841.1
4245471	4256719	1014845	1003611	11249	11235	99.34	5212762	5611497	0.22	0.20	NC_030989.1	NC_072841.1
4256841	4259852	1003596	1000611	3012	2986	96.99	5212762	5611497	0.06	0.05	NC_030989.1	NC_072841.1
4260664	4272371	999695	987988	11708	11708	99.20	5212762	5611497	0.22	0.21	NC_030989.1	NC_072841.1
4272568	4350128	987799	910271	77561	77529	98.85	5212762	5611497	1.49	1.38	NC_030989.1	NC_072841.1
4350406	4353281	910214	907357	2876	2858	98.44	5212762	5611497	0.06	0.05	NC_030989.1	NC_072841.1
4353441	4415960	906678	844129	62520	62550	99.20	5212762	5611497	1.20	1.11	NC_030989.1	NC_072841.1
4416107	4502197	844119	758039	86091	86081	99.18	5212762	5611497	1.65	1.53	NC_030989.1	NC_072841.1
4502191	4509431	757796	750545	7241	7252	98.58	5212762	5611497	0.14	0.13	NC_030989.1	NC_072841.1
4509357	4542080	750435	717715	32724	32721	98.24	5212762	5611497	0.63	0.58	NC_030989.1	NC_072841.1
4542234	4542824	712656	712067	591	590	93.91	5212762	5611497	0.01	0.01	NC_030989.1	NC_072841.1
4550409	4560084	708451	698773	9676	9679	98.48	5212762	5611497	0.19	0.17	NC_030989.1	NC_072841.1
4565281	4569089	698765	694952	3809	3814	93.40	5212762	5611497	0.07	0.07	NC_030989.1	NC_072841.1
4569357	4610571	694621	653431	41215	41191	98.63	5212762	5611497	0.79	0.73	NC_030989.1	NC_072841.1
4610569	4610702	653300	653433	134	134	99.25	5212762	5611497	0.00	0.00	NC_030989.1	NC_072841.1
4610700	4611195	653302	652806	496	497	95.18	5212762	5611497	0.01	0.01	NC_030989.1	NC_072841.1
4612233	4650420	650844	612667	38188	38178	98.08	5212762	5611497	0.73	0.68	NC_030989.1	NC_072841.1
4650653	4656449	609928	604115	5797	5814	97.98	5212762	5611497	0.11	0.10	NC_030989.1	NC_072841.1
4659709	4672211	581867	569359	12503	12509	98.11	5212762	5611497	0.24	0.22	NC_030989.1	NC_072841.1
4672372	4697017	569362	544714	24646	24649	98.43	5212762	5611497	0.47	0.44	NC_030989.1	NC_072841.1
4701920	4741482	544719	505144	39563	39576	98.41	5212762	5611497	0.76	0.71	NC_030989.1	NC_072841.1
4742156	4744342	505156	502942	2187	2215	88.09	5212762	5611497	0.04	0.04	NC_030989.1	NC_072841.1
4747923	4755104	426232	419092	7182	7141	93.07	5212762	5611497	0.14	0.13	NC_030989.1	NC_072841.1
4755103	4769885	418829	404017	14783	14813	96.94	5212762	5611497	0.28	0.26	NC_030989.1	NC_072841.1
4775705	4776066	400368	400007	362	362	92.27	5212762	5611497	0.01	0.01	NC_030989.1	NC_072841.1
4777188	4780011	399207	396383	2824	2825	97.95	5212762	5611497	0.05	0.05	NC_030989.1	NC_072841.1
4784458	4784999	393199	392658	542	542	82.69	5212762	5611497	0.01	0.01	NC_030989.1	NC_072841.1
4787374	4798112	390293	379562	10739	10732	97.22	5212762	5611497	0.21	0.19	NC_030989.1	NC_072841.1
4798228	4805021	379281	372518	6794	6764	95.55	5212762	5611497	0.13	0.12	NC_030989.1	NC_072841.1
4805364	4823638	372179	353829	18275	18351	97.21	5212762	5611497	0.35	0.33	NC_030989.1	NC_072841.1
4824181	4832406	353700	345475	8226	8226	98.69	5212762	5611497	0.16	0.15	NC_030989.1	NC_072841.1
4832593	4832710	345474	345357	118	118	98.31	5212762	5611497	0.00	0.00	NC_030989.1	NC_072841.1
4833366	4833847	345372	344915	482	458	92.32	5212762	5611497	0.01	0.01	NC_030989.1	NC_072841.1
4835066	4848302	344914	331676	13237	13239	95.53	5212762	5611497	0.25	0.24	NC_030989.1	NC_072841.1
4854858	4867902	331676	318650	13045	13027	97.94	5212762	5611497	0.25	0.23	NC_030989.1	NC_072841.1
4870155	4876037	315003	309130	5883	5874	96.86	5212762	5611497	0.11	0.10	NC_030989.1	NC_072841.1
4876191	4909383	305999	272805	33193	33195	97.73	5212762	5611497	0.64	0.59	NC_030989.1	NC_072841.1
4909901	4940477	272267	241693	30577	30575	97.02	5212762	5611497	0.59	0.54	NC_030989.1	NC_072841.1
4940993	4943822	241598	238765	2830	2834	95.28	5212762	5611497	0.05	0.05	NC_030989.1	NC_072841.1
4943816	4946922	238573	235499	3107	3075	95.38	5212762	5611497	0.06	0.05	NC_030989.1	NC_072841.1
4946923	4948018	235183	234099	1096	1085	94.25	5212762	5611497	0.02	0.02	NC_030989.1	NC_072841.1
4948271	4951109	233834	231021	2839	2814	88.86	5212762	5611497	0.05	0.05	NC_030989.1	NC_072841.1
4961463	4964850	222525	219136	3388	3390	90.73	5212762	5611497	0.06	0.06	NC_030989.1	NC_072841.1
4965461	4965685	218267	218043	225	225	84.51	5212762	5611497	0.00	0.00	NC_030989.1	NC_072841.1
4965827	4966521	41735	42423	695	689	82.66	5212762	3716460	0.01	0.02	NC_030989.1	NC_072847.1
4967544	4969824	461174	458979	2281	2196	83.49	5212762	2893631	0.04	0.08	NC_030989.1	NC_072849.1
4969688	4971856	16509	14341	2169	2169	85.84	5212762	2853886	0.04	0.08	NC_030989.1	NC_072850.1
4970280	4971856	458523	456944	1577	1580	85.36	5212762	2893631	0.03	0.05	NC_030989.1	NC_072849.1
4972526	4975493	2835794	2838758	2968	2965	89.23	5212762	2853886	0.06	0.10	NC_030989.1	NC_072850.1
4974159	4975522	2245137	2243779	1364	1359	84.54	5212762	3716460	0.03	0.04	NC_030989.1	NC_072847.1
5003144	5006470	215474	212125	3327	3350	84.78	5212762	5611497	0.06	0.06	NC_030989.1	NC_072841.1
5007246	5008627	211370	209990	1382	1381	94.00	5212762	5611497	0.03	0.02	NC_030989.1	NC_072841.1
5009067	5011203	209599	207464	2137	2136	88.19	5212762	5611497	0.04	0.04	NC_030989.1	NC_072841.1
5011258	5011730	207171	206696	473	476	89.50	5212762	5611497	0.01	0.01	NC_030989.1	NC_072841.1
5024563	5026481	4989781	4991699	1919	1919	99.53	5212762	5151772	0.04	0.04	NC_030989.1	NC_072842.1
5029573	5029864	4991691	4991982	292	292	98.97	5212762	5151772	0.01	0.01	NC_030989.1	NC_072842.1
5036164	5037978	188265	186451	1815	1815	95.44	5212762	5611497	0.03	0.03	NC_030989.1	NC_072841.1
5041360	5049737	179537	171118	8378	8420	96.19	5212762	5611497	0.16	0.15	NC_030989.1	NC_072841.1
5049737	5049910	170945	171118	174	174	97.13	5212762	5611497	0.00	0.00	NC_030989.1	NC_072841.1
5049910	5072478	170945	148380	22569	22566	96.64	5212762	5611497	0.43	0.40	NC_030989.1	NC_072841.1
5072471	5100759	147441	119193	28289	28249	96.78	5212762	5611497	0.54	0.50	NC_030989.1	NC_072841.1
5104696	5118691	109416	95421	13996	13996	97.92	5212762	5611497	0.27	0.25	NC_030989.1	NC_072841.1
5118721	5132596	91923	78061	13876	13863	98.40	5212762	5611497	0.27	0.25	NC_030989.1	NC_072841.1
5132805	5140559	78063	70303	7755	7761	98.03	5212762	5611497	0.15	0.14	NC_030989.1	NC_072841.1
5140854	5142841	69857	67871	1988	1987	97.03	5212762	5611497	0.04	0.04	NC_030989.1	NC_072841.1
5143179	5149192	67870	61855	6014	6016	98.14	5212762	5611497	0.12	0.11	NC_030989.1	NC_072841.1
5149182	5149649	61392	61859	468	468	98.30	5212762	5611497	0.01	0.01	NC_030989.1	NC_072841.1
5149645	5158096	61401	53034	8452	8368	94.27	5212762	5611497	0.16	0.15	NC_030989.1	NC_072841.1
5158485	5158610	1527762	1527639	126	124	88.89	5212762	3277645	0.00	0.00	NC_030989.1	NC_072848.1
5158586	5159473	3255384	3256270	888	887	90.55	5212762	3277645	0.02	0.03	NC_030989.1	NC_072848.1
5159929	5160110	3177483	3177664	182	182	93.96	5212762	4259108	0.00	0.00	NC_030989.1	NC_072846.1
5160112	5160301	904575	904388	190	188	91.15	5212762	4259108	0.00	0.00	NC_030989.1	NC_072846.1
5178258	5178513	410404	410653	256	250	82.10	5212762	4259108	0.00	0.01	NC_030989.1	NC_072846.1
5182763	5184200	4169205	4170662	1438	1458	82.91	5212762	4259108	0.03	0.03	NC_030989.1	NC_072846.1
5212336	5212580	5429291	5429535	245	245	89.39	5212762	5611497	0.00	0.00	NC_030989.1	NC_072841.1
2	6640	4909406	4902759	6639	6648	97.22	4914260	5151772	0.14	0.13	NC_030990.1	NC_072842.1
6637	8498	3306601	3308463	1862	1863	92.38	4914260	4259108	0.04	0.04	NC_030990.1	NC_072846.1
8660	8904	4902751	4902508	245	244	92.24	4914260	5151772	0.00	0.00	NC_030990.1	NC_072842.1
9003	11988	4894450	4891476	2986	2975	95.85	4914260	5151772	0.06	0.06	NC_030990.1	NC_072842.1
11988	22812	4891144	4880345	10825	10800	98.12	4914260	5151772	0.22	0.21	NC_030990.1	NC_072842.1
22965	25186	4880214	4877993	2222	2222	95.77	4914260	5151772	0.05	0.04	NC_030990.1	NC_072842.1
27817	31968	4875706	4871555	4152	4152	96.68	4914260	5151772	0.08	0.08	NC_030990.1	NC_072842.1
31968	36429	4871252	4866774	4462	4479	95.08	4914260	5151772	0.09	0.09	NC_030990.1	NC_072842.1
37082	39727	4866793	4864140	2646	2654	96.99	4914260	5151772	0.05	0.05	NC_030990.1	NC_072842.1
39728	40276	4862422	4861788	549	635	82.83	4914260	5151772	0.01	0.01	NC_030990.1	NC_072842.1
48879	56605	4861786	4854054	7727	7733	97.58	4914260	5151772	0.16	0.15	NC_030990.1	NC_072842.1
57264	65793	4854068	4845521	8530	8548	97.42	4914260	5151772	0.17	0.17	NC_030990.1	NC_072842.1
65793	65937	344445	344589	145	145	93.10	4914260	2552985	0.00	0.01	NC_030990.1	NC_072851.1
65942	68549	4845378	4842714	2608	2665	95.76	4914260	5151772	0.05	0.05	NC_030990.1	NC_072842.1
68657	99551	4842617	4811721	30895	30897	98.00	4914260	5151772	0.63	0.60	NC_030990.1	NC_072842.1
99699	103227	4811578	4808049	3529	3530	94.75	4914260	5151772	0.07	0.07	NC_030990.1	NC_072842.1
116236	139098	4807677	4784824	22863	22854	97.31	4914260	5151772	0.47	0.44	NC_030990.1	NC_072842.1
139870	141053	4784042	4782840	1184	1203	95.62	4914260	5151772	0.02	0.02	NC_030990.1	NC_072842.1
141051	141224	4782669	4782842	174	174	98.85	4914260	5151772	0.00	0.00	NC_030990.1	NC_072842.1
141222	151901	4782671	4772079	10680	10593	97.50	4914260	5151772	0.22	0.21	NC_030990.1	NC_072842.1
153385	178782	4772079	4746655	25398	25425	97.69	4914260	5151772	0.52	0.49	NC_030990.1	NC_072842.1
178774	178928	4746509	4746663	155	155	95.48	4914260	5151772	0.00	0.00	NC_030990.1	NC_072842.1
178920	192383	4746517	4733126	13464	13392	94.44	4914260	5151772	0.27	0.26	NC_030990.1	NC_072842.1
192758	205500	4732743	4720002	12743	12742	97.45	4914260	5151772	0.26	0.25	NC_030990.1	NC_072842.1
206229	228438	4719155	4696914	22210	22242	96.72	4914260	5151772	0.45	0.43	NC_030990.1	NC_072842.1
228650	232135	4696747	4693255	3486	3493	97.71	4914260	5151772	0.07	0.07	NC_030990.1	NC_072842.1
232319	238783	4693072	4686615	6465	6458	97.59	4914260	5151772	0.13	0.13	NC_030990.1	NC_072842.1
239014	243079	4686408	4682388	4066	4021	96.14	4914260	5151772	0.08	0.08	NC_030990.1	NC_072842.1
243077	244971	4681307	4679412	1895	1896	95.26	4914260	5151772	0.04	0.04	NC_030990.1	NC_072842.1
244969	245066	4909472	4909569	98	98	94.90	4914260	5151772	0.00	0.00	NC_030990.1	NC_072842.1
246015	247030	4910206	4911219	1016	1014	92.63	4914260	5151772	0.02	0.02	NC_030990.1	NC_072842.1
247158	247272	1897458	1897572	115	115	94.78	4914260	2893631	0.00	0.00	NC_030990.1	NC_072849.1
247300	248029	4679414	4678689	730	726	94.13	4914260	5151772	0.01	0.01	NC_030990.1	NC_072842.1
250317	262061	4677678	4665935	11745	11744	98.29	4914260	5151772	0.24	0.23	NC_030990.1	NC_072842.1
267310	267567	4663895	4663635	258	261	90.42	4914260	5151772	0.01	0.01	NC_030990.1	NC_072842.1
267571	308255	4663426	4622724	40685	40703	97.49	4914260	5151772	0.83	0.79	NC_030990.1	NC_072842.1
309014	323835	4622732	4607893	14822	14840	96.44	4914260	5151772	0.30	0.29	NC_030990.1	NC_072842.1
323832	325263	4605077	4603628	1432	1450	92.84	4914260	5151772	0.03	0.03	NC_030990.1	NC_072842.1
325258	328419	4603185	4600023	3162	3163	94.72	4914260	5151772	0.06	0.06	NC_030990.1	NC_072842.1
328438	365144	4593159	4556465	36707	36695	98.47	4914260	5151772	0.75	0.71	NC_030990.1	NC_072842.1
365306	382098	4556389	4539662	16793	16728	97.35	4914260	5151772	0.34	0.32	NC_030990.1	NC_072842.1
382233	399611	4539509	4522166	17379	17344	97.38	4914260	5151772	0.35	0.34	NC_030990.1	NC_072842.1
400266	429437	4522179	4493011	29172	29169	97.55	4914260	5151772	0.59	0.57	NC_030990.1	NC_072842.1
429433	440293	4492643	4481770	10861	10874	97.08	4914260	5151772	0.22	0.21	NC_030990.1	NC_072842.1
446327	460173	4481781	4467959	13847	13823	98.16	4914260	5151772	0.28	0.27	NC_030990.1	NC_072842.1
460825	471655	4467971	4457156	10831	10816	97.88	4914260	5151772	0.22	0.21	NC_030990.1	NC_072842.1
481859	482619	4457058	4456299	761	760	98.95	4914260	5151772	0.02	0.01	NC_030990.1	NC_072842.1
483330	553386	4455459	4385467	70057	69993	97.85	4914260	5151772	1.43	1.36	NC_030990.1	NC_072842.1
553701	572656	4385176	4366275	18956	18902	96.17	4914260	5151772	0.39	0.37	NC_030990.1	NC_072842.1
575143	576411	4363895	4362628	1269	1268	84.67	4914260	5151772	0.03	0.02	NC_030990.1	NC_072842.1
576497	593191	4362612	4345806	16695	16807	94.58	4914260	5151772	0.34	0.33	NC_030990.1	NC_072842.1
593430	661045	4345775	4278121	67616	67655	98.06	4914260	5151772	1.38	1.31	NC_030990.1	NC_072842.1
663963	726629	4278139	4215382	62667	62758	98.53	4914260	5151772	1.28	1.22	NC_030990.1	NC_072842.1
727287	731544	4215397	4211157	4258	4241	98.59	4914260	5151772	0.09	0.08	NC_030990.1	NC_072842.1
731542	733781	1657561	1659791	2240	2231	91.30	4914260	4259108	0.05	0.05	NC_030990.1	NC_072846.1
733779	748865	4211158	4196174	15087	14985	97.74	4914260	5151772	0.31	0.29	NC_030990.1	NC_072842.1
749161	763006	4195779	4181957	13846	13823	98.55	4914260	5151772	0.28	0.27	NC_030990.1	NC_072842.1
763529	819839	4181545	4125191	56311	56355	98.74	4914260	5151772	1.15	1.09	NC_030990.1	NC_072842.1
820474	832205	4124947	4113230	11732	11718	98.94	4914260	5151772	0.24	0.23	NC_030990.1	NC_072842.1
832814	852378	4112628	4093045	19565	19584	98.85	4914260	5151772	0.40	0.38	NC_030990.1	NC_072842.1
852782	879105	4092783	4066485	26324	26299	98.55	4914260	5151772	0.54	0.51	NC_030990.1	NC_072842.1
880110	936144	4019971	3964013	56035	55959	99.17	4914260	5151772	1.14	1.09	NC_030990.1	NC_072842.1
936291	1077391	3963882	3822799	141101	141084	99.11	4914260	5151772	2.87	2.74	NC_030990.1	NC_072842.1
1077628	1105673	3822570	3794477	28046	28094	98.98	4914260	5151772	0.57	0.55	NC_030990.1	NC_072842.1
1105787	1112963	3794368	3787182	7177	7187	99.40	4914260	5151772	0.15	0.14	NC_030990.1	NC_072842.1
1113516	1116787	3786747	3783476	3272	3272	99.14	4914260	5151772	0.07	0.06	NC_030990.1	NC_072842.1
1117163	1124387	3783148	3775944	7225	7205	98.70	4914260	5151772	0.15	0.14	NC_030990.1	NC_072842.1
1127238	1128033	3775330	3774617	796	714	80.70	4914260	5151772	0.02	0.01	NC_030990.1	NC_072842.1
1133342	1158737	3770353	3744955	25396	25399	98.82	4914260	5151772	0.52	0.49	NC_030990.1	NC_072842.1
1158896	1251209	3744805	3652540	92314	92266	98.98	4914260	5151772	1.88	1.79	NC_030990.1	NC_072842.1
1251345	1288391	3652541	3615519	37047	37023	99.03	4914260	5151772	0.75	0.72	NC_030990.1	NC_072842.1
1288877	1304497	3615229	3599646	15621	15584	98.43	4914260	5151772	0.32	0.30	NC_030990.1	NC_072842.1
1304595	1305712	3599648	3598533	1118	1116	98.84	4914260	5151772	0.02	0.02	NC_030990.1	NC_072842.1
1306486	1312953	3598547	3592112	6468	6436	98.72	4914260	5151772	0.13	0.12	NC_030990.1	NC_072842.1
1313165	1328597	3591899	3576481	15433	15419	98.98	4914260	5151772	0.31	0.30	NC_030990.1	NC_072842.1
1328707	1388413	3576386	3516666	59707	59721	99.09	4914260	5151772	1.21	1.16	NC_030990.1	NC_072842.1
1389063	1395841	3516691	3509904	6779	6788	98.70	4914260	5151772	0.14	0.13	NC_030990.1	NC_072842.1
1395941	1399926	3509904	3505941	3986	3964	98.70	4914260	5151772	0.08	0.08	NC_030990.1	NC_072842.1
1400427	1442254	3505510	3463685	41828	41826	98.99	4914260	5151772	0.85	0.81	NC_030990.1	NC_072842.1
1442751	1464100	3463686	3442343	21350	21344	98.49	4914260	5151772	0.43	0.41	NC_030990.1	NC_072842.1
1474119	1513020	3431850	3393038	38902	38813	98.94	4914260	5151772	0.79	0.75	NC_030990.1	NC_072842.1
1514158	1521934	3391833	3384067	7777	7767	99.01	4914260	5151772	0.16	0.15	NC_030990.1	NC_072842.1
1522393	1532743	3384110	3373761	10351	10350	99.48	4914260	5151772	0.21	0.20	NC_030990.1	NC_072842.1
1522685	1599213	3383818	3307306	76529	76513	99.04	4914260	5151772	1.56	1.49	NC_030990.1	NC_072842.1
1599551	1601459	3307085	3305178	1909	1908	99.27	4914260	5151772	0.04	0.04	NC_030990.1	NC_072842.1
1601969	1602755	3304236	3303447	787	790	99.11	4914260	5151772	0.02	0.02	NC_030990.1	NC_072842.1
1603103	1623835	3303139	3282416	20733	20724	99.07	4914260	5151772	0.42	0.40	NC_030990.1	NC_072842.1
1623867	1639602	3282420	3266649	15736	15772	99.01	4914260	5151772	0.32	0.31	NC_030990.1	NC_072842.1
1639984	1652793	3266274	3253453	12810	12822	98.75	4914260	5151772	0.26	0.25	NC_030990.1	NC_072842.1
1652787	1653690	3249442	3248540	904	903	98.34	4914260	5151772	0.02	0.02	NC_030990.1	NC_072842.1
1656507	1660730	3245683	3241460	4224	4224	98.30	4914260	5151772	0.09	0.08	NC_030990.1	NC_072842.1
1660909	1743620	3241422	3158803	82712	82620	99.10	4914260	5151772	1.68	1.60	NC_030990.1	NC_072842.1
1743983	1778772	3158734	3123926	34790	34809	98.91	4914260	5151772	0.71	0.68	NC_030990.1	NC_072842.1
1779182	1851190	3123599	3051654	72009	71946	99.14	4914260	5151772	1.47	1.40	NC_030990.1	NC_072842.1
1856203	1894594	3051660	3013247	38392	38414	99.21	4914260	5151772	0.78	0.75	NC_030990.1	NC_072842.1
1894595	1937867	3013043	2969780	43273	43264	99.11	4914260	5151772	0.88	0.84	NC_030990.1	NC_072842.1
1937988	1942065	2969665	2965596	4078	4070	98.83	4914260	5151772	0.08	0.08	NC_030990.1	NC_072842.1
1942211	1945020	2965458	2962652	2810	2807	99.36	4914260	5151772	0.06	0.05	NC_030990.1	NC_072842.1
1945151	1950447	2962528	2957245	5297	5284	99.11	4914260	5151772	0.11	0.10	NC_030990.1	NC_072842.1
1950611	1993926	2957094	2913783	43316	43312	99.22	4914260	5151772	0.88	0.84	NC_030990.1	NC_072842.1
1994208	2035318	2913784	2872727	41111	41058	99.06	4914260	5151772	0.84	0.80	NC_030990.1	NC_072842.1
2036215	2099290	2871924	2808793	63076	63132	98.94	4914260	5151772	1.28	1.23	NC_030990.1	NC_072842.1
2099606	2121694	2808797	2786733	22089	22065	98.53	4914260	5151772	0.45	0.43	NC_030990.1	NC_072842.1
2121614	2122456	2786718	2785878	843	841	99.53	4914260	5151772	0.02	0.02	NC_030990.1	NC_072842.1
2122495	2149535	2785879	2758820	27041	27060	99.03	4914260	5151772	0.55	0.53	NC_030990.1	NC_072842.1
2150196	2153476	2758834	2755557	3281	3278	99.36	4914260	5151772	0.07	0.06	NC_030990.1	NC_072842.1
2153631	2200615	2755523	2708581	46985	46943	99.28	4914260	5151772	0.96	0.91	NC_030990.1	NC_072842.1
2200610	2254821	2708504	2654269	54212	54236	99.22	4914260	5151772	1.10	1.05	NC_030990.1	NC_072842.1
2255478	2298058	2654282	2611697	42581	42586	99.15	4914260	5151772	0.87	0.83	NC_030990.1	NC_072842.1
2298534	2332259	2611431	2577736	33726	33696	99.24	4914260	5151772	0.69	0.65	NC_030990.1	NC_072842.1
2332542	2348600	2577737	2561670	16059	16068	99.23	4914260	5151772	0.33	0.31	NC_030990.1	NC_072842.1
2348761	2363449	2561511	2546857	14689	14655	98.99	4914260	5151772	0.30	0.28	NC_030990.1	NC_072842.1
2363439	2374917	2546761	2535313	11479	11449	99.20	4914260	5151772	0.23	0.22	NC_030990.1	NC_072842.1
2376625	2379983	2534034	2530679	3359	3356	99.43	4914260	5151772	0.07	0.07	NC_030990.1	NC_072842.1
2380085	2397183	2530547	2513511	17099	17037	98.84	4914260	5151772	0.35	0.33	NC_030990.1	NC_072842.1
2397840	2409549	2513524	2501807	11710	11718	99.10	4914260	5151772	0.24	0.23	NC_030990.1	NC_072842.1
2409491	2413819	2501940	2497596	4329	4345	99.19	4914260	5151772	0.09	0.08	NC_030990.1	NC_072842.1
2414081	2419159	2497475	2492399	5079	5077	99.21	4914260	5151772	0.10	0.10	NC_030990.1	NC_072842.1
2419390	2452137	2492315	2459573	32748	32743	99.14	4914260	5151772	0.67	0.64	NC_030990.1	NC_072842.1
2452322	2455542	2459490	2456273	3221	3218	98.98	4914260	5151772	0.07	0.06	NC_030990.1	NC_072842.1
2456198	2467034	2455776	2444932	10837	10845	98.82	4914260	5151772	0.22	0.21	NC_030990.1	NC_072842.1
2467273	2526183	2444824	2385884	58911	58941	99.18	4914260	5151772	1.20	1.14	NC_030990.1	NC_072842.1
2526574	2536417	2385626	2375775	9844	9852	98.89	4914260	5151772	0.20	0.19	NC_030990.1	NC_072842.1
2537806	2549092	2375776	2364500	11287	11277	99.07	4914260	5151772	0.23	0.22	NC_030990.1	NC_072842.1
2549191	2559075	2364330	2354444	9885	9887	99.24	4914260	5151772	0.20	0.19	NC_030990.1	NC_072842.1
2559073	2599873	2354143	2313285	40801	40859	99.18	4914260	5151772	0.83	0.79	NC_030990.1	NC_072842.1
2600518	2614030	2313298	2299820	13513	13479	99.08	4914260	5151772	0.27	0.26	NC_030990.1	NC_072842.1
2614609	2622090	2299213	2291734	7482	7480	99.24	4914260	5151772	0.15	0.15	NC_030990.1	NC_072842.1
2622191	2666681	2291402	2246902	44491	44501	99.06	4914260	5151772	0.91	0.86	NC_030990.1	NC_072842.1
2666820	2726244	2246783	2187379	59425	59405	99.10	4914260	5151772	1.21	1.15	NC_030990.1	NC_072842.1
2726237	2783909	2186961	2129307	57673	57655	99.16	4914260	5151772	1.17	1.12	NC_030990.1	NC_072842.1
2784337	2836751	2128534	2076131	52415	52404	99.23	4914260	5151772	1.07	1.02	NC_030990.1	NC_072842.1
2836867	2889670	2076026	2023279	52804	52748	99.34	4914260	5151772	1.07	1.02	NC_030990.1	NC_072842.1
2889844	2892199	2023225	2020834	2356	2392	97.95	4914260	5151772	0.05	0.05	NC_030990.1	NC_072842.1
2892663	2917525	2020524	1995686	24863	24839	99.05	4914260	5151772	0.51	0.48	NC_030990.1	NC_072842.1
2918055	3053866	1995376	1859623	135812	135754	99.07	4914260	5151772	2.76	2.64	NC_030990.1	NC_072842.1
3054307	3088168	1859253	1825435	33862	33819	98.97	4914260	5151772	0.69	0.66	NC_030990.1	NC_072842.1
3088324	3201469	1825318	1712218	113146	113101	99.10	4914260	5151772	2.30	2.20	NC_030990.1	NC_072842.1
3201618	3212138	1712073	1701559	10521	10515	99.07	4914260	5151772	0.21	0.20	NC_030990.1	NC_072842.1
3212902	3257861	1700875	1655928	44960	44948	99.24	4914260	5151772	0.91	0.87	NC_030990.1	NC_072842.1
3258036	3272414	1655824	1641446	14379	14379	99.26	4914260	5151772	0.29	0.28	NC_030990.1	NC_072842.1
3273803	3398310	1641447	1517186	124508	124262	99.23	4914260	5151772	2.53	2.41	NC_030990.1	NC_072842.1
3399484	3431185	1515999	1484308	31702	31692	99.34	4914260	5151772	0.65	0.62	NC_030990.1	NC_072842.1
3431456	3439561	1483910	1475803	8106	8108	99.03	4914260	5151772	0.16	0.16	NC_030990.1	NC_072842.1
3439848	3491487	1475736	1424122	51640	51615	99.02	4914260	5151772	1.05	1.00	NC_030990.1	NC_072842.1
3491994	3515589	1423617	1400082	23596	23536	99.08	4914260	5151772	0.48	0.46	NC_030990.1	NC_072842.1
3516253	3525558	1400095	1390765	9306	9331	99.21	4914260	5151772	0.19	0.18	NC_030990.1	NC_072842.1
3526700	3528034	1387423	1386089	1335	1335	99.33	4914260	5151772	0.03	0.03	NC_030990.1	NC_072842.1
3528030	3538560	1385859	1375331	10531	10529	99.59	4914260	5151772	0.21	0.20	NC_030990.1	NC_072842.1
3538804	3540887	1375097	1373012	2084	2086	99.38	4914260	5151772	0.04	0.04	NC_030990.1	NC_072842.1
3541547	3572679	1373024	1342001	31133	31024	98.92	4914260	5151772	0.63	0.60	NC_030990.1	NC_072842.1
3572674	3593888	1341883	1320651	21215	21233	99.11	4914260	5151772	0.43	0.41	NC_030990.1	NC_072842.1
3594217	3635814	1320395	1278775	41598	41621	99.41	4914260	5151772	0.85	0.81	NC_030990.1	NC_072842.1
3636544	3662428	1278441	1252558	25885	25884	99.44	4914260	5151772	0.53	0.50	NC_030990.1	NC_072842.1
3662393	3724787	1252530	1190170	62395	62361	99.21	4914260	5151772	1.27	1.21	NC_030990.1	NC_072842.1
3725546	3729596	1189127	1185082	4051	4046	99.31	4914260	5151772	0.08	0.08	NC_030990.1	NC_072842.1
3729739	3744445	1185037	1170341	14707	14697	99.13	4914260	5151772	0.30	0.29	NC_030990.1	NC_072842.1
3744691	3813655	1170215	1101220	68965	68996	99.04	4914260	5151772	1.40	1.34	NC_030990.1	NC_072842.1
3813806	3814420	1101081	1100470	615	612	93.03	4914260	5151772	0.01	0.01	NC_030990.1	NC_072842.1
3814839	3839598	1100099	1075314	24760	24786	99.15	4914260	5151772	0.50	0.48	NC_030990.1	NC_072842.1
3839943	3937041	1075212	978046	97099	97167	98.98	4914260	5151772	1.98	1.89	NC_030990.1	NC_072842.1
3939040	3955555	976849	960324	16516	16526	99.00	4914260	5151772	0.34	0.32	NC_030990.1	NC_072842.1
3956014	3990461	960038	925555	34448	34484	98.52	4914260	5151772	0.70	0.67	NC_030990.1	NC_072842.1
3990620	4023430	925566	892686	32811	32881	98.14	4914260	5151772	0.67	0.64	NC_030990.1	NC_072842.1
4023561	4054245	892556	861858	30685	30699	98.99	4914260	5151772	0.62	0.60	NC_030990.1	NC_072842.1
4054535	4057644	861687	858577	3110	3111	98.72	4914260	5151772	0.06	0.06	NC_030990.1	NC_072842.1
4057670	4084154	858590	832076	26485	26515	99.15	4914260	5151772	0.54	0.51	NC_030990.1	NC_072842.1
4084836	4103675	831527	812730	18840	18798	98.32	4914260	5151772	0.38	0.36	NC_030990.1	NC_072842.1
4103890	4133392	812704	783235	29503	29470	98.72	4914260	5151772	0.60	0.57	NC_030990.1	NC_072842.1
4133764	4162180	782935	754512	28417	28424	98.88	4914260	5151772	0.58	0.55	NC_030990.1	NC_072842.1
4162850	4195908	754527	721407	33059	33121	98.13	4914260	5151772	0.67	0.64	NC_030990.1	NC_072842.1
4196332	4225615	721082	691784	29284	29299	98.74	4914260	5151772	0.60	0.57	NC_030990.1	NC_072842.1
4225718	4249750	691680	667692	24033	23989	99.07	4914260	5151772	0.49	0.47	NC_030990.1	NC_072842.1
4249750	4293153	667563	624170	43404	43394	98.79	4914260	5151772	0.88	0.84	NC_030990.1	NC_072842.1
4293170	4321568	624195	595795	28399	28401	98.93	4914260	5151772	0.58	0.55	NC_030990.1	NC_072842.1
4321371	4395156	595869	522221	73786	73649	98.46	4914260	5151772	1.50	1.43	NC_030990.1	NC_072842.1
4395282	4420755	522099	496617	25474	25483	97.59	4914260	5151772	0.52	0.49	NC_030990.1	NC_072842.1
4420982	4423308	496402	494076	2327	2327	94.20	4914260	5151772	0.05	0.05	NC_030990.1	NC_072842.1
4428023	4449970	493742	471772	21948	21971	98.44	4914260	5151772	0.45	0.43	NC_030990.1	NC_072842.1
4450172	4465678	471774	456265	15507	15510	98.39	4914260	5151772	0.32	0.30	NC_030990.1	NC_072842.1
4466130	4466466	456282	455946	337	337	98.52	4914260	5151772	0.01	0.01	NC_030990.1	NC_072842.1
4468330	4469678	455944	454594	1349	1351	96.15	4914260	5151772	0.03	0.03	NC_030990.1	NC_072842.1
4470531	4474489	453803	449846	3959	3958	97.32	4914260	5151772	0.08	0.08	NC_030990.1	NC_072842.1
4474705	4475719	449672	448659	1015	1014	89.88	4914260	5151772	0.02	0.02	NC_030990.1	NC_072842.1
4476936	4478427	442734	441233	1492	1502	87.52	4914260	5151772	0.03	0.03	NC_030990.1	NC_072842.1
4479668	4481194	404239	402716	1527	1524	87.92	4914260	5151772	0.03	0.03	NC_030990.1	NC_072842.1
4481524	4482057	161944	162465	534	522	87.36	4914260	4523040	0.01	0.01	NC_030990.1	NC_072844.1
4482712	4484948	2361334	2359100	2237	2235	88.26	4914260	2853886	0.05	0.08	NC_030990.1	NC_072850.1
4483718	4484957	4450565	4451804	1240	1240	88.71	4914260	4523040	0.03	0.03	NC_030990.1	NC_072844.1
4485443	4486428	88378	89363	986	986	90.87	4914260	3716460	0.02	0.03	NC_030990.1	NC_072847.1
4486028	4486429	296845	297245	402	401	86.82	4914260	2552985	0.01	0.02	NC_030990.1	NC_072851.1
4494278	4495406	2358106	2356978	1129	1129	91.25	4914260	2853886	0.02	0.04	NC_030990.1	NC_072850.1
4494496	4497374	931333	928455	2879	2879	88.57	4914260	3277645	0.06	0.09	NC_030990.1	NC_072848.1
4497946	4498532	2355755	2355174	587	582	89.61	4914260	2853886	0.01	0.02	NC_030990.1	NC_072850.1
4498579	4498857	508524	508249	279	276	85.71	4914260	3716460	0.01	0.01	NC_030990.1	NC_072847.1
4505771	4505932	3618040	3618198	162	159	88.27	4914260	3716460	0.00	0.00	NC_030990.1	NC_072847.1
4505817	4506485	2774446	2775107	669	662	83.48	4914260	4523040	0.01	0.01	NC_030990.1	NC_072844.1
4506481	4506943	6342521	6342972	463	452	86.42	4914260	6487135	0.01	0.01	NC_030990.1	NC_072840.1
4506843	4507587	6442051	6442804	745	754	87.42	4914260	6487135	0.02	0.01	NC_030990.1	NC_072840.1
4507415	4507608	180780	180972	194	193	89.80	4914260	3716460	0.00	0.01	NC_030990.1	NC_072847.1
4507713	4507974	2265750	2266008	262	259	87.83	4914260	4523040	0.01	0.01	NC_030990.1	NC_072844.1
4508865	4509376	4043304	4042760	512	545	81.32	4914260	5151772	0.01	0.01	NC_030990.1	NC_072842.1
4513885	4516403	399148	396632	2519	2517	87.65	4914260	5151772	0.05	0.05	NC_030990.1	NC_072842.1
4516857	4520974	396014	391885	4118	4130	96.59	4914260	5151772	0.08	0.08	NC_030990.1	NC_072842.1
4521626	4531563	391898	381960	9938	9939	97.68	4914260	5151772	0.20	0.19	NC_030990.1	NC_072842.1
4531563	4532349	381566	380785	787	782	96.19	4914260	5151772	0.02	0.02	NC_030990.1	NC_072842.1
4534536	4535369	3754486	3753644	834	843	89.26	4914260	4259108	0.02	0.02	NC_030990.1	NC_072846.1
4535970	4538578	380784	378175	2609	2610	98.62	4914260	5151772	0.05	0.05	NC_030990.1	NC_072842.1
4538577	4595695	377184	320298	57119	56887	96.66	4914260	5151772	1.16	1.10	NC_030990.1	NC_072842.1
4607319	4610663	315360	312090	3345	3271	95.59	4914260	5151772	0.07	0.06	NC_030990.1	NC_072842.1
4612559	4628737	289998	273829	16179	16170	95.85	4914260	5151772	0.33	0.31	NC_030990.1	NC_072842.1
4629646	4638864	272736	263502	9219	9235	95.70	4914260	5151772	0.19	0.18	NC_030990.1	NC_072842.1
4639077	4655783	263371	246739	16707	16633	96.97	4914260	5151772	0.34	0.32	NC_030990.1	NC_072842.1
4660758	4676156	242296	226904	15399	15393	97.25	4914260	5151772	0.31	0.30	NC_030990.1	NC_072842.1
4676280	4680733	226799	222373	4454	4427	96.37	4914260	5151772	0.09	0.09	NC_030990.1	NC_072842.1
4680729	4684751	222197	218172	4023	4026	96.35	4914260	5151772	0.08	0.08	NC_030990.1	NC_072842.1
4689937	4695784	218184	212331	5848	5854	98.62	4914260	5151772	0.12	0.11	NC_030990.1	NC_072842.1
4696051	4697282	212092	210861	1232	1232	98.86	4914260	5151772	0.03	0.02	NC_030990.1	NC_072842.1
4698322	4703883	210863	205312	5562	5552	97.88	4914260	5151772	0.11	0.11	NC_030990.1	NC_072842.1
4707985	4708455	202921	202449	471	473	97.25	4914260	5151772	0.01	0.01	NC_030990.1	NC_072842.1
4708943	4719002	202044	192008	10060	10037	97.51	4914260	5151772	0.20	0.19	NC_030990.1	NC_072842.1
4719184	4726555	192007	184659	7372	7349	96.99	4914260	5151772	0.15	0.14	NC_030990.1	NC_072842.1
4726850	4729839	180974	178031	2990	2944	95.36	4914260	5151772	0.06	0.06	NC_030990.1	NC_072842.1
4731731	4731815	178032	177948	85	85	100.00	4914260	5151772	0.00	0.00	NC_030990.1	NC_072842.1
4731806	4740142	177340	169001	8337	8340	98.08	4914260	5151772	0.17	0.16	NC_030990.1	NC_072842.1
4740803	4756935	169013	152945	16133	16069	97.13	4914260	5151772	0.33	0.31	NC_030990.1	NC_072842.1
4793549	4811078	141229	123664	17530	17566	97.69	4914260	5151772	0.36	0.34	NC_030990.1	NC_072842.1
4811669	4824117	123293	110797	12449	12497	96.39	4914260	5151772	0.25	0.24	NC_030990.1	NC_072842.1
4828613	4828880	415287	415549	268	263	90.81	4914260	5151772	0.01	0.01	NC_030990.1	NC_072842.1
4828892	4829234	936194	936537	343	344	85.59	4914260	4300638	0.01	0.01	NC_030990.1	NC_072845.1
4829436	4830543	2825722	2824616	1108	1107	91.88	4914260	2893631	0.02	0.04	NC_030990.1	NC_072849.1
4831447	4832548	108793	107709	1102	1085	86.94	4914260	5151772	0.02	0.02	NC_030990.1	NC_072842.1
4832794	4842157	107509	98170	9364	9340	97.49	4914260	5151772	0.19	0.18	NC_030990.1	NC_072842.1
4842153	4846394	82317	78080	4242	4238	94.82	4914260	5151772	0.09	0.08	NC_030990.1	NC_072842.1
4846396	4856883	75889	65386	10488	10504	95.34	4914260	5151772	0.21	0.20	NC_030990.1	NC_072842.1
4857009	4858369	65273	63913	1361	1361	96.55	4914260	5151772	0.03	0.03	NC_030990.1	NC_072842.1
4858647	4862214	60211	56657	3568	3555	96.11	4914260	5151772	0.07	0.07	NC_030990.1	NC_072842.1
4862462	4868263	56671	50866	5802	5806	94.80	4914260	5151772	0.12	0.11	NC_030990.1	NC_072842.1
4868259	4873333	49455	44367	5075	5089	96.82	4914260	5151772	0.10	0.10	NC_030990.1	NC_072842.1
4873467	4876126	43763	41113	2660	2651	96.44	4914260	5151772	0.05	0.05	NC_030990.1	NC_072842.1
4902309	4903630	37025	38346	1322	1322	95.69	4914260	5151772	0.03	0.03	NC_030990.1	NC_072842.1
4905643	4905918	5137331	5137606	276	276	83.33	4914260	5151772	0.01	0.01	NC_030990.1	NC_072842.1
4906330	4911716	4509683	4514997	5387	5315	84.28	4914260	4523040	0.11	0.12	NC_030990.1	NC_072844.1
4910894	4912100	68560	69755	1207	1196	84.04	4914260	2853886	0.02	0.04	NC_030990.1	NC_072850.1
4912090	4912576	44382	44862	487	481	94.46	4914260	3716460	0.01	0.01	NC_030990.1	NC_072847.1
4912450	4912603	438115	438269	154	155	89.68	4914260	5151772	0.00	0.00	NC_030990.1	NC_072842.1
4912584	4913095	69755	70231	512	477	82.07	4914260	2853886	0.01	0.02	NC_030990.1	NC_072850.1
9071	9226	209702	209547	156	156	94.23	4589937	4259108	0.00	0.00	NC_030991.1	NC_072846.1
37078	37828	218778	219528	751	751	99.60	4589937	2853886	0.02	0.03	NC_030991.1	NC_072850.1
37201	37828	706265	706893	628	629	98.09	4589937	4259108	0.01	0.01	NC_030991.1	NC_072846.1
38807	40297	849635	848143	1491	1493	87.17	4589937	4259108	0.03	0.04	NC_030991.1	NC_072846.1
39839	40417	770361	769783	579	579	85.03	4589937	4259108	0.01	0.01	NC_030991.1	NC_072846.1
40971	41347	805886	806266	377	381	88.98	4589937	4259108	0.01	0.01	NC_030991.1	NC_072846.1
41618	45464	4079456	4083297	3847	3842	92.73	4589937	4259108	0.08	0.09	NC_030991.1	NC_072846.1
51373	51732	809333	809691	360	359	91.67	4589937	4259108	0.01	0.01	NC_030991.1	NC_072846.1
51733	52970	220767	219530	1238	1238	99.11	4589937	2853886	0.03	0.04	NC_030991.1	NC_072850.1
54005	55704	1510644	1508944	1700	1701	94.83	4589937	4259108	0.04	0.04	NC_030991.1	NC_072846.1
54245	55778	816126	814588	1534	1539	93.12	4589937	4259108	0.03	0.04	NC_030991.1	NC_072846.1
61399	62261	3630343	3631203	863	861	94.79	4589937	4259108	0.02	0.02	NC_030991.1	NC_072846.1
90499	90583	2607549	2607633	85	85	97.65	4589937	4259108	0.00	0.00	NC_030991.1	NC_072846.1
90543	92126	3701930	3700347	1584	1584	98.48	4589937	4259108	0.03	0.04	NC_030991.1	NC_072846.1
92472	93308	1474834	1475670	837	837	99.52	4589937	4259108	0.02	0.02	NC_030991.1	NC_072846.1
101279	101403	3908967	3909091	125	125	92.00	4589937	4259108	0.00	0.00	NC_030991.1	NC_072846.1
112171	112655	4157403	4157887	485	485	91.36	4589937	4259108	0.01	0.01	NC_030991.1	NC_072846.1
123173	123486	3915797	3915479	314	319	85.94	4589937	4259108	0.01	0.01	NC_030991.1	NC_072846.1
199101	202381	2473391	2470106	3281	3286	92.83	4589937	2552985	0.07	0.13	NC_030991.1	NC_072851.1
253796	254266	3140195	3139725	471	471	95.54	4589937	4259108	0.01	0.01	NC_030991.1	NC_072846.1
258559	258972	2733982	2734398	414	417	88.28	4589937	4259108	0.01	0.01	NC_030991.1	NC_072846.1
260367	260564	2086899	2086705	198	195	96.46	4589937	4259108	0.00	0.00	NC_030991.1	NC_072846.1
262784	263107	787983	787660	324	324	89.88	4589937	4259108	0.01	0.01	NC_030991.1	NC_072846.1
262996	263226	3914956	3914727	231	230	90.04	4589937	4259108	0.01	0.01	NC_030991.1	NC_072846.1
267040	267598	1564954	1565506	559	553	89.34	4589937	4259108	0.01	0.01	NC_030991.1	NC_072846.1
272339	273722	3778915	3780297	1384	1383	84.81	4589937	4259108	0.03	0.03	NC_030991.1	NC_072846.1
287131	288990	2510099	2508245	1860	1855	80.32	4589937	4259108	0.04	0.04	NC_030991.1	NC_072846.1
289057	289294	2700832	2700595	238	238	93.28	4589937	4259108	0.01	0.01	NC_030991.1	NC_072846.1
289298	290419	2508160	2507034	1122	1127	86.97	4589937	4259108	0.02	0.03	NC_030991.1	NC_072846.1
306197	306772	969020	968449	576	572	86.70	4589937	4259108	0.01	0.01	NC_030991.1	NC_072846.1
327500	327694	2232172	2232366	195	195	97.44	4589937	4259108	0.00	0.00	NC_030991.1	NC_072846.1
341649	341798	3585764	3585615	150	150	98.67	4589937	4259108	0.00	0.00	NC_030991.1	NC_072846.1
355954	356371	115720	116136	418	417	94.02	4589937	2853886	0.01	0.01	NC_030991.1	NC_072850.1
355957	356915	1557758	1556801	959	958	90.94	4589937	4259108	0.02	0.02	NC_030991.1	NC_072846.1
378319	378649	6389617	6389283	331	335	91.64	4589937	6487135	0.01	0.01	NC_030991.1	NC_072840.1
392316	392522	4027298	4027504	207	207	97.10	4589937	4259108	0.00	0.00	NC_030991.1	NC_072846.1
394756	394906	2435425	2435275	151	151	99.34	4589937	4259108	0.00	0.00	NC_030991.1	NC_072846.1
394760	394914	1972494	1972648	155	155	96.77	4589937	4259108	0.00	0.00	NC_030991.1	NC_072846.1
409892	412798	2872543	2869637	2907	2907	98.59	4589937	2893631	0.06	0.10	NC_030991.1	NC_072849.1
412556	412837	3815032	3815311	282	280	97.16	4589937	4259108	0.01	0.01	NC_030991.1	NC_072846.1
412838	413365	1793272	1793799	528	528	96.02	4589937	4259108	0.01	0.01	NC_030991.1	NC_072846.1
413049	413371	1560214	1560537	323	324	91.05	4589937	4259108	0.01	0.01	NC_030991.1	NC_072846.1
413369	416044	1898655	1895977	2676	2679	91.73	4589937	4259108	0.06	0.06	NC_030991.1	NC_072846.1
417143	418001	2718292	2717437	859	856	82.52	4589937	4259108	0.02	0.02	NC_030991.1	NC_072846.1
419687	419886	2997930	2997731	200	200	90.50	4589937	4259108	0.00	0.00	NC_030991.1	NC_072846.1
438275	438609	768348	768014	335	335	94.63	4589937	4259108	0.01	0.01	NC_030991.1	NC_072846.1
438279	438727	56080	56528	449	449	93.33	4589937	4259108	0.01	0.01	NC_030991.1	NC_072846.1
450643	450740	1894988	1895086	98	99	96.97	4589937	4259108	0.00	0.00	NC_030991.1	NC_072846.1
452826	453268	2430846	2431277	443	432	85.65	4589937	4259108	0.01	0.01	NC_030991.1	NC_072846.1
453467	453584	1580965	1580847	118	119	92.44	4589937	4259108	0.00	0.00	NC_030991.1	NC_072846.1
465374	465967	3140489	3139899	594	591	92.26	4589937	4259108	0.01	0.01	NC_030991.1	NC_072846.1
468981	469114	2695283	2695416	134	134	94.78	4589937	4259108	0.00	0.00	NC_030991.1	NC_072846.1
475914	478939	1218564	1215538	3026	3027	98.55	4589937	4259108	0.07	0.07	NC_030991.1	NC_072846.1
485491	487160	2564541	2566210	1670	1670	95.81	4589937	4259108	0.04	0.04	NC_030991.1	NC_072846.1
489913	491607	1882828	1884497	1695	1670	96.93	4589937	4259108	0.04	0.04	NC_030991.1	NC_072846.1
491606	494063	681354	683838	2458	2485	97.14	4589937	3716460	0.05	0.07	NC_030991.1	NC_072847.1
498261	498613	1768502	1768860	353	359	93.87	4589937	4259108	0.01	0.01	NC_030991.1	NC_072846.1
532963	533306	1884555	1884866	344	312	86.92	4589937	4259108	0.01	0.01	NC_030991.1	NC_072846.1
533745	535444	1885095	1886804	1700	1710	95.80	4589937	4259108	0.04	0.04	NC_030991.1	NC_072846.1
535436	536815	1887236	1888638	1380	1403	94.09	4589937	4259108	0.03	0.03	NC_030991.1	NC_072846.1
537139	537322	135952	135769	184	184	88.11	4589937	4259108	0.00	0.00	NC_030991.1	NC_072846.1
540847	543192	2226050	2223717	2346	2334	90.86	4589937	4259108	0.05	0.05	NC_030991.1	NC_072846.1
551352	552390	3799017	3800055	1039	1039	98.75	4589937	4259108	0.02	0.02	NC_030991.1	NC_072846.1
560643	560817	27685	27511	175	175	97.14	4589937	4259108	0.00	0.00	NC_030991.1	NC_072846.1
577561	577741	2158238	2158417	181	180	97.79	4589937	4259108	0.00	0.00	NC_030991.1	NC_072846.1
579499	579653	2478683	2478529	155	155	98.71	4589937	4259108	0.00	0.00	NC_030991.1	NC_072846.1
586053	588084	34359	36388	2032	2030	95.18	4589937	4731052	0.04	0.04	NC_030991.1	NC_072843.1
589005	589253	3975470	3975718	249	249	93.98	4589937	4259108	0.01	0.01	NC_030991.1	NC_072846.1
595863	599994	2554322	2558456	4132	4135	96.47	4589937	4259108	0.09	0.10	NC_030991.1	NC_072846.1
601463	605180	1986355	1982666	3718	3690	96.37	4589937	4259108	0.08	0.09	NC_030991.1	NC_072846.1
605296	612461	1719873	1727050	7166	7178	97.64	4589937	4259108	0.16	0.17	NC_030991.1	NC_072846.1
612513	616639	1727049	1731165	4127	4117	99.20	4589937	4259108	0.09	0.10	NC_030991.1	NC_072846.1
615425	617599	2206780	2208946	2175	2167	94.08	4589937	4259108	0.05	0.05	NC_030991.1	NC_072846.1
618929	621275	4936437	4934095	2347	2343	93.40	4589937	5151772	0.05	0.05	NC_030991.1	NC_072842.1
623338	623616	1699975	1700253	279	279	94.98	4589937	4259108	0.01	0.01	NC_030991.1	NC_072846.1
623614	623732	3727276	3727394	119	119	99.16	4589937	4259108	0.00	0.00	NC_030991.1	NC_072846.1
623773	623878	2840135	2840030	106	106	98.11	4589937	2853886	0.00	0.00	NC_030991.1	NC_072850.1
629827	635859	3949027	3955063	6033	6037	98.96	4589937	4259108	0.13	0.14	NC_030991.1	NC_072846.1
635903	636937	1528929	1527894	1035	1036	97.88	4589937	4259108	0.02	0.02	NC_030991.1	NC_072846.1
638159	638300	3143164	3143305	142	142	97.89	4589937	4259108	0.00	0.00	NC_030991.1	NC_072846.1
641496	642249	478211	478968	754	758	90.37	4589937	4259108	0.02	0.02	NC_030991.1	NC_072846.1
653288	653475	3078480	3078667	188	188	94.15	4589937	4259108	0.00	0.00	NC_030991.1	NC_072846.1
659292	659589	1512751	1513045	298	295	91.97	4589937	4259108	0.01	0.01	NC_030991.1	NC_072846.1
662983	663329	119950	120290	347	341	82.15	4589937	4300638	0.01	0.01	NC_030991.1	NC_072845.1
663996	664132	4939817	4939680	137	138	96.38	4589937	5151772	0.00	0.00	NC_030991.1	NC_072842.1
664751	666334	757868	756286	1584	1583	94.95	4589937	4259108	0.03	0.04	NC_030991.1	NC_072846.1
671327	673152	249259	247435	1826	1825	85.41	4589937	2853886	0.04	0.06	NC_030991.1	NC_072850.1
673218	673382	209511	209348	165	164	94.58	4589937	4259108	0.00	0.00	NC_030991.1	NC_072846.1
680548	681781	2639543	2638312	1234	1232	98.14	4589937	4259108	0.03	0.03	NC_030991.1	NC_072846.1
688611	689050	158882	159319	440	438	91.61	4589937	3716460	0.01	0.01	NC_030991.1	NC_072847.1
688666	689140	1081512	1081986	475	475	97.26	4589937	4259108	0.01	0.01	NC_030991.1	NC_072846.1
690315	692192	954719	956596	1878	1878	98.88	4589937	4259108	0.04	0.04	NC_030991.1	NC_072846.1
703091	704489	3754963	3756359	1399	1397	95.43	4589937	4259108	0.03	0.03	NC_030991.1	NC_072846.1
704658	705864	3710563	3709346	1207	1218	87.10	4589937	4259108	0.03	0.03	NC_030991.1	NC_072846.1
716253	716658	2795322	2795727	406	406	83.74	4589937	4259108	0.01	0.01	NC_030991.1	NC_072846.1
720411	720866	2419219	2419682	456	464	90.19	4589937	4259108	0.01	0.01	NC_030991.1	NC_072846.1
726840	726956	754687	754803	117	117	97.44	4589937	4259108	0.00	0.00	NC_030991.1	NC_072846.1
727606	727845	3545376	3545612	240	237	84.65	4589937	4259108	0.01	0.01	NC_030991.1	NC_072846.1
727851	728204	3976205	3976558	354	354	85.35	4589937	4259108	0.01	0.01	NC_030991.1	NC_072846.1
778825	779735	4068199	4067299	911	901	88.03	4589937	4259108	0.02	0.02	NC_030991.1	NC_072846.1
779783	782653	811809	814661	2871	2853	93.60	4589937	4259108	0.06	0.07	NC_030991.1	NC_072846.1
782651	782842	1510480	1510671	192	192	95.83	4589937	4259108	0.00	0.00	NC_030991.1	NC_072846.1
796341	797436	845944	847040	1096	1097	96.90	4589937	4259108	0.02	0.03	NC_030991.1	NC_072846.1
808722	808981	2170785	2170529	260	257	89.31	4589937	4259108	0.01	0.01	NC_030991.1	NC_072846.1
816260	817673	150335	151741	1414	1407	89.68	4589937	4300638	0.03	0.03	NC_030991.1	NC_072845.1
817672	818114	1243545	1243103	443	443	97.97	4589937	4259108	0.01	0.01	NC_030991.1	NC_072846.1
821001	821621	1759332	1759956	621	625	84.03	4589937	4259108	0.01	0.01	NC_030991.1	NC_072846.1
836583	838419	3477061	3478896	1837	1836	97.77	4589937	4259108	0.04	0.04	NC_030991.1	NC_072846.1
851856	853319	2774554	2773088	1464	1467	88.84	4589937	2853886	0.03	0.05	NC_030991.1	NC_072850.1
854645	856922	2771798	2769516	2278	2283	82.87	4589937	2853886	0.05	0.08	NC_030991.1	NC_072850.1
856784	857953	3041386	3040218	1170	1169	87.81	4589937	3277645	0.03	0.04	NC_030991.1	NC_072848.1
861936	862713	1595652	1594866	778	787	86.93	4589937	4259108	0.02	0.02	NC_030991.1	NC_072846.1
872342	873056	2419220	2418515	715	706	93.60	4589937	4259108	0.02	0.02	NC_030991.1	NC_072846.1
877674	880217	2668276	2670791	2544	2516	92.81	4589937	4259108	0.06	0.06	NC_030991.1	NC_072846.1
880211	883118	2673760	2676661	2908	2902	93.51	4589937	4259108	0.06	0.07	NC_030991.1	NC_072846.1
893682	893806	1261188	1261312	125	125	94.40	4589937	4259108	0.00	0.00	NC_030991.1	NC_072846.1
921816	921970	36136	36290	155	155	99.35	4589937	4259108	0.00	0.00	NC_030991.1	NC_072846.1
928474	928983	932922	933426	510	505	91.00	4589937	4259108	0.01	0.01	NC_030991.1	NC_072846.1
934743	934972	4047153	4046924	230	230	97.39	4589937	4259108	0.01	0.01	NC_030991.1	NC_072846.1
934971	935668	4036584	4035888	698	697	97.56	4589937	4259108	0.02	0.02	NC_030991.1	NC_072846.1
940823	941343	4057667	4057159	521	509	89.90	4589937	4259108	0.01	0.01	NC_030991.1	NC_072846.1
940845	941450	2533659	2533061	606	599	86.70	4589937	4259108	0.01	0.01	NC_030991.1	NC_072846.1
941881	946715	4033876	4029069	4835	4808	97.24	4589937	4259108	0.11	0.11	NC_030991.1	NC_072846.1
951771	952334	2563986	2564547	564	562	95.92	4589937	4259108	0.01	0.01	NC_030991.1	NC_072846.1
969979	970963	2548677	2549655	985	979	82.19	4589937	2552985	0.02	0.04	NC_030991.1	NC_072851.1
972145	974097	647710	645759	1953	1952	98.26	4589937	4259108	0.04	0.05	NC_030991.1	NC_072846.1
984107	987981	1465363	1461497	3875	3867	95.95	4589937	4259108	0.08	0.09	NC_030991.1	NC_072846.1
1001931	1002409	2461126	2460653	479	474	88.33	4589937	4259108	0.01	0.01	NC_030991.1	NC_072846.1
1004484	1006256	238877	240605	1773	1729	90.58	4589937	3716460	0.04	0.05	NC_030991.1	NC_072847.1
1034336	1034579	42092	41848	244	245	88.62	4589937	4259108	0.01	0.01	NC_030991.1	NC_072846.1
1041101	1041204	235751	235650	104	102	92.31	4589937	2853886	0.00	0.00	NC_030991.1	NC_072850.1
1041209	1041629	2578466	2578886	421	421	98.57	4589937	4259108	0.01	0.01	NC_030991.1	NC_072846.1
1041893	1042285	2422719	2423107	393	389	88.80	4589937	4259108	0.01	0.01	NC_030991.1	NC_072846.1
1041933	1042733	3634019	3634812	801	794	86.43	4589937	4259108	0.02	0.02	NC_030991.1	NC_072846.1
1042864	1046356	2424249	2427741	3493	3493	95.11	4589937	4259108	0.08	0.08	NC_030991.1	NC_072846.1
1043535	1047260	3636015	3639772	3726	3758	91.55	4589937	4259108	0.08	0.09	NC_030991.1	NC_072846.1
1047767	1048043	4084082	4084358	277	277	93.17	4589937	4259108	0.01	0.01	NC_030991.1	NC_072846.1
1051211	1052932	942970	944726	1722	1757	88.92	4589937	4259108	0.04	0.04	NC_030991.1	NC_072846.1
1052947	1054537	3081318	3082906	1591	1589	95.67	4589937	4259108	0.03	0.04	NC_030991.1	NC_072846.1
1068987	1069177	3708801	3708614	191	188	93.19	4589937	4259108	0.00	0.00	NC_030991.1	NC_072846.1
1079263	1081430	3605468	3607627	2168	2160	97.33	4589937	4259108	0.05	0.05	NC_030991.1	NC_072846.1
1081084	1081457	1836161	1835788	374	374	98.40	4589937	4259108	0.01	0.01	NC_030991.1	NC_072846.1
1081454	1081846	1890833	1891224	393	392	97.20	4589937	4259108	0.01	0.01	NC_030991.1	NC_072846.1
1087898	1088373	1843810	1843334	476	477	91.84	4589937	4259108	0.01	0.01	NC_030991.1	NC_072846.1
1087898	1088373	2712328	2712805	476	478	92.47	4589937	4259108	0.01	0.01	NC_030991.1	NC_072846.1
1089125	1089777	1384502	1383841	653	662	91.73	4589937	4259108	0.01	0.02	NC_030991.1	NC_072846.1
1095850	1095971	583054	582933	122	122	91.80	4589937	4259108	0.00	0.00	NC_030991.1	NC_072846.1
1107877	1108131	4061996	4061742	255	255	97.25	4589937	4259108	0.01	0.01	NC_030991.1	NC_072846.1
1108843	1109697	1276784	1277651	855	868	81.95	4589937	4259108	0.02	0.02	NC_030991.1	NC_072846.1
1116387	1116535	1403175	1403327	149	153	86.27	4589937	4259108	0.00	0.00	NC_030991.1	NC_072846.1
1123051	1123304	758106	758359	254	254	89.76	4589937	4259108	0.01	0.01	NC_030991.1	NC_072846.1
1123483	1125077	237747	236153	1595	1595	87.84	4589937	2853886	0.03	0.06	NC_030991.1	NC_072850.1
1127086	1127248	3975957	3976119	163	163	96.93	4589937	4259108	0.00	0.00	NC_030991.1	NC_072846.1
1130905	1131101	2852454	2852655	197	202	91.09	4589937	2893631	0.00	0.01	NC_030991.1	NC_072849.1
1130912	1132206	214161	215428	1295	1268	88.21	4589937	4259108	0.03	0.03	NC_030991.1	NC_072846.1
1154137	1156370	381010	378785	2234	2226	93.74	4589937	2853886	0.05	0.08	NC_030991.1	NC_072850.1
1156371	1158406	378566	376532	2036	2035	90.90	4589937	2853886	0.04	0.07	NC_030991.1	NC_072850.1
1158407	1158723	375711	375395	317	317	88.01	4589937	2853886	0.01	0.01	NC_030991.1	NC_072850.1
1176250	1179410	2153402	2156562	3161	3161	98.61	4589937	4259108	0.07	0.07	NC_030991.1	NC_072846.1
1179409	1179697	3287036	3286751	289	286	95.16	4589937	4259108	0.01	0.01	NC_030991.1	NC_072846.1
1202276	1203326	2483867	2484907	1051	1041	85.40	4589937	2552985	0.02	0.04	NC_030991.1	NC_072851.1
1210922	1211845	501483	500560	924	924	89.94	4589937	4259108	0.02	0.02	NC_030991.1	NC_072846.1
1211273	1211848	4490179	4489604	576	576	86.11	4589937	4523040	0.01	0.01	NC_030991.1	NC_072844.1
1220389	1220850	2475398	2474946	462	453	90.26	4589937	2552985	0.01	0.02	NC_030991.1	NC_072851.1
1220852	1221564	2474788	2474081	713	708	93.02	4589937	2552985	0.02	0.03	NC_030991.1	NC_072851.1
1239441	1239692	2736169	2735916	252	254	91.73	4589937	4259108	0.01	0.01	NC_030991.1	NC_072846.1
1245060	1245146	1467030	1466943	87	88	96.59	4589937	4259108	0.00	0.00	NC_030991.1	NC_072846.1
1258577	1261570	2471036	2474034	2994	2999	96.40	4589937	4259108	0.07	0.07	NC_030991.1	NC_072846.1
1263361	1263661	2490306	2490607	301	302	97.68	4589937	4259108	0.01	0.01	NC_030991.1	NC_072846.1
1263660	1263791	2491028	2491159	132	132	100.00	4589937	4259108	0.00	0.00	NC_030991.1	NC_072846.1
1272793	1273208	2743008	2742593	416	416	95.19	4589937	4259108	0.01	0.01	NC_030991.1	NC_072846.1
1274784	1275159	2710470	2710097	376	374	92.82	4589937	4259108	0.01	0.01	NC_030991.1	NC_072846.1
1278382	1278649	3740054	3740322	268	269	92.19	4589937	4259108	0.01	0.01	NC_030991.1	NC_072846.1
1283608	1284280	2503835	2503165	673	671	88.28	4589937	4259108	0.01	0.02	NC_030991.1	NC_072846.1
1286620	1294781	3964285	3972404	8162	8120	97.31	4589937	4259108	0.18	0.19	NC_030991.1	NC_072846.1
1287320	1295655	2865074	2873342	8336	8269	94.17	4589937	4259108	0.18	0.19	NC_030991.1	NC_072846.1
1300482	1301319	87224	86387	838	838	81.88	4589937	2893631	0.02	0.03	NC_030991.1	NC_072849.1
1301197	1302043	2492894	2493740	847	847	95.63	4589937	4259108	0.02	0.02	NC_030991.1	NC_072846.1
1302041	1304327	171066	173356	2287	2291	97.38	4589937	4259108	0.05	0.05	NC_030991.1	NC_072846.1
1304340	1305840	2458214	2456744	1501	1471	94.54	4589937	4259108	0.03	0.03	NC_030991.1	NC_072846.1
1307454	1308121	2369165	2368499	668	667	92.51	4589937	4259108	0.01	0.02	NC_030991.1	NC_072846.1
1330388	1330524	213731	213867	137	137	94.89	4589937	2853886	0.00	0.00	NC_030991.1	NC_072850.1
1334197	1334348	2335515	2335667	152	153	98.69	4589937	4259108	0.00	0.00	NC_030991.1	NC_072846.1
1352295	1352406	1441976	1442087	112	112	93.75	4589937	4259108	0.00	0.00	NC_030991.1	NC_072846.1
1354047	1354548	5060193	5059694	502	500	86.71	4589937	5151772	0.01	0.01	NC_030991.1	NC_072842.1
1365527	1365994	2616484	2616024	468	461	81.02	4589937	2853886	0.01	0.02	NC_030991.1	NC_072850.1
1365758	1366434	84218	83544	677	675	87.33	4589937	6487135	0.01	0.01	NC_030991.1	NC_072840.1
1368954	1369890	387975	387039	937	937	98.51	4589937	4259108	0.02	0.02	NC_030991.1	NC_072846.1
1370014	1370483	1698911	1698442	470	470	96.38	4589937	4259108	0.01	0.01	NC_030991.1	NC_072846.1
1370583	1370849	45681	45950	267	270	88.15	4589937	4731052	0.01	0.01	NC_030991.1	NC_072843.1
1434846	1435298	956568	957012	453	445	93.85	4589937	4259108	0.01	0.01	NC_030991.1	NC_072846.1
1454249	1455037	1933753	1934515	789	763	86.15	4589937	4259108	0.02	0.02	NC_030991.1	NC_072846.1
1455022	1455746	3633679	3632958	725	722	93.38	4589937	4259108	0.02	0.02	NC_030991.1	NC_072846.1
1465709	1466563	2879103	2879957	855	855	95.20	4589937	4259108	0.02	0.02	NC_030991.1	NC_072846.1
1468150	1469769	1935005	1936591	1620	1587	90.26	4589937	4259108	0.04	0.04	NC_030991.1	NC_072846.1
1485036	1485510	4125565	4126038	475	474	94.74	4589937	4259108	0.01	0.01	NC_030991.1	NC_072846.1
1493399	1497660	716866	721135	4262	4270	95.11	4589937	4259108	0.09	0.10	NC_030991.1	NC_072846.1
1525166	1534697	3945090	3935559	9532	9532	99.52	4589937	4259108	0.21	0.22	NC_030991.1	NC_072846.1
1540957	1541108	342753	342601	152	153	87.66	4589937	3716460	0.00	0.00	NC_030991.1	NC_072847.1
1553232	1554623	2704587	2703194	1392	1394	93.18	4589937	4259108	0.03	0.03	NC_030991.1	NC_072846.1
1554616	1557995	2699847	2696486	3380	3362	96.10	4589937	4259108	0.07	0.08	NC_030991.1	NC_072846.1
1580321	1581816	2229061	2227566	1496	1496	88.24	4589937	4259108	0.03	0.04	NC_030991.1	NC_072846.1
1585128	1586192	2627800	2628863	1065	1064	94.93	4589937	2893631	0.02	0.04	NC_030991.1	NC_072849.1
1586379	1586589	2628877	2629087	211	211	89.57	4589937	2893631	0.00	0.01	NC_030991.1	NC_072849.1
1587260	1590055	2629087	2631864	2796	2778	92.02	4589937	2893631	0.06	0.10	NC_030991.1	NC_072849.1
1594237	1594779	2412592	2412050	543	543	95.58	4589937	4259108	0.01	0.01	NC_030991.1	NC_072846.1
1604561	1604698	1917833	1917970	138	138	89.86	4589937	4259108	0.00	0.00	NC_030991.1	NC_072846.1
1614221	1614305	2443567	2443651	85	85	97.65	4589937	4259108	0.00	0.00	NC_030991.1	NC_072846.1
1624802	1625067	164076	164341	266	266	95.11	4589937	4259108	0.01	0.01	NC_030991.1	NC_072846.1
1626282	1626877	3097909	3097313	596	597	97.65	4589937	4259108	0.01	0.01	NC_030991.1	NC_072846.1
1626870	1628528	3097120	3095460	1659	1661	97.41	4589937	4259108	0.04	0.04	NC_030991.1	NC_072846.1
1630738	1631700	3095461	3094499	963	963	97.20	4589937	4259108	0.02	0.02	NC_030991.1	NC_072846.1
1631701	1631852	1166611	1166761	152	151	98.03	4589937	2853886	0.00	0.01	NC_030991.1	NC_072850.1
1631853	1632007	2997779	2997933	155	155	92.26	4589937	4259108	0.00	0.00	NC_030991.1	NC_072846.1
1636526	1636691	292889	292724	166	166	96.39	4589937	4259108	0.00	0.00	NC_030991.1	NC_072846.1
1644744	1645056	1539629	1539943	313	315	93.65	4589937	4259108	0.01	0.01	NC_030991.1	NC_072846.1
1646243	1648826	1571988	1569393	2584	2596	95.19	4589937	4259108	0.06	0.06	NC_030991.1	NC_072846.1
1652100	1652509	2401145	2400737	410	409	95.85	4589937	4259108	0.01	0.01	NC_030991.1	NC_072846.1
1653883	1655765	2482789	2480917	1883	1873	97.82	4589937	4259108	0.04	0.04	NC_030991.1	NC_072846.1
1655766	1658733	2878284	2875318	2968	2967	99.36	4589937	4259108	0.06	0.07	NC_030991.1	NC_072846.1
1666432	1666761	3054416	3054734	330	319	89.43	4589937	4259108	0.01	0.01	NC_030991.1	NC_072846.1
1678462	1678701	1396358	1396597	240	240	97.92	4589937	4259108	0.01	0.01	NC_030991.1	NC_072846.1
1681553	1681977	1963504	1963927	425	424	97.65	4589937	4259108	0.01	0.01	NC_030991.1	NC_072846.1
1682416	1682861	1029145	1028700	446	446	98.43	4589937	4259108	0.01	0.01	NC_030991.1	NC_072846.1
1703603	1705078	2744495	2743020	1476	1476	99.53	4589937	4259108	0.03	0.03	NC_030991.1	NC_072846.1
1733747	1733889	871147	871006	143	142	90.97	4589937	4259108	0.00	0.00	NC_030991.1	NC_072846.1
1744029	1745077	222152	223201	1049	1050	98.38	4589937	4259108	0.02	0.02	NC_030991.1	NC_072846.1
1748668	1748831	1656561	1656399	164	163	92.68	4589937	4259108	0.00	0.00	NC_030991.1	NC_072846.1
1760798	1761319	3834833	3834329	522	505	94.44	4589937	4259108	0.01	0.01	NC_030991.1	NC_072846.1
1768900	1771661	278833	276073	2762	2761	91.26	4589937	6487135	0.06	0.04	NC_030991.1	NC_072840.1
1779370	1781571	1279160	1281362	2202	2203	96.32	4589937	4259108	0.05	0.05	NC_030991.1	NC_072846.1
1809927	1810053	1841058	1841184	127	127	99.21	4589937	4259108	0.00	0.00	NC_030991.1	NC_072846.1
1809954	1810060	1773474	1773367	107	108	97.22	4589937	4259108	0.00	0.00	NC_030991.1	NC_072846.1
1825778	1828652	1919960	1922833	2875	2874	98.26	4589937	4259108	0.06	0.07	NC_030991.1	NC_072846.1
1834927	1836729	2727881	2726099	1803	1783	95.12	4589937	2853886	0.04	0.06	NC_030991.1	NC_072850.1
1874613	1874811	2534147	2534346	199	200	96.00	4589937	4259108	0.00	0.00	NC_030991.1	NC_072846.1
1874613	1874812	3691246	3691046	200	201	95.52	4589937	4259108	0.00	0.00	NC_030991.1	NC_072846.1
1874839	1875965	5360733	5361880	1127	1148	83.80	4589937	5611497	0.02	0.02	NC_030991.1	NC_072841.1
1876989	1877423	5363516	5363949	435	434	94.27	4589937	5611497	0.01	0.01	NC_030991.1	NC_072841.1
1877475	1879067	474651	473066	1593	1586	95.56	4589937	4259108	0.03	0.04	NC_030991.1	NC_072846.1
1883094	1884348	4016265	4017519	1255	1255	91.86	4589937	4259108	0.03	0.03	NC_030991.1	NC_072846.1
1903360	1903904	1304911	1304367	545	545	84.40	4589937	4300638	0.01	0.01	NC_030991.1	NC_072845.1
1925584	1925999	353939	354352	416	414	93.75	4589937	4259108	0.01	0.01	NC_030991.1	NC_072846.1
1932309	1932517	60950	60742	209	209	96.17	4589937	2552985	0.00	0.01	NC_030991.1	NC_072851.1
1946817	1949310	645762	643265	2494	2498	97.49	4589937	4259108	0.05	0.06	NC_030991.1	NC_072846.1
1956359	1957574	1234400	1235618	1216	1219	98.61	4589937	4259108	0.03	0.03	NC_030991.1	NC_072846.1
1966614	1967138	1215524	1216048	525	525	98.29	4589937	4259108	0.01	0.01	NC_030991.1	NC_072846.1
1985962	1986679	1431977	1432696	718	720	86.43	4589937	4259108	0.02	0.02	NC_030991.1	NC_072846.1
2000453	2000548	1698347	1698442	96	96	98.96	4589937	4259108	0.00	0.00	NC_030991.1	NC_072846.1
2001176	2001355	2846708	2846526	180	183	89.62	4589937	4259108	0.00	0.00	NC_030991.1	NC_072846.1
2003525	2003819	6257330	6257034	295	297	93.94	4589937	6487135	0.01	0.00	NC_030991.1	NC_072840.1
2006921	2010639	6257029	6253298	3719	3732	94.48	4589937	6487135	0.08	0.06	NC_030991.1	NC_072840.1
2018100	2018304	3933378	3933174	205	205	96.12	4589937	4259108	0.00	0.00	NC_030991.1	NC_072846.1
2019636	2020925	1925367	1924078	1290	1290	91.24	4589937	4259108	0.03	0.03	NC_030991.1	NC_072846.1
2021363	2025198	1924080	1920282	3836	3799	96.72	4589937	4259108	0.08	0.09	NC_030991.1	NC_072846.1
2051314	2052016	2704042	2704716	703	675	84.70	4589937	4259108	0.02	0.02	NC_030991.1	NC_072846.1
2064882	2065155	3480363	3480637	274	275	87.00	4589937	4259108	0.01	0.01	NC_030991.1	NC_072846.1
2131712	2134974	2502810	2499582	3263	3229	86.35	4589937	4259108	0.07	0.08	NC_030991.1	NC_072846.1
2141654	2141913	2771536	2771810	260	275	86.91	4589937	4259108	0.01	0.01	NC_030991.1	NC_072846.1
2143014	2144920	1748122	1750028	1907	1907	89.70	4589937	4259108	0.04	0.04	NC_030991.1	NC_072846.1
2160133	2160247	2158311	2158426	115	116	95.69	4589937	4259108	0.00	0.00	NC_030991.1	NC_072846.1
2160264	2160353	1707650	1707562	90	89	94.44	4589937	4259108	0.00	0.00	NC_030991.1	NC_072846.1
2162572	2163961	1083135	1084525	1390	1391	90.97	4589937	4259108	0.03	0.03	NC_030991.1	NC_072846.1
2162572	2163963	2791778	2793170	1392	1393	88.83	4589937	4259108	0.03	0.03	NC_030991.1	NC_072846.1
2194790	2195026	1632303	1632068	237	236	93.67	4589937	4259108	0.01	0.01	NC_030991.1	NC_072846.1
2200135	2202623	965925	968430	2489	2506	91.21	4589937	4259108	0.05	0.06	NC_030991.1	NC_072846.1
2204453	2204535	1843894	1843811	83	84	96.43	4589937	4259108	0.00	0.00	NC_030991.1	NC_072846.1
2207047	2207198	731191	731040	152	152	94.74	4589937	4259108	0.00	0.00	NC_030991.1	NC_072846.1
2244255	2244598	1978773	1979118	344	346	88.73	4589937	4259108	0.01	0.01	NC_030991.1	NC_072846.1
2268325	2268964	151208	151846	640	639	89.03	4589937	4300638	0.01	0.01	NC_030991.1	NC_072845.1
2289556	2291785	1267841	1270071	2230	2231	98.34	4589937	4259108	0.05	0.05	NC_030991.1	NC_072846.1
2300733	2300924	855479	855289	192	191	99.48	4589937	4259108	0.00	0.00	NC_030991.1	NC_072846.1
2303448	2306109	2478076	2475399	2662	2678	88.10	4589937	2552985	0.06	0.10	NC_030991.1	NC_072851.1
2359533	2366194	196632	203301	6662	6670	99.18	4589937	4259108	0.15	0.16	NC_030991.1	NC_072846.1
2366191	2370225	203460	207514	4035	4055	98.72	4589937	4259108	0.09	0.10	NC_030991.1	NC_072846.1
2473427	2476407	2095997	2098977	2981	2981	99.13	4589937	4259108	0.06	0.07	NC_030991.1	NC_072846.1
2528623	2529328	1485649	1486354	706	706	99.15	4589937	4259108	0.02	0.02	NC_030991.1	NC_072846.1
2538740	2539094	3596847	3597205	355	359	91.39	4589937	4259108	0.01	0.01	NC_030991.1	NC_072846.1
2598451	2599436	2486788	2485801	986	988	95.04	4589937	2552985	0.02	0.04	NC_030991.1	NC_072851.1
2614678	2616473	2482310	2480513	1796	1798	94.50	4589937	2552985	0.04	0.07	NC_030991.1	NC_072851.1
2622547	2622990	3354937	3354495	444	443	97.97	4589937	4259108	0.01	0.01	NC_030991.1	NC_072846.1
2647482	2653519	3576293	3582326	6038	6034	91.04	4589937	4259108	0.13	0.14	NC_030991.1	NC_072846.1
2659800	2660164	2490002	2489639	365	364	93.97	4589937	4259108	0.01	0.01	NC_030991.1	NC_072846.1
2664172	2664318	1980663	1980517	147	147	97.28	4589937	4259108	0.00	0.00	NC_030991.1	NC_072846.1
2682736	2682886	208282	208133	151	150	95.36	4589937	4259108	0.00	0.00	NC_030991.1	NC_072846.1
2707771	2709161	3124240	3122855	1391	1386	89.65	4589937	4259108	0.03	0.03	NC_030991.1	NC_072846.1
2721881	2724625	2909394	2906655	2745	2740	97.93	4589937	4259108	0.06	0.06	NC_030991.1	NC_072846.1
2763701	2767373	2997375	2993727	3673	3649	91.86	4589937	4259108	0.08	0.09	NC_030991.1	NC_072846.1
2963947	2964151	5536700	5536901	205	202	93.66	4589937	5611497	0.00	0.00	NC_030991.1	NC_072841.1
3151829	3151983	3059322	3059169	155	154	97.42	4589937	4259108	0.00	0.00	NC_030991.1	NC_072846.1
3206287	3206646	5522069	5522434	360	366	89.89	4589937	5611497	0.01	0.01	NC_030991.1	NC_072841.1
3207580	3210752	5522442	5525617	3173	3176	89.55	4589937	5611497	0.07	0.06	NC_030991.1	NC_072841.1
3357825	3358030	2168068	2168275	206	208	89.95	4589937	4259108	0.00	0.00	NC_030991.1	NC_072846.1
3415847	3416396	4100923	4100349	550	575	90.03	4589937	4259108	0.01	0.01	NC_030991.1	NC_072846.1
3416395	3416493	220403	220501	99	99	98.99	4589937	4259108	0.00	0.00	NC_030991.1	NC_072846.1
3421588	3422533	951435	952379	946	945	96.20	4589937	4259108	0.02	0.02	NC_030991.1	NC_072846.1
3427822	3428507	4094670	4095352	686	683	94.32	4589937	4259108	0.01	0.02	NC_030991.1	NC_072846.1
3640877	3643763	178408	175522	2887	2887	99.65	4589937	4300638	0.06	0.07	NC_030991.1	NC_072845.1
3759483	3760895	1381839	1380427	1413	1413	97.95	4589937	4259108	0.03	0.03	NC_030991.1	NC_072846.1
3759483	3760894	2627730	2629141	1412	1412	98.16	4589937	4259108	0.03	0.03	NC_030991.1	NC_072846.1
3766574	3767008	2966605	2966171	435	435	96.09	4589937	4259108	0.01	0.01	NC_030991.1	NC_072846.1
3799528	3799686	3584324	3584482	159	159	99.37	4589937	4259108	0.00	0.00	NC_030991.1	NC_072846.1
3831825	3831981	657531	657374	157	158	94.34	4589937	4259108	0.00	0.00	NC_030991.1	NC_072846.1
3834023	3834117	1661925	1662019	95	95	94.79	4589937	4259108	0.00	0.00	NC_030991.1	NC_072846.1
3850085	3852291	3841639	3839433	2207	2207	97.24	4589937	4259108	0.05	0.05	NC_030991.1	NC_072846.1
3894106	3894526	877503	877087	421	417	94.54	4589937	4259108	0.01	0.01	NC_030991.1	NC_072846.1
3898643	3899026	2095994	2096378	384	385	98.96	4589937	4259108	0.01	0.01	NC_030991.1	NC_072846.1
3909397	3909478	1252787	1252868	82	82	100.00	4589937	4259108	0.00	0.00	NC_030991.1	NC_072846.1
3925657	3926007	95250	95573	351	324	82.73	4589937	3716460	0.01	0.01	NC_030991.1	NC_072847.1
3932704	3932962	1096077	1096318	259	242	90.35	4589937	4259108	0.01	0.01	NC_030991.1	NC_072846.1
3939140	3939495	3174453	3174811	356	359	88.06	4589937	4259108	0.01	0.01	NC_030991.1	NC_072846.1
3963843	3964332	44870	44385	490	486	94.30	4589937	3716460	0.01	0.01	NC_030991.1	NC_072847.1
4172014	4173233	2867124	2865907	1220	1218	82.43	4589937	3277645	0.03	0.04	NC_030991.1	NC_072848.1
4288968	4289251	1472903	1472620	284	284	97.54	4589937	4259108	0.01	0.01	NC_030991.1	NC_072846.1
4361399	4364095	4036583	4039271	2697	2689	96.59	4589937	4259108	0.06	0.06	NC_030991.1	NC_072846.1
4398572	4398745	1393940	1394113	174	174	89.71	4589937	4259108	0.00	0.00	NC_030991.1	NC_072846.1
4416766	4418208	2969138	2970580	1443	1443	96.60	4589937	4259108	0.03	0.03	NC_030991.1	NC_072846.1
4419233	4419432	2746403	2746602	200	200	93.00	4589937	4259108	0.00	0.00	NC_030991.1	NC_072846.1
4419450	4420342	1821917	1822809	893	893	96.42	4589937	4259108	0.02	0.02	NC_030991.1	NC_072846.1
4420759	4421209	3539291	3539740	451	450	89.16	4589937	4259108	0.01	0.01	NC_030991.1	NC_072846.1
4422207	4424763	3540578	3543150	2557	2573	85.24	4589937	4259108	0.06	0.06	NC_030991.1	NC_072846.1
4431850	4433582	1378691	1380430	1733	1740	93.62	4589937	4259108	0.04	0.04	NC_030991.1	NC_072846.1
4435130	4440938	5029627	5023842	5809	5786	91.64	4589937	5151772	0.13	0.11	NC_030991.1	NC_072842.1
4457689	4460105	1447111	1449527	2417	2417	98.43	4589937	4259108	0.05	0.06	NC_030991.1	NC_072846.1
4462068	4463754	430228	431867	1687	1640	87.96	4589937	2552985	0.04	0.06	NC_030991.1	NC_072851.1
4463931	4464084	1982615	1982462	154	154	96.10	4589937	4259108	0.00	0.00	NC_030991.1	NC_072846.1
4477328	4477992	2086899	2087557	665	659	89.37	4589937	4259108	0.01	0.02	NC_030991.1	NC_072846.1
4509223	4509404	362922	363103	182	182	98.35	4589937	4259108	0.00	0.00	NC_030991.1	NC_072846.1
4514796	4514956	5077578	5077419	161	160	95.03	4589937	5151772	0.00	0.00	NC_030991.1	NC_072842.1
4514954	4515203	5060389	5060638	250	250	87.25	4589937	5151772	0.01	0.00	NC_030991.1	NC_072842.1
4538920	4539341	743895	743472	422	424	90.33	4589937	4259108	0.01	0.01	NC_030991.1	NC_072846.1
4538920	4539338	1211838	1211419	419	420	92.86	4589937	4259108	0.01	0.01	NC_030991.1	NC_072846.1
4543181	4543436	2119968	2119710	256	259	88.80	4589937	4259108	0.01	0.01	NC_030991.1	NC_072846.1
4551122	4552738	2596707	2595091	1617	1617	98.64	4589937	4259108	0.04	0.04	NC_030991.1	NC_072846.1
4582606	4585509	431867	428998	2904	2870	87.26	4589937	2552985	0.06	0.11	NC_030991.1	NC_072851.1
4585557	4586093	428711	428163	537	549	81.37	4589937	2552985	0.01	0.02	NC_030991.1	NC_072851.1
11359	12073	43989	44701	715	713	95.38	4347182	4523040	0.02	0.02	NC_030992.1	NC_072844.1
12070	12135	1899682	1899617	66	66	98.48	4347182	2893631	0.00	0.00	NC_030992.1	NC_072849.1
12321	28112	46809	62627	15792	15819	97.77	4347182	4523040	0.36	0.35	NC_030992.1	NC_072844.1
28112	68402	62897	103189	40291	40293	97.68	4347182	4523040	0.93	0.89	NC_030992.1	NC_072844.1
68401	98505	107737	137812	30105	30076	97.27	4347182	4523040	0.69	0.66	NC_030992.1	NC_072844.1
99157	114470	137797	153052	15314	15256	97.06	4347182	4523040	0.35	0.34	NC_030992.1	NC_072844.1
114642	122934	153207	161531	8293	8325	94.75	4347182	4523040	0.19	0.18	NC_030992.1	NC_072844.1
122935	133181	167033	177141	10247	10109	95.95	4347182	4523040	0.24	0.22	NC_030992.1	NC_072844.1
133467	145766	177466	189733	12300	12268	96.54	4347182	4523040	0.28	0.27	NC_030992.1	NC_072844.1
146191	153627	190034	197467	7437	7434	97.92	4347182	4523040	0.17	0.16	NC_030992.1	NC_072844.1
156511	158275	197457	199222	1765	1766	96.94	4347182	4523040	0.04	0.04	NC_030992.1	NC_072844.1
160693	167521	199277	206130	6829	6854	97.26	4347182	4523040	0.16	0.15	NC_030992.1	NC_072844.1
170980	171736	209579	210332	757	754	96.96	4347182	4523040	0.02	0.02	NC_030992.1	NC_072844.1
172625	172882	5256653	5256396	258	258	90.70	4347182	5611497	0.01	0.00	NC_030992.1	NC_072841.1
173791	177910	210333	214384	4120	4052	96.22	4347182	4523040	0.09	0.09	NC_030992.1	NC_072844.1
178064	178412	2694233	2693883	349	351	89.20	4347182	2893631	0.01	0.01	NC_030992.1	NC_072849.1
178547	178627	2961765	2961684	81	82	97.56	4347182	5611497	0.00	0.00	NC_030992.1	NC_072841.1
178592	178831	133618	133383	240	236	89.58	4347182	3277645	0.01	0.01	NC_030992.1	NC_072848.1
178828	179034	4465376	4465170	207	207	92.27	4347182	4523040	0.00	0.00	NC_030992.1	NC_072844.1
178834	179246	4465573	4465992	413	420	86.56	4347182	4523040	0.01	0.01	NC_030992.1	NC_072844.1
183144	183389	417635	417387	246	249	89.56	4347182	5151772	0.01	0.00	NC_030992.1	NC_072842.1
183387	183756	2924239	2924607	370	369	87.30	4347182	5611497	0.01	0.01	NC_030992.1	NC_072841.1
184004	205499	214379	235855	21496	21477	98.19	4347182	4523040	0.49	0.47	NC_030992.1	NC_072844.1
206063	209228	236355	239539	3166	3185	97.52	4347182	4523040	0.07	0.07	NC_030992.1	NC_072844.1
213669	219901	244000	250273	6233	6274	96.48	4347182	4523040	0.14	0.14	NC_030992.1	NC_072844.1
220025	226263	250288	256439	6239	6152	96.38	4347182	4523040	0.14	0.14	NC_030992.1	NC_072844.1
226250	228747	264594	267073	2498	2480	95.49	4347182	4523040	0.06	0.05	NC_030992.1	NC_072844.1
229557	230483	202075	201148	927	928	88.84	4347182	4300638	0.02	0.02	NC_030992.1	NC_072845.1
230586	230766	267090	267271	181	182	91.80	4347182	4523040	0.00	0.00	NC_030992.1	NC_072844.1
231302	232436	4960785	4959652	1135	1134	91.73	4347182	5151772	0.03	0.02	NC_030992.1	NC_072842.1
232434	271511	267386	306471	39078	39086	97.67	4347182	4523040	0.90	0.86	NC_030992.1	NC_072844.1
271609	288974	306465	323827	17366	17363	97.92	4347182	4523040	0.40	0.38	NC_030992.1	NC_072844.1
289323	289483	2786956	2787116	161	161	96.27	4347182	4523040	0.00	0.00	NC_030992.1	NC_072844.1
289482	291224	323815	325557	1743	1743	97.65	4347182	4523040	0.04	0.04	NC_030992.1	NC_072844.1
291225	342356	326935	378122	51132	51188	97.38	4347182	4523040	1.18	1.13	NC_030992.1	NC_072844.1
342357	353449	379666	390752	11093	11087	97.29	4347182	4523040	0.26	0.25	NC_030992.1	NC_072844.1
353452	373792	392643	413071	20341	20429	96.93	4347182	4523040	0.47	0.45	NC_030992.1	NC_072844.1
373861	377401	413221	416754	3541	3534	91.73	4347182	4523040	0.08	0.08	NC_030992.1	NC_072844.1
377969	381172	421214	424414	3204	3201	88.78	4347182	4523040	0.07	0.07	NC_030992.1	NC_072844.1
382722	430151	426060	473493	47430	47434	98.46	4347182	4523040	1.09	1.05	NC_030992.1	NC_072844.1
430146	466105	473943	509907	35960	35965	98.12	4347182	4523040	0.83	0.80	NC_030992.1	NC_072844.1
466102	467633	510242	511761	1532	1520	92.31	4347182	4523040	0.04	0.03	NC_030992.1	NC_072844.1
467846	474708	511863	518734	6863	6872	95.36	4347182	4523040	0.16	0.15	NC_030992.1	NC_072844.1
474872	480074	518734	523936	5203	5203	97.58	4347182	4523040	0.12	0.12	NC_030992.1	NC_072844.1
484231	491750	523935	531453	7520	7519	97.38	4347182	4523040	0.17	0.17	NC_030992.1	NC_072844.1
494637	513124	531444	549919	18488	18476	97.67	4347182	4523040	0.43	0.41	NC_030992.1	NC_072844.1
513794	539087	549906	575196	25294	25291	97.63	4347182	4523040	0.58	0.56	NC_030992.1	NC_072844.1
540531	543300	576568	579333	2770	2766	93.21	4347182	4523040	0.06	0.06	NC_030992.1	NC_072844.1
543554	547534	579431	583413	3981	3983	98.77	4347182	4523040	0.09	0.09	NC_030992.1	NC_072844.1
547534	557640	583504	593590	10107	10087	97.57	4347182	4523040	0.23	0.22	NC_030992.1	NC_072844.1
557615	557973	593977	594335	359	359	97.77	4347182	4523040	0.01	0.01	NC_030992.1	NC_072844.1
557975	566809	594472	603325	8835	8854	98.52	4347182	4523040	0.20	0.20	NC_030992.1	NC_072844.1
567124	567680	603318	603867	557	550	97.49	4347182	4523040	0.01	0.01	NC_030992.1	NC_072844.1
567680	574586	604466	611349	6907	6884	98.47	4347182	4523040	0.16	0.15	NC_030992.1	NC_072844.1
576506	584886	613161	621545	8381	8385	99.40	4347182	4523040	0.19	0.19	NC_030992.1	NC_072844.1
585291	632753	621923	669390	47463	47468	99.04	4347182	4523040	1.09	1.05	NC_030992.1	NC_072844.1
632818	673851	669386	710390	41034	41005	98.96	4347182	4523040	0.94	0.91	NC_030992.1	NC_072844.1
674052	692455	710542	728977	18404	18436	96.99	4347182	4523040	0.42	0.41	NC_030992.1	NC_072844.1
692854	696841	729288	733260	3988	3973	98.32	4347182	4523040	0.09	0.09	NC_030992.1	NC_072844.1
696844	697210	735421	735784	367	364	94.29	4347182	4523040	0.01	0.01	NC_030992.1	NC_072844.1
697401	730770	735808	769149	33370	33342	98.53	4347182	4523040	0.77	0.74	NC_030992.1	NC_072844.1
730986	733919	769359	772287	2934	2929	99.08	4347182	4523040	0.07	0.06	NC_030992.1	NC_072844.1
734987	758460	772893	796330	23474	23438	98.30	4347182	4523040	0.54	0.52	NC_030992.1	NC_072844.1
758559	776441	796477	814264	17883	17788	98.06	4347182	4523040	0.41	0.39	NC_030992.1	NC_072844.1
777681	787069	814262	823648	9389	9387	98.47	4347182	4523040	0.22	0.21	NC_030992.1	NC_072844.1
787603	806231	824068	842692	18629	18625	98.01	4347182	4523040	0.43	0.41	NC_030992.1	NC_072844.1
812007	813082	842736	843828	1076	1093	87.66	4347182	4523040	0.02	0.02	NC_030992.1	NC_072844.1
815679	817696	844901	846914	2018	2014	88.92	4347182	4523040	0.05	0.04	NC_030992.1	NC_072844.1
817818	827645	847067	856899	9828	9833	94.80	4347182	4523040	0.23	0.22	NC_030992.1	NC_072844.1
827971	829963	856959	858955	1993	1997	82.82	4347182	4523040	0.05	0.04	NC_030992.1	NC_072844.1
831856	835951	861027	865122	4096	4096	97.68	4347182	4523040	0.09	0.09	NC_030992.1	NC_072844.1
837073	851168	866117	880133	14096	14017	97.83	4347182	4523040	0.32	0.31	NC_030992.1	NC_072844.1
851439	868005	880389	897070	16567	16682	98.11	4347182	4523040	0.38	0.37	NC_030992.1	NC_072844.1
868109	872848	897071	901805	4740	4735	98.23	4347182	4523040	0.11	0.10	NC_030992.1	NC_072844.1
872844	878265	902618	908043	5422	5426	97.37	4347182	4523040	0.12	0.12	NC_030992.1	NC_072844.1
878373	879336	908045	909008	964	964	96.58	4347182	4523040	0.02	0.02	NC_030992.1	NC_072844.1
879336	913502	910030	944107	34167	34078	97.59	4347182	4523040	0.79	0.75	NC_030992.1	NC_072844.1
914160	922233	944092	952168	8074	8077	99.17	4347182	4523040	0.19	0.18	NC_030992.1	NC_072844.1
922266	986814	952150	1016704	64549	64555	98.75	4347182	4523040	1.48	1.43	NC_030992.1	NC_072844.1
987141	988972	1016864	1018677	1832	1814	98.20	4347182	4523040	0.04	0.04	NC_030992.1	NC_072844.1
988943	991942	1018771	1021773	3000	3003	98.70	4347182	4523040	0.07	0.07	NC_030992.1	NC_072844.1
991918	1025996	1021846	1055827	34079	33982	99.00	4347182	4523040	0.78	0.75	NC_030992.1	NC_072844.1
1026596	1082774	1056343	1112459	56179	56117	99.12	4347182	4523040	1.29	1.24	NC_030992.1	NC_072844.1
1082825	1134883	1112456	1164486	52059	52031	99.03	4347182	4523040	1.20	1.15	NC_030992.1	NC_072844.1
1135874	1205623	1165471	1235243	69750	69773	98.73	4347182	4523040	1.60	1.54	NC_030992.1	NC_072844.1
1205615	1250996	1235330	1280677	45382	45348	99.06	4347182	4523040	1.04	1.00	NC_030992.1	NC_072844.1
1251319	1320174	1280955	1349855	68856	68901	99.04	4347182	4523040	1.58	1.52	NC_030992.1	NC_072844.1
1320544	1335332	1350161	1364925	14789	14765	99.31	4347182	4523040	0.34	0.33	NC_030992.1	NC_072844.1
1335477	1343229	1365052	1372803	7753	7752	99.39	4347182	4523040	0.18	0.17	NC_030992.1	NC_072844.1
1343332	1361174	1372803	1390633	17843	17831	99.19	4347182	4523040	0.41	0.39	NC_030992.1	NC_072844.1
1361543	1419644	1391177	1449263	58102	58087	99.16	4347182	4523040	1.34	1.28	NC_030992.1	NC_072844.1
1419604	1430417	1449359	1460155	10814	10797	97.81	4347182	4523040	0.25	0.24	NC_030992.1	NC_072844.1
1430564	1469281	1462026	1500756	38718	38731	99.38	4347182	4523040	0.89	0.86	NC_030992.1	NC_072844.1
1470017	1471608	1500757	1502345	1592	1589	98.56	4347182	4523040	0.04	0.04	NC_030992.1	NC_072844.1
1471829	1501828	1502339	1532340	30000	30002	98.85	4347182	4523040	0.69	0.66	NC_030992.1	NC_072844.1
1502041	1562016	1532545	1592494	59976	59950	99.18	4347182	4523040	1.38	1.33	NC_030992.1	NC_072844.1
1562911	1603180	1593115	1633431	40270	40317	99.00	4347182	4523040	0.93	0.89	NC_030992.1	NC_072844.1
1604503	1653746	1633416	1682598	49244	49183	98.84	4347182	4523040	1.13	1.09	NC_030992.1	NC_072844.1
1653972	1669241	1682799	1698082	15270	15284	99.29	4347182	4523040	0.35	0.34	NC_030992.1	NC_072844.1
1669246	1703427	1698033	1732090	34182	34058	98.90	4347182	4523040	0.79	0.75	NC_030992.1	NC_072844.1
1703427	1703721	5358256	5358551	295	296	98.99	4347182	5611497	0.01	0.01	NC_030992.1	NC_072841.1
1703818	1711896	1732273	1740354	8079	8082	99.06	4347182	4523040	0.19	0.18	NC_030992.1	NC_072844.1
1712560	1734419	1740341	1762196	21860	21856	99.18	4347182	4523040	0.50	0.48	NC_030992.1	NC_072844.1
1734560	1740309	1762270	1767993	5750	5724	98.63	4347182	4523040	0.13	0.13	NC_030992.1	NC_072844.1
1741466	1772270	1769097	1799827	30805	30731	98.83	4347182	4523040	0.71	0.68	NC_030992.1	NC_072844.1
1772640	1785640	1800121	1813093	13001	12973	98.74	4347182	4523040	0.30	0.29	NC_030992.1	NC_072844.1
1786050	1824386	1813354	1851696	38337	38343	98.80	4347182	4523040	0.88	0.85	NC_030992.1	NC_072844.1
1824577	1833625	1851702	1860667	9049	8966	98.28	4347182	4523040	0.21	0.20	NC_030992.1	NC_072844.1
1834323	1850565	1862384	1878584	16243	16201	98.91	4347182	4523040	0.37	0.36	NC_030992.1	NC_072844.1
1850847	1855571	1878677	1883396	4725	4720	99.15	4347182	4523040	0.11	0.10	NC_030992.1	NC_072844.1
1855804	1857094	1883442	1884728	1291	1287	98.53	4347182	4523040	0.03	0.03	NC_030992.1	NC_072844.1
1858298	1860576	1885044	1887322	2279	2279	99.39	4347182	4523040	0.05	0.05	NC_030992.1	NC_072844.1
1860874	1870812	1888079	1897993	9939	9915	99.06	4347182	4523040	0.23	0.22	NC_030992.1	NC_072844.1
1871529	1921753	1898063	1948239	50225	50177	98.79	4347182	4523040	1.16	1.11	NC_030992.1	NC_072844.1
1921753	1961275	1948457	1987938	39523	39482	98.96	4347182	4523040	0.91	0.87	NC_030992.1	NC_072844.1
1961373	1964832	1988116	1991578	3460	3463	98.68	4347182	4523040	0.08	0.08	NC_030992.1	NC_072844.1
1965325	1968365	1991879	1994919	3041	3041	99.41	4347182	4523040	0.07	0.07	NC_030992.1	NC_072844.1
1969624	1997072	1996263	2023759	27449	27497	98.88	4347182	4523040	0.63	0.61	NC_030992.1	NC_072844.1
1998903	2000805	2024970	2026876	1903	1907	99.32	4347182	4523040	0.04	0.04	NC_030992.1	NC_072844.1
2000907	2003807	2027518	2030415	2901	2898	98.80	4347182	4523040	0.07	0.06	NC_030992.1	NC_072844.1
2004978	2056067	2031443	2082476	51090	51034	99.12	4347182	4523040	1.18	1.13	NC_030992.1	NC_072844.1
2056342	2075660	2082775	2102059	19319	19285	99.25	4347182	4523040	0.44	0.43	NC_030992.1	NC_072844.1
2077849	2138185	2102058	2162392	60337	60335	99.19	4347182	4523040	1.39	1.33	NC_030992.1	NC_072844.1
2138218	2234847	2162385	2259070	96630	96686	99.03	4347182	4523040	2.22	2.14	NC_030992.1	NC_072844.1
2235462	2235602	2259577	2259717	141	141	94.33	4347182	4523040	0.00	0.00	NC_030992.1	NC_072844.1
2239095	2239709	2305624	2305014	615	611	92.69	4347182	4523040	0.01	0.01	NC_030992.1	NC_072844.1
2239309	2240993	2275895	2277600	1685	1706	91.63	4347182	4523040	0.04	0.04	NC_030992.1	NC_072844.1
2240901	2242379	2301331	2302824	1479	1494	90.84	4347182	4523040	0.03	0.03	NC_030992.1	NC_072844.1
2242535	2243979	2302979	2304452	1445	1474	89.76	4347182	4523040	0.03	0.03	NC_030992.1	NC_072844.1
2244106	2244562	2304526	2304982	457	457	87.96	4347182	4523040	0.01	0.01	NC_030992.1	NC_072844.1
2246060	2246530	2275232	2274769	471	464	84.94	4347182	4523040	0.01	0.01	NC_030992.1	NC_072844.1
2248777	2250930	2305629	2307782	2154	2154	99.12	4347182	4523040	0.05	0.05	NC_030992.1	NC_072844.1
2251137	2281972	2307782	2338587	30836	30806	99.23	4347182	4523040	0.71	0.68	NC_030992.1	NC_072844.1
2283477	2285461	2341299	2343295	1985	1997	96.85	4347182	4523040	0.05	0.04	NC_030992.1	NC_072844.1
2286018	2340582	2343385	2397949	54565	54565	99.07	4347182	4523040	1.26	1.21	NC_030992.1	NC_072844.1
2340581	2384351	2398072	2441837	43771	43766	99.34	4347182	4523040	1.01	0.97	NC_030992.1	NC_072844.1
2384457	2409226	2441937	2466703	24770	24767	98.94	4347182	4523040	0.57	0.55	NC_030992.1	NC_072844.1
2409356	2410392	2466822	2467858	1037	1037	99.71	4347182	4523040	0.02	0.02	NC_030992.1	NC_072844.1
2410496	2424436	2468223	2482151	13941	13929	99.15	4347182	4523040	0.32	0.31	NC_030992.1	NC_072844.1
2424433	2509884	2482273	2567644	85452	85372	99.24	4347182	4523040	1.97	1.89	NC_030992.1	NC_072844.1
2510565	2514831	2568092	2572359	4267	4268	99.16	4347182	4523040	0.10	0.09	NC_030992.1	NC_072844.1
2515425	2561537	2573083	2619204	46113	46122	99.19	4347182	4523040	1.06	1.02	NC_030992.1	NC_072844.1
2561659	2603811	2619299	2661424	42153	42126	99.09	4347182	4523040	0.97	0.93	NC_030992.1	NC_072844.1
2603805	2688630	2661551	2746293	84826	84743	99.20	4347182	4523040	1.95	1.87	NC_030992.1	NC_072844.1
2689633	2754735	2788141	2853239	65103	65099	99.00	4347182	4523040	1.50	1.44	NC_030992.1	NC_072844.1
2754959	2758815	2853472	2857300	3857	3829	98.63	4347182	4523040	0.09	0.08	NC_030992.1	NC_072844.1
2758923	2786826	2857407	2885288	27904	27882	99.13	4347182	4523040	0.64	0.62	NC_030992.1	NC_072844.1
2786940	2928601	2885398	3027074	141662	141677	98.91	4347182	4523040	3.26	3.13	NC_030992.1	NC_072844.1
2928661	2945360	3027056	3043802	16700	16747	98.86	4347182	4523040	0.38	0.37	NC_030992.1	NC_072844.1
2945717	2991060	3044101	3089418	45344	45318	99.13	4347182	4523040	1.04	1.00	NC_030992.1	NC_072844.1
2992851	3031491	3090763	3129379	38641	38617	98.88	4347182	4523040	0.89	0.85	NC_030992.1	NC_072844.1
3031684	3101377	3129568	3199238	69694	69671	98.75	4347182	4523040	1.60	1.54	NC_030992.1	NC_072844.1
3102143	3122200	3199236	3219305	20058	20070	98.13	4347182	4523040	0.46	0.44	NC_030992.1	NC_072844.1
3122429	3125658	3219521	3222746	3230	3226	99.50	4347182	4523040	0.07	0.07	NC_030992.1	NC_072844.1
3126332	3143159	3222734	3239573	16828	16840	98.79	4347182	4523040	0.39	0.37	NC_030992.1	NC_072844.1
3143337	3159926	3239688	3256274	16590	16587	98.95	4347182	4523040	0.38	0.37	NC_030992.1	NC_072844.1
3160595	3216380	3256262	3312040	55786	55779	98.99	4347182	4523040	1.28	1.23	NC_030992.1	NC_072844.1
3216725	3292051	3312157	3387471	75327	75315	99.16	4347182	4523040	1.73	1.67	NC_030992.1	NC_072844.1
3292769	3316152	3387470	3410831	23384	23362	98.63	4347182	4523040	0.54	0.52	NC_030992.1	NC_072844.1
3316573	3340200	3411180	3434801	23628	23622	98.77	4347182	4523040	0.54	0.52	NC_030992.1	NC_072844.1
3340202	3439544	3434900	3534178	99343	99279	99.26	4347182	4523040	2.29	2.19	NC_030992.1	NC_072844.1
3439854	3485511	3534493	3580171	45658	45679	99.28	4347182	4523040	1.05	1.01	NC_030992.1	NC_072844.1
3485619	3492428	3580180	3587000	6810	6821	98.64	4347182	4523040	0.16	0.15	NC_030992.1	NC_072844.1
3492795	3499964	3587257	3594430	7170	7174	99.25	4347182	4523040	0.16	0.16	NC_030992.1	NC_072844.1
3500760	3502594	3595158	3597000	1835	1843	99.19	4347182	4523040	0.04	0.04	NC_030992.1	NC_072844.1
3502708	3504205	3597104	3598602	1498	1499	99.33	4347182	4523040	0.03	0.03	NC_030992.1	NC_072844.1
3504493	3569254	3598794	3663520	64762	64727	99.38	4347182	4523040	1.49	1.43	NC_030992.1	NC_072844.1
3570111	3583095	3664182	3677173	12985	12992	98.83	4347182	4523040	0.30	0.29	NC_030992.1	NC_072844.1
3583291	3595012	3677292	3689012	11722	11721	99.53	4347182	4523040	0.27	0.26	NC_030992.1	NC_072844.1
3595183	3616750	3689114	3710677	21568	21564	99.27	4347182	4523040	0.50	0.48	NC_030992.1	NC_072844.1
3617401	3648010	3710664	3741301	30610	30638	99.43	4347182	4523040	0.70	0.68	NC_030992.1	NC_072844.1
3648036	3726767	3741287	3819934	78732	78648	98.72	4347182	4523040	1.81	1.74	NC_030992.1	NC_072844.1
3727534	3752110	3820649	3845202	24577	24554	98.19	4347182	4523040	0.57	0.54	NC_030992.1	NC_072844.1
3757232	3870835	3850102	3963630	113604	113529	98.71	4347182	4523040	2.61	2.51	NC_030992.1	NC_072844.1
3871803	3889420	3963627	3981238	17618	17612	98.98	4347182	4523040	0.41	0.39	NC_030992.1	NC_072844.1
3890993	3920148	3986432	4015564	29156	29133	97.83	4347182	4523040	0.67	0.64	NC_030992.1	NC_072844.1
3932207	3960932	4017221	4045952	28726	28732	98.10	4347182	4523040	0.66	0.64	NC_030992.1	NC_072844.1
3961097	3965039	4046000	4049932	3943	3933	97.92	4347182	4523040	0.09	0.09	NC_030992.1	NC_072844.1
3965170	3979471	4049924	4064234	14302	14311	97.72	4347182	4523040	0.33	0.32	NC_030992.1	NC_072844.1
3980124	3996161	4064220	4080295	16038	16076	98.49	4347182	4523040	0.37	0.36	NC_030992.1	NC_072844.1
3996573	4000661	4080704	4084782	4089	4079	98.02	4347182	4523040	0.09	0.09	NC_030992.1	NC_072844.1
4000659	4001597	4084930	4085863	939	934	96.06	4347182	4523040	0.02	0.02	NC_030992.1	NC_072844.1
4001593	4004782	4089062	4085859	3190	3204	95.44	4347182	4523040	0.07	0.07	NC_030992.1	NC_072844.1
4004778	4017489	4089058	4101731	12712	12674	97.71	4347182	4523040	0.29	0.28	NC_030992.1	NC_072844.1
4018703	4035192	4101793	4118312	16490	16520	97.22	4347182	4523040	0.38	0.37	NC_030992.1	NC_072844.1
4035257	4042474	4118307	4125514	7218	7208	95.30	4347182	4523040	0.17	0.16	NC_030992.1	NC_072844.1
4042713	4058253	4125551	4140992	15541	15442	96.63	4347182	4523040	0.36	0.34	NC_030992.1	NC_072844.1
4058778	4080134	4140992	4162349	21357	21358	97.66	4347182	4523040	0.49	0.47	NC_030992.1	NC_072844.1
4080296	4084282	4162346	4166332	3987	3987	98.24	4347182	4523040	0.09	0.09	NC_030992.1	NC_072844.1
4084944	4092125	4166316	4173469	7182	7154	97.05	4347182	4523040	0.17	0.16	NC_030992.1	NC_072844.1
4092332	4096929	4173468	4178027	4598	4560	94.52	4347182	4523040	0.11	0.10	NC_030992.1	NC_072844.1
4097777	4098043	4254090	4253822	267	269	90.37	4347182	4731052	0.01	0.01	NC_030992.1	NC_072843.1
4117978	4118178	6342484	6342683	201	200	87.13	4347182	6487135	0.00	0.00	NC_030992.1	NC_072840.1
4119392	4120478	4185302	4186388	1087	1087	96.78	4347182	4523040	0.03	0.02	NC_030992.1	NC_072844.1
4120977	4126781	4186905	4192647	5805	5743	92.68	4347182	4523040	0.13	0.13	NC_030992.1	NC_072844.1
4132809	4146577	4221451	4235231	13769	13781	98.30	4347182	4523040	0.32	0.30	NC_030992.1	NC_072844.1
4146576	4160987	4236283	4250691	14412	14409	98.07	4347182	4523040	0.33	0.32	NC_030992.1	NC_072844.1
4162368	4174910	4250770	4263321	12543	12552	97.55	4347182	4523040	0.29	0.28	NC_030992.1	NC_072844.1
4175296	4177359	4276719	4274664	2064	2056	86.07	4347182	4523040	0.05	0.05	NC_030992.1	NC_072844.1
4177647	4179433	4272456	4270672	1787	1785	91.80	4347182	4523040	0.04	0.04	NC_030992.1	NC_072844.1
4179445	4180348	4269753	4268852	904	902	90.27	4347182	4523040	0.02	0.02	NC_030992.1	NC_072844.1
4180921	4186178	4321035	4315780	5258	5256	97.76	4347182	4523040	0.12	0.12	NC_030992.1	NC_072844.1
4186318	4186648	4315782	4315452	331	331	93.98	4347182	4523040	0.01	0.01	NC_030992.1	NC_072844.1
4188845	4190302	4264409	4265863	1458	1455	91.56	4347182	4523040	0.03	0.03	NC_030992.1	NC_072844.1
4190606	4191035	4266034	4266463	430	430	94.43	4347182	4523040	0.01	0.01	NC_030992.1	NC_072844.1
4191340	4196897	4291334	4296883	5558	5550	94.67	4347182	4523040	0.13	0.12	NC_030992.1	NC_072844.1
4197551	4199267	4296866	4298578	1717	1713	90.92	4347182	4523040	0.04	0.04	NC_030992.1	NC_072844.1
4207577	4212526	4301868	4306820	4950	4953	95.56	4347182	4523040	0.11	0.11	NC_030992.1	NC_072844.1
4212530	4212716	4323971	4324157	187	187	98.40	4347182	4523040	0.00	0.00	NC_030992.1	NC_072844.1
4213687	4215349	4324144	4325797	1663	1654	96.70	4347182	4523040	0.04	0.04	NC_030992.1	NC_072844.1
4215536	4225564	4325826	4335864	10029	10039	97.25	4347182	4523040	0.23	0.22	NC_030992.1	NC_072844.1
4226232	4243737	4335850	4353322	17506	17473	95.96	4347182	4523040	0.40	0.39	NC_030992.1	NC_072844.1
4244491	4245522	4353310	4354345	1032	1036	95.09	4347182	4523040	0.02	0.02	NC_030992.1	NC_072844.1
4247670	4256591	4354343	4363254	8922	8912	95.17	4347182	4523040	0.21	0.20	NC_030992.1	NC_072844.1
4258217	4275334	4363265	4380287	17118	17023	97.30	4347182	4523040	0.39	0.38	NC_030992.1	NC_072844.1
4275455	4281875	4380311	4386656	6421	6346	97.01	4347182	4523040	0.15	0.14	NC_030992.1	NC_072844.1
4282087	4291721	4386723	4396357	9635	9635	98.58	4347182	4523040	0.22	0.21	NC_030992.1	NC_072844.1
4293997	4325174	4398494	4429677	31178	31184	98.68	4347182	4523040	0.72	0.69	NC_030992.1	NC_072844.1
1080	5716	5600508	5595741	4637	4768	92.06	3984410	5611497	0.12	0.08	NC_030993.1	NC_072841.1
12772	13860	3517170	3518258	1089	1089	83.58	3984410	4259108	0.03	0.03	NC_030993.1	NC_072846.1
14241	14390	4228451	4228302	150	150	90.67	3984410	4300638	0.00	0.00	NC_030993.1	NC_072845.1
14663	24074	4228305	4218870	9412	9436	97.69	3984410	4300638	0.24	0.22	NC_030993.1	NC_072845.1
27079	78275	4218875	4167733	51197	51143	98.17	3984410	4300638	1.28	1.19	NC_030993.1	NC_072845.1
78746	94684	4167241	4151292	15939	15950	97.75	3984410	4300638	0.40	0.37	NC_030993.1	NC_072845.1
98786	99406	2844047	2843427	621	621	99.03	3984410	3277645	0.02	0.02	NC_030993.1	NC_072848.1
104601	105283	4151296	4150614	683	683	98.68	3984410	4300638	0.02	0.02	NC_030993.1	NC_072845.1
106346	106786	4149399	4148957	441	443	98.19	3984410	4300638	0.01	0.01	NC_030993.1	NC_072845.1
106785	107739	4148880	4147927	955	954	97.59	3984410	4300638	0.02	0.02	NC_030993.1	NC_072845.1
107733	113281	4147729	4142240	5549	5490	97.71	3984410	4300638	0.14	0.13	NC_030993.1	NC_072845.1
113799	117826	4141684	4137657	4028	4028	98.49	3984410	4300638	0.10	0.09	NC_030993.1	NC_072845.1
117765	118290	4137559	4137034	526	526	98.48	3984410	4300638	0.01	0.01	NC_030993.1	NC_072845.1
118425	126266	4137067	4129229	7842	7839	98.42	3984410	4300638	0.20	0.18	NC_030993.1	NC_072845.1
127873	128498	4127764	4127139	626	626	97.76	3984410	4300638	0.02	0.01	NC_030993.1	NC_072845.1
128414	137197	4126881	4118111	8784	8771	97.32	3984410	4300638	0.22	0.20	NC_030993.1	NC_072845.1
147665	148668	4118111	4117107	1004	1005	96.62	3984410	4300638	0.03	0.02	NC_030993.1	NC_072845.1
155544	156966	4116467	4115047	1423	1421	96.91	3984410	4300638	0.04	0.03	NC_030993.1	NC_072845.1
157173	162022	4114846	4109997	4850	4850	98.49	3984410	4300638	0.12	0.11	NC_030993.1	NC_072845.1
162341	178279	4109738	4093811	15939	15928	96.90	3984410	4300638	0.40	0.37	NC_030993.1	NC_072845.1
186129	187173	1825026	1826064	1045	1039	94.85	3984410	4731052	0.03	0.02	NC_030993.1	NC_072843.1
187171	187634	517036	516574	464	463	90.11	3984410	3716460	0.01	0.01	NC_030993.1	NC_072847.1
187356	192311	936393	931416	4956	4978	84.95	3984410	4300638	0.12	0.12	NC_030993.1	NC_072845.1
189013	193365	4976506	4972154	4353	4353	86.20	3984410	5151772	0.11	0.08	NC_030993.1	NC_072842.1
196028	196117	595225	595315	90	91	93.41	3984410	5611497	0.00	0.00	NC_030993.1	NC_072841.1
198323	199304	4082767	4081779	982	989	87.81	3984410	4300638	0.02	0.02	NC_030993.1	NC_072845.1
199410	206886	4081666	4074216	7477	7451	95.69	3984410	4300638	0.19	0.17	NC_030993.1	NC_072845.1
207245	209639	4074223	4071789	2395	2435	92.57	3984410	4300638	0.06	0.06	NC_030993.1	NC_072845.1
209912	213395	4071701	4068268	3484	3434	96.27	3984410	4300638	0.09	0.08	NC_030993.1	NC_072845.1
213535	219739	4068234	4062042	6205	6193	96.48	3984410	4300638	0.16	0.14	NC_030993.1	NC_072845.1
226514	245276	4061436	4042674	18763	18763	97.99	3984410	4300638	0.47	0.44	NC_030993.1	NC_072845.1
245473	258636	4042685	4029505	13164	13181	97.85	3984410	4300638	0.33	0.31	NC_030993.1	NC_072845.1
258635	273706	4029288	4014295	15072	14994	97.32	3984410	4300638	0.38	0.35	NC_030993.1	NC_072845.1
273813	295954	4013529	3991396	22142	22134	97.65	3984410	4300638	0.56	0.51	NC_030993.1	NC_072845.1
295948	319893	3991215	3967289	23946	23927	98.46	3984410	4300638	0.60	0.56	NC_030993.1	NC_072845.1
320555	328564	3967300	3959293	8010	8008	98.88	3984410	4300638	0.20	0.19	NC_030993.1	NC_072845.1
328563	348759	3958889	3938694	20197	20196	98.27	3984410	4300638	0.51	0.47	NC_030993.1	NC_072845.1
348753	367880	3938223	3919097	19128	19127	98.58	3984410	4300638	0.48	0.44	NC_030993.1	NC_072845.1
368544	382005	3919110	3905675	13462	13436	98.41	3984410	4300638	0.34	0.31	NC_030993.1	NC_072845.1
382510	404240	3905674	3884032	21731	21643	97.81	3984410	4300638	0.55	0.50	NC_030993.1	NC_072845.1
404676	406837	3883534	3881357	2162	2178	84.92	3984410	4300638	0.05	0.05	NC_030993.1	NC_072845.1
407104	433658	3881069	3854528	26555	26542	97.92	3984410	4300638	0.67	0.62	NC_030993.1	NC_072845.1
433771	434552	3854535	3853754	782	782	95.52	3984410	4300638	0.02	0.02	NC_030993.1	NC_072845.1
437189	440979	3851139	3847345	3791	3795	96.07	3984410	4300638	0.10	0.09	NC_030993.1	NC_072845.1
441665	443618	3847344	3845394	1954	1951	96.52	3984410	4300638	0.05	0.05	NC_030993.1	NC_072845.1
447092	455784	3842088	3833346	8693	8743	97.84	3984410	4300638	0.22	0.20	NC_030993.1	NC_072845.1
455937	459787	3833346	3829505	3851	3842	98.50	3984410	4300638	0.10	0.09	NC_030993.1	NC_072845.1
459902	505803	3829510	3783711	45902	45800	98.79	3984410	4300638	1.15	1.06	NC_030993.1	NC_072845.1
506459	533665	3783726	3756515	27207	27212	98.22	3984410	4300638	0.68	0.63	NC_030993.1	NC_072845.1
538584	542436	3755491	3751639	3853	3853	97.59	3984410	4300638	0.10	0.09	NC_030993.1	NC_072845.1
542802	543423	3751613	3750992	622	622	91.96	3984410	4300638	0.02	0.01	NC_030993.1	NC_072845.1
543420	544430	3750419	3749400	1011	1020	93.05	3984410	4300638	0.03	0.02	NC_030993.1	NC_072845.1
544431	550532	3745742	3739653	6102	6090	96.85	3984410	4300638	0.15	0.14	NC_030993.1	NC_072845.1
551333	553526	3738756	3736552	2194	2205	93.72	3984410	4300638	0.06	0.05	NC_030993.1	NC_072845.1
553847	571421	3730492	3712931	17575	17562	97.11	3984410	4300638	0.44	0.41	NC_030993.1	NC_072845.1
571683	578535	3704298	3697449	6853	6850	97.55	3984410	4300638	0.17	0.16	NC_030993.1	NC_072845.1
580720	581727	3695263	3694255	1008	1009	97.13	3984410	4300638	0.03	0.02	NC_030993.1	NC_072845.1
581726	583235	3693736	3692247	1510	1490	95.76	3984410	4300638	0.04	0.03	NC_030993.1	NC_072845.1
584957	595048	3692241	3682145	10092	10097	98.32	3984410	4300638	0.25	0.23	NC_030993.1	NC_072845.1
596070	641855	3681152	3635385	45786	45768	98.12	3984410	4300638	1.15	1.06	NC_030993.1	NC_072845.1
641851	656735	3635015	3620093	14885	14923	98.45	3984410	4300638	0.37	0.35	NC_030993.1	NC_072845.1
659841	664517	3620096	3615417	4677	4680	96.99	3984410	4300638	0.12	0.11	NC_030993.1	NC_072845.1
670151	693789	3615416	3591769	23639	23648	97.82	3984410	4300638	0.59	0.55	NC_030993.1	NC_072845.1
694110	699315	3591479	3586292	5206	5188	95.09	3984410	4300638	0.13	0.12	NC_030993.1	NC_072845.1
700269	716121	3575104	3559252	15853	15853	95.08	3984410	4300638	0.40	0.37	NC_030993.1	NC_072845.1
716400	731099	3559253	3544486	14700	14768	96.47	3984410	4300638	0.37	0.34	NC_030993.1	NC_072845.1
731320	731554	2727372	2727606	235	235	96.17	3984410	2893631	0.01	0.01	NC_030993.1	NC_072849.1
731555	741665	3544498	3534394	10111	10105	98.14	3984410	4300638	0.25	0.23	NC_030993.1	NC_072845.1
746323	792759	3527143	3480661	46437	46483	97.94	3984410	4300638	1.17	1.08	NC_030993.1	NC_072845.1
792812	806646	3480671	3466843	13835	13829	97.31	3984410	4300638	0.35	0.32	NC_030993.1	NC_072845.1
811310	822763	3462259	3450798	11454	11462	97.97	3984410	4300638	0.29	0.27	NC_030993.1	NC_072845.1
822765	824768	3450621	3448613	2004	2009	98.56	3984410	4300638	0.05	0.05	NC_030993.1	NC_072845.1
824893	851617	3448667	3421993	26725	26675	97.71	3984410	4300638	0.67	0.62	NC_030993.1	NC_072845.1
851954	855179	3421780	3418555	3226	3226	98.88	3984410	4300638	0.08	0.08	NC_030993.1	NC_072845.1
865662	879132	3411765	3398298	13471	13468	98.96	3984410	4300638	0.34	0.31	NC_030993.1	NC_072845.1
879661	891696	3397839	3385807	12036	12033	98.84	3984410	4300638	0.30	0.28	NC_030993.1	NC_072845.1
891963	914337	3385674	3363300	22375	22375	99.15	3984410	4300638	0.56	0.52	NC_030993.1	NC_072845.1
915868	921173	3411765	3417125	5306	5361	89.25	3984410	4300638	0.13	0.12	NC_030993.1	NC_072845.1
921691	922867	3417189	3418383	1177	1195	84.56	3984410	4300638	0.03	0.03	NC_030993.1	NC_072845.1
923140	925810	3359167	3356488	2671	2680	98.66	3984410	4300638	0.07	0.06	NC_030993.1	NC_072845.1
926116	934369	3356306	3348097	8254	8210	98.83	3984410	4300638	0.21	0.19	NC_030993.1	NC_072845.1
934754	967543	3347757	3314978	32790	32780	99.21	3984410	4300638	0.82	0.76	NC_030993.1	NC_072845.1
967671	1016021	3314984	3266591	48351	48394	98.63	3984410	4300638	1.21	1.13	NC_030993.1	NC_072845.1
1016022	1022150	3266089	3260019	6129	6071	98.16	3984410	4300638	0.15	0.14	NC_030993.1	NC_072845.1
1022289	1097650	3260027	3184662	75362	75366	98.82	3984410	4300638	1.89	1.75	NC_030993.1	NC_072845.1
1097691	1147662	3184665	3134763	49972	49903	99.22	3984410	4300638	1.25	1.16	NC_030993.1	NC_072845.1
1147890	1186355	3134682	3096241	38466	38442	99.14	3984410	4300638	0.97	0.89	NC_030993.1	NC_072845.1
1186530	1188267	3096068	3094331	1738	1738	99.77	3984410	4300638	0.04	0.04	NC_030993.1	NC_072845.1
1188263	1202070	3094296	3080458	13808	13839	99.10	3984410	4300638	0.35	0.32	NC_030993.1	NC_072845.1
1202425	1216381	3080372	3066509	13957	13864	98.40	3984410	4300638	0.35	0.32	NC_030993.1	NC_072845.1
1216489	1238775	3066404	3044118	22287	22287	99.29	3984410	4300638	0.56	0.52	NC_030993.1	NC_072845.1
1239892	1240878	3043203	3042223	987	981	98.18	3984410	4300638	0.02	0.02	NC_030993.1	NC_072845.1
1240877	1271096	3042007	3011851	30220	30157	98.96	3984410	4300638	0.76	0.70	NC_030993.1	NC_072845.1
1271216	1333406	3011734	2949593	62191	62142	99.24	3984410	4300638	1.56	1.44	NC_030993.1	NC_072845.1
1335048	1375551	2948313	2907964	40504	40350	98.79	3984410	4300638	1.02	0.94	NC_030993.1	NC_072845.1
1376137	1408508	2907366	2874972	32372	32395	99.07	3984410	4300638	0.81	0.75	NC_030993.1	NC_072845.1
1408707	1427216	2874765	2856274	18510	18492	99.40	3984410	4300638	0.46	0.43	NC_030993.1	NC_072845.1
1427336	1502932	2856164	2780538	75597	75627	99.26	3984410	4300638	1.90	1.76	NC_030993.1	NC_072845.1
1503587	1508497	2780553	2775652	4911	4902	99.19	3984410	4300638	0.12	0.11	NC_030993.1	NC_072845.1
1508943	1511207	2775364	2773099	2265	2266	99.51	3984410	4300638	0.06	0.05	NC_030993.1	NC_072845.1
1511327	1539980	2772944	2744296	28654	28649	98.82	3984410	4300638	0.72	0.67	NC_030993.1	NC_072845.1
1540192	1588186	2744173	2696223	47995	47951	99.15	3984410	4300638	1.20	1.11	NC_030993.1	NC_072845.1
1588488	1596956	2696007	2687531	8469	8477	99.07	3984410	4300638	0.21	0.20	NC_030993.1	NC_072845.1
1597712	1598565	2686506	2685653	854	854	98.83	3984410	4300638	0.02	0.02	NC_030993.1	NC_072845.1
1598761	1626383	2685495	2657855	27623	27641	98.90	3984410	4300638	0.69	0.64	NC_030993.1	NC_072845.1
1626466	1626926	2657860	2657400	461	461	99.78	3984410	4300638	0.01	0.01	NC_030993.1	NC_072845.1
1628211	1670731	2657401	2614860	42521	42542	99.18	3984410	4300638	1.07	0.99	NC_030993.1	NC_072845.1
1670892	1725783	2614863	2560058	54892	54806	99.20	3984410	4300638	1.38	1.27	NC_030993.1	NC_072845.1
1725908	1762486	2559948	2523352	36579	36597	99.12	3984410	4300638	0.92	0.85	NC_030993.1	NC_072845.1
1752515	1801561	2533326	2484242	49047	49085	99.13	3984410	4300638	1.23	1.14	NC_030993.1	NC_072845.1
1802319	1822832	2484251	2463761	20514	20491	99.06	3984410	4300638	0.51	0.48	NC_030993.1	NC_072845.1
1823035	1850514	2463558	2436082	27480	27477	99.20	3984410	4300638	0.69	0.64	NC_030993.1	NC_072845.1
1852080	1854087	2434009	2432001	2008	2009	99.55	3984410	4300638	0.05	0.05	NC_030993.1	NC_072845.1
1854744	1869281	2432015	2417499	14538	14517	99.09	3984410	4300638	0.36	0.34	NC_030993.1	NC_072845.1
1869456	1891762	2417276	2394979	22307	22298	98.55	3984410	4300638	0.56	0.52	NC_030993.1	NC_072845.1
1892160	1900326	2394677	2386540	8167	8138	98.64	3984410	4300638	0.20	0.19	NC_030993.1	NC_072845.1
1900478	1903946	2386450	2382978	3469	3473	98.76	3984410	4300638	0.09	0.08	NC_030993.1	NC_072845.1
1904070	1922716	2382869	2364230	18647	18640	99.22	3984410	4300638	0.47	0.43	NC_030993.1	NC_072845.1
1923385	1948601	2364244	2338990	25217	25255	99.01	3984410	4300638	0.63	0.59	NC_030993.1	NC_072845.1
1950564	1951781	2337344	2336134	1218	1211	98.04	3984410	4300638	0.03	0.03	NC_030993.1	NC_072845.1
1951885	2064226	2336000	2223582	112342	112419	99.07	3984410	4300638	2.82	2.61	NC_030993.1	NC_072845.1
2064593	2242236	2223581	2045988	177644	177594	99.05	3984410	4300638	4.46	4.13	NC_030993.1	NC_072845.1
2244635	2245794	2043772	2042629	1160	1144	97.67	3984410	4300638	0.03	0.03	NC_030993.1	NC_072845.1
2246493	2247424	2042320	2041387	932	934	98.93	3984410	4300638	0.02	0.02	NC_030993.1	NC_072845.1
2251543	2271138	2036259	2016699	19596	19561	98.80	3984410	4300638	0.49	0.45	NC_030993.1	NC_072845.1
2272416	2349361	2016705	1939729	76946	76977	99.12	3984410	4300638	1.93	1.79	NC_030993.1	NC_072845.1
2349360	2351601	1939770	1937535	2242	2236	99.29	3984410	4300638	0.06	0.05	NC_030993.1	NC_072845.1
2351718	2418803	1937426	1870336	67086	67091	99.23	3984410	4300638	1.68	1.56	NC_030993.1	NC_072845.1
2419874	2445662	1868815	1843034	25789	25782	99.17	3984410	4300638	0.65	0.60	NC_030993.1	NC_072845.1
2445661	2457778	1842945	1830823	12118	12123	98.85	3984410	4300638	0.30	0.28	NC_030993.1	NC_072845.1
2457940	2499650	1830683	1788918	41711	41766	99.07	3984410	4300638	1.05	0.97	NC_030993.1	NC_072845.1
2499754	2532877	1788744	1755647	33124	33098	99.04	3984410	4300638	0.83	0.77	NC_030993.1	NC_072845.1
2532992	2556414	1755654	1732293	23423	23362	98.73	3984410	4300638	0.59	0.54	NC_030993.1	NC_072845.1
2556832	2573004	1732053	1715892	16173	16162	98.70	3984410	4300638	0.41	0.38	NC_030993.1	NC_072845.1
2573512	2628074	1715495	1660858	54563	54638	98.88	3984410	4300638	1.37	1.27	NC_030993.1	NC_072845.1
2628203	2644807	1660737	1644166	16605	16572	99.08	3984410	4300638	0.42	0.39	NC_030993.1	NC_072845.1
2644807	2644980	1643993	1644166	174	174	97.13	3984410	4300638	0.00	0.00	NC_030993.1	NC_072845.1
2644980	2656897	1643993	1632060	11918	11934	98.88	3984410	4300638	0.30	0.28	NC_030993.1	NC_072845.1
2658743	2669970	1629552	1618339	11228	11214	98.50	3984410	4300638	0.28	0.26	NC_030993.1	NC_072845.1
2669968	2683976	1616810	1602794	14009	14017	98.80	3984410	4300638	0.35	0.33	NC_030993.1	NC_072845.1
2684090	2695181	1602691	1591599	11092	11093	99.04	3984410	4300638	0.28	0.26	NC_030993.1	NC_072845.1
2695345	2736844	1591446	1549903	41500	41544	99.04	3984410	4300638	1.04	0.97	NC_030993.1	NC_072845.1
2737465	2783545	1549489	1503399	46081	46091	98.73	3984410	4300638	1.16	1.07	NC_030993.1	NC_072845.1
2784119	2792131	1502907	1494904	8013	8004	98.62	3984410	4300638	0.20	0.19	NC_030993.1	NC_072845.1
2792229	2801563	1494903	1485598	9335	9306	97.44	3984410	4300638	0.23	0.22	NC_030993.1	NC_072845.1
2801699	2834645	1485476	1452577	32947	32900	97.92	3984410	4300638	0.83	0.77	NC_030993.1	NC_072845.1
2834645	2865520	1452414	1421556	30876	30859	98.39	3984410	4300638	0.77	0.72	NC_030993.1	NC_072845.1
2865689	2872360	1421390	1414692	6672	6699	97.33	3984410	4300638	0.17	0.16	NC_030993.1	NC_072845.1
2872359	2872545	1414514	1414693	187	180	95.19	3984410	4300638	0.00	0.00	NC_030993.1	NC_072845.1
2872544	2899893	1414515	1387239	27350	27277	98.40	3984410	4300638	0.69	0.63	NC_030993.1	NC_072845.1
2900197	2926761	1387047	1360399	26565	26649	98.65	3984410	4300638	0.67	0.62	NC_030993.1	NC_072845.1
2926889	2934309	1360274	1352856	7421	7419	99.04	3984410	4300638	0.19	0.17	NC_030993.1	NC_072845.1
2934299	2946801	1352824	1340323	12503	12502	99.24	3984410	4300638	0.31	0.29	NC_030993.1	NC_072845.1
2951449	2975994	1310511	1335079	24546	24569	99.15	3984410	4300638	0.62	0.57	NC_030993.1	NC_072845.1
2976335	3023588	1298870	1251617	47254	47254	99.08	3984410	4300638	1.19	1.10	NC_030993.1	NC_072845.1
3028207	3028489	1247768	1247486	283	283	96.82	3984410	4300638	0.01	0.01	NC_030993.1	NC_072845.1
3030743	3140412	1246387	1136756	109670	109632	99.11	3984410	4300638	2.75	2.55	NC_030993.1	NC_072845.1
3140504	3177291	1136754	1099989	36788	36766	98.74	3984410	4300638	0.92	0.85	NC_030993.1	NC_072845.1
3177475	3183060	1099818	1094200	5586	5619	98.49	3984410	4300638	0.14	0.13	NC_030993.1	NC_072845.1
3183618	3302917	1093597	974293	119300	119305	98.96	3984410	4300638	2.99	2.77	NC_030993.1	NC_072845.1
3303114	3307332	974295	970111	4219	4185	98.34	3984410	4300638	0.11	0.10	NC_030993.1	NC_072845.1
3308563	3349355	928366	887519	40793	40848	99.10	3984410	4300638	1.02	0.95	NC_030993.1	NC_072845.1
3349786	3378827	887065	858025	29042	29041	99.17	3984410	4300638	0.73	0.68	NC_030993.1	NC_072845.1
3379276	3392730	857908	844427	13455	13482	98.90	3984410	4300638	0.34	0.31	NC_030993.1	NC_072845.1
3393168	3417010	844014	820230	23843	23785	99.10	3984410	4300638	0.60	0.55	NC_030993.1	NC_072845.1
3417144	3452757	820237	784697	35614	35541	98.25	3984410	4300638	0.89	0.83	NC_030993.1	NC_072845.1
3453039	3456893	784590	780734	3855	3857	95.62	3984410	4300638	0.10	0.09	NC_030993.1	NC_072845.1
3457644	3458203	780743	780182	560	562	90.04	3984410	4300638	0.01	0.01	NC_030993.1	NC_072845.1
3458535	3459819	780186	778900	1285	1287	94.10	3984410	4300638	0.03	0.03	NC_030993.1	NC_072845.1
3460266	3462343	777654	775564	2078	2091	95.95	3984410	4300638	0.05	0.05	NC_030993.1	NC_072845.1
3463102	3464098	775572	774584	997	989	86.90	3984410	4300638	0.03	0.02	NC_030993.1	NC_072845.1
3464260	3469500	772844	767588	5241	5257	91.27	3984410	4300638	0.13	0.12	NC_030993.1	NC_072845.1
3469498	3469817	763902	763584	320	319	96.88	3984410	4300638	0.01	0.01	NC_030993.1	NC_072845.1
3470081	3471809	763425	761705	1729	1721	95.45	3984410	4300638	0.04	0.04	NC_030993.1	NC_072845.1
3472186	3485518	761340	747988	13333	13353	96.94	3984410	4300638	0.33	0.31	NC_030993.1	NC_072845.1
3488253	3490166	747634	745721	1914	1914	96.97	3984410	4300638	0.05	0.04	NC_030993.1	NC_072845.1
3491453	3514291	744576	721709	22839	22868	97.40	3984410	4300638	0.57	0.53	NC_030993.1	NC_072845.1
3514575	3515718	721707	720557	1144	1151	93.82	3984410	4300638	0.03	0.03	NC_030993.1	NC_072845.1
3515791	3524340	720263	711733	8550	8531	97.67	3984410	4300638	0.21	0.20	NC_030993.1	NC_072845.1
3525959	3537003	708788	697733	11045	11056	97.19	3984410	4300638	0.28	0.26	NC_030993.1	NC_072845.1
3536998	3543640	697444	690797	6643	6648	97.77	3984410	4300638	0.17	0.15	NC_030993.1	NC_072845.1
3546629	3549464	690811	687961	2836	2851	96.11	3984410	4300638	0.07	0.07	NC_030993.1	NC_072845.1
3549954	3550464	687677	687164	511	514	86.46	3984410	4300638	0.01	0.01	NC_030993.1	NC_072845.1
3550654	3551632	686976	685997	979	980	92.07	3984410	4300638	0.02	0.02	NC_030993.1	NC_072845.1
3556945	3559049	685975	683871	2105	2105	96.07	3984410	4300638	0.05	0.05	NC_030993.1	NC_072845.1
3559284	3565703	683731	677366	6420	6366	96.60	3984410	4300638	0.16	0.15	NC_030993.1	NC_072845.1
3565750	3575378	677481	667839	9629	9643	98.30	3984410	4300638	0.24	0.22	NC_030993.1	NC_072845.1
3581486	3609592	667839	639719	28107	28121	98.05	3984410	4300638	0.71	0.65	NC_030993.1	NC_072845.1
3610170	3616175	639160	633120	6006	6041	98.03	3984410	4300638	0.15	0.14	NC_030993.1	NC_072845.1
3616456	3650351	633146	599286	33896	33861	96.16	3984410	4300638	0.85	0.79	NC_030993.1	NC_072845.1
3651413	3653988	597820	595247	2576	2574	94.84	3984410	4300638	0.06	0.06	NC_030993.1	NC_072845.1
3654365	3670427	594586	578614	16063	15973	93.58	3984410	4300638	0.40	0.37	NC_030993.1	NC_072845.1
3670536	3672643	578622	576513	2108	2110	97.73	3984410	4300638	0.05	0.05	NC_030993.1	NC_072845.1
3672760	3675617	576409	573556	2858	2854	97.59	3984410	4300638	0.07	0.07	NC_030993.1	NC_072845.1
3675615	3675941	572003	571677	327	327	99.39	3984410	4300638	0.01	0.01	NC_030993.1	NC_072845.1
3676969	3679436	571680	569214	2468	2467	98.06	3984410	4300638	0.06	0.06	NC_030993.1	NC_072845.1
3680473	3696426	569216	553362	15954	15855	96.12	3984410	4300638	0.40	0.37	NC_030993.1	NC_072845.1
3699483	3710919	548365	536916	11437	11450	97.24	3984410	4300638	0.29	0.27	NC_030993.1	NC_072845.1
3712954	3719515	534898	528334	6562	6565	94.74	3984410	4300638	0.16	0.15	NC_030993.1	NC_072845.1
3720346	3722854	527676	525168	2509	2509	96.22	3984410	4300638	0.06	0.06	NC_030993.1	NC_072845.1
3723895	3745512	514770	493203	21618	21568	97.36	3984410	4300638	0.54	0.50	NC_030993.1	NC_072845.1
3745705	3747553	493017	491169	1849	1849	97.73	3984410	4300638	0.05	0.04	NC_030993.1	NC_072845.1
3747553	3748509	490992	490038	957	955	96.87	3984410	4300638	0.02	0.02	NC_030993.1	NC_072845.1
3749260	3784990	490053	454338	35731	35716	96.32	3984410	4300638	0.90	0.83	NC_030993.1	NC_072845.1
3784987	3793891	429680	420808	8905	8873	97.20	3984410	4300638	0.22	0.21	NC_030993.1	NC_072845.1
3794436	3802790	420803	412447	8355	8357	98.79	3984410	4300638	0.21	0.19	NC_030993.1	NC_072845.1
3802938	3805439	412315	409811	2502	2505	98.40	3984410	4300638	0.06	0.06	NC_030993.1	NC_072845.1
3805433	3805535	402141	402039	103	103	97.09	3984410	4300638	0.00	0.00	NC_030993.1	NC_072845.1
3805695	3805846	402083	401932	152	152	98.68	3984410	4300638	0.00	0.00	NC_030993.1	NC_072845.1
3806638	3819536	401196	388301	12899	12896	97.92	3984410	4300638	0.32	0.30	NC_030993.1	NC_072845.1
3820393	3828792	380856	372457	8400	8400	97.54	3984410	4300638	0.21	0.20	NC_030993.1	NC_072845.1
3828794	3830361	372500	370933	1568	1568	98.60	3984410	4300638	0.04	0.04	NC_030993.1	NC_072845.1
3830248	3842116	370854	359001	11869	11854	96.38	3984410	4300638	0.30	0.28	NC_030993.1	NC_072845.1
3842583	3864473	358402	336562	21891	21841	96.76	3984410	4300638	0.55	0.51	NC_030993.1	NC_072845.1
3864596	3867038	336436	333996	2443	2441	91.18	3984410	4300638	0.06	0.06	NC_030993.1	NC_072845.1
3867422	3868270	333627	332773	849	855	85.31	3984410	4300638	0.02	0.02	NC_030993.1	NC_072845.1
3868692	3876266	332357	324765	7575	7593	95.11	3984410	4300638	0.19	0.18	NC_030993.1	NC_072845.1
3881142	3884854	316973	313257	3713	3717	97.88	3984410	4300638	0.09	0.09	NC_030993.1	NC_072845.1
3885615	3902305	313263	296555	16691	16709	97.72	3984410	4300638	0.42	0.39	NC_030993.1	NC_072845.1
3902412	3905559	296570	293413	3148	3158	94.83	3984410	4300638	0.08	0.07	NC_030993.1	NC_072845.1
3908891	3917505	288585	279967	8615	8619	98.03	3984410	4300638	0.22	0.20	NC_030993.1	NC_072845.1
3917732	3918096	279924	279570	365	355	89.89	3984410	4300638	0.01	0.01	NC_030993.1	NC_072845.1
3918096	3922019	279231	275323	3924	3909	97.50	3984410	4300638	0.10	0.09	NC_030993.1	NC_072845.1
3922020	3928431	274868	268393	6412	6476	96.77	3984410	4300638	0.16	0.15	NC_030993.1	NC_072845.1
3928535	3930135	268386	266784	1601	1603	94.72	3984410	4300638	0.04	0.04	NC_030993.1	NC_072845.1
3930897	3951595	266789	246160	20699	20630	97.06	3984410	4300638	0.52	0.48	NC_030993.1	NC_072845.1
3952264	3952598	6379850	6380189	335	340	80.29	3984410	6487135	0.01	0.01	NC_030993.1	NC_072840.1
3960635	3960965	244474	244141	331	334	89.52	3984410	4300638	0.01	0.01	NC_030993.1	NC_072845.1
3961437	3969205	242581	234862	7769	7720	96.72	3984410	4300638	0.19	0.18	NC_030993.1	NC_072845.1
3973234	3981563	225014	216651	8330	8364	96.68	3984410	4300638	0.21	0.19	NC_030993.1	NC_072845.1
3981563	3984410	216479	213634	2848	2846	96.95	3984410	4300638	0.07	0.07	NC_030993.1	NC_072845.1
6	2771	240522	243291	2766	2770	93.36	3304701	3716460	0.08	0.07	NC_030994.1	NC_072847.1
3984	7473	243538	247026	3490	3489	95.64	3304701	3716460	0.11	0.09	NC_030994.1	NC_072847.1
7780	10433	247028	249679	2654	2652	96.99	3304701	3716460	0.08	0.07	NC_030994.1	NC_072847.1
12129	20820	249939	258604	8692	8666	96.65	3304701	3716460	0.26	0.23	NC_030994.1	NC_072847.1
23860	24053	312172	312366	194	195	93.85	3304701	4259108	0.01	0.00	NC_030994.1	NC_072846.1
30247	32676	258605	261020	2430	2416	95.56	3304701	3716460	0.07	0.07	NC_030994.1	NC_072847.1
32672	35911	267629	270875	3240	3247	96.83	3304701	3716460	0.10	0.09	NC_030994.1	NC_072847.1
36074	47160	270906	281975	11087	11070	97.51	3304701	3716460	0.34	0.30	NC_030994.1	NC_072847.1
47360	49730	282136	284477	2371	2342	95.83	3304701	3716460	0.07	0.06	NC_030994.1	NC_072847.1
50800	50919	5587527	5587646	120	120	95.04	3304701	5611497	0.00	0.00	NC_030994.1	NC_072841.1
50829	52128	509148	510468	1300	1321	82.64	3304701	3716460	0.04	0.04	NC_030994.1	NC_072847.1
58173	58552	2761181	2761561	380	381	91.60	3304701	2893631	0.01	0.01	NC_030994.1	NC_072849.1
61795	72695	284557	295449	10901	10893	97.65	3304701	3716460	0.33	0.29	NC_030994.1	NC_072847.1
72875	82662	297715	307487	9788	9773	97.28	3304701	3716460	0.30	0.26	NC_030994.1	NC_072847.1
82663	83848	314108	315292	1186	1185	97.30	3304701	3716460	0.04	0.03	NC_030994.1	NC_072847.1
86730	108632	315291	337238	21903	21948	97.56	3304701	3716460	0.66	0.59	NC_030994.1	NC_072847.1
108472	110458	337297	339283	1987	1987	99.04	3304701	3716460	0.06	0.05	NC_030994.1	NC_072847.1
110456	113486	362063	365093	3031	3031	98.85	3304701	3716460	0.09	0.08	NC_030994.1	NC_072847.1
114465	120165	365076	370782	5701	5707	98.35	3304701	3716460	0.17	0.15	NC_030994.1	NC_072847.1
120419	120692	370940	371213	274	274	91.24	3304701	3716460	0.01	0.01	NC_030994.1	NC_072847.1
120692	131018	371314	381651	10327	10338	97.32	3304701	3716460	0.31	0.28	NC_030994.1	NC_072847.1
131019	141781	388178	398938	10763	10761	97.77	3304701	3716460	0.33	0.29	NC_030994.1	NC_072847.1
141777	144539	399186	401958	2763	2773	94.95	3304701	3716460	0.08	0.07	NC_030994.1	NC_072847.1
145170	153051	402253	410123	7882	7871	97.04	3304701	3716460	0.24	0.21	NC_030994.1	NC_072847.1
153508	172816	410559	429885	19309	19327	97.30	3304701	3716460	0.58	0.52	NC_030994.1	NC_072847.1
173211	174879	429913	431580	1669	1668	86.85	3304701	3716460	0.05	0.04	NC_030994.1	NC_072847.1
175113	204064	431831	460801	28952	28971	97.63	3304701	3716460	0.88	0.78	NC_030994.1	NC_072847.1
204363	222677	461094	479373	18315	18280	97.68	3304701	3716460	0.55	0.49	NC_030994.1	NC_072847.1
222677	249890	480241	507536	27214	27296	97.72	3304701	3716460	0.82	0.73	NC_030994.1	NC_072847.1
249900	251494	528974	530572	1595	1599	94.37	3304701	3716460	0.05	0.04	NC_030994.1	NC_072847.1
251680	253106	530572	531998	1427	1427	96.57	3304701	3716460	0.04	0.04	NC_030994.1	NC_072847.1
253896	272715	532414	551231	18820	18818	97.25	3304701	3716460	0.57	0.51	NC_030994.1	NC_072847.1
273014	273243	551623	551852	230	230	93.91	3304701	3716460	0.01	0.01	NC_030994.1	NC_072847.1
275186	279944	551825	556594	4759	4770	96.39	3304701	3716460	0.14	0.13	NC_030994.1	NC_072847.1
281804	294549	556592	569365	12746	12774	97.54	3304701	3716460	0.39	0.34	NC_030994.1	NC_072847.1
294603	300849	569563	575846	6247	6284	97.23	3304701	3716460	0.19	0.17	NC_030994.1	NC_072847.1
300852	300936	575954	576037	85	84	97.65	3304701	3716460	0.00	0.00	NC_030994.1	NC_072847.1
300930	332403	576255	607720	31474	31466	98.61	3304701	3716460	0.95	0.85	NC_030994.1	NC_072847.1
333970	354223	608773	628978	20254	20206	98.48	3304701	3716460	0.61	0.54	NC_030994.1	NC_072847.1
354226	354753	629406	629933	528	528	92.08	3304701	3716460	0.02	0.01	NC_030994.1	NC_072847.1
354749	355765	633261	634278	1017	1018	95.79	3304701	3716460	0.03	0.03	NC_030994.1	NC_072847.1
355761	374549	634633	653415	18789	18783	97.33	3304701	3716460	0.57	0.51	NC_030994.1	NC_072847.1
375292	385333	653415	663381	10042	9967	94.42	3304701	3716460	0.30	0.27	NC_030994.1	NC_072847.1
415617	418892	683348	680089	3276	3260	93.66	3304701	3716460	0.10	0.09	NC_030994.1	NC_072847.1
419156	419766	680095	679470	611	626	94.12	3304701	3716460	0.02	0.02	NC_030994.1	NC_072847.1
419766	422106	679361	677015	2341	2347	92.78	3304701	3716460	0.07	0.06	NC_030994.1	NC_072847.1
423215	426332	677014	673870	3118	3145	95.23	3304701	3716460	0.09	0.08	NC_030994.1	NC_072847.1
431230	432632	673875	672474	1403	1402	98.08	3304701	3716460	0.04	0.04	NC_030994.1	NC_072847.1
455764	470039	710279	724468	14276	14190	96.75	3304701	3716460	0.43	0.38	NC_030994.1	NC_072847.1
470155	472417	724469	726731	2263	2263	97.92	3304701	3716460	0.07	0.06	NC_030994.1	NC_072847.1
472522	479596	726734	733812	7075	7079	98.42	3304701	3716460	0.21	0.19	NC_030994.1	NC_072847.1
479727	589370	733942	843551	109644	109610	98.56	3304701	3716460	3.32	2.95	NC_030994.1	NC_072847.1
591877	610144	843552	861801	18268	18250	98.76	3304701	3716460	0.55	0.49	NC_030994.1	NC_072847.1
610467	680336	862015	931886	69870	69872	98.96	3304701	3716460	2.11	1.88	NC_030994.1	NC_072847.1
681000	683662	931875	934527	2663	2653	98.99	3304701	3716460	0.08	0.07	NC_030994.1	NC_072847.1
683952	684115	934517	934680	164	164	97.56	3304701	3716460	0.00	0.00	NC_030994.1	NC_072847.1
684307	684391	934852	934936	85	85	98.82	3304701	3716460	0.00	0.00	NC_030994.1	NC_072847.1
685147	687844	934925	937622	2698	2698	97.56	3304701	3716460	0.08	0.07	NC_030994.1	NC_072847.1
688374	694570	937619	943824	6197	6206	98.37	3304701	3716460	0.19	0.17	NC_030994.1	NC_072847.1
694709	699418	943953	948650	4710	4698	97.92	3304701	3716460	0.14	0.13	NC_030994.1	NC_072847.1
699578	707173	948694	956286	7596	7593	98.70	3304701	3716460	0.23	0.20	NC_030994.1	NC_072847.1
707392	748602	956397	997577	41211	41181	98.81	3304701	3716460	1.25	1.11	NC_030994.1	NC_072847.1
748987	749167	661545	661361	181	185	85.41	3304701	4259108	0.01	0.00	NC_030994.1	NC_072846.1
749426	751079	997632	999284	1654	1653	98.37	3304701	3716460	0.05	0.04	NC_030994.1	NC_072847.1
751081	751213	999417	999285	133	133	95.49	3304701	3716460	0.00	0.00	NC_030994.1	NC_072847.1
751213	794009	999418	1042210	42797	42793	98.39	3304701	3716460	1.30	1.15	NC_030994.1	NC_072847.1
795045	796108	1043299	1044362	1064	1064	88.67	3304701	3716460	0.03	0.03	NC_030994.1	NC_072847.1
796366	797377	1044625	1045620	1012	996	85.04	3304701	3716460	0.03	0.03	NC_030994.1	NC_072847.1
797959	835155	1046217	1083400	37197	37184	98.89	3304701	3716460	1.13	1.00	NC_030994.1	NC_072847.1
835338	842327	1083400	1090388	6990	6989	98.31	3304701	3716460	0.21	0.19	NC_030994.1	NC_072847.1
842498	880356	1090407	1128304	37859	37898	99.19	3304701	3716460	1.15	1.02	NC_030994.1	NC_072847.1
880705	961369	1128459	1209119	80665	80661	98.97	3304701	3716460	2.44	2.17	NC_030994.1	NC_072847.1
961368	1029903	1211313	1279801	68536	68489	99.17	3304701	3716460	2.07	1.84	NC_030994.1	NC_072847.1
1032151	1175224	1281631	1424647	143074	143017	99.12	3304701	3716460	4.33	3.85	NC_030994.1	NC_072847.1
1175467	1273299	1424948	1522760	97833	97813	99.14	3304701	3716460	2.96	2.63	NC_030994.1	NC_072847.1
1273524	1282695	1523180	1532306	9172	9127	98.62	3304701	3716460	0.28	0.25	NC_030994.1	NC_072847.1
1282932	1292352	1532526	1541919	9421	9394	98.88	3304701	3716460	0.29	0.25	NC_030994.1	NC_072847.1
1292541	1344796	1542097	1594350	52256	52254	99.23	3304701	3716460	1.58	1.41	NC_030994.1	NC_072847.1
1344897	1359929	1594352	1609379	15033	15028	99.44	3304701	3716460	0.45	0.40	NC_030994.1	NC_072847.1
1360233	1369639	1609721	1619116	9407	9396	99.31	3304701	3716460	0.28	0.25	NC_030994.1	NC_072847.1
1369857	1430289	1619208	1679663	60433	60456	99.14	3304701	3716460	1.83	1.63	NC_030994.1	NC_072847.1
1430177	1432678	1679664	1682161	2502	2498	99.12	3304701	3716460	0.08	0.07	NC_030994.1	NC_072847.1
1432794	1434348	1682161	1683716	1555	1556	98.27	3304701	3716460	0.05	0.04	NC_030994.1	NC_072847.1
1434620	1446479	1683917	1695777	11860	11861	99.18	3304701	3716460	0.36	0.32	NC_030994.1	NC_072847.1
1447146	1479014	1695763	1727603	31869	31841	99.23	3304701	3716460	0.96	0.86	NC_030994.1	NC_072847.1
1479166	1498241	1727853	1746979	19076	19127	99.03	3304701	3716460	0.58	0.51	NC_030994.1	NC_072847.1
1498421	1526551	1747149	1775358	28131	28210	99.07	3304701	3716460	0.85	0.76	NC_030994.1	NC_072847.1
1526879	1568687	1775633	1817439	41809	41807	99.18	3304701	3716460	1.27	1.12	NC_030994.1	NC_072847.1
1569776	1574994	1818447	1823667	5219	5221	99.35	3304701	3716460	0.16	0.14	NC_030994.1	NC_072847.1
1575884	1582935	1824492	1831547	7052	7056	99.39	3304701	3716460	0.21	0.19	NC_030994.1	NC_072847.1
1583222	1600544	1831816	1849130	17323	17315	99.17	3304701	3716460	0.52	0.47	NC_030994.1	NC_072847.1
1601113	1633716	1849694	1882308	32604	32615	99.28	3304701	3716460	0.99	0.88	NC_030994.1	NC_072847.1
1633879	1648847	1882455	1897423	14969	14969	99.38	3304701	3716460	0.45	0.40	NC_030994.1	NC_072847.1
1651035	1763153	1897422	2009492	112119	112071	99.14	3304701	3716460	3.39	3.02	NC_030994.1	NC_072847.1
1763619	1780789	2009855	2027045	17171	17191	99.00	3304701	3716460	0.52	0.46	NC_030994.1	NC_072847.1
1780949	1815226	2027202	2061459	34278	34258	99.00	3304701	3716460	1.04	0.92	NC_030994.1	NC_072847.1
1815460	1849816	2061597	2095938	34357	34342	99.37	3304701	3716460	1.04	0.92	NC_030994.1	NC_072847.1
1851071	1852107	2097117	2098148	1037	1032	98.84	3304701	3716460	0.03	0.03	NC_030994.1	NC_072847.1
1852442	1873290	2098141	2119026	20849	20886	99.18	3304701	3716460	0.63	0.56	NC_030994.1	NC_072847.1
1874253	1881382	2119686	2126841	7130	7156	98.77	3304701	3716460	0.22	0.19	NC_030994.1	NC_072847.1
1881482	1914672	2127108	2160312	33191	33205	99.36	3304701	3716460	1.00	0.89	NC_030994.1	NC_072847.1
1914671	1914898	4000830	4000603	228	228	99.56	3304701	4259108	0.01	0.01	NC_030994.1	NC_072846.1
1914896	1964329	2160311	2209776	49434	49466	99.17	3304701	3716460	1.50	1.33	NC_030994.1	NC_072847.1
1964575	1969416	2209908	2214747	4842	4840	99.44	3304701	3716460	0.15	0.13	NC_030994.1	NC_072847.1
1969632	1975910	2214982	2221255	6279	6274	99.08	3304701	3716460	0.19	0.17	NC_030994.1	NC_072847.1
1977106	1996058	2286174	2305123	18953	18950	99.44	3304701	3716460	0.57	0.51	NC_030994.1	NC_072847.1
1996055	1996350	399189	398934	296	256	80.20	3304701	3716460	0.01	0.01	NC_030994.1	NC_072847.1
1996347	2019347	2305120	2328107	23001	22988	99.43	3304701	3716460	0.70	0.62	NC_030994.1	NC_072847.1
2020011	2093396	2328094	2401497	73386	73404	99.31	3304701	3716460	2.22	1.98	NC_030994.1	NC_072847.1
2093513	2096178	2401520	2404186	2666	2667	99.29	3304701	3716460	0.08	0.07	NC_030994.1	NC_072847.1
2096338	2141107	2404181	2448898	44770	44718	99.20	3304701	3716460	1.35	1.20	NC_030994.1	NC_072847.1
2141216	2179908	2449021	2487704	38693	38684	98.99	3304701	3716460	1.17	1.04	NC_030994.1	NC_072847.1
2180633	2311317	2488245	2618823	130685	130579	99.02	3304701	3716460	3.95	3.51	NC_030994.1	NC_072847.1
2311416	2421523	2618964	2728916	110108	109953	99.01	3304701	3716460	3.33	2.96	NC_030994.1	NC_072847.1
2422432	2470523	2729818	2777925	48092	48108	99.10	3304701	3716460	1.46	1.29	NC_030994.1	NC_072847.1
2472388	2473187	2779837	2780640	800	804	97.64	3304701	3716460	0.02	0.02	NC_030994.1	NC_072847.1
2473876	2510900	2780628	2817616	37025	36989	99.32	3304701	3716460	1.12	1.00	NC_030994.1	NC_072847.1
2511326	2522268	2817976	2828845	10943	10870	98.41	3304701	3716460	0.33	0.29	NC_030994.1	NC_072847.1
2522589	2565214	2828940	2871581	42626	42642	99.25	3304701	3716460	1.29	1.15	NC_030994.1	NC_072847.1
2565319	2576517	2871689	2882897	11199	11209	99.23	3304701	3716460	0.34	0.30	NC_030994.1	NC_072847.1
2577394	2579385	2884027	2886014	1992	1988	99.00	3304701	3716460	0.06	0.05	NC_030994.1	NC_072847.1
2579910	2581990	2886036	2888117	2081	2082	99.14	3304701	3716460	0.06	0.06	NC_030994.1	NC_072847.1
2582451	2599765	2888399	2905725	17315	17327	98.70	3304701	3716460	0.52	0.47	NC_030994.1	NC_072847.1
2599936	2627055	2905756	2932893	27120	27138	99.11	3304701	3716460	0.82	0.73	NC_030994.1	NC_072847.1
2627163	2629532	2932992	2935361	2370	2370	99.62	3304701	3716460	0.07	0.06	NC_030994.1	NC_072847.1
2629644	2635920	2935461	2941739	6277	6279	99.60	3304701	3716460	0.19	0.17	NC_030994.1	NC_072847.1
2635913	2671960	2941768	2977809	36048	36042	99.21	3304701	3716460	1.09	0.97	NC_030994.1	NC_072847.1
2672255	2711627	2977809	3017166	39373	39358	98.59	3304701	3716460	1.19	1.06	NC_030994.1	NC_072847.1
2712521	2753890	3017167	3058518	41370	41352	98.35	3304701	3716460	1.25	1.11	NC_030994.1	NC_072847.1
2754201	2755274	3058538	3059607	1074	1070	86.28	3304701	3716460	0.03	0.03	NC_030994.1	NC_072847.1
2768214	2814048	3059617	3105434	45835	45818	98.19	3304701	3716460	1.39	1.23	NC_030994.1	NC_072847.1
2815134	2819369	3106204	3110440	4236	4237	87.18	3304701	3716460	0.13	0.11	NC_030994.1	NC_072847.1
2824540	2827145	3111865	3114482	2606	2618	91.64	3304701	3716460	0.08	0.07	NC_030994.1	NC_072847.1
2827349	2837227	3114657	3124536	9879	9880	95.76	3304701	3716460	0.30	0.27	NC_030994.1	NC_072847.1
2838300	2851777	3125436	3138907	13478	13472	98.55	3304701	3716460	0.41	0.36	NC_030994.1	NC_072847.1
2851970	2873560	3139079	3160577	21591	21499	98.59	3304701	3716460	0.65	0.58	NC_030994.1	NC_072847.1
2873771	2889097	3160821	3176055	15327	15235	97.18	3304701	3716460	0.46	0.41	NC_030994.1	NC_072847.1
2889219	2900868	3176055	3187711	11650	11657	97.88	3304701	3716460	0.35	0.31	NC_030994.1	NC_072847.1
2907471	2908380	3188182	3189095	910	914	90.59	3304701	3716460	0.03	0.02	NC_030994.1	NC_072847.1
2908573	2919079	3190204	3200737	10507	10534	96.74	3304701	3716460	0.32	0.28	NC_030994.1	NC_072847.1
2919079	2920157	3200854	3201925	1079	1072	96.02	3304701	3716460	0.03	0.03	NC_030994.1	NC_072847.1
2921275	2926768	3201926	3207403	5494	5478	96.31	3304701	3716460	0.17	0.15	NC_030994.1	NC_072847.1
2927372	2935068	3208038	3215752	7697	7715	97.14	3304701	3716460	0.23	0.21	NC_030994.1	NC_072847.1
2936927	2953810	3215751	3232634	16884	16884	98.20	3304701	3716460	0.51	0.45	NC_030994.1	NC_072847.1
2958710	2960358	3232627	3234275	1649	1649	99.27	3304701	3716460	0.05	0.04	NC_030994.1	NC_072847.1
2961118	2984828	3234268	3257963	23711	23696	97.79	3304701	3716460	0.72	0.64	NC_030994.1	NC_072847.1
2985025	2995416	3257956	3268378	10392	10423	96.41	3304701	3716460	0.31	0.28	NC_030994.1	NC_072847.1
2995719	2999612	3268574	3272466	3894	3893	98.00	3304701	3716460	0.12	0.10	NC_030994.1	NC_072847.1
3007567	3013579	3399115	3393097	6013	6019	97.96	3304701	3716460	0.18	0.16	NC_030994.1	NC_072847.1
3013579	3016037	3392766	3390304	2459	2463	97.61	3304701	3716460	0.07	0.07	NC_030994.1	NC_072847.1
3016095	3025674	3382285	3372717	9580	9569	97.86	3304701	3716460	0.29	0.26	NC_030994.1	NC_072847.1
3025952	3026326	3372717	3372359	375	359	93.33	3304701	3716460	0.01	0.01	NC_030994.1	NC_072847.1
3027630	3029190	3371493	3369933	1561	1561	99.04	3304701	3716460	0.05	0.04	NC_030994.1	NC_072847.1
3035208	3037069	3369937	3368075	1862	1863	98.71	3304701	3716460	0.06	0.05	NC_030994.1	NC_072847.1
3037229	3040946	3367930	3364171	3718	3760	97.95	3304701	3716460	0.11	0.10	NC_030994.1	NC_072847.1
3044173	3060005	3364179	3348353	15833	15827	97.75	3304701	3716460	0.48	0.43	NC_030994.1	NC_072847.1
3065223	3065433	295272	295062	211	211	93.84	3304701	4259108	0.01	0.00	NC_030994.1	NC_072846.1
3068687	3113011	3348357	3304058	44325	44300	97.08	3304701	3716460	1.34	1.19	NC_030994.1	NC_072847.1
3113009	3115127	3304025	3301907	2119	2119	98.35	3304701	3716460	0.06	0.06	NC_030994.1	NC_072847.1
3115294	3117332	3301765	3299731	2039	2035	94.56	3304701	3716460	0.06	0.05	NC_030994.1	NC_072847.1
3117341	3123574	3299150	3292926	6234	6225	98.25	3304701	3716460	0.19	0.17	NC_030994.1	NC_072847.1
3123953	3130919	3292595	3285629	6967	6967	96.85	3304701	3716460	0.21	0.19	NC_030994.1	NC_072847.1
3135375	3137248	3277860	3275986	1874	1875	91.52	3304701	3716460	0.06	0.05	NC_030994.1	NC_072847.1
3137396	3140219	3275841	3273046	2824	2796	95.89	3304701	3716460	0.09	0.08	NC_030994.1	NC_072847.1
3140884	3141478	3273059	3272465	595	595	97.98	3304701	3716460	0.02	0.02	NC_030994.1	NC_072847.1
3143339	3152937	3399453	3409045	9599	9593	97.13	3304701	3716460	0.29	0.26	NC_030994.1	NC_072847.1
3154920	3156167	3410228	3411475	1248	1248	95.76	3304701	3716460	0.04	0.03	NC_030994.1	NC_072847.1
3156729	3162777	3411947	3418057	6049	6111	95.34	3304701	3716460	0.18	0.16	NC_030994.1	NC_072847.1
3164216	3214215	3418058	3468039	50000	49982	98.16	3304701	3716460	1.51	1.34	NC_030994.1	NC_072847.1
3216483	3301569	3468040	3553065	85087	85026	98.11	3304701	3716460	2.57	2.29	NC_030994.1	NC_072847.1
3301571	3301761	2924704	2924895	191	192	89.58	3304701	5611497	0.01	0.00	NC_030994.1	NC_072841.1
3301571	3301761	4290405	4290595	191	191	94.76	3304701	4300638	0.01	0.00	NC_030994.1	NC_072845.1
6164	7851	297767	299458	1688	1692	86.41	2896840	2853886	0.06	0.06	NC_030995.1	NC_072850.1
7864	14609	344824	351547	6746	6724	96.78	2896840	3277645	0.23	0.21	NC_030995.1	NC_072848.1
14787	54493	351545	391178	39707	39634	97.77	2896840	3277645	1.37	1.21	NC_030995.1	NC_072848.1
55249	65541	391167	401444	10293	10278	97.57	2896840	3277645	0.36	0.31	NC_030995.1	NC_072848.1
65546	91675	402714	428959	26130	26246	97.28	2896840	3277645	0.90	0.80	NC_030995.1	NC_072848.1
91966	99302	429180	436526	7337	7347	97.55	2896840	3277645	0.25	0.22	NC_030995.1	NC_072848.1
99768	106469	436519	443227	6702	6709	96.70	2896840	3277645	0.23	0.20	NC_030995.1	NC_072848.1
106469	123409	443342	460308	16941	16967	98.12	2896840	3277645	0.58	0.52	NC_030995.1	NC_072848.1
123730	127758	460301	464325	4029	4025	95.74	2896840	3277645	0.14	0.12	NC_030995.1	NC_072848.1
128215	131445	464771	468006	3231	3236	83.42	2896840	3277645	0.11	0.10	NC_030995.1	NC_072848.1
132979	134092	469551	470658	1114	1108	85.42	2896840	3277645	0.04	0.03	NC_030995.1	NC_072848.1
135636	141838	480281	486481	6203	6201	97.81	2896840	3277645	0.21	0.19	NC_030995.1	NC_072848.1
141985	144045	486481	488540	2061	2060	95.38	2896840	3277645	0.07	0.06	NC_030995.1	NC_072848.1
144257	156150	488621	500539	11894	11919	97.01	2896840	3277645	0.41	0.36	NC_030995.1	NC_072848.1
156261	177807	500649	522212	21547	21564	98.19	2896840	3277645	0.74	0.66	NC_030995.1	NC_072848.1
177808	188495	522313	533012	10688	10700	98.32	2896840	3277645	0.37	0.33	NC_030995.1	NC_072848.1
188741	214470	533202	558909	25730	25708	98.46	2896840	3277645	0.89	0.78	NC_030995.1	NC_072848.1
215134	219891	558894	563673	4758	4780	98.27	2896840	3277645	0.16	0.15	NC_030995.1	NC_072848.1
219922	222515	563665	566258	2594	2594	96.76	2896840	3277645	0.09	0.08	NC_030995.1	NC_072848.1
222590	227630	566150	571187	5041	5038	98.77	2896840	3277645	0.17	0.15	NC_030995.1	NC_072848.1
227336	228762	571178	572592	1427	1415	92.58	2896840	3277645	0.05	0.04	NC_030995.1	NC_072848.1
228502	243025	572482	586987	14524	14506	98.75	2896840	3277645	0.50	0.44	NC_030995.1	NC_072848.1
245173	246291	589175	590286	1119	1112	83.89	2896840	3277645	0.04	0.03	NC_030995.1	NC_072848.1
250823	265849	591846	606879	15027	15034	97.92	2896840	3277645	0.52	0.46	NC_030995.1	NC_072848.1
266011	266952	606988	607959	942	972	93.93	2896840	3277645	0.03	0.03	NC_030995.1	NC_072848.1
270715	320723	607958	657955	50009	49998	98.14	2896840	3277645	1.73	1.53	NC_030995.1	NC_072848.1
320934	357235	658130	694413	36302	36284	97.21	2896840	3277645	1.25	1.11	NC_030995.1	NC_072848.1
357926	358484	694785	695338	559	554	96.24	2896840	3277645	0.02	0.02	NC_030995.1	NC_072848.1
358641	368224	695488	705072	9584	9585	98.27	2896840	3277645	0.33	0.29	NC_030995.1	NC_072848.1
368428	387791	705257	724614	19364	19358	97.56	2896840	3277645	0.67	0.59	NC_030995.1	NC_072848.1
388114	390899	724877	727669	2786	2793	97.82	2896840	3277645	0.10	0.09	NC_030995.1	NC_072848.1
390899	393939	727847	730888	3041	3042	96.25	2896840	3277645	0.10	0.09	NC_030995.1	NC_072848.1
395354	462366	732258	799323	67013	67066	98.68	2896840	3277645	2.31	2.05	NC_030995.1	NC_072848.1
463020	468915	799310	805258	5896	5949	98.30	2896840	3277645	0.20	0.18	NC_030995.1	NC_072848.1
469188	570940	805285	907067	101753	101783	98.67	2896840	3277645	3.51	3.11	NC_030995.1	NC_072848.1
571064	575565	907069	911561	4502	4493	97.32	2896840	3277645	0.16	0.14	NC_030995.1	NC_072848.1
579339	579820	911559	912040	482	482	98.34	2896840	3277645	0.02	0.01	NC_030995.1	NC_072848.1
580469	586299	912027	917865	5831	5839	98.10	2896840	3277645	0.20	0.18	NC_030995.1	NC_072848.1
586301	593609	943122	950429	7309	7308	98.43	2896840	3277645	0.25	0.22	NC_030995.1	NC_072848.1
593841	604775	950630	961561	10935	10932	95.61	2896840	3277645	0.38	0.33	NC_030995.1	NC_072848.1
604817	621185	961888	978330	16369	16443	97.84	2896840	3277645	0.57	0.50	NC_030995.1	NC_072848.1
621397	653923	978471	1011024	32527	32554	98.79	2896840	3277645	1.12	0.99	NC_030995.1	NC_072848.1
654056	673968	1011142	1031039	19913	19898	99.01	2896840	3277645	0.69	0.61	NC_030995.1	NC_072848.1
674108	770678	1031100	1127655	96571	96556	99.17	2896840	3277645	3.33	2.95	NC_030995.1	NC_072848.1
770792	773979	1127760	1130947	3188	3188	99.53	2896840	3277645	0.11	0.10	NC_030995.1	NC_072848.1
774224	787129	1131174	1144083	12906	12910	99.17	2896840	3277645	0.45	0.39	NC_030995.1	NC_072848.1
787265	794188	1144217	1151150	6924	6934	98.14	2896840	3277645	0.24	0.21	NC_030995.1	NC_072848.1
794191	794628	1151250	1151691	438	442	82.85	2896840	3277645	0.02	0.01	NC_030995.1	NC_072848.1
796166	798773	1153207	1155807	2608	2601	82.21	2896840	3277645	0.09	0.08	NC_030995.1	NC_072848.1
800076	834056	1157036	1190996	33981	33961	98.96	2896840	3277645	1.17	1.04	NC_030995.1	NC_072848.1
834651	834887	1192209	1191975	237	235	83.19	2896840	3277645	0.01	0.01	NC_030995.1	NC_072848.1
848938	914406	1194349	1259799	65469	65451	99.11	2896840	3277645	2.26	2.00	NC_030995.1	NC_072848.1
914397	974570	1260604	1320721	60174	60118	99.10	2896840	3277645	2.08	1.83	NC_030995.1	NC_072848.1
974788	1033668	1320821	1379631	58881	58811	99.09	2896840	3277645	2.03	1.79	NC_030995.1	NC_072848.1
1033907	1043469	1379868	1389425	9563	9558	99.41	2896840	3277645	0.33	0.29	NC_030995.1	NC_072848.1
1043769	1066758	1389734	1412698	22990	22965	98.99	2896840	3277645	0.79	0.70	NC_030995.1	NC_072848.1
1066939	1153742	1412693	1499741	86804	87049	98.94	2896840	3277645	3.00	2.66	NC_030995.1	NC_072848.1
1154742	1174294	1540545	1560089	19553	19545	99.52	2896840	3277645	0.67	0.60	NC_030995.1	NC_072848.1
1174559	1177717	1560312	1563470	3159	3159	99.53	2896840	3277645	0.11	0.10	NC_030995.1	NC_072848.1
1178204	1230696	1563990	1616484	52493	52495	99.35	2896840	3277645	1.81	1.60	NC_030995.1	NC_072848.1
1230899	1246500	1616665	1632278	15602	15614	99.06	2896840	3277645	0.54	0.48	NC_030995.1	NC_072848.1
1246500	1261707	1632404	1647594	15208	15191	98.66	2896840	3277645	0.52	0.46	NC_030995.1	NC_072848.1
1261822	1333810	1647594	1719582	71989	71989	99.12	2896840	3277645	2.49	2.20	NC_030995.1	NC_072848.1
1334009	1362423	1719750	1748159	28415	28410	99.30	2896840	3277645	0.98	0.87	NC_030995.1	NC_072848.1
1362629	1389387	1748367	1775127	26759	26761	98.92	2896840	3277645	0.92	0.82	NC_030995.1	NC_072848.1
1390350	1391529	1776139	1777319	1180	1181	98.40	2896840	3277645	0.04	0.04	NC_030995.1	NC_072848.1
1392343	1408785	1777787	1794230	16443	16444	98.58	2896840	3277645	0.57	0.50	NC_030995.1	NC_072848.1
1408747	1618413	1794240	2003749	209667	209510	99.12	2896840	3277645	7.24	6.39	NC_030995.1	NC_072848.1
1618448	1727293	2003747	2112474	108846	108728	99.18	2896840	3277645	3.76	3.32	NC_030995.1	NC_072848.1
1727394	1730369	2112608	2115583	2976	2976	99.03	2896840	3277645	0.10	0.09	NC_030995.1	NC_072848.1
1730508	1740022	2115710	2125244	9515	9535	99.29	2896840	3277645	0.33	0.29	NC_030995.1	NC_072848.1
1740189	1748531	2125403	2133714	8343	8312	98.78	2896840	3277645	0.29	0.25	NC_030995.1	NC_072848.1
1748794	1765316	2133911	2150429	16523	16519	98.96	2896840	3277645	0.57	0.50	NC_030995.1	NC_072848.1
1765440	1778645	2150849	2164055	13206	13207	98.71	2896840	3277645	0.46	0.40	NC_030995.1	NC_072848.1
1778842	1805381	2164054	2190597	26540	26544	98.73	2896840	3277645	0.92	0.81	NC_030995.1	NC_072848.1
1810576	1840021	2190592	2219924	29446	29333	98.07	2896840	3277645	1.02	0.89	NC_030995.1	NC_072848.1
1840230	1843192	2219899	2222863	2963	2965	97.44	2896840	3277645	0.10	0.09	NC_030995.1	NC_072848.1
1843579	1843749	2222862	2223037	171	176	96.02	2896840	3277645	0.01	0.01	NC_030995.1	NC_072848.1
1845597	1845702	2223037	2223142	106	106	97.17	2896840	3277645	0.00	0.00	NC_030995.1	NC_072848.1
1845702	1846924	2223291	2224468	1223	1178	93.64	2896840	3277645	0.04	0.04	NC_030995.1	NC_072848.1
1848742	1853588	2224470	2229291	4847	4822	98.21	2896840	3277645	0.17	0.15	NC_030995.1	NC_072848.1
1853714	1866473	2229416	2242164	12760	12749	98.90	2896840	3277645	0.44	0.39	NC_030995.1	NC_072848.1
1866741	1868472	2242397	2244128	1732	1732	99.60	2896840	3277645	0.06	0.05	NC_030995.1	NC_072848.1
1869125	1947018	2244116	2322016	77894	77901	98.82	2896840	3277645	2.69	2.38	NC_030995.1	NC_072848.1
1947390	1958775	2322344	2333709	11386	11366	98.02	2896840	3277645	0.39	0.35	NC_030995.1	NC_072848.1
1959071	1971598	2333918	2346440	12528	12523	99.07	2896840	3277645	0.43	0.38	NC_030995.1	NC_072848.1
1971968	1972903	2347788	2346824	936	965	84.18	2896840	3277645	0.03	0.03	NC_030995.1	NC_072848.1
1973246	2000417	2351470	2378658	27172	27189	98.85	2896840	3277645	0.94	0.83	NC_030995.1	NC_072848.1
2001453	2003785	2379521	2381848	2333	2328	99.10	2896840	3277645	0.08	0.07	NC_030995.1	NC_072848.1
2004203	2006675	2382171	2384646	2473	2476	99.11	2896840	3277645	0.09	0.08	NC_030995.1	NC_072848.1
2007174	2081776	2385404	2459879	74603	74476	98.27	2896840	3277645	2.58	2.27	NC_030995.1	NC_072848.1
2083025	2127422	2459882	2504356	44398	44475	98.42	2896840	3277645	1.53	1.36	NC_030995.1	NC_072848.1
2127572	2128789	2505250	2506465	1218	1216	98.28	2896840	3277645	0.04	0.04	NC_030995.1	NC_072848.1
2129499	2138185	2506543	2515225	8687	8683	98.33	2896840	3277645	0.30	0.26	NC_030995.1	NC_072848.1
2138935	2143822	2516003	2520904	4888	4902	97.03	2896840	3277645	0.17	0.15	NC_030995.1	NC_072848.1
2144786	2158628	2520891	2534728	13843	13838	98.22	2896840	3277645	0.48	0.42	NC_030995.1	NC_072848.1
2158931	2210565	2534932	2586592	51635	51661	98.25	2896840	3277645	1.78	1.58	NC_030995.1	NC_072848.1
2210780	2224591	2586671	2600476	13812	13806	98.96	2896840	3277645	0.48	0.42	NC_030995.1	NC_072848.1
2224741	2225000	2600477	2600736	260	260	100.00	2896840	3277645	0.01	0.01	NC_030995.1	NC_072848.1
2225653	2274877	2600723	2649921	49225	49199	98.22	2896840	3277645	1.70	1.50	NC_030995.1	NC_072848.1
2275688	2286156	2649955	2660412	10469	10458	98.61	2896840	3277645	0.36	0.32	NC_030995.1	NC_072848.1
2286512	2287629	2660800	2661917	1118	1118	85.52	2896840	3277645	0.04	0.03	NC_030995.1	NC_072848.1
2293626	2303184	2663081	2672639	9559	9559	97.08	2896840	3277645	0.33	0.29	NC_030995.1	NC_072848.1
2303840	2362733	2672628	2731385	58894	58758	98.01	2896840	3277645	2.03	1.79	NC_030995.1	NC_072848.1
2362732	2376816	2731430	2745509	14085	14080	98.45	2896840	3277645	0.49	0.43	NC_030995.1	NC_072848.1
2378200	2422594	2745508	2789933	44395	44426	98.32	2896840	3277645	1.53	1.36	NC_030995.1	NC_072848.1
2436719	2472556	2789931	2825720	35838	35790	97.57	2896840	3277645	1.24	1.09	NC_030995.1	NC_072848.1
2472989	2486495	2829910	2843432	13507	13523	97.92	2896840	3277645	0.47	0.41	NC_030995.1	NC_072848.1
2493548	2506552	2845392	2858418	13005	13027	97.21	2896840	3277645	0.45	0.40	NC_030995.1	NC_072848.1
2506564	2514042	2868247	2875725	7479	7479	96.95	2896840	3277645	0.26	0.23	NC_030995.1	NC_072848.1
2516105	2534410	2877673	2895849	18306	18177	96.55	2896840	3277645	0.63	0.55	NC_030995.1	NC_072848.1
2534408	2546097	2895949	2907642	11690	11694	95.73	2896840	3277645	0.40	0.36	NC_030995.1	NC_072848.1
2551767	2551897	2770352	2770485	131	134	88.97	2896840	4523040	0.00	0.00	NC_030995.1	NC_072844.1
2557644	2562870	2910556	2915777	5227	5222	97.74	2896840	3277645	0.18	0.16	NC_030995.1	NC_072848.1
2562873	2571377	2916445	2924857	8505	8413	97.37	2896840	3277645	0.29	0.26	NC_030995.1	NC_072848.1
2572178	2590308	2925470	2943584	18131	18115	98.62	2896840	3277645	0.63	0.55	NC_030995.1	NC_072848.1
2590621	2609122	2943826	2962387	18502	18562	97.30	2896840	3277645	0.64	0.57	NC_030995.1	NC_072848.1
2609514	2634123	2962680	2987311	24610	24632	98.46	2896840	3277645	0.85	0.75	NC_030995.1	NC_072848.1
2634745	2645099	2990850	3001178	10355	10329	97.46	2896840	3277645	0.36	0.32	NC_030995.1	NC_072848.1
2647062	2652947	3001180	3007052	5886	5873	97.11	2896840	3277645	0.20	0.18	NC_030995.1	NC_072848.1
2653978	2662300	3008050	3016418	8323	8369	96.89	2896840	3277645	0.29	0.26	NC_030995.1	NC_072848.1
2662460	2679270	3016532	3033386	16811	16855	97.65	2896840	3277645	0.58	0.51	NC_030995.1	NC_072848.1
2679410	2684238	3033386	3038211	4829	4826	98.51	2896840	3277645	0.17	0.15	NC_030995.1	NC_072848.1
2686213	2695981	3040482	3050241	9769	9760	97.12	2896840	3277645	0.34	0.30	NC_030995.1	NC_072848.1
2696103	2697121	3050363	3051381	1019	1019	97.55	2896840	3277645	0.04	0.03	NC_030995.1	NC_072848.1
2697224	2698886	3051060	3052701	1663	1642	95.86	2896840	3277645	0.06	0.05	NC_030995.1	NC_072848.1
2698886	2702953	3053331	3057373	4068	4043	98.01	2896840	3277645	0.14	0.12	NC_030995.1	NC_072848.1
2705636	2706205	409249	409817	570	569	91.93	2896840	4300638	0.02	0.01	NC_030995.1	NC_072845.1
2706230	2718906	3057451	3070040	12677	12590	97.30	2896840	3277645	0.44	0.38	NC_030995.1	NC_072848.1
2723803	2724774	3070034	3071004	972	971	98.25	2896840	3277645	0.03	0.03	NC_030995.1	NC_072848.1
2725404	2731459	3071588	3077725	6056	6138	95.79	2896840	3277645	0.21	0.19	NC_030995.1	NC_072848.1
2732211	2733203	3078265	3079281	993	1017	94.20	2896840	3277645	0.03	0.03	NC_030995.1	NC_072848.1
2733252	2733449	3079476	3079279	198	198	94.44	2896840	3277645	0.01	0.01	NC_030995.1	NC_072848.1
2733697	2734983	3079766	3081028	1287	1263	95.65	2896840	3277645	0.04	0.04	NC_030995.1	NC_072848.1
2735330	2735560	3081323	3081553	231	231	98.70	2896840	3277645	0.01	0.01	NC_030995.1	NC_072848.1
2738974	2741160	3081554	3083664	2187	2111	93.61	2896840	3277645	0.08	0.06	NC_030995.1	NC_072848.1
2741158	2743351	4831978	4834167	2194	2190	88.52	2896840	6487135	0.08	0.03	NC_030995.1	NC_072840.1
2743348	2764663	3083663	3104967	21316	21305	96.60	2896840	3277645	0.74	0.65	NC_030995.1	NC_072848.1
2764962	2767769	3105154	3107975	2808	2822	94.59	2896840	3277645	0.10	0.09	NC_030995.1	NC_072848.1
2801062	2832835	3126720	3158476	31774	31757	98.61	2896840	3277645	1.10	0.97	NC_030995.1	NC_072848.1
2835485	2838978	3158476	3161963	3494	3488	97.34	2896840	3277645	0.12	0.11	NC_030995.1	NC_072848.1
2840272	2840953	3162458	3163136	682	679	98.83	2896840	3277645	0.02	0.02	NC_030995.1	NC_072848.1
2847035	2847652	77882	78499	618	618	79.68	2896840	3716460	0.02	0.02	NC_030995.1	NC_072847.1
2864882	2865087	5574308	5574104	206	205	87.50	2896840	5611497	0.01	0.00	NC_030995.1	NC_072841.1
2864914	2866197	301650	300372	1284	1279	86.15	2896840	2552985	0.04	0.05	NC_030995.1	NC_072851.1
2865103	2866203	185066	183972	1101	1095	82.62	2896840	3716460	0.04	0.03	NC_030995.1	NC_072847.1
2866211	2866381	1895122	1894951	171	172	93.02	2896840	2893631	0.01	0.01	NC_030995.1	NC_072849.1
2866228	2866493	6212417	6212155	266	263	90.26	2896840	6487135	0.01	0.00	NC_030995.1	NC_072840.1
2866489	2867169	2256483	2257157	681	675	89.80	2896840	3716460	0.02	0.02	NC_030995.1	NC_072847.1
2873470	2874558	87120	86031	1089	1090	87.71	2896840	3716460	0.04	0.03	NC_030995.1	NC_072847.1
2874560	2875048	3206937	3207425	489	489	91.00	2896840	3277645	0.02	0.01	NC_030995.1	NC_072848.1
2875472	2876070	3207424	3208024	599	601	88.85	2896840	3277645	0.02	0.02	NC_030995.1	NC_072848.1
2876070	2880723	3208451	3213102	4654	4652	96.39	2896840	3277645	0.16	0.14	NC_030995.1	NC_072848.1
2881405	2887708	3213114	3219415	6304	6302	99.21	2896840	3277645	0.22	0.19	NC_030995.1	NC_072848.1
2888333	2894017	3219403	3225067	5685	5665	98.47	2896840	3277645	0.20	0.17	NC_030995.1	NC_072848.1
2894018	2896837	3234709	3237532	2820	2824	98.65	2896840	3277645	0.10	0.09	NC_030995.1	NC_072848.1
1896	7610	2378832	2373074	5715	5759	97.19	2337134	2893631	0.24	0.20	NC_030996.1	NC_072849.1
7703	17004	2373073	2363776	9302	9298	97.63	2337134	2893631	0.40	0.32	NC_030996.1	NC_072849.1
18038	20094	2362866	2360797	2057	2070	97.73	2337134	2893631	0.09	0.07	NC_030996.1	NC_072849.1
20779	47804	2360052	2333040	27026	27013	98.22	2337134	2893631	1.16	0.93	NC_030996.1	NC_072849.1
48687	50941	2332157	2329902	2255	2256	95.52	2337134	2893631	0.10	0.08	NC_030996.1	NC_072849.1
52470	53630	2328433	2327276	1161	1158	82.43	2337134	2893631	0.05	0.04	NC_030996.1	NC_072849.1
55228	70142	2325701	2310782	14915	14920	96.48	2337134	2893631	0.64	0.52	NC_030996.1	NC_072849.1
70266	77348	2310665	2303580	7083	7086	98.11	2337134	2893631	0.30	0.24	NC_030996.1	NC_072849.1
78020	80594	2303587	2301012	2575	2576	97.87	2337134	2893631	0.11	0.09	NC_030996.1	NC_072849.1
86179	141840	2292437	2236802	55662	55636	97.51	2337134	2893631	2.38	1.92	NC_030996.1	NC_072849.1
141867	189558	2236831	2189158	47692	47674	98.01	2337134	2893631	2.04	1.65	NC_030996.1	NC_072849.1
189559	201272	2188987	2177271	11714	11717	98.64	2337134	2893631	0.50	0.40	NC_030996.1	NC_072849.1
201636	203979	2176950	2174599	2344	2352	97.03	2337134	2893631	0.10	0.08	NC_030996.1	NC_072849.1
204632	206440	2174039	2172224	1809	1816	97.91	2337134	2893631	0.08	0.06	NC_030996.1	NC_072849.1
206546	212358	2172227	2166379	5813	5849	95.69	2337134	2893631	0.25	0.20	NC_030996.1	NC_072849.1
212377	215320	2162099	2159155	2944	2945	98.00	2337134	2893631	0.13	0.10	NC_030996.1	NC_072849.1
215481	216101	2158983	2158362	621	622	92.44	2337134	2893631	0.03	0.02	NC_030996.1	NC_072849.1
216108	302652	2158148	2071647	86545	86502	97.91	2337134	2893631	3.70	2.99	NC_030996.1	NC_072849.1
303189	352034	2071206	2022374	48846	48833	97.93	2337134	2893631	2.09	1.69	NC_030996.1	NC_072849.1
352048	352901	2022523	2021688	854	836	83.76	2337134	2893631	0.04	0.03	NC_030996.1	NC_072849.1
353704	362742	2021690	2012660	9039	9031	97.54	2337134	2893631	0.39	0.31	NC_030996.1	NC_072849.1
362898	368265	2012668	2007311	5368	5358	97.97	2337134	2893631	0.23	0.19	NC_030996.1	NC_072849.1
373586	404735	2007315	1976130	31150	31186	98.38	2337134	2893631	1.33	1.08	NC_030996.1	NC_072849.1
405648	407058	1975349	1973939	1411	1411	99.57	2337134	2893631	0.06	0.05	NC_030996.1	NC_072849.1
409246	420412	1973940	1962786	11167	11155	98.82	2337134	2893631	0.48	0.39	NC_030996.1	NC_072849.1
421123	424937	1962784	1958996	3815	3789	97.98	2337134	2893631	0.16	0.13	NC_030996.1	NC_072849.1
425361	441633	1958669	1942483	16273	16187	98.43	2337134	2893631	0.70	0.56	NC_030996.1	NC_072849.1
442316	448223	1941914	1936008	5908	5907	98.98	2337134	2893631	0.25	0.20	NC_030996.1	NC_072849.1
448329	450356	1936933	1934906	2028	2028	99.16	2337134	2893631	0.09	0.07	NC_030996.1	NC_072849.1
451559	459555	1933692	1925707	7997	7986	97.39	2337134	2893631	0.34	0.28	NC_030996.1	NC_072849.1
460659	494946	1864511	1830222	34288	34290	98.85	2337134	2893631	1.47	1.19	NC_030996.1	NC_072849.1
495148	557837	1830023	1767337	62690	62687	98.61	2337134	2893631	2.68	2.17	NC_030996.1	NC_072849.1
557936	558129	1767345	1767143	194	203	93.10	2337134	2893631	0.01	0.01	NC_030996.1	NC_072849.1
558785	610480	1767156	1715467	51696	51690	97.59	2337134	2893631	2.21	1.79	NC_030996.1	NC_072849.1
611130	619935	1715483	1706688	8806	8796	97.29	2337134	2893631	0.38	0.30	NC_030996.1	NC_072849.1
620082	635984	1706565	1690668	15903	15898	97.40	2337134	2893631	0.68	0.55	NC_030996.1	NC_072849.1
636153	651558	1690667	1675253	15406	15415	98.56	2337134	2893631	0.66	0.53	NC_030996.1	NC_072849.1
651543	655067	1674972	1671443	3525	3530	99.09	2337134	2893631	0.15	0.12	NC_030996.1	NC_072849.1
655219	696513	1671267	1629995	41295	41273	98.57	2337134	2893631	1.77	1.43	NC_030996.1	NC_072849.1
696512	748118	1627707	1576174	51607	51534	98.04	2337134	2893631	2.21	1.78	NC_030996.1	NC_072849.1
748118	801112	1576015	1522969	52995	53047	98.62	2337134	2893631	2.27	1.83	NC_030996.1	NC_072849.1
802168	803563	1522521	1521121	1396	1401	96.16	2337134	2893631	0.06	0.05	NC_030996.1	NC_072849.1
803622	803845	1521174	1520947	224	228	94.74	2337134	2893631	0.01	0.01	NC_030996.1	NC_072849.1
804011	805052	1520946	1519950	1042	997	92.85	2337134	2893631	0.04	0.03	NC_030996.1	NC_072849.1
805636	806844	1519955	1518774	1209	1182	94.19	2337134	2893631	0.05	0.04	NC_030996.1	NC_072849.1
806845	842465	1518669	1482974	35621	35696	97.72	2337134	2893631	1.52	1.23	NC_030996.1	NC_072849.1
842459	853390	1482806	1471889	10932	10918	99.19	2337134	2893631	0.47	0.38	NC_030996.1	NC_072849.1
853525	867018	1471883	1458391	13494	13493	98.79	2337134	2893631	0.58	0.47	NC_030996.1	NC_072849.1
869959	926391	1458399	1402008	56433	56392	98.56	2337134	2893631	2.41	1.95	NC_030996.1	NC_072849.1
926392	929052	1052589	1055243	2661	2655	94.89	2337134	4259108	0.11	0.06	NC_030996.1	NC_072846.1
929123	929423	2963324	2963627	301	304	90.79	2337134	4259108	0.01	0.01	NC_030996.1	NC_072846.1
929423	936193	1402015	1395251	6771	6765	98.30	2337134	2893631	0.29	0.23	NC_030996.1	NC_072849.1
936952	944698	1395259	1387514	7747	7746	98.64	2337134	2893631	0.33	0.27	NC_030996.1	NC_072849.1
944675	950626	1386027	1380087	5952	5941	98.35	2337134	2893631	0.25	0.21	NC_030996.1	NC_072849.1
950978	960230	1379867	1370622	9253	9246	98.94	2337134	2893631	0.40	0.32	NC_030996.1	NC_072849.1
960986	976750	1370633	1354889	15765	15745	98.37	2337134	2893631	0.67	0.54	NC_030996.1	NC_072849.1
976745	1026793	1354754	1304747	50049	50008	98.62	2337134	2893631	2.14	1.73	NC_030996.1	NC_072849.1
1028652	1034704	1304748	1298671	6053	6078	98.22	2337134	2893631	0.26	0.21	NC_030996.1	NC_072849.1
1035327	1038618	1297869	1294578	3292	3292	98.72	2337134	2893631	0.14	0.11	NC_030996.1	NC_072849.1
1038767	1049021	1294578	1284339	10255	10240	98.40	2337134	2893631	0.44	0.35	NC_030996.1	NC_072849.1
1049680	1095969	1284351	1238099	46290	46253	98.55	2337134	2893631	1.98	1.60	NC_030996.1	NC_072849.1
1096113	1120022	1238002	1214078	23910	23925	98.79	2337134	2893631	1.02	0.83	NC_030996.1	NC_072849.1
1120501	1193651	1214083	1141070	73151	73014	98.37	2337134	2893631	3.13	2.52	NC_030996.1	NC_072849.1
1193782	1205021	1140934	1129691	11240	11244	99.04	2337134	2893631	0.48	0.39	NC_030996.1	NC_072849.1
1205620	1243027	1129689	1092284	37408	37406	98.76	2337134	2893631	1.60	1.29	NC_030996.1	NC_072849.1
1243196	1260585	1092284	1074861	17390	17424	97.96	2337134	2893631	0.74	0.60	NC_030996.1	NC_072849.1
1260583	1260745	1074701	1074863	163	163	96.93	2337134	2893631	0.01	0.01	NC_030996.1	NC_072849.1
1260743	1276642	1074703	1058810	15900	15894	98.19	2337134	2893631	0.68	0.55	NC_030996.1	NC_072849.1
1276643	1295678	1057064	1038076	19036	18989	97.23	2337134	2893631	0.81	0.66	NC_030996.1	NC_072849.1
1299341	1340547	1038075	996868	41207	41208	98.17	2337134	2893631	1.76	1.42	NC_030996.1	NC_072849.1
1343832	1352488	996495	987842	8657	8654	98.93	2337134	2893631	0.37	0.30	NC_030996.1	NC_072849.1
1353248	1383423	987849	957687	30176	30163	98.37	2337134	2893631	1.29	1.04	NC_030996.1	NC_072849.1
1386586	1404606	957474	939460	18021	18015	97.26	2337134	2893631	0.77	0.62	NC_030996.1	NC_072849.1
1404851	1451205	939235	892973	46355	46263	98.50	2337134	2893631	1.98	1.60	NC_030996.1	NC_072849.1
1451204	1452478	891615	892974	1275	1360	91.69	2337134	2893631	0.05	0.05	NC_030996.1	NC_072849.1
1452477	1465003	891616	879112	12527	12505	97.59	2337134	2893631	0.54	0.43	NC_030996.1	NC_072849.1
1465612	1470005	878728	874337	4394	4392	97.75	2337134	2893631	0.19	0.15	NC_030996.1	NC_072849.1
1473277	1490437	874336	857181	17161	17156	98.85	2337134	2893631	0.73	0.59	NC_030996.1	NC_072849.1
1491155	1535247	857160	813060	44093	44101	98.46	2337134	2893631	1.89	1.52	NC_030996.1	NC_072849.1
1535581	1611425	812738	736925	75845	75814	98.29	2337134	2893631	3.25	2.62	NC_030996.1	NC_072849.1
1614186	1615614	736878	735459	1429	1420	96.08	2337134	2893631	0.06	0.05	NC_030996.1	NC_072849.1
1617153	1618131	733662	732682	979	981	86.86	2337134	2893631	0.04	0.03	NC_030996.1	NC_072849.1
1618265	1621254	732548	729559	2990	2990	95.66	2337134	2893631	0.13	0.10	NC_030996.1	NC_072849.1
1621908	1641213	729573	710261	19306	19313	98.04	2337134	2893631	0.83	0.67	NC_030996.1	NC_072849.1
1642260	1654925	710272	697583	12666	12690	97.86	2337134	2893631	0.54	0.44	NC_030996.1	NC_072849.1
1654924	1657779	695536	692681	2856	2856	98.39	2337134	2893631	0.12	0.10	NC_030996.1	NC_072849.1
1658427	1660937	692695	690160	2511	2536	97.01	2337134	2893631	0.11	0.09	NC_030996.1	NC_072849.1
1662002	1663372	1980682	1982057	1371	1376	95.79	2337134	4259108	0.06	0.03	NC_030996.1	NC_072846.1
1663314	1663645	4136447	4136775	332	329	91.87	2337134	4259108	0.01	0.01	NC_030996.1	NC_072846.1
1664029	1673575	690168	680624	9547	9545	99.21	2337134	2893631	0.41	0.33	NC_030996.1	NC_072849.1
1673738	1702710	680467	651529	28973	28939	98.11	2337134	2893631	1.24	1.00	NC_030996.1	NC_072849.1
1703182	1734223	651058	620005	31042	31054	96.80	2337134	2893631	1.33	1.07	NC_030996.1	NC_072849.1
1734224	1734394	619910	619740	171	171	94.74	2337134	2893631	0.01	0.01	NC_030996.1	NC_072849.1
1734556	1771509	618038	581052	36954	36987	98.16	2337134	2893631	1.58	1.28	NC_030996.1	NC_072849.1
1771503	1776543	580868	575829	5041	5040	98.37	2337134	2893631	0.22	0.17	NC_030996.1	NC_072849.1
1776540	1776753	575619	575832	214	214	93.46	2337134	2893631	0.01	0.01	NC_030996.1	NC_072849.1
1776750	1847790	575622	504614	71041	71009	98.16	2337134	2893631	3.04	2.45	NC_030996.1	NC_072849.1
1850929	1860279	504611	495255	9351	9357	97.31	2337134	2893631	0.40	0.32	NC_030996.1	NC_072849.1
1860258	1865416	495492	490303	5159	5190	96.75	2337134	2893631	0.22	0.18	NC_030996.1	NC_072849.1
1866068	1876027	490317	480364	9960	9954	97.93	2337134	2893631	0.43	0.34	NC_030996.1	NC_072849.1
1876208	1878139	480369	478441	1932	1929	97.52	2337134	2893631	0.08	0.07	NC_030996.1	NC_072849.1
1879631	1880831	87523	88722	1201	1200	91.34	2337134	3716460	0.05	0.03	NC_030996.1	NC_072847.1
1880830	1881288	2648800	2648344	459	457	86.06	2337134	2893631	0.02	0.02	NC_030996.1	NC_072849.1
1880992	1881846	4978197	4977343	855	855	87.38	2337134	5151772	0.04	0.02	NC_030996.1	NC_072842.1
1899301	1900041	2356087	2355348	741	740	93.40	2337134	2853886	0.03	0.03	NC_030996.1	NC_072850.1
1900245	1913490	478454	465238	13246	13217	98.52	2337134	2893631	0.57	0.46	NC_030996.1	NC_072849.1
1914362	1918133	465237	461501	3772	3737	97.83	2337134	2893631	0.16	0.13	NC_030996.1	NC_072849.1
1918131	1918325	461367	461173	195	195	95.90	2337134	2893631	0.01	0.01	NC_030996.1	NC_072849.1
1918317	1919592	453026	451753	1276	1274	97.65	2337134	2893631	0.05	0.04	NC_030996.1	NC_072849.1
1920244	1952476	451765	419600	32233	32166	97.22	2337134	2893631	1.38	1.11	NC_030996.1	NC_072849.1
1952594	1953483	419491	418604	890	888	83.46	2337134	2893631	0.04	0.03	NC_030996.1	NC_072849.1
1956229	1957049	415899	415073	821	827	82.79	2337134	2893631	0.04	0.03	NC_030996.1	NC_072849.1
1957484	2008800	414880	363619	51317	51262	97.39	2337134	2893631	2.20	1.77	NC_030996.1	NC_072849.1
2009454	2020704	363632	352371	11251	11262	98.33	2337134	2893631	0.48	0.39	NC_030996.1	NC_072849.1
2021567	2024055	352370	349881	2489	2490	95.90	2337134	2893631	0.11	0.09	NC_030996.1	NC_072849.1
2024051	2024503	349765	349312	453	454	96.70	2337134	2893631	0.02	0.02	NC_030996.1	NC_072849.1
2025161	2048853	349323	325681	23693	23643	97.09	2337134	2893631	1.01	0.82	NC_030996.1	NC_072849.1
2051084	2055566	323414	318936	4483	4479	98.04	2337134	2893631	0.19	0.15	NC_030996.1	NC_072849.1
2057010	2066504	318937	309435	9495	9503	97.80	2337134	2893631	0.41	0.33	NC_030996.1	NC_072849.1
2067262	2071464	309444	305237	4203	4208	93.30	2337134	2893631	0.18	0.15	NC_030996.1	NC_072849.1
2071619	2076868	305071	299804	5250	5268	95.53	2337134	2893631	0.22	0.18	NC_030996.1	NC_072849.1
2076889	2100612	298924	275203	23724	23722	97.48	2337134	2893631	1.02	0.82	NC_030996.1	NC_072849.1
2101569	2111866	272833	262544	10298	10290	97.55	2337134	2893631	0.44	0.36	NC_030996.1	NC_072849.1
2112595	2113324	257647	256918	730	730	83.86	2337134	2893631	0.03	0.03	NC_030996.1	NC_072849.1
2118432	2131700	253343	240075	13269	13269	97.48	2337134	2893631	0.57	0.46	NC_030996.1	NC_072849.1
2131632	2133534	239999	238097	1903	1903	98.79	2337134	2893631	0.08	0.07	NC_030996.1	NC_072849.1
2133642	2135024	237988	236605	1383	1384	92.42	2337134	2893631	0.06	0.05	NC_030996.1	NC_072849.1
2135329	2135430	881767	881868	102	102	96.08	2337134	6487135	0.00	0.00	NC_030996.1	NC_072840.1
2136110	2154148	235762	217720	18039	18043	97.10	2337134	2893631	0.77	0.62	NC_030996.1	NC_072849.1
2154148	2155279	212208	211093	1132	1116	93.93	2337134	2893631	0.05	0.04	NC_030996.1	NC_072849.1
2155278	2155650	207472	207098	373	375	96.00	2337134	2893631	0.02	0.01	NC_030996.1	NC_072849.1
2155760	2162040	207097	200812	6281	6286	98.11	2337134	2893631	0.27	0.22	NC_030996.1	NC_072849.1
2162778	2164485	200225	198517	1708	1709	93.93	2337134	2893631	0.07	0.06	NC_030996.1	NC_072849.1
2166461	2168567	198522	196415	2107	2108	95.84	2337134	2893631	0.09	0.07	NC_030996.1	NC_072849.1
2168566	2174464	196208	190296	5899	5913	97.55	2337134	2893631	0.25	0.20	NC_030996.1	NC_072849.1
2175553	2184155	190299	181730	8603	8570	96.14	2337134	2893631	0.37	0.30	NC_030996.1	NC_072849.1
2184227	2188572	181764	177419	4346	4346	97.01	2337134	2893631	0.19	0.15	NC_030996.1	NC_072849.1
2191398	2193755	177470	175116	2358	2355	93.47	2337134	2893631	0.10	0.08	NC_030996.1	NC_072849.1
2201010	2205490	175120	170658	4481	4463	94.07	2337134	2893631	0.19	0.15	NC_030996.1	NC_072849.1
2205491	2218709	159995	146778	13219	13218	96.87	2337134	2893631	0.57	0.46	NC_030996.1	NC_072849.1
2218829	2234430	146663	131072	15602	15592	98.27	2337134	2893631	0.67	0.54	NC_030996.1	NC_072849.1
2234426	2234582	1218718	1218874	157	157	98.73	2337134	4259108	0.01	0.00	NC_030996.1	NC_072846.1
2239979	2257735	131077	113297	17757	17781	98.36	2337134	2893631	0.76	0.61	NC_030996.1	NC_072849.1
2258049	2264373	114304	107953	6325	6352	97.48	2337134	2893631	0.27	0.22	NC_030996.1	NC_072849.1
2265026	2272480	107966	100511	7455	7456	96.40	2337134	2893631	0.32	0.26	NC_030996.1	NC_072849.1
2278866	2279974	97346	96249	1109	1098	94.68	2337134	2893631	0.05	0.04	NC_030996.1	NC_072849.1
2280449	2288650	95708	87527	8202	8182	96.28	2337134	2893631	0.35	0.28	NC_030996.1	NC_072849.1
2288649	2288988	85665	85343	340	323	92.94	2337134	2893631	0.01	0.01	NC_030996.1	NC_072849.1
2291755	2299030	83482	76199	7276	7284	97.93	2337134	2893631	0.31	0.25	NC_030996.1	NC_072849.1
2299026	2308576	73675	64108	9551	9568	95.08	2337134	2893631	0.41	0.33	NC_030996.1	NC_072849.1
2308576	2317785	63976	54775	9210	9202	98.35	2337134	2893631	0.39	0.32	NC_030996.1	NC_072849.1
2317887	2331545	54667	41028	13659	13640	97.75	2337134	2893631	0.58	0.47	NC_030996.1	NC_072849.1
2332066	2334672	40940	38352	2607	2589	94.37	2337134	2893631	0.11	0.09	NC_030996.1	NC_072849.1
451	778	256770	256443	328	328	87.01	2233407	4523040	0.01	0.01	NC_030997.1	NC_072844.1
4504	31797	490783	518073	27294	27291	97.30	2233407	2853886	1.22	0.96	NC_030997.1	NC_072850.1
31797	38302	518185	524684	6506	6500	97.20	2233407	2853886	0.29	0.23	NC_030997.1	NC_072850.1
41067	42072	527550	528556	1006	1007	96.23	2233407	2853886	0.05	0.04	NC_030997.1	NC_072850.1
42302	46573	528925	533189	4272	4265	93.98	2233407	2853886	0.19	0.15	NC_030997.1	NC_072850.1
46573	47144	533288	533852	572	565	87.98	2233407	2853886	0.03	0.02	NC_030997.1	NC_072850.1
53092	61498	536885	545249	8407	8365	93.25	2233407	2853886	0.38	0.29	NC_030997.1	NC_072850.1
61625	66354	545586	550288	4730	4703	95.78	2233407	2853886	0.21	0.16	NC_030997.1	NC_072850.1
66354	80806	550446	564898	14453	14453	97.78	2233407	2853886	0.65	0.51	NC_030997.1	NC_072850.1
82256	83231	565045	566018	976	974	91.29	2233407	2853886	0.04	0.03	NC_030997.1	NC_072850.1
83381	83547	566147	566312	167	166	93.45	2233407	2853886	0.01	0.01	NC_030997.1	NC_072850.1
83867	125882	566651	608695	42016	42045	98.24	2233407	2853886	1.88	1.47	NC_030997.1	NC_072850.1
126136	154763	608736	637355	28628	28620	97.16	2233407	2853886	1.28	1.00	NC_030997.1	NC_072850.1
156914	159822	640229	643137	2909	2909	97.73	2233407	2853886	0.13	0.10	NC_030997.1	NC_072850.1
159831	171682	644548	656401	11852	11854	98.12	2233407	2853886	0.53	0.42	NC_030997.1	NC_072850.1
172241	184952	656400	669091	12712	12692	97.68	2233407	2853886	0.57	0.44	NC_030997.1	NC_072850.1
185400	188516	669544	672654	3117	3111	96.79	2233407	2853886	0.14	0.11	NC_030997.1	NC_072850.1
188785	195997	672785	679985	7213	7201	97.19	2233407	2853886	0.32	0.25	NC_030997.1	NC_072850.1
199905	204359	680900	685358	4455	4459	92.68	2233407	2853886	0.20	0.16	NC_030997.1	NC_072850.1
208889	222535	686040	699574	13647	13535	96.47	2233407	2853886	0.61	0.47	NC_030997.1	NC_072850.1
222991	227328	699946	704278	4338	4333	95.09	2233407	2853886	0.19	0.15	NC_030997.1	NC_072850.1
228504	229669	705642	706806	1166	1165	84.06	2233407	2853886	0.05	0.04	NC_030997.1	NC_072850.1
229996	231665	707144	708798	1670	1655	91.57	2233407	2853886	0.07	0.06	NC_030997.1	NC_072850.1
232280	233123	708795	709638	844	844	93.61	2233407	2853886	0.04	0.03	NC_030997.1	NC_072850.1
233291	271656	709640	747972	38366	38333	97.70	2233407	2853886	1.72	1.34	NC_030997.1	NC_072850.1
271858	276908	748147	753193	5051	5047	98.24	2233407	2853886	0.23	0.18	NC_030997.1	NC_072850.1
276902	280556	753830	757485	3655	3656	98.25	2233407	2853886	0.16	0.13	NC_030997.1	NC_072850.1
280771	295736	757481	772442	14966	14962	96.39	2233407	2853886	0.67	0.52	NC_030997.1	NC_072850.1
295738	297897	772544	774695	2160	2152	95.66	2233407	2853886	0.10	0.08	NC_030997.1	NC_072850.1
303343	309498	775262	781383	6156	6122	95.10	2233407	2853886	0.28	0.21	NC_030997.1	NC_072850.1
309701	317197	781414	788898	7497	7485	96.23	2233407	2853886	0.34	0.26	NC_030997.1	NC_072850.1
317855	328600	788886	799654	10746	10769	96.36	2233407	2853886	0.48	0.38	NC_030997.1	NC_072850.1
328751	335291	799687	806227	6541	6541	98.72	2233407	2853886	0.29	0.23	NC_030997.1	NC_072850.1
335279	336004	806668	807397	726	730	97.67	2233407	2853886	0.03	0.03	NC_030997.1	NC_072850.1
336002	423975	807432	895368	87974	87937	98.34	2233407	2853886	3.94	3.08	NC_030997.1	NC_072850.1
424219	435853	895592	907201	11635	11610	98.42	2233407	2853886	0.52	0.41	NC_030997.1	NC_072850.1
436139	481985	907515	953343	45847	45829	98.62	2233407	2853886	2.05	1.61	NC_030997.1	NC_072850.1
482447	482586	806227	806366	140	140	96.43	2233407	2853886	0.01	0.00	NC_030997.1	NC_072850.1
483103	483406	806370	806669	304	300	95.39	2233407	2853886	0.01	0.01	NC_030997.1	NC_072850.1
484091	564332	953343	1033624	80242	80282	98.37	2233407	2853886	3.59	2.81	NC_030997.1	NC_072850.1
564468	572487	1033748	1041768	8020	8021	98.75	2233407	2853886	0.36	0.28	NC_030997.1	NC_072850.1
574128	601885	1041764	1069478	27758	27715	98.80	2233407	2853886	1.24	0.97	NC_030997.1	NC_072850.1
602075	643820	1069472	1111269	41746	41798	98.24	2233407	2853886	1.87	1.46	NC_030997.1	NC_072850.1
644580	648214	1111262	1114904	3635	3643	96.65	2233407	2853886	0.16	0.13	NC_030997.1	NC_072850.1
648628	686143	1115209	1152679	37516	37471	98.30	2233407	2853886	1.68	1.31	NC_030997.1	NC_072850.1
686205	694515	1152673	1160987	8311	8315	98.23	2233407	2853886	0.37	0.29	NC_030997.1	NC_072850.1
694673	700146	1161135	1166610	5474	5476	97.74	2233407	2853886	0.25	0.19	NC_030997.1	NC_072850.1
700173	700973	1166781	1167592	801	812	84.89	2233407	2853886	0.04	0.03	NC_030997.1	NC_072850.1
701905	744028	1169769	1211877	42124	42109	97.32	2233407	2853886	1.89	1.48	NC_030997.1	NC_072850.1
744029	753851	1213370	1223181	9823	9812	96.57	2233407	2853886	0.44	0.34	NC_030997.1	NC_072850.1
754811	763821	1224780	1233787	9011	9008	97.13	2233407	2853886	0.40	0.32	NC_030997.1	NC_072850.1
763821	764368	1234143	1234685	548	543	95.07	2233407	2853886	0.02	0.02	NC_030997.1	NC_072850.1
764368	778429	1235313	1249357	14062	14045	97.79	2233407	2853886	0.63	0.49	NC_030997.1	NC_072850.1
778435	779426	524612	525568	992	957	94.56	2233407	4259108	0.04	0.02	NC_030997.1	NC_072846.1
779709	789168	1249341	1258803	9460	9463	99.03	2233407	2853886	0.42	0.33	NC_030997.1	NC_072850.1
789819	793711	1258791	1262689	3893	3899	98.51	2233407	2853886	0.17	0.14	NC_030997.1	NC_072850.1
793711	839678	1262824	1308784	45968	45961	97.60	2233407	2853886	2.06	1.61	NC_030997.1	NC_072850.1
840435	842339	1312150	1310201	1905	1950	89.50	2233407	2853886	0.09	0.07	NC_030997.1	NC_072850.1
842547	843632	1310131	1309047	1086	1085	91.99	2233407	2853886	0.05	0.04	NC_030997.1	NC_072850.1
844384	920694	1313472	1389832	76311	76361	97.69	2233407	2853886	3.42	2.68	NC_030997.1	NC_072850.1
920685	933346	1390192	1402851	12662	12660	98.33	2233407	2853886	0.57	0.44	NC_030997.1	NC_072850.1
936287	964498	1402843	1431126	28212	28284	98.46	2233407	2853886	1.26	0.99	NC_030997.1	NC_072850.1
964665	973576	1431126	1440036	8912	8911	97.23	2233407	2853886	0.40	0.31	NC_030997.1	NC_072850.1
975125	984187	1440898	1449945	9063	9048	96.66	2233407	2853886	0.41	0.32	NC_030997.1	NC_072850.1
984687	999831	1450394	1465527	15145	15134	97.85	2233407	2853886	0.68	0.53	NC_030997.1	NC_072850.1
1000012	1005761	1465703	1471452	5750	5750	99.10	2233407	2853886	0.26	0.20	NC_030997.1	NC_072850.1
1006414	1063238	1471438	1528232	56825	56795	98.57	2233407	2853886	2.54	1.99	NC_030997.1	NC_072850.1
1063239	1063389	4301528	4301378	151	151	91.39	2233407	4523040	0.01	0.00	NC_030997.1	NC_072844.1
1064071	1064991	1901372	1902300	921	929	81.97	2233407	2893631	0.04	0.03	NC_030997.1	NC_072849.1
1071126	1071507	3618046	3617663	382	384	91.19	2233407	4259108	0.02	0.01	NC_030997.1	NC_072846.1
1072208	1074191	1528219	1530202	1984	1984	98.08	2233407	2853886	0.09	0.07	NC_030997.1	NC_072850.1
1074191	1077682	1531433	1534922	3492	3490	97.65	2233407	2853886	0.16	0.12	NC_030997.1	NC_072850.1
1078076	1100112	1534962	1556966	22037	22005	98.00	2233407	2853886	0.99	0.77	NC_030997.1	NC_072850.1
1102462	1121396	1559570	1578508	18935	18939	98.13	2233407	2853886	0.85	0.66	NC_030997.1	NC_072850.1
1122155	1154891	1578500	1611198	32737	32699	98.57	2233407	2853886	1.47	1.15	NC_030997.1	NC_072850.1
1155544	1158605	1611183	1614158	3062	2976	89.37	2233407	2853886	0.14	0.10	NC_030997.1	NC_072850.1
1158786	1159143	1614083	1614439	358	357	91.11	2233407	2853886	0.02	0.01	NC_030997.1	NC_072850.1
1159054	1160185	1614539	1615757	1132	1219	88.19	2233407	2853886	0.05	0.04	NC_030997.1	NC_072850.1
1159881	1161534	1615708	1617360	1654	1653	96.86	2233407	2853886	0.07	0.06	NC_030997.1	NC_072850.1
1162714	1188764	1618482	1644545	26051	26064	98.57	2233407	2853886	1.17	0.91	NC_030997.1	NC_072850.1
1191009	1200978	1644544	1654520	9970	9977	98.43	2233407	2853886	0.45	0.35	NC_030997.1	NC_072850.1
1201145	1206265	1654520	1659619	5121	5100	98.26	2233407	2853886	0.23	0.18	NC_030997.1	NC_072850.1
1206263	1222367	1660137	1676225	16105	16089	97.03	2233407	2853886	0.72	0.56	NC_030997.1	NC_072850.1
1223401	1225324	1677206	1679130	1924	1925	98.65	2233407	2853886	0.09	0.07	NC_030997.1	NC_072850.1
1225434	1283385	1679230	1737185	57952	57956	98.51	2233407	2853886	2.59	2.03	NC_030997.1	NC_072850.1
1283386	1292150	1737519	1746282	8765	8764	98.96	2233407	2853886	0.39	0.31	NC_030997.1	NC_072850.1
1292417	1295355	1746419	1749357	2939	2939	98.84	2233407	2853886	0.13	0.10	NC_030997.1	NC_072850.1
1296356	1307151	1783087	1793878	10796	10792	98.97	2233407	2853886	0.48	0.38	NC_030997.1	NC_072850.1
1307283	1307855	1794006	1794578	573	573	98.60	2233407	2853886	0.03	0.02	NC_030997.1	NC_072850.1
1308336	1317838	1794574	1804040	9503	9467	98.41	2233407	2853886	0.43	0.33	NC_030997.1	NC_072850.1
1318675	1322775	1804041	1808155	4101	4115	98.30	2233407	2853886	0.18	0.14	NC_030997.1	NC_072850.1
1322983	1334919	1808352	1820345	11937	11994	97.67	2233407	2853886	0.53	0.42	NC_030997.1	NC_072850.1
1336476	1336813	1820539	1820876	338	338	97.34	2233407	2853886	0.02	0.01	NC_030997.1	NC_072850.1
1336814	1354132	1821429	1838716	17319	17288	97.84	2233407	2853886	0.78	0.61	NC_030997.1	NC_072850.1
1356386	1356937	1838756	1839305	552	550	83.24	2233407	2853886	0.02	0.02	NC_030997.1	NC_072850.1
1359284	1369508	1842009	1852262	10225	10254	95.72	2233407	2853886	0.46	0.36	NC_030997.1	NC_072850.1
1371544	1392558	1853958	1874903	21015	20946	96.72	2233407	2853886	0.94	0.73	NC_030997.1	NC_072850.1
1392551	1398040	1875110	1880601	5490	5492	98.65	2233407	2853886	0.25	0.19	NC_030997.1	NC_072850.1
1398921	1403274	1880600	1884945	4354	4346	97.20	2233407	2853886	0.19	0.15	NC_030997.1	NC_072850.1
1403406	1421550	1885077	1903243	18145	18167	96.13	2233407	2853886	0.81	0.64	NC_030997.1	NC_072850.1
1421761	1421829	2281492	2281424	69	69	100.00	2233407	2853886	0.00	0.00	NC_030997.1	NC_072850.1
1421764	1421883	490509	490628	120	120	98.33	2233407	2853886	0.01	0.00	NC_030997.1	NC_072850.1
1424844	1445702	1918596	1939436	20859	20841	96.37	2233407	2853886	0.93	0.73	NC_030997.1	NC_072850.1
1448588	1455276	1939427	1946113	6689	6687	97.58	2233407	2853886	0.30	0.23	NC_030997.1	NC_072850.1
1455277	1455522	2760724	2760969	246	246	93.90	2233407	2893631	0.01	0.01	NC_030997.1	NC_072849.1
1455528	1455684	1526907	1527062	157	156	92.50	2233407	3277645	0.01	0.00	NC_030997.1	NC_072848.1
1455701	1462295	1946100	1952685	6595	6586	96.85	2233407	2853886	0.30	0.23	NC_030997.1	NC_072850.1
1462452	1466504	1952685	1956737	4053	4053	97.31	2233407	2853886	0.18	0.14	NC_030997.1	NC_072850.1
1466549	1469782	1957004	1960230	3234	3227	98.05	2233407	2853886	0.14	0.11	NC_030997.1	NC_072850.1
1469874	1475191	1960231	1965543	5318	5313	98.37	2233407	2853886	0.24	0.19	NC_030997.1	NC_072850.1
1475347	1505273	1965550	1995457	29927	29908	98.35	2233407	2853886	1.34	1.05	NC_030997.1	NC_072850.1
1505273	1542557	1995634	2032847	37285	37214	97.92	2233407	2853886	1.67	1.30	NC_030997.1	NC_072850.1
1542548	1549722	2033309	2040374	7175	7066	94.60	2233407	2853886	0.32	0.25	NC_030997.1	NC_072850.1
1549721	1565495	2040783	2056556	15775	15774	98.34	2233407	2853886	0.71	0.55	NC_030997.1	NC_072850.1
1565743	1573858	2056720	2064813	8116	8094	98.13	2233407	2853886	0.36	0.28	NC_030997.1	NC_072850.1
1574047	1593043	2064923	2083918	18997	18996	98.57	2233407	2853886	0.85	0.67	NC_030997.1	NC_072850.1
1593219	1600257	2083958	2090996	7039	7039	97.63	2233407	2853886	0.32	0.25	NC_030997.1	NC_072850.1
1601876	1605863	2096169	2100156	3988	3988	98.70	2233407	2853886	0.18	0.14	NC_030997.1	NC_072850.1
1611080	1629013	2100161	2118072	17934	17912	97.28	2233407	2853886	0.80	0.63	NC_030997.1	NC_072850.1
1629610	1640145	2118064	2128680	10536	10617	97.01	2233407	2853886	0.47	0.37	NC_030997.1	NC_072850.1
1640145	1651597	2129027	2140470	11453	11444	98.41	2233407	2853886	0.51	0.40	NC_030997.1	NC_072850.1
1651753	1664604	2140607	2153444	12852	12838	97.10	2233407	2853886	0.58	0.45	NC_030997.1	NC_072850.1
1664874	1666440	2162441	2163997	1567	1557	94.96	2233407	2853886	0.07	0.05	NC_030997.1	NC_072850.1
1666783	1675209	2163991	2172415	8427	8425	96.02	2233407	2853886	0.38	0.30	NC_030997.1	NC_072850.1
1675306	1686579	2172416	2183730	11274	11315	95.96	2233407	2853886	0.50	0.40	NC_030997.1	NC_072850.1
1686737	1687449	2183731	2184444	713	714	97.20	2233407	2853886	0.03	0.03	NC_030997.1	NC_072850.1
1687625	1708572	2184443	2205316	20948	20874	97.93	2233407	2853886	0.94	0.73	NC_030997.1	NC_072850.1
1708954	1712975	2205316	2209334	4022	4019	96.64	2233407	2853886	0.18	0.14	NC_030997.1	NC_072850.1
1713318	1722079	2209321	2218072	8762	8752	95.85	2233407	2853886	0.39	0.31	NC_030997.1	NC_072850.1
1722185	1729737	2218072	2225614	7553	7543	96.36	2233407	2853886	0.34	0.26	NC_030997.1	NC_072850.1
1734943	1738617	2226155	2229837	3675	3683	89.60	2233407	2853886	0.16	0.13	NC_030997.1	NC_072850.1
1739926	1744669	2229823	2234571	4744	4749	96.93	2233407	2853886	0.21	0.17	NC_030997.1	NC_072850.1
1744790	1769620	2234600	2259431	24831	24832	97.24	2233407	2853886	1.11	0.87	NC_030997.1	NC_072850.1
1772543	1776875	20411	24740	4333	4330	90.38	2233407	6487135	0.19	0.07	NC_030997.1	NC_072840.1
1776984	1777259	2268182	2268458	276	277	93.88	2233407	2853886	0.01	0.01	NC_030997.1	NC_072850.1
1777246	1781581	2268675	2273001	4336	4327	95.37	2233407	2853886	0.19	0.15	NC_030997.1	NC_072850.1
1790269	1792147	2273530	2275421	1879	1892	88.88	2233407	2853886	0.08	0.07	NC_030997.1	NC_072850.1
1792412	1793419	2275417	2276425	1008	1009	86.04	2233407	2853886	0.05	0.04	NC_030997.1	NC_072850.1
1794832	1795244	2282082	2282494	413	413	87.47	2233407	2853886	0.02	0.01	NC_030997.1	NC_072850.1
1796494	1810050	2289942	2303510	13557	13569	97.13	2233407	2853886	0.61	0.48	NC_030997.1	NC_072850.1
1810680	1817781	2303949	2310968	7102	7020	95.79	2233407	2853886	0.32	0.25	NC_030997.1	NC_072850.1
1817776	1833433	2325291	2340927	15658	15637	97.01	2233407	2853886	0.70	0.55	NC_030997.1	NC_072850.1
1834187	1847443	2340914	2354112	13257	13199	96.15	2233407	2853886	0.59	0.46	NC_030997.1	NC_072850.1
1847607	1848831	2362728	2363939	1225	1212	88.35	2233407	2853886	0.05	0.04	NC_030997.1	NC_072850.1
1849094	1849602	2363932	2364441	509	510	87.67	2233407	2853886	0.02	0.02	NC_030997.1	NC_072850.1
1850326	1854903	2365188	2369720	4578	4533	88.90	2233407	2853886	0.20	0.16	NC_030997.1	NC_072850.1
1856012	1856728	2370946	2371662	717	717	95.96	2233407	2853886	0.03	0.03	NC_030997.1	NC_072850.1
1857238	1859486	2371819	2374063	2249	2245	95.60	2233407	2853886	0.10	0.08	NC_030997.1	NC_072850.1
1859847	1861809	2374486	2376448	1963	1963	95.57	2233407	2853886	0.09	0.07	NC_030997.1	NC_072850.1
1861810	1865984	2380560	2384751	4175	4192	94.74	2233407	2853886	0.19	0.15	NC_030997.1	NC_072850.1
1866299	1867727	2384746	2386194	1429	1449	90.09	2233407	2853886	0.06	0.05	NC_030997.1	NC_072850.1
1870701	1875014	2390326	2394613	4314	4288	97.17	2233407	2853886	0.19	0.15	NC_030997.1	NC_072850.1
1875364	1884730	2394700	2404049	9367	9350	96.16	2233407	2853886	0.42	0.33	NC_030997.1	NC_072850.1
1885119	1888777	2404318	2407980	3659	3663	95.89	2233407	2853886	0.16	0.13	NC_030997.1	NC_072850.1
1889232	1890847	2408462	2410075	1616	1614	86.11	2233407	2853886	0.07	0.06	NC_030997.1	NC_072850.1
1898442	1898894	2411014	2411456	453	443	84.65	2233407	2853886	0.02	0.02	NC_030997.1	NC_072850.1
1899162	1912308	2411635	2424794	13147	13160	95.94	2233407	2853886	0.59	0.46	NC_030997.1	NC_072850.1
1912302	1914366	2425153	2427225	2065	2073	97.21	2233407	2853886	0.09	0.07	NC_030997.1	NC_072850.1
1914486	1917932	2427328	2430770	3447	3443	98.72	2233407	2853886	0.15	0.12	NC_030997.1	NC_072850.1
1918087	1945316	2432277	2459524	27230	27248	97.90	2233407	2853886	1.22	0.95	NC_030997.1	NC_072850.1
1945487	1979844	2459523	2493882	34358	34360	97.39	2233407	2853886	1.54	1.20	NC_030997.1	NC_072850.1
1979844	1988460	2494002	2502622	8617	8621	96.70	2233407	2853886	0.39	0.30	NC_030997.1	NC_072850.1
1989107	1990090	2502753	2503767	984	1015	83.45	2233407	2853886	0.04	0.04	NC_030997.1	NC_072850.1
1991690	1992743	2504069	2505108	1054	1040	84.54	2233407	2853886	0.05	0.04	NC_030997.1	NC_072850.1
1993561	2001257	2511536	2519253	7697	7718	93.61	2233407	2853886	0.34	0.27	NC_030997.1	NC_072850.1
2001769	2004738	2519760	2522700	2970	2941	87.72	2233407	2853886	0.13	0.10	NC_030997.1	NC_072850.1
2004736	2013529	2522905	2531692	8794	8788	95.65	2233407	2853886	0.39	0.31	NC_030997.1	NC_072850.1
2014205	2033680	2531680	2551135	19476	19456	96.96	2233407	2853886	0.87	0.68	NC_030997.1	NC_072850.1
2034604	2038113	2551135	2554612	3510	3478	94.11	2233407	2853886	0.16	0.12	NC_030997.1	NC_072850.1
2038106	2047382	2569234	2578491	9277	9258	96.88	2233407	2853886	0.42	0.32	NC_030997.1	NC_072850.1
2047688	2049705	2578747	2580761	2018	2015	95.15	2233407	2853886	0.09	0.07	NC_030997.1	NC_072850.1
2050182	2051484	2580930	2582232	1303	1303	95.32	2233407	2853886	0.06	0.05	NC_030997.1	NC_072850.1
2081210	2081403	2832961	2832766	194	196	91.84	2233407	4259108	0.01	0.00	NC_030997.1	NC_072846.1
2081211	2081403	1967768	1967575	193	194	91.75	2233407	4259108	0.01	0.00	NC_030997.1	NC_072846.1
2129383	2133557	4109842	4114019	4175	4178	85.21	2233407	4259108	0.19	0.10	NC_030997.1	NC_072846.1
2133970	2134465	2272133	2271629	496	505	83.92	2233407	2552985	0.02	0.02	NC_030997.1	NC_072851.1
2135431	2137362	41163	39239	1932	1925	84.59	2233407	4731052	0.09	0.04	NC_030997.1	NC_072843.1
2137258	2138418	86149	87302	1161	1154	94.00	2233407	4259108	0.05	0.03	NC_030997.1	NC_072846.1
2138489	2139572	86851	87933	1084	1083	93.83	2233407	4259108	0.05	0.03	NC_030997.1	NC_072846.1
2139342	2144211	87604	92474	4870	4871	97.48	2233407	4259108	0.22	0.11	NC_030997.1	NC_072846.1
2144126	2144553	2582227	2582660	428	434	93.78	2233407	2853886	0.02	0.02	NC_030997.1	NC_072850.1
2144554	2144705	595156	595307	152	152	98.68	2233407	5611497	0.01	0.00	NC_030997.1	NC_072841.1
2144710	2154494	2582660	2592437	9785	9778	95.01	2233407	2853886	0.44	0.34	NC_030997.1	NC_072850.1
2155172	2155580	2593112	2593523	409	412	80.58	2233407	2853886	0.02	0.01	NC_030997.1	NC_072850.1
2155876	2158853	2593819	2596786	2978	2968	87.88	2233407	2853886	0.13	0.10	NC_030997.1	NC_072850.1
2160148	2160858	2602189	2602892	711	704	89.06	2233407	2853886	0.03	0.02	NC_030997.1	NC_072850.1
2160911	2173325	2617146	2629564	12415	12419	96.63	2233407	2853886	0.56	0.44	NC_030997.1	NC_072850.1
2173429	2174121	2629566	2630277	693	712	94.38	2233407	2853886	0.03	0.02	NC_030997.1	NC_072850.1
2174530	2176592	2630555	2632622	2063	2068	95.42	2233407	2853886	0.09	0.07	NC_030997.1	NC_072850.1
2177134	2182415	2633179	2638461	5282	5283	94.74	2233407	2853886	0.24	0.19	NC_030997.1	NC_072850.1
2185352	2185771	2638457	2638883	420	427	94.85	2233407	2853886	0.02	0.01	NC_030997.1	NC_072850.1
2185763	2189443	2639024	2642705	3681	3682	93.79	2233407	2853886	0.16	0.13	NC_030997.1	NC_072850.1
2193297	2195200	1456063	1457970	1904	1908	91.18	2233407	4259108	0.09	0.04	NC_030997.1	NC_072846.1
2195341	2197918	1390352	1392932	2578	2581	92.34	2233407	4259108	0.12	0.06	NC_030997.1	NC_072846.1
2198206	2198880	2655964	2656638	675	675	89.50	2233407	2853886	0.03	0.02	NC_030997.1	NC_072850.1
2207850	2207932	3229097	3229015	83	83	96.39	2233407	3277645	0.00	0.00	NC_030997.1	NC_072848.1
2209818	2211306	2657054	2658552	1489	1499	94.81	2233407	2853886	0.07	0.05	NC_030997.1	NC_072850.1
2211632	2233407	2658895	2680660	21776	21766	96.06	2233407	2853886	0.98	0.76	NC_030997.1	NC_072850.1
7677	10449	2252300	2249544	2773	2757	96.40	1751499	2552985	0.16	0.11	NC_030998.1	NC_072851.1
12927	14747	2249544	2247745	1821	1800	93.60	1751499	2552985	0.10	0.07	NC_030998.1	NC_072851.1
19958	21364	2238941	2237548	1407	1394	94.95	1751499	2552985	0.08	0.05	NC_030998.1	NC_072851.1
21614	31947	2237249	2226920	10334	10330	98.08	1751499	2552985	0.59	0.40	NC_030998.1	NC_072851.1
32094	48061	2226818	2210839	15968	15980	98.01	1751499	2552985	0.91	0.63	NC_030998.1	NC_072851.1
48719	49630	2210853	2209942	912	912	99.23	1751499	2552985	0.05	0.04	NC_030998.1	NC_072851.1
49631	52607	4078567	4075591	2977	2977	98.42	1751499	4259108	0.17	0.07	NC_030998.1	NC_072846.1
52606	64490	2209949	2198059	11885	11891	98.10	1751499	2552985	0.68	0.47	NC_030998.1	NC_072851.1
64670	78599	2198041	2184079	13930	13963	98.00	1751499	2552985	0.80	0.55	NC_030998.1	NC_072851.1
87834	93237	2184085	2178684	5404	5402	98.13	1751499	2552985	0.31	0.21	NC_030998.1	NC_072851.1
93930	96774	2178077	2175232	2845	2846	96.35	1751499	2552985	0.16	0.11	NC_030998.1	NC_072851.1
96773	99759	2174827	2171834	2987	2994	97.03	1751499	2552985	0.17	0.12	NC_030998.1	NC_072851.1
100473	100870	2810944	2810547	398	398	88.78	1751499	2853886	0.02	0.01	NC_030998.1	NC_072850.1
100651	100878	465634	465407	228	228	90.87	1751499	2552985	0.01	0.01	NC_030998.1	NC_072851.1
101361	117216	2171514	2155668	15856	15847	97.81	1751499	2552985	0.91	0.62	NC_030998.1	NC_072851.1
122303	143757	2151747	2130241	21455	21507	97.35	1751499	2552985	1.22	0.84	NC_030998.1	NC_072851.1
144431	147705	2129550	2126273	3275	3278	96.98	1751499	2552985	0.19	0.13	NC_030998.1	NC_072851.1
147706	153718	2126102	2120083	6013	6020	98.31	1751499	2552985	0.34	0.24	NC_030998.1	NC_072851.1
154374	161516	2120095	2112971	7143	7125	98.00	1751499	2552985	0.41	0.28	NC_030998.1	NC_072851.1
164687	167308	2097714	2100335	2622	2622	84.89	1751499	2552985	0.15	0.10	NC_030998.1	NC_072851.1
179861	215554	2095611	2059984	35694	35628	96.92	1751499	2552985	2.04	1.40	NC_030998.1	NC_072851.1
215753	267002	2059750	2008540	51250	51211	97.96	1751499	2552985	2.93	2.01	NC_030998.1	NC_072851.1
267478	301531	2007758	1973701	34054	34058	98.15	1751499	2552985	1.94	1.33	NC_030998.1	NC_072851.1
302567	348520	1973712	1927739	45954	45974	97.79	1751499	2552985	2.62	1.80	NC_030998.1	NC_072851.1
349355	359228	1923455	1913578	9874	9878	97.44	1751499	2552985	0.56	0.39	NC_030998.1	NC_072851.1
365820	366406	1913576	1912990	587	587	98.47	1751499	2552985	0.03	0.02	NC_030998.1	NC_072851.1
366406	367067	1912432	1911771	662	662	98.64	1751499	2552985	0.04	0.03	NC_030998.1	NC_072851.1
367057	371121	1911628	1907560	4065	4069	97.81	1751499	2552985	0.23	0.16	NC_030998.1	NC_072851.1
372021	372435	1889526	1889150	415	377	84.10	1751499	2552985	0.02	0.01	NC_030998.1	NC_072851.1
372422	373131	1888448	1889161	710	714	87.74	1751499	2552985	0.04	0.03	NC_030998.1	NC_072851.1
373128	373795	1888451	1887785	668	667	93.71	1751499	2552985	0.04	0.03	NC_030998.1	NC_072851.1
374158	383321	1887783	1878619	9164	9165	98.54	1751499	2552985	0.52	0.36	NC_030998.1	NC_072851.1
384701	387810	1877308	1874197	3110	3112	97.98	1751499	2552985	0.18	0.12	NC_030998.1	NC_072851.1
388409	391461	1874203	1871151	3053	3053	99.21	1751499	2552985	0.17	0.12	NC_030998.1	NC_072851.1
392219	420514	1871160	1842834	28296	28327	97.51	1751499	2552985	1.62	1.11	NC_030998.1	NC_072851.1
421130	421628	1842847	1842349	499	499	96.59	1751499	2552985	0.03	0.02	NC_030998.1	NC_072851.1
421631	441238	1841927	1822323	19608	19605	98.48	1751499	2552985	1.12	0.77	NC_030998.1	NC_072851.1
441491	456379	1822085	1807175	14889	14911	97.99	1751499	2552985	0.85	0.58	NC_030998.1	NC_072851.1
456371	459619	1806884	1803644	3249	3241	97.41	1751499	2552985	0.19	0.13	NC_030998.1	NC_072851.1
464513	482317	1803652	1785818	17805	17835	97.53	1751499	2552985	1.02	0.70	NC_030998.1	NC_072851.1
482317	493494	1785441	1774292	11178	11150	98.31	1751499	2552985	0.64	0.44	NC_030998.1	NC_072851.1
494050	584620	1774292	1683793	90571	90500	97.99	1751499	2552985	5.17	3.54	NC_030998.1	NC_072851.1
584839	587009	1683700	1681540	2171	2161	98.48	1751499	2552985	0.12	0.08	NC_030998.1	NC_072851.1
592206	620065	1681544	1653662	27860	27883	97.73	1751499	2552985	1.59	1.09	NC_030998.1	NC_072851.1
622836	651677	1650895	1621936	28842	28960	96.98	1751499	2552985	1.65	1.13	NC_030998.1	NC_072851.1
651903	663383	1621265	1609776	11481	11490	98.29	1751499	2552985	0.66	0.45	NC_030998.1	NC_072851.1
663945	671554	1609269	1601655	7610	7615	98.03	1751499	2552985	0.43	0.30	NC_030998.1	NC_072851.1
671548	671703	1600627	1600472	156	156	97.44	1751499	2552985	0.01	0.01	NC_030998.1	NC_072851.1
673020	696863	1600132	1576294	23844	23839	98.69	1751499	2552985	1.36	0.93	NC_030998.1	NC_072851.1
696987	735205	1576174	1537950	38219	38225	98.76	1751499	2552985	2.18	1.50	NC_030998.1	NC_072851.1
735203	812284	1536093	1459105	77082	76989	98.06	1751499	2552985	4.40	3.02	NC_030998.1	NC_072851.1
812430	822266	1459103	1449276	9837	9828	98.55	1751499	2552985	0.56	0.38	NC_030998.1	NC_072851.1
822266	842103	1447391	1427583	19838	19809	98.45	1751499	2552985	1.13	0.78	NC_030998.1	NC_072851.1
842935	870976	1427583	1399536	28042	28048	97.89	1751499	2552985	1.60	1.10	NC_030998.1	NC_072851.1
872833	898372	1397670	1372136	25540	25535	98.43	1751499	2552985	1.46	1.00	NC_030998.1	NC_072851.1
900387	932219	1372138	1340325	31833	31814	98.36	1751499	2552985	1.82	1.25	NC_030998.1	NC_072851.1
932384	932795	1340324	1339913	412	412	99.51	1751499	2552985	0.02	0.02	NC_030998.1	NC_072851.1
932795	958430	1339752	1314188	25636	25565	96.34	1751499	2552985	1.46	1.00	NC_030998.1	NC_072851.1
958877	1003287	1314196	1269753	44411	44444	97.96	1751499	2552985	2.54	1.74	NC_030998.1	NC_072851.1
1003288	1021153	1269572	1251662	17866	17911	98.28	1751499	2552985	1.02	0.70	NC_030998.1	NC_072851.1
1021514	1092303	1251403	1180613	70790	70791	98.29	1751499	2552985	4.04	2.77	NC_030998.1	NC_072851.1
1094521	1140388	1180611	1134714	45868	45898	98.56	1751499	2552985	2.62	1.80	NC_030998.1	NC_072851.1
1140558	1144354	1134714	1130919	3797	3796	98.26	1751499	2552985	0.22	0.15	NC_030998.1	NC_072851.1
1145114	1146019	1130926	1130021	906	906	97.90	1751499	2552985	0.05	0.04	NC_030998.1	NC_072851.1
1146118	1153626	1130021	1122489	7509	7533	98.30	1751499	2552985	0.43	0.30	NC_030998.1	NC_072851.1
1153767	1168834	1122377	1107310	15068	15068	98.72	1751499	2552985	0.86	0.59	NC_030998.1	NC_072851.1
1168931	1179108	1107149	1096974	10178	10176	98.72	1751499	2552985	0.58	0.40	NC_030998.1	NC_072851.1
1179142	1265079	1096977	1011088	85938	85890	98.61	1751499	2552985	4.91	3.36	NC_030998.1	NC_072851.1
1265466	1267509	1010742	1008703	2044	2040	98.58	1751499	2552985	0.12	0.08	NC_030998.1	NC_072851.1
1267653	1271343	1008368	1004637	3691	3732	96.52	1751499	2552985	0.21	0.15	NC_030998.1	NC_072851.1
1271619	1300748	1004503	975366	29130	29138	98.36	1751499	2552985	1.66	1.14	NC_030998.1	NC_072851.1
1300824	1302548	975518	973771	1725	1748	96.97	1751499	2552985	0.10	0.07	NC_030998.1	NC_072851.1
1303193	1327804	973784	949186	24612	24599	98.25	1751499	2552985	1.41	0.96	NC_030998.1	NC_072851.1
1327803	1328115	948873	949187	313	315	95.87	1751499	2552985	0.02	0.01	NC_030998.1	NC_072851.1
1328114	1342591	948874	934394	14478	14481	96.50	1751499	2552985	0.83	0.57	NC_030998.1	NC_072851.1
1344418	1377191	932505	899739	32774	32767	97.69	1751499	2552985	1.87	1.28	NC_030998.1	NC_072851.1
1378199	1381358	856426	853281	3160	3146	97.75	1751499	2552985	0.18	0.12	NC_030998.1	NC_072851.1
1381663	1384577	852994	850076	2915	2919	99.11	1751499	2552985	0.17	0.11	NC_030998.1	NC_072851.1
1384894	1392325	849820	842386	7432	7435	98.45	1751499	2552985	0.42	0.29	NC_030998.1	NC_072851.1
1392501	1424421	842386	810478	31921	31909	98.05	1751499	2552985	1.82	1.25	NC_030998.1	NC_072851.1
1424809	1435296	810088	799609	10488	10480	94.95	1751499	2552985	0.60	0.41	NC_030998.1	NC_072851.1
1435294	1442827	799450	791925	7534	7526	96.85	1751499	2552985	0.43	0.29	NC_030998.1	NC_072851.1
1443474	1466241	791496	768641	22768	22856	96.51	1751499	2552985	1.30	0.90	NC_030998.1	NC_072851.1
1466239	1467582	766426	765083	1344	1344	97.54	1751499	2552985	0.08	0.05	NC_030998.1	NC_072851.1
1467573	1470161	764828	762253	2589	2576	95.44	1751499	2552985	0.15	0.10	NC_030998.1	NC_072851.1
1470926	1545553	762258	687574	74628	74685	98.27	1751499	2552985	4.26	2.93	NC_030998.1	NC_072851.1
1545755	1546055	687575	687274	301	302	95.03	1751499	2552985	0.02	0.01	NC_030998.1	NC_072851.1
1546171	1546606	687271	686836	436	436	97.48	1751499	2552985	0.02	0.02	NC_030998.1	NC_072851.1
1546598	1570989	686691	662281	24392	24411	98.75	1751499	2552985	1.39	0.96	NC_030998.1	NC_072851.1
1570981	1574732	662091	658346	3752	3746	98.14	1751499	2552985	0.21	0.15	NC_030998.1	NC_072851.1
1574982	1581277	658112	651828	6296	6285	97.19	1751499	2552985	0.36	0.25	NC_030998.1	NC_072851.1
1581459	1595908	651830	637424	14450	14407	97.68	1751499	2552985	0.83	0.56	NC_030998.1	NC_072851.1
1595907	1607438	635208	623713	11532	11496	98.10	1751499	2552985	0.66	0.45	NC_030998.1	NC_072851.1
1613031	1617370	623723	619385	4340	4339	98.04	1751499	2552985	0.25	0.17	NC_030998.1	NC_072851.1
1617471	1619866	620814	618419	2396	2396	97.04	1751499	2552985	0.14	0.09	NC_030998.1	NC_072851.1
1621864	1624161	616436	614146	2298	2291	92.71	1751499	2552985	0.13	0.09	NC_030998.1	NC_072851.1
1626921	1630367	611416	607965	3447	3452	99.07	1751499	2552985	0.20	0.14	NC_030998.1	NC_072851.1
1630468	1634485	612767	608755	4018	4013	98.71	1751499	2552985	0.23	0.16	NC_030998.1	NC_072851.1
1634585	1636010	607953	606529	1426	1425	97.62	1751499	2552985	0.08	0.06	NC_030998.1	NC_072851.1
1643507	1643682	602652	602478	176	175	94.89	1751499	2552985	0.01	0.01	NC_030998.1	NC_072851.1
1643773	1646253	602478	599998	2481	2481	98.51	1751499	2552985	0.14	0.10	NC_030998.1	NC_072851.1
1646250	1670567	597784	573458	24318	24327	97.63	1751499	2552985	1.39	0.95	NC_030998.1	NC_072851.1
1670726	1670936	925690	925479	211	212	94.81	1751499	3277645	0.01	0.01	NC_030998.1	NC_072848.1
1672426	1673376	245131	244180	951	952	89.50	1751499	2552985	0.05	0.04	NC_030998.1	NC_072851.1
1673367	1673903	5568606	5568070	537	537	87.01	1751499	5611497	0.03	0.01	NC_030998.1	NC_072841.1
1680068	1693098	573471	560430	13031	13042	98.14	1751499	2552985	0.74	0.51	NC_030998.1	NC_072851.1
1693558	1707416	560059	546189	13859	13871	97.58	1751499	2552985	0.79	0.54	NC_030998.1	NC_072851.1
1707418	1717614	546072	535876	10197	10197	98.15	1751499	2552985	0.58	0.40	NC_030998.1	NC_072851.1
1719550	1748352	533947	505103	28803	28845	96.20	1751499	2552985	1.64	1.13	NC_030998.1	NC_072851.1
3766	4142	2829870	2830248	377	379	95.28	1838362	4259108	0.02	0.01	NC_030999.1	NC_072846.1
4156	4358	1887060	1886862	203	199	91.13	1838362	4259108	0.01	0.00	NC_030999.1	NC_072846.1
4647	4837	2321968	2321778	191	191	99.48	1838362	4259108	0.01	0.00	NC_030999.1	NC_072846.1
7524	10923	3964092	3967505	3400	3414	98.48	1838362	4259108	0.18	0.08	NC_030999.1	NC_072846.1
33142	35967	3865543	3868342	2826	2800	94.34	1838362	4259108	0.15	0.07	NC_030999.1	NC_072846.1
36354	39010	97429	100092	2657	2664	95.68	1838362	4259108	0.14	0.06	NC_030999.1	NC_072846.1
47280	47597	2479901	2479585	318	317	91.19	1838362	4259108	0.02	0.01	NC_030999.1	NC_072846.1
66113	66345	1880924	1881154	233	231	92.70	1838362	2893631	0.01	0.01	NC_030999.1	NC_072849.1
67081	67452	2928695	2929070	372	376	88.89	1838362	5611497	0.02	0.01	NC_030999.1	NC_072841.1
67453	67847	3492232	3491839	395	394	83.42	1838362	4259108	0.02	0.01	NC_030999.1	NC_072846.1
67877	68184	171580	171887	308	308	89.64	1838362	3716460	0.02	0.01	NC_030999.1	NC_072847.1
68357	68488	779321	779190	132	132	96.97	1838362	4259108	0.01	0.00	NC_030999.1	NC_072846.1
68930	70666	779194	777458	1737	1737	98.33	1838362	4259108	0.09	0.04	NC_030999.1	NC_072846.1
77816	78965	1066692	1065543	1150	1150	98.43	1838362	4259108	0.06	0.03	NC_030999.1	NC_072846.1
86598	86978	6389564	6389184	381	381	90.03	1838362	6487135	0.02	0.01	NC_030999.1	NC_072840.1
121423	121749	2177607	2177284	327	324	87.16	1838362	4259108	0.02	0.01	NC_030999.1	NC_072846.1
121810	123673	1860495	1858657	1864	1839	92.02	1838362	4259108	0.10	0.04	NC_030999.1	NC_072846.1
126855	127500	3545048	3544403	646	646	96.44	1838362	4259108	0.04	0.02	NC_030999.1	NC_072846.1
141863	142069	2729133	2728924	207	210	89.52	1838362	4259108	0.01	0.00	NC_030999.1	NC_072846.1
160862	161065	1577218	1577016	204	203	98.04	1838362	4259108	0.01	0.00	NC_030999.1	NC_072846.1
173742	174139	702747	703149	398	403	91.02	1838362	4259108	0.02	0.01	NC_030999.1	NC_072846.1
178773	179767	469382	468295	995	1088	86.41	1838362	4259108	0.05	0.03	NC_030999.1	NC_072846.1
218423	218628	635278	635073	206	206	98.54	1838362	4259108	0.01	0.00	NC_030999.1	NC_072846.1
221300	221986	5061486	5060798	687	689	86.15	1838362	5151772	0.04	0.01	NC_030999.1	NC_072842.1
222550	222744	3036473	3036278	195	196	98.98	1838362	4259108	0.01	0.00	NC_030999.1	NC_072846.1
235564	235698	2375612	2375746	135	135	97.78	1838362	2552985	0.01	0.01	NC_030999.1	NC_072851.1
242153	243814	2729126	2730811	1662	1686	95.32	1838362	4259108	0.09	0.04	NC_030999.1	NC_072846.1
243883	244043	2732637	2732801	161	165	95.15	1838362	4259108	0.01	0.00	NC_030999.1	NC_072846.1
279758	280772	1834697	1835738	1015	1042	90.21	1838362	6487135	0.06	0.02	NC_030999.1	NC_072840.1
285019	287239	1299765	1297546	2221	2220	98.65	1838362	4259108	0.12	0.05	NC_030999.1	NC_072846.1
289516	289644	1134927	1135055	129	129	93.85	1838362	4259108	0.01	0.00	NC_030999.1	NC_072846.1
290866	291087	2829231	2829452	222	222	96.85	1838362	2893631	0.01	0.01	NC_030999.1	NC_072849.1
301968	302056	3399550	3399638	89	89	97.75	1838362	4259108	0.00	0.00	NC_030999.1	NC_072846.1
312876	313010	705423	705557	135	135	97.04	1838362	4259108	0.01	0.00	NC_030999.1	NC_072846.1
325963	327693	5120837	5122562	1731	1726	86.62	1838362	6487135	0.09	0.03	NC_030999.1	NC_072840.1
328171	329028	469340	470204	858	865	93.22	1838362	4259108	0.05	0.02	NC_030999.1	NC_072846.1
329026	331662	471037	473682	2637	2646	94.45	1838362	4259108	0.14	0.06	NC_030999.1	NC_072846.1
358258	360199	35080	33138	1942	1943	87.56	1838362	4300638	0.11	0.05	NC_030999.1	NC_072845.1
365738	365937	3989783	3989983	200	201	94.55	1838362	4259108	0.01	0.00	NC_030999.1	NC_072846.1
412744	415738	2635316	2638312	2995	2997	98.97	1838362	4259108	0.16	0.07	NC_030999.1	NC_072846.1
605635	605767	1396763	1396631	133	133	99.25	1838362	4259108	0.01	0.00	NC_030999.1	NC_072846.1
618441	618620	1059594	1059775	180	182	96.70	1838362	4259108	0.01	0.00	NC_030999.1	NC_072846.1
620628	620714	2538398	2538483	87	86	96.55	1838362	4259108	0.00	0.00	NC_030999.1	NC_072846.1
622075	623238	1068018	1066855	1164	1164	98.80	1838362	4259108	0.06	0.03	NC_030999.1	NC_072846.1
625324	626400	2595210	2594136	1077	1075	98.98	1838362	4259108	0.06	0.03	NC_030999.1	NC_072846.1
634251	634570	131067	131386	320	320	92.19	1838362	2853886	0.02	0.01	NC_030999.1	NC_072850.1
644326	644749	3103227	3103650	424	424	96.71	1838362	4259108	0.02	0.01	NC_030999.1	NC_072846.1
648697	648916	2309958	2310177	220	220	97.73	1838362	4259108	0.01	0.01	NC_030999.1	NC_072846.1
649197	650050	2849705	2848852	854	854	98.13	1838362	4259108	0.05	0.02	NC_030999.1	NC_072846.1
655423	655600	1836337	1836160	178	178	97.75	1838362	4259108	0.01	0.00	NC_030999.1	NC_072846.1
659083	665079	379763	385758	5997	5996	98.72	1838362	4259108	0.33	0.14	NC_030999.1	NC_072846.1
670329	670607	1060052	1059774	279	279	96.77	1838362	4259108	0.02	0.01	NC_030999.1	NC_072846.1
670601	671164	1059579	1059013	564	567	96.30	1838362	4259108	0.03	0.01	NC_030999.1	NC_072846.1
672025	675011	630898	633784	2987	2887	94.51	1838362	4259108	0.16	0.07	NC_030999.1	NC_072846.1
674837	675014	587159	586987	178	173	88.33	1838362	4259108	0.01	0.00	NC_030999.1	NC_072846.1
712270	714093	1873914	1875725	1824	1812	97.81	1838362	4259108	0.10	0.04	NC_030999.1	NC_072846.1
725408	726015	630646	631250	608	605	93.76	1838362	4259108	0.03	0.01	NC_030999.1	NC_072846.1
731862	732013	87884	88036	152	153	89.61	1838362	2552985	0.01	0.01	NC_030999.1	NC_072851.1
744277	744525	794215	793967	249	249	96.39	1838362	4259108	0.01	0.01	NC_030999.1	NC_072846.1
744804	745422	793825	793207	619	619	97.09	1838362	4259108	0.03	0.01	NC_030999.1	NC_072846.1
745420	748214	793158	790367	2795	2792	96.35	1838362	4259108	0.15	0.07	NC_030999.1	NC_072846.1
748864	749213	4066330	4066678	350	349	93.43	1838362	4259108	0.02	0.01	NC_030999.1	NC_072846.1
749215	749753	4067152	4067689	539	538	91.47	1838362	4259108	0.03	0.01	NC_030999.1	NC_072846.1
762792	763011	2690423	2690632	220	210	84.55	1838362	2853886	0.01	0.01	NC_030999.1	NC_072850.1
764129	764205	189319	189243	77	77	94.81	1838362	4259108	0.00	0.00	NC_030999.1	NC_072846.1
764206	764600	84005	83608	395	398	96.48	1838362	4259108	0.02	0.01	NC_030999.1	NC_072846.1
778416	781373	3376326	3379279	2958	2954	98.11	1838362	4259108	0.16	0.07	NC_030999.1	NC_072846.1
778430	781378	3299912	3302859	2949	2948	98.20	1838362	4259108	0.16	0.07	NC_030999.1	NC_072846.1
798115	798293	2389388	2389566	179	179	98.32	1838362	4259108	0.01	0.00	NC_030999.1	NC_072846.1
812355	812804	170998	170560	450	439	88.67	1838362	2853886	0.02	0.02	NC_030999.1	NC_072850.1
818812	819373	1365201	1364640	562	562	98.04	1838362	4259108	0.03	0.01	NC_030999.1	NC_072846.1
828583	829425	3586331	3587183	843	853	82.28	1838362	4259108	0.05	0.02	NC_030999.1	NC_072846.1
833238	835105	657528	659394	1868	1867	98.93	1838362	4259108	0.10	0.04	NC_030999.1	NC_072846.1
836236	836867	4017581	4016949	632	633	91.32	1838362	4259108	0.03	0.01	NC_030999.1	NC_072846.1
836765	836969	2342917	2343121	205	205	92.23	1838362	4259108	0.01	0.00	NC_030999.1	NC_072846.1
837139	837334	2730814	2731011	196	198	97.98	1838362	4259108	0.01	0.00	NC_030999.1	NC_072846.1
839109	841696	3646862	3649445	2588	2584	88.54	1838362	4259108	0.14	0.06	NC_030999.1	NC_072846.1
844585	844728	1461637	1461494	144	144	98.61	1838362	4259108	0.01	0.00	NC_030999.1	NC_072846.1
860424	861008	2955807	2955224	585	584	98.46	1838362	4259108	0.03	0.01	NC_030999.1	NC_072846.1
863980	866379	2955231	2952839	2400	2393	97.76	1838362	4259108	0.13	0.06	NC_030999.1	NC_072846.1
869753	870014	2649351	2649090	262	262	97.33	1838362	4259108	0.01	0.01	NC_030999.1	NC_072846.1
938704	938994	2753186	2752900	291	287	89.00	1838362	4523040	0.02	0.01	NC_030999.1	NC_072844.1
938705	939128	1514065	1514481	424	417	85.25	1838362	3277645	0.02	0.01	NC_030999.1	NC_072848.1
943614	943870	85666	85926	257	261	91.95	1838362	4259108	0.01	0.01	NC_030999.1	NC_072846.1
950103	950381	653910	654188	279	279	96.42	1838362	4259108	0.02	0.01	NC_030999.1	NC_072846.1
950295	950382	1557694	1557782	88	89	96.63	1838362	4259108	0.00	0.00	NC_030999.1	NC_072846.1
973832	974561	1540026	1539294	730	733	96.04	1838362	3277645	0.04	0.02	NC_030999.1	NC_072848.1
982039	985145	966585	969703	3107	3119	97.47	1838362	4300638	0.17	0.07	NC_030999.1	NC_072845.1
988431	988942	969696	970216	512	521	92.16	1838362	4300638	0.03	0.01	NC_030999.1	NC_072845.1
1015842	1016070	3646071	3646299	229	229	93.01	1838362	3716460	0.01	0.01	NC_030999.1	NC_072847.1
1029116	1029502	1539935	1540322	387	388	94.07	1838362	4259108	0.02	0.01	NC_030999.1	NC_072846.1
1032048	1032245	5383681	5383878	198	198	90.40	1838362	5611497	0.01	0.00	NC_030999.1	NC_072841.1
1032048	1032257	407378	407161	210	218	85.32	1838362	5151772	0.01	0.00	NC_030999.1	NC_072842.1
1055267	1055366	2414803	2414902	100	100	96.00	1838362	4259108	0.01	0.00	NC_030999.1	NC_072846.1
1056027	1059084	3099828	3102884	3058	3057	98.95	1838362	4259108	0.17	0.07	NC_030999.1	NC_072846.1
1060528	1061059	1351751	1351220	532	532	94.75	1838362	4259108	0.03	0.01	NC_030999.1	NC_072846.1
1066882	1066978	3103685	3103589	97	97	94.85	1838362	4259108	0.01	0.00	NC_030999.1	NC_072846.1
1131334	1133680	3597057	3599410	2347	2354	86.43	1838362	4259108	0.13	0.06	NC_030999.1	NC_072846.1
1132986	1133680	2482785	2483496	695	712	86.96	1838362	4259108	0.04	0.02	NC_030999.1	NC_072846.1
1140729	1142939	3559828	3562035	2211	2208	97.56	1838362	4259108	0.12	0.05	NC_030999.1	NC_072846.1
1173735	1174141	4015648	4016054	407	407	94.84	1838362	4259108	0.02	0.01	NC_030999.1	NC_072846.1
1200331	1202503	3607637	3605471	2173	2167	93.62	1838362	4259108	0.12	0.05	NC_030999.1	NC_072846.1
1202514	1202751	3632227	3631988	238	240	85.83	1838362	4259108	0.01	0.01	NC_030999.1	NC_072846.1
1202949	1203041	1773281	1773373	93	93	97.85	1838362	4259108	0.01	0.00	NC_030999.1	NC_072846.1
1203040	1203226	1865973	1865787	187	187	98.93	1838362	4259108	0.01	0.00	NC_030999.1	NC_072846.1
1203225	1203336	3554309	3554420	112	112	98.21	1838362	4259108	0.01	0.00	NC_030999.1	NC_072846.1
1204013	1205343	5037408	5036085	1331	1324	82.30	1838362	5151772	0.07	0.03	NC_030999.1	NC_072842.1
1209659	1211889	337991	340221	2231	2231	97.76	1838362	4259108	0.12	0.05	NC_030999.1	NC_072846.1
1234818	1238572	1357432	1361186	3755	3755	98.96	1838362	4259108	0.20	0.09	NC_030999.1	NC_072846.1
1240013	1242215	2623450	2625650	2203	2201	98.78	1838362	4259108	0.12	0.05	NC_030999.1	NC_072846.1
1243455	1243654	2427933	2427739	200	195	94.50	1838362	4259108	0.01	0.00	NC_030999.1	NC_072846.1
1254588	1254760	577706	577536	173	171	94.83	1838362	4259108	0.01	0.00	NC_030999.1	NC_072846.1
1260066	1260225	3549246	3549408	160	163	92.68	1838362	4259108	0.01	0.00	NC_030999.1	NC_072846.1
1261259	1261672	353939	354352	414	414	98.07	1838362	4259108	0.02	0.01	NC_030999.1	NC_072846.1
1264265	1264426	3054748	3054910	162	163	96.93	1838362	4259108	0.01	0.00	NC_030999.1	NC_072846.1
1274495	1274622	2610548	2610421	128	128	98.44	1838362	4259108	0.01	0.00	NC_030999.1	NC_072846.1
1277440	1277612	691493	691321	173	173	98.27	1838362	4259108	0.01	0.00	NC_030999.1	NC_072846.1
1282017	1282174	3144103	3143946	158	158	95.57	1838362	4259108	0.01	0.00	NC_030999.1	NC_072846.1
1282160	1282294	3142684	3142555	135	130	95.56	1838362	4259108	0.01	0.00	NC_030999.1	NC_072846.1
1289649	1289882	3092631	3092864	234	234	96.15	1838362	4259108	0.01	0.01	NC_030999.1	NC_072846.1
1293415	1294969	2243086	2241534	1555	1553	99.16	1838362	4259108	0.08	0.04	NC_030999.1	NC_072846.1
1296520	1296670	3634019	3633869	151	151	94.04	1838362	4259108	0.01	0.00	NC_030999.1	NC_072846.1
1315145	1318023	1505477	1508349	2879	2873	98.16	1838362	4259108	0.16	0.07	NC_030999.1	NC_072846.1
1327224	1327318	290908	291003	95	96	95.83	1838362	4259108	0.01	0.00	NC_030999.1	NC_072846.1
1327686	1327808	793985	793863	123	123	94.31	1838362	4259108	0.01	0.00	NC_030999.1	NC_072846.1
1343865	1344282	905332	905744	418	413	88.04	1838362	4259108	0.02	0.01	NC_030999.1	NC_072846.1
1350317	1350464	5350690	5350837	148	148	92.57	1838362	5611497	0.01	0.00	NC_030999.1	NC_072841.1
1351147	1351399	2786431	2786684	253	254	97.24	1838362	4259108	0.01	0.01	NC_030999.1	NC_072846.1
1360355	1360522	2763211	2763378	168	168	97.02	1838362	4259108	0.01	0.00	NC_030999.1	NC_072846.1
1387317	1387470	284734	284887	154	154	100.00	1838362	4259108	0.01	0.00	NC_030999.1	NC_072846.1
1391985	1392114	705559	705430	130	130	94.62	1838362	4259108	0.01	0.00	NC_030999.1	NC_072846.1
1409234	1409429	3138870	3139067	196	198	91.41	1838362	4259108	0.01	0.00	NC_030999.1	NC_072846.1
1415052	1416221	1471151	1469986	1170	1166	98.38	1838362	4259108	0.06	0.03	NC_030999.1	NC_072846.1
1428649	1429631	2119664	2118683	983	982	89.32	1838362	4259108	0.05	0.02	NC_030999.1	NC_072846.1
1429629	1430411	1554789	1555569	783	781	91.85	1838362	4259108	0.04	0.02	NC_030999.1	NC_072846.1
1430409	1432063	1557780	1559432	1655	1653	92.28	1838362	4259108	0.09	0.04	NC_030999.1	NC_072846.1
1437411	1438235	1559446	1560274	825	829	89.53	1838362	4259108	0.04	0.02	NC_030999.1	NC_072846.1
1454108	1454591	1876812	1876327	484	486	90.18	1838362	4259108	0.03	0.01	NC_030999.1	NC_072846.1
1464770	1466543	2385974	2384201	1774	1774	98.14	1838362	4259108	0.10	0.04	NC_030999.1	NC_072846.1
1469044	1471101	1590416	1588369	2058	2048	85.65	1838362	4259108	0.11	0.05	NC_030999.1	NC_072846.1
1484725	1485135	427964	427560	411	405	81.52	1838362	2552985	0.02	0.02	NC_030999.1	NC_072851.1
1494199	1494408	2690423	2690632	210	210	91.90	1838362	2853886	0.01	0.01	NC_030999.1	NC_072850.1
1494202	1494410	1538060	1537852	209	209	88.15	1838362	4259108	0.01	0.00	NC_030999.1	NC_072846.1
1494620	1494848	4000832	4000604	229	229	93.45	1838362	4259108	0.01	0.01	NC_030999.1	NC_072846.1
1494621	1494848	2411348	2411119	228	230	92.17	1838362	4259108	0.01	0.01	NC_030999.1	NC_072846.1
1505138	1505961	2130158	2130978	824	821	94.05	1838362	4259108	0.04	0.02	NC_030999.1	NC_072846.1
1508959	1509894	65714	66646	936	933	95.83	1838362	2853886	0.05	0.03	NC_030999.1	NC_072850.1
1540535	1541172	4098827	4099464	638	638	96.71	1838362	4259108	0.03	0.01	NC_030999.1	NC_072846.1
1553404	1553740	1880613	1880277	337	337	96.44	1838362	4259108	0.02	0.01	NC_030999.1	NC_072846.1
1553428	1553945	1982568	1982053	518	516	95.56	1838362	4259108	0.03	0.01	NC_030999.1	NC_072846.1
1554457	1557223	2783960	2786681	2767	2722	96.49	1838362	4259108	0.15	0.06	NC_030999.1	NC_072846.1
1558769	1559013	2431279	2431033	245	247	83.53	1838362	4259108	0.01	0.01	NC_030999.1	NC_072846.1
1607786	1608043	516811	516554	258	258	88.76	1838362	3716460	0.01	0.01	NC_030999.1	NC_072847.1
1614622	1615396	433522	432748	775	775	82.69	1838362	4300638	0.04	0.02	NC_030999.1	NC_072845.1
1661499	1661631	3834199	3834329	133	131	89.63	1838362	4259108	0.01	0.00	NC_030999.1	NC_072846.1
1670500	1672988	469484	467002	2489	2483	81.18	1838362	3277645	0.14	0.08	NC_030999.1	NC_072848.1
1677979	1678228	1881049	1881299	250	251	84.13	1838362	4259108	0.01	0.01	NC_030999.1	NC_072846.1
1679032	1679528	1750888	1750394	497	495	92.35	1838362	4259108	0.03	0.01	NC_030999.1	NC_072846.1
1699502	1699593	29508	29415	92	94	94.68	1838362	2853886	0.01	0.00	NC_030999.1	NC_072850.1
1704493	1704987	2839615	2840110	495	496	91.94	1838362	2853886	0.03	0.02	NC_030999.1	NC_072850.1
1706533	1706638	2745124	2745229	106	106	96.23	1838362	2853886	0.01	0.00	NC_030999.1	NC_072850.1
1761920	1762523	1223225	1223828	604	604	90.26	1838362	4259108	0.03	0.01	NC_030999.1	NC_072846.1
1765196	1765674	663826	663348	479	479	98.12	1838362	4259108	0.03	0.01	NC_030999.1	NC_072846.1
1765859	1766803	662589	661645	945	945	98.52	1838362	4259108	0.05	0.02	NC_030999.1	NC_072846.1
1767317	1770746	1935498	1938927	3430	3430	95.69	1838362	4259108	0.19	0.08	NC_030999.1	NC_072846.1
1777394	1778795	5570796	5569395	1402	1402	90.45	1838362	5611497	0.08	0.02	NC_030999.1	NC_072841.1
1828610	1828810	2331582	2331380	201	203	93.60	1838362	4259108	0.01	0.00	NC_030999.1	NC_072846.1
116	210	3	97	95	95	100.00	2434640	5151772	0.00	0.00	NC_031000.1	NC_072842.1
13288	13393	1747858	1747752	106	107	90.65	2434640	4259108	0.00	0.00	NC_031000.1	NC_072846.1
13288	13393	2793813	2793707	106	107	90.65	2434640	4259108	0.00	0.00	NC_031000.1	NC_072846.1
30447	33321	3066874	3063902	2875	2973	88.89	2434640	4259108	0.12	0.07	NC_031000.1	NC_072846.1
74653	74767	1963314	1963199	115	116	94.83	2434640	4259108	0.00	0.00	NC_031000.1	NC_072846.1
74899	79292	3617659	3613263	4394	4397	95.34	2434640	4259108	0.18	0.10	NC_031000.1	NC_072846.1
96221	99161	1125559	1122621	2941	2939	97.65	2434640	4259108	0.12	0.07	NC_031000.1	NC_072846.1
101945	102104	2654852	2655011	160	160	90.00	2434640	4259108	0.01	0.00	NC_031000.1	NC_072846.1
167037	170683	2773829	2777477	3647	3649	98.74	2434640	4259108	0.15	0.09	NC_031000.1	NC_072846.1
171025	172456	2830759	2832190	1432	1432	91.84	2434640	4259108	0.06	0.03	NC_031000.1	NC_072846.1
173476	174027	1122617	1122066	552	552	98.55	2434640	4259108	0.02	0.01	NC_031000.1	NC_072846.1
218685	218858	2883773	2883599	174	175	99.43	2434640	4259108	0.01	0.00	NC_031000.1	NC_072846.1
225226	227130	3745033	3746925	1905	1893	88.31	2434640	4259108	0.08	0.04	NC_031000.1	NC_072846.1
254510	256045	226277	224746	1536	1532	99.22	2434640	2853886	0.06	0.05	NC_031000.1	NC_072850.1
265306	265745	3711001	3710563	440	439	89.55	2434640	4259108	0.02	0.01	NC_031000.1	NC_072846.1
319223	320728	568163	569671	1506	1509	98.41	2434640	4259108	0.06	0.04	NC_031000.1	NC_072846.1
355454	355609	1040904	1041059	156	156	99.36	2434640	4259108	0.01	0.00	NC_031000.1	NC_072846.1
374583	376444	2314120	2312259	1862	1862	99.03	2434640	4259108	0.08	0.04	NC_031000.1	NC_072846.1
392178	393124	2415752	2414806	947	947	94.93	2434640	4259108	0.04	0.02	NC_031000.1	NC_072846.1
393620	393885	1591136	1590871	266	266	96.99	2434640	4259108	0.01	0.01	NC_031000.1	NC_072846.1
421690	424904	3770308	3773555	3215	3248	93.31	2434640	4259108	0.13	0.08	NC_031000.1	NC_072846.1
429661	431880	2576217	2573986	2220	2232	89.43	2434640	4259108	0.09	0.05	NC_031000.1	NC_072846.1
432512	433690	2712149	2710985	1179	1165	92.63	2434640	4259108	0.05	0.03	NC_031000.1	NC_072846.1
433832	434111	2710985	2710705	280	281	96.80	2434640	4259108	0.01	0.01	NC_031000.1	NC_072846.1
440370	441281	2832868	2831957	912	912	93.21	2434640	4259108	0.04	0.02	NC_031000.1	NC_072846.1
441558	443667	3622687	3620615	2110	2073	90.11	2434640	4259108	0.09	0.05	NC_031000.1	NC_072846.1
443638	443818	3618347	3618162	181	186	93.01	2434640	4259108	0.01	0.00	NC_031000.1	NC_072846.1
454289	454418	1650926	1650797	130	130	93.08	2434640	4259108	0.01	0.00	NC_031000.1	NC_072846.1
454535	454629	1684884	1684790	95	95	93.68	2434640	4259108	0.00	0.00	NC_031000.1	NC_072846.1
456892	457159	2783192	2782925	268	268	95.90	2434640	4259108	0.01	0.01	NC_031000.1	NC_072846.1
457197	457476	1580846	1580580	280	267	87.23	2434640	4259108	0.01	0.01	NC_031000.1	NC_072846.1
457493	462531	359630	354618	5039	5013	96.31	2434640	4259108	0.21	0.12	NC_031000.1	NC_072846.1
464136	465574	1678649	1677211	1439	1439	98.47	2434640	4259108	0.06	0.03	NC_031000.1	NC_072846.1
464137	465971	1246203	1244369	1835	1835	98.20	2434640	4259108	0.08	0.04	NC_031000.1	NC_072846.1
467802	469783	1127543	1125559	1982	1985	95.28	2434640	4259108	0.08	0.05	NC_031000.1	NC_072846.1
475740	476947	3251519	3250309	1208	1211	94.97	2434640	3277645	0.05	0.04	NC_031000.1	NC_072848.1
477202	477400	3250134	3249935	199	200	95.00	2434640	3277645	0.01	0.01	NC_031000.1	NC_072848.1
499071	500831	3155550	3157309	1761	1760	97.62	2434640	4259108	0.07	0.04	NC_031000.1	NC_072846.1
508319	508504	94183	94368	186	186	94.09	2434640	4259108	0.01	0.00	NC_031000.1	NC_072846.1
518009	522495	1908904	1913394	4487	4491	98.64	2434640	4259108	0.18	0.11	NC_031000.1	NC_072846.1
523532	525365	661362	659530	1834	1833	97.98	2434640	4259108	0.08	0.04	NC_031000.1	NC_072846.1
527291	527681	3726103	3726493	391	391	90.28	2434640	4259108	0.02	0.01	NC_031000.1	NC_072846.1
548646	549207	405554	406116	562	563	97.51	2434640	4259108	0.02	0.01	NC_031000.1	NC_072846.1
549196	553136	1147175	1143247	3941	3929	97.54	2434640	4259108	0.16	0.09	NC_031000.1	NC_072846.1
554404	554489	191601	191516	86	86	96.51	2434640	2853886	0.00	0.00	NC_031000.1	NC_072850.1
554957	556188	1143246	1142009	1232	1238	98.55	2434640	4259108	0.05	0.03	NC_031000.1	NC_072846.1
556952	562063	1142015	1136900	5112	5116	99.18	2434640	4259108	0.21	0.12	NC_031000.1	NC_072846.1
574291	575108	2772408	2773210	818	803	90.75	2434640	4259108	0.03	0.02	NC_031000.1	NC_072846.1
575371	576658	3913369	3914656	1288	1288	95.57	2434640	4259108	0.05	0.03	NC_031000.1	NC_072846.1
589475	589692	2309917	2309700	218	218	94.04	2434640	4259108	0.01	0.01	NC_031000.1	NC_072846.1
603356	603736	35726	36111	381	386	80.15	2434640	4259108	0.02	0.01	NC_031000.1	NC_072846.1
605252	607543	2688735	2691071	2292	2337	89.93	2434640	2893631	0.09	0.08	NC_031000.1	NC_072849.1
608682	609077	128298	128693	396	396	93.43	2434640	4300638	0.02	0.01	NC_031000.1	NC_072845.1
609412	609741	128697	129025	330	329	90.99	2434640	4300638	0.01	0.01	NC_031000.1	NC_072845.1
610098	611167	2734847	2735915	1070	1069	88.97	2434640	4259108	0.04	0.03	NC_031000.1	NC_072846.1
611533	613477	1758556	1756614	1945	1943	82.15	2434640	4259108	0.08	0.05	NC_031000.1	NC_072846.1
612070	614453	2407366	2409743	2384	2378	86.80	2434640	4259108	0.10	0.06	NC_031000.1	NC_072846.1
618133	618364	387976	388207	232	232	99.14	2434640	4259108	0.01	0.01	NC_031000.1	NC_072846.1
624284	625413	2656454	2655312	1130	1143	84.08	2434640	4259108	0.05	0.03	NC_031000.1	NC_072846.1
625339	625456	3935554	3935437	118	118	94.07	2434640	4259108	0.00	0.00	NC_031000.1	NC_072846.1
625461	626218	734712	733956	758	757	88.59	2434640	4259108	0.03	0.02	NC_031000.1	NC_072846.1
629277	629604	2817071	2817397	328	327	89.97	2434640	2853886	0.01	0.01	NC_031000.1	NC_072850.1
629835	632319	226104	223622	2485	2483	98.99	2434640	2853886	0.10	0.09	NC_031000.1	NC_072850.1
632319	633337	223471	222465	1019	1007	95.00	2434640	2853886	0.04	0.04	NC_031000.1	NC_072850.1
633339	633773	222351	221916	435	436	97.94	2434640	2853886	0.02	0.02	NC_031000.1	NC_072850.1
634127	634329	2176244	2176444	203	201	97.04	2434640	4259108	0.01	0.00	NC_031000.1	NC_072846.1
642792	642862	2417806	2417875	71	70	98.59	2434640	4259108	0.00	0.00	NC_031000.1	NC_072846.1
646084	646228	851860	852004	145	145	96.55	2434640	4259108	0.01	0.00	NC_031000.1	NC_072846.1
668653	673477	3091961	3087131	4825	4831	98.10	2434640	4259108	0.20	0.11	NC_031000.1	NC_072846.1
674581	674673	3947959	3947867	93	93	93.62	2434640	4259108	0.00	0.00	NC_031000.1	NC_072846.1
675359	675514	5587342	5587187	156	156	93.59	2434640	5611497	0.01	0.00	NC_031000.1	NC_072841.1
689127	690981	2768556	2766703	1855	1854	97.95	2434640	4259108	0.08	0.04	NC_031000.1	NC_072846.1
695002	696835	2384222	2386054	1834	1833	98.69	2434640	4259108	0.08	0.04	NC_031000.1	NC_072846.1
737855	738001	987502	987368	147	135	90.48	2434640	4259108	0.01	0.00	NC_031000.1	NC_072846.1
741759	747436	4047204	4052921	5678	5718	95.46	2434640	4259108	0.23	0.13	NC_031000.1	NC_072846.1
759003	759416	818956	818543	414	414	90.17	2434640	4259108	0.02	0.01	NC_031000.1	NC_072846.1
759416	759771	1769213	1768860	356	354	85.20	2434640	4259108	0.01	0.01	NC_031000.1	NC_072846.1
774548	775699	1610842	1609701	1152	1142	87.95	2434640	4259108	0.05	0.03	NC_031000.1	NC_072846.1
777114	777210	3585620	3585525	97	96	93.81	2434640	4259108	0.00	0.00	NC_031000.1	NC_072846.1
789214	789461	642672	642919	248	248	95.56	2434640	4259108	0.01	0.01	NC_031000.1	NC_072846.1
796856	797248	2634277	2633886	393	392	93.15	2434640	2893631	0.02	0.01	NC_031000.1	NC_072849.1
801419	803218	3360430	3362229	1800	1800	88.26	2434640	4259108	0.07	0.04	NC_031000.1	NC_072846.1
810816	812647	920987	922816	1832	1830	90.42	2434640	4259108	0.08	0.04	NC_031000.1	NC_072846.1
821643	821802	2760488	2760641	160	154	87.50	2434640	2853886	0.01	0.01	NC_031000.1	NC_072850.1
829406	829672	1590865	1591132	267	268	97.39	2434640	4259108	0.01	0.01	NC_031000.1	NC_072846.1
831968	832205	3161931	3161698	238	234	89.50	2434640	4259108	0.01	0.01	NC_031000.1	NC_072846.1
838307	840867	2508478	2511028	2561	2551	81.25	2434640	4259108	0.11	0.06	NC_031000.1	NC_072846.1
842044	842645	1991854	1992456	602	603	94.86	2434640	4259108	0.02	0.01	NC_031000.1	NC_072846.1
846774	846937	2435276	2435434	164	159	85.45	2434640	4259108	0.01	0.00	NC_031000.1	NC_072846.1
853308	855452	3962816	3960633	2145	2184	94.32	2434640	4259108	0.09	0.05	NC_031000.1	NC_072846.1
861527	863710	3525409	3527601	2184	2193	96.40	2434640	4259108	0.09	0.05	NC_031000.1	NC_072846.1
865724	865930	3975052	3975269	207	218	86.70	2434640	4259108	0.01	0.01	NC_031000.1	NC_072846.1
866212	866372	1521931	1521771	161	161	96.89	2434640	4259108	0.01	0.00	NC_031000.1	NC_072846.1
869067	869409	1084886	1084544	343	343	91.86	2434640	4259108	0.01	0.01	NC_031000.1	NC_072846.1
877870	879022	2477383	2478534	1153	1152	85.51	2434640	4259108	0.05	0.03	NC_031000.1	NC_072846.1
879660	879839	3529227	3529406	180	180	98.89	2434640	4259108	0.01	0.00	NC_031000.1	NC_072846.1
880317	880638	2321053	2320729	322	325	94.15	2434640	4259108	0.01	0.01	NC_031000.1	NC_072846.1
882574	882707	947387	947254	134	134	89.55	2434640	4259108	0.01	0.00	NC_031000.1	NC_072846.1
890740	894767	4085612	4089656	4028	4045	96.02	2434640	4259108	0.17	0.09	NC_031000.1	NC_072846.1
896939	898169	864983	866253	1231	1271	87.93	2434640	4259108	0.05	0.03	NC_031000.1	NC_072846.1
898838	899188	94368	94717	351	350	96.30	2434640	4259108	0.01	0.01	NC_031000.1	NC_072846.1
901789	902928	1112669	1111552	1140	1118	91.86	2434640	4259108	0.05	0.03	NC_031000.1	NC_072846.1
906800	910590	1757558	1753790	3791	3769	95.07	2434640	4259108	0.16	0.09	NC_031000.1	NC_072846.1
910390	910734	2411552	2411903	345	352	82.49	2434640	4259108	0.01	0.01	NC_031000.1	NC_072846.1
911654	912470	634141	634959	817	819	98.41	2434640	4259108	0.03	0.02	NC_031000.1	NC_072846.1
912756	912966	1773151	1772949	211	203	89.15	2434640	4259108	0.01	0.00	NC_031000.1	NC_072846.1
912991	913317	1483675	1483346	327	330	86.10	2434640	4259108	0.01	0.01	NC_031000.1	NC_072846.1
916431	917366	2857040	2856102	936	939	90.86	2434640	2893631	0.04	0.03	NC_031000.1	NC_072849.1
917554	921865	46884	42576	4312	4309	99.56	2434640	2853886	0.18	0.15	NC_031000.1	NC_072850.1
927068	927984	2422975	2423891	917	917	86.40	2434640	2893631	0.04	0.03	NC_031000.1	NC_072849.1
930684	931501	2428844	2429651	818	808	85.26	2434640	2893631	0.03	0.03	NC_031000.1	NC_072849.1
932978	933418	627564	627123	441	442	85.21	2434640	4259108	0.02	0.01	NC_031000.1	NC_072846.1
939156	939623	2848181	2847713	468	469	93.39	2434640	4259108	0.02	0.01	NC_031000.1	NC_072846.1
943024	944340	251542	252852	1317	1311	99.16	2434640	2853886	0.05	0.05	NC_031000.1	NC_072850.1
944937	960696	252844	268604	15760	15761	99.80	2434640	2853886	0.65	0.55	NC_031000.1	NC_072850.1
960661	961644	268695	269679	984	985	99.59	2434640	2853886	0.04	0.03	NC_031000.1	NC_072850.1
962085	962669	269678	270261	585	584	99.32	2434640	2853886	0.02	0.02	NC_031000.1	NC_072850.1
963736	966458	270257	272979	2723	2723	99.67	2434640	2853886	0.11	0.10	NC_031000.1	NC_072850.1
973743	987699	283789	297741	13957	13953	99.02	2434640	2853886	0.57	0.49	NC_031000.1	NC_072850.1
987698	988139	338564	338123	442	442	99.55	2434640	2853886	0.02	0.02	NC_031000.1	NC_072850.1
1004560	1006354	4139923	4138130	1795	1794	96.77	2434640	4259108	0.07	0.04	NC_031000.1	NC_072846.1
1006088	1010348	329615	325354	4261	4262	99.77	2434640	2853886	0.18	0.15	NC_031000.1	NC_072850.1
1043216	1043404	325355	325167	189	189	98.94	2434640	2853886	0.01	0.01	NC_031000.1	NC_072850.1
1043398	1045262	2646908	2645044	1865	1865	98.34	2434640	4259108	0.08	0.04	NC_031000.1	NC_072846.1
1045257	1048589	325170	321837	3333	3334	86.62	2434640	2853886	0.14	0.12	NC_031000.1	NC_072850.1
1046258	1048615	2679293	2676977	2358	2317	94.11	2434640	2893631	0.10	0.08	NC_031000.1	NC_072849.1
1048715	1049917	320650	319443	1203	1208	94.95	2434640	2853886	0.05	0.04	NC_031000.1	NC_072850.1
1049916	1052814	319004	316106	2899	2899	99.66	2434640	2853886	0.12	0.10	NC_031000.1	NC_072850.1
1052812	1068883	315668	299601	16072	16068	98.06	2434640	2853886	0.66	0.56	NC_031000.1	NC_072850.1
1059514	1069033	3870993	3880519	9520	9527	94.21	2434640	4259108	0.39	0.22	NC_031000.1	NC_072846.1
1069025	1084074	3883512	3898546	15050	15035	98.42	2434640	4259108	0.62	0.35	NC_031000.1	NC_072846.1
1085747	1093945	1040896	1032681	8199	8216	99.27	2434640	4259108	0.34	0.19	NC_031000.1	NC_072846.1
1093941	1097056	1032258	1029143	3116	3116	99.45	2434640	4259108	0.13	0.07	NC_031000.1	NC_072846.1
1097090	1106745	1028651	1018945	9656	9707	98.48	2434640	4259108	0.40	0.23	NC_031000.1	NC_072846.1
1123079	1125631	1002571	1000020	2553	2552	99.65	2434640	4259108	0.10	0.06	NC_031000.1	NC_072846.1
1135730	1155777	1178313	1158305	20048	20009	99.06	2434640	4259108	0.82	0.47	NC_031000.1	NC_072846.1
1164111	1171708	1154966	1147365	7598	7602	98.65	2434640	4259108	0.31	0.18	NC_031000.1	NC_072846.1
1190657	1193359	90744	88047	2703	2698	94.76	2434640	2552985	0.11	0.11	NC_031000.1	NC_072851.1
1193916	1196938	95920	98968	3023	3049	88.94	2434640	3277645	0.12	0.09	NC_031000.1	NC_072848.1
1196936	1199166	1876133	1873915	2231	2219	97.27	2434640	4259108	0.09	0.05	NC_031000.1	NC_072846.1
1243002	1244089	3152954	3151868	1088	1087	90.63	2434640	4259108	0.04	0.03	NC_031000.1	NC_072846.1
1248469	1248840	2728902	2728531	372	372	96.77	2434640	4259108	0.02	0.01	NC_031000.1	NC_072846.1
1248840	1248907	3650832	3650765	68	68	100.00	2434640	4259108	0.00	0.00	NC_031000.1	NC_072846.1
1254847	1256719	1939787	1941659	1873	1873	97.97	2434640	4259108	0.08	0.04	NC_031000.1	NC_072846.1
1256718	1258752	2732103	2734097	2035	1995	87.22	2434640	2853886	0.08	0.07	NC_031000.1	NC_072850.1
1275997	1277102	252336	251249	1106	1088	90.21	2434640	2853886	0.05	0.04	NC_031000.1	NC_072850.1
1334613	1335182	4015649	4016227	570	579	92.07	2434640	4259108	0.02	0.01	NC_031000.1	NC_072846.1
1346398	1347227	2568024	2568857	830	834	84.61	2434640	2893631	0.03	0.03	NC_031000.1	NC_072849.1
1357134	1359547	3665881	3668294	2414	2414	86.55	2434640	4259108	0.10	0.06	NC_031000.1	NC_072846.1
1360822	1361024	2038932	2038731	203	202	93.63	2434640	4259108	0.01	0.00	NC_031000.1	NC_072846.1
1369227	1370418	3775406	3774207	1192	1200	88.30	2434640	4259108	0.05	0.03	NC_031000.1	NC_072846.1
1371590	1371782	619801	619993	193	193	88.60	2434640	4259108	0.01	0.00	NC_031000.1	NC_072846.1
1373856	1374544	2772828	2772147	689	682	90.36	2434640	4259108	0.03	0.02	NC_031000.1	NC_072846.1
1374289	1374547	933506	933766	259	261	90.80	2434640	4259108	0.01	0.01	NC_031000.1	NC_072846.1
1374746	1376216	191568	193038	1471	1471	82.93	2434640	4259108	0.06	0.03	NC_031000.1	NC_072846.1
1378196	1382113	1914189	1910283	3918	3907	95.64	2434640	4259108	0.16	0.09	NC_031000.1	NC_072846.1
1384752	1385018	4188024	4188290	267	267	98.13	2434640	4259108	0.01	0.01	NC_031000.1	NC_072846.1
1389065	1389218	3974606	3974453	154	154	99.35	2434640	4259108	0.01	0.00	NC_031000.1	NC_072846.1
1400429	1400614	637961	637775	186	187	95.19	2434640	4259108	0.01	0.00	NC_031000.1	NC_072846.1
1404517	1404687	2309689	2309858	171	170	92.98	2434640	4259108	0.01	0.00	NC_031000.1	NC_072846.1
1404772	1405049	1338033	1337765	278	269	94.24	2434640	4259108	0.01	0.01	NC_031000.1	NC_072846.1
1405321	1407124	3492474	3494277	1804	1804	98.34	2434640	4259108	0.07	0.04	NC_031000.1	NC_072846.1
1405753	1407154	3755897	3754497	1402	1401	86.76	2434640	4259108	0.06	0.03	NC_031000.1	NC_072846.1
1407547	1411734	1333932	1329751	4188	4182	95.78	2434640	4259108	0.17	0.10	NC_031000.1	NC_072846.1
1414001	1415483	3092996	3094482	1483	1487	90.68	2434640	4259108	0.06	0.03	NC_031000.1	NC_072846.1
1421528	1422256	1067275	1066546	729	730	98.90	2434640	4259108	0.03	0.02	NC_031000.1	NC_072846.1
1424506	1424680	188050	187884	175	167	90.29	2434640	2853886	0.01	0.01	NC_031000.1	NC_072850.1
1427710	1434422	1328113	1321375	6713	6739	97.48	2434640	4259108	0.28	0.16	NC_031000.1	NC_072846.1
1434421	1446045	1319570	1307970	11625	11601	99.13	2434640	4259108	0.48	0.27	NC_031000.1	NC_072846.1
1446148	1446562	1307972	1307558	415	415	100.00	2434640	4259108	0.02	0.01	NC_031000.1	NC_072846.1
1446740	1454562	1307560	1299763	7823	7798	99.23	2434640	4259108	0.32	0.18	NC_031000.1	NC_072846.1
1454560	1457955	1297548	1294151	3396	3398	99.35	2434640	4259108	0.14	0.08	NC_031000.1	NC_072846.1
1457952	1460889	1294117	1291181	2938	2937	99.52	2434640	4259108	0.12	0.07	NC_031000.1	NC_072846.1
1460896	1468315	1290779	1283359	7420	7421	99.37	2434640	4259108	0.30	0.17	NC_031000.1	NC_072846.1
1523943	1533043	2669792	2660734	9101	9059	94.90	2434640	4259108	0.37	0.21	NC_031000.1	NC_072846.1
1533794	1535592	3983529	3985330	1799	1802	91.18	2434640	4259108	0.07	0.04	NC_031000.1	NC_072846.1
1535790	1536143	3985327	3985678	354	352	96.05	2434640	4259108	0.01	0.01	NC_031000.1	NC_072846.1
1537912	1539990	3783532	3781443	2079	2090	87.42	2434640	4259108	0.09	0.05	NC_031000.1	NC_072846.1
1558027	1560646	2639543	2642215	2620	2673	94.84	2434640	4259108	0.11	0.06	NC_031000.1	NC_072846.1
1560876	1573750	2443571	2456459	12875	12889	97.67	2434640	4259108	0.53	0.30	NC_031000.1	NC_072846.1
1604272	1606257	1712682	1710697	1986	1986	99.14	2434640	4259108	0.08	0.05	NC_031000.1	NC_072846.1
1607384	1626261	3450374	3431578	18878	18797	98.99	2434640	4259108	0.78	0.44	NC_031000.1	NC_072846.1
1626411	1640130	61730	75478	13720	13749	95.36	2434640	4300638	0.56	0.32	NC_031000.1	NC_072845.1
1668318	1670752	2493738	2496165	2435	2428	97.17	2434640	4259108	0.10	0.06	NC_031000.1	NC_072846.1
1672433	1673705	700350	701635	1273	1286	95.18	2434640	4259108	0.05	0.03	NC_031000.1	NC_072846.1
1672699	1674432	40023	38301	1734	1723	92.50	2434640	4259108	0.07	0.04	NC_031000.1	NC_072846.1
1674086	1675605	701635	703147	1520	1513	96.25	2434640	4259108	0.06	0.04	NC_031000.1	NC_072846.1
1689823	1692140	3407271	3404956	2318	2316	95.05	2434640	4259108	0.10	0.05	NC_031000.1	NC_072846.1
1692048	1694478	3404796	3402366	2431	2431	99.47	2434640	4259108	0.10	0.06	NC_031000.1	NC_072846.1
1714877	1721890	3371602	3364572	7014	7031	97.08	2434640	4259108	0.29	0.17	NC_031000.1	NC_072846.1
1726394	1728535	2292987	2290857	2142	2131	89.67	2434640	4259108	0.09	0.05	NC_031000.1	NC_072846.1
1729138	1731885	2292987	2290252	2748	2736	89.72	2434640	4259108	0.11	0.06	NC_031000.1	NC_072846.1
1732081	1733511	2289189	2287743	1431	1447	92.54	2434640	4259108	0.06	0.03	NC_031000.1	NC_072846.1
1733741	1737349	2286760	2283153	3609	3608	96.70	2434640	4259108	0.15	0.08	NC_031000.1	NC_072846.1
1737449	1745546	2285250	2277114	8098	8137	94.04	2434640	4259108	0.33	0.19	NC_031000.1	NC_072846.1
1750789	1751786	2948215	2947213	998	1003	90.09	2434640	4259108	0.04	0.02	NC_031000.1	NC_072846.1
1752266	1752711	3329889	3329444	446	446	98.88	2434640	4259108	0.02	0.01	NC_031000.1	NC_072846.1
1753005	1757327	3078234	3073912	4323	4323	98.54	2434640	4259108	0.18	0.10	NC_031000.1	NC_072846.1
1759164	1759332	2156969	2156801	169	169	91.72	2434640	4259108	0.01	0.00	NC_031000.1	NC_072846.1
1761637	1762324	3328803	3328119	688	685	96.96	2434640	4259108	0.03	0.02	NC_031000.1	NC_072846.1
1764185	1765717	3328120	3326589	1533	1532	99.15	2434640	4259108	0.06	0.04	NC_031000.1	NC_072846.1
1767930	1774962	3324303	3317196	7033	7108	97.61	2434640	4259108	0.29	0.17	NC_031000.1	NC_072846.1
1774961	1782181	3317029	3309789	7221	7241	98.00	2434640	4259108	0.30	0.17	NC_031000.1	NC_072846.1
1797764	1812433	3286752	3272099	14670	14654	99.22	2434640	4259108	0.60	0.34	NC_031000.1	NC_072846.1
1813089	1814353	3272112	3270848	1265	1265	99.53	2434640	4259108	0.05	0.03	NC_031000.1	NC_072846.1
1814349	1815017	3270697	3270026	669	672	99.11	2434640	4259108	0.03	0.02	NC_031000.1	NC_072846.1
1821724	1831398	3261752	3252082	9675	9671	99.19	2434640	4259108	0.40	0.23	NC_031000.1	NC_072846.1
1846240	1867787	3239857	3218369	21548	21489	99.01	2434640	4259108	0.89	0.50	NC_031000.1	NC_072846.1
1868226	1895268	3218370	3191317	27043	27054	99.13	2434640	4259108	1.11	0.64	NC_031000.1	NC_072846.1
1895214	1903383	3191328	3183175	8170	8154	98.53	2434640	4259108	0.34	0.19	NC_031000.1	NC_072846.1
1903821	1905307	3183176	3181690	1487	1487	98.72	2434640	4259108	0.06	0.03	NC_031000.1	NC_072846.1
1905404	1908973	3181574	3178009	3570	3566	98.41	2434640	4259108	0.15	0.08	NC_031000.1	NC_072846.1
1915545	1917408	914688	912830	1864	1859	95.17	2434640	4259108	0.08	0.04	NC_031000.1	NC_072846.1
1929062	1929169	20515	20622	108	108	96.30	2434640	2552985	0.00	0.00	NC_031000.1	NC_072851.1
1930060	1932711	1090598	1087948	2652	2651	99.02	2434640	4259108	0.11	0.06	NC_031000.1	NC_072846.1
1932708	1934293	1283083	1281498	1586	1586	93.19	2434640	4259108	0.07	0.04	NC_031000.1	NC_072846.1
1936071	1936416	642922	643267	346	346	99.13	2434640	4259108	0.01	0.01	NC_031000.1	NC_072846.1
1951983	1952428	1321030	1321487	446	458	89.11	2434640	4259108	0.02	0.01	NC_031000.1	NC_072846.1
1954405	1957002	3605442	3602845	2598	2598	95.12	2434640	4259108	0.11	0.06	NC_031000.1	NC_072846.1
1966139	1969292	990798	987655	3154	3144	98.19	2434640	4259108	0.13	0.07	NC_031000.1	NC_072846.1
1969717	1969986	2474109	2474378	270	270	99.26	2434640	4259108	0.01	0.01	NC_031000.1	NC_072846.1
1989892	1990048	2323649	2323494	157	156	97.45	2434640	2552985	0.01	0.01	NC_031000.1	NC_072851.1
1995530	1995768	754927	754689	239	239	87.45	2434640	4259108	0.01	0.01	NC_031000.1	NC_072846.1
1996470	1996632	1656399	1656561	163	163	93.25	2434640	4259108	0.01	0.00	NC_031000.1	NC_072846.1
1997501	1999876	950294	947928	2376	2367	92.66	2434640	4259108	0.10	0.06	NC_031000.1	NC_072846.1
2002124	2004591	747096	744662	2468	2435	91.94	2434640	4259108	0.10	0.06	NC_031000.1	NC_072846.1
2008674	2009966	367743	369020	1293	1278	92.12	2434640	2853886	0.05	0.04	NC_031000.1	NC_072850.1
2010180	2013208	369018	372050	3029	3033	94.83	2434640	2853886	0.12	0.11	NC_031000.1	NC_072850.1
2013374	2014599	372096	373321	1226	1226	92.58	2434640	2853886	0.05	0.04	NC_031000.1	NC_072850.1
2014708	2015123	373425	373840	416	416	96.39	2434640	2853886	0.02	0.01	NC_031000.1	NC_072850.1
2015201	2018120	340392	343324	2920	2933	90.17	2434640	4259108	0.12	0.07	NC_031000.1	NC_072846.1
2019024	2024681	2612595	2618266	5658	5672	96.46	2434640	4259108	0.23	0.13	NC_031000.1	NC_072846.1
2025040	2027012	1565687	1567667	1973	1981	90.92	2434640	4259108	0.08	0.05	NC_031000.1	NC_072846.1
2028287	2029492	1567662	1568846	1206	1185	87.78	2434640	4259108	0.05	0.03	NC_031000.1	NC_072846.1
2029912	2030043	24880	24750	132	131	94.70	2434640	4259108	0.01	0.00	NC_031000.1	NC_072846.1
2030093	2031639	2634691	2636231	1547	1541	90.70	2434640	2893631	0.06	0.05	NC_031000.1	NC_072849.1
2042892	2043112	2287495	2287714	221	220	91.44	2434640	4259108	0.01	0.01	NC_031000.1	NC_072846.1
2058136	2060838	2468330	2471049	2703	2720	97.28	2434640	4259108	0.11	0.06	NC_031000.1	NC_072846.1
2061154	2064048	2471231	2474117	2895	2887	94.75	2434640	4259108	0.12	0.07	NC_031000.1	NC_072846.1
2064047	2064456	2474376	2474783	410	408	97.07	2434640	4259108	0.02	0.01	NC_031000.1	NC_072846.1
2064645	2066837	5229154	5231346	2193	2193	96.94	2434640	5611497	0.09	0.04	NC_031000.1	NC_072841.1
2066833	2069063	2474782	2477005	2231	2224	97.31	2434640	4259108	0.09	0.05	NC_031000.1	NC_072846.1
2071303	2074098	327808	330602	2796	2795	99.57	2434640	4259108	0.11	0.07	NC_031000.1	NC_072846.1
2078767	2079620	1535483	1534630	854	854	99.41	2434640	4259108	0.04	0.02	NC_031000.1	NC_072846.1
2079618	2079926	2364465	2364773	309	309	99.03	2434640	4259108	0.01	0.01	NC_031000.1	NC_072846.1
2084597	2085891	3713412	3712118	1295	1295	87.89	2434640	4259108	0.05	0.03	NC_031000.1	NC_072846.1
2088789	2089547	3865287	3864529	759	759	97.63	2434640	4259108	0.03	0.02	NC_031000.1	NC_072846.1
2101760	2101849	819952	819863	90	90	100.00	2434640	4259108	0.00	0.00	NC_031000.1	NC_072846.1
2105066	2107879	2931238	2934051	2814	2814	98.90	2434640	4259108	0.12	0.07	NC_031000.1	NC_072846.1
2107878	2110941	642737	639674	3064	3064	97.46	2434640	4259108	0.13	0.07	NC_031000.1	NC_072846.1
2112792	2116785	1358412	1362404	3994	3993	98.77	2434640	4259108	0.16	0.09	NC_031000.1	NC_072846.1
2119642	2120244	2572421	2571821	603	601	98.34	2434640	4259108	0.02	0.01	NC_031000.1	NC_072846.1
2126417	2126553	303432	303568	137	137	98.54	2434640	4259108	0.01	0.00	NC_031000.1	NC_072846.1
2129566	2129672	3545152	3545046	107	107	96.26	2434640	4259108	0.00	0.00	NC_031000.1	NC_072846.1
2129573	2129674	633854	633956	102	103	95.15	2434640	4259108	0.00	0.00	NC_031000.1	NC_072846.1
2130629	2130760	2602895	2603027	132	133	96.24	2434640	2853886	0.01	0.00	NC_031000.1	NC_072850.1
2131257	2131444	2721876	2722058	188	183	90.43	2434640	4259108	0.01	0.00	NC_031000.1	NC_072846.1
2131817	2132978	2299699	2300860	1162	1162	93.04	2434640	2552985	0.05	0.05	NC_031000.1	NC_072851.1
2133738	2134815	2300853	2301930	1078	1078	98.24	2434640	2552985	0.04	0.04	NC_031000.1	NC_072851.1
2134814	2134920	54774	54668	107	107	99.07	2434640	2893631	0.00	0.00	NC_031000.1	NC_072849.1
2134817	2135852	30412	29379	1036	1034	91.14	2434640	4731052	0.04	0.02	NC_031000.1	NC_072843.1
2135851	2140030	2301919	2306004	4180	4086	92.72	2434640	2552985	0.17	0.16	NC_031000.1	NC_072851.1
2140412	2140880	2305991	2306459	469	469	94.67	2434640	2552985	0.02	0.02	NC_031000.1	NC_072851.1
2145483	2146870	2307520	2308904	1388	1385	96.33	2434640	2552985	0.06	0.05	NC_031000.1	NC_072851.1
2150356	2153878	2309700	2313257	3523	3558	94.77	2434640	2552985	0.14	0.14	NC_031000.1	NC_072851.1
2157881	2163481	170510	164941	5601	5570	96.30	2434640	4259108	0.23	0.13	NC_031000.1	NC_072846.1
2163796	2167081	3846771	3850065	3286	3295	97.94	2434640	4259108	0.13	0.08	NC_031000.1	NC_072846.1
2163839	2167081	3654012	3650766	3243	3247	98.49	2434640	4259108	0.13	0.08	NC_031000.1	NC_072846.1
2179080	2179341	3115049	3115310	262	262	97.33	2434640	4259108	0.01	0.01	NC_031000.1	NC_072846.1
2179080	2179359	139600	139319	280	282	90.78	2434640	3716460	0.01	0.01	NC_031000.1	NC_072847.1
2185345	2185456	3115305	3115416	112	112	96.43	2434640	4259108	0.00	0.00	NC_031000.1	NC_072846.1
2194458	2194690	1978038	1978270	233	233	90.17	2434640	4259108	0.01	0.01	NC_031000.1	NC_072846.1
2195099	2197915	22915	25725	2817	2811	87.60	2434640	4300638	0.12	0.07	NC_031000.1	NC_072845.1
2199332	2204747	43375	48849	5416	5475	92.77	2434640	4300638	0.22	0.13	NC_031000.1	NC_072845.1
2204747	2207781	49242	52310	3035	3069	88.82	2434640	4300638	0.12	0.07	NC_031000.1	NC_072845.1
2208092	2223643	53128	68755	15552	15628	93.80	2434640	4300638	0.64	0.36	NC_031000.1	NC_072845.1
2230596	2239314	73032	81760	8719	8729	91.70	2434640	4300638	0.36	0.20	NC_031000.1	NC_072845.1
2233557	2239574	17652	23705	6018	6054	85.90	2434640	5151772	0.25	0.12	NC_031000.1	NC_072842.1
2240132	2245748	23842	29417	5617	5576	88.20	2434640	5151772	0.23	0.11	NC_031000.1	NC_072842.1
2246836	2250024	91043	94228	3189	3186	92.48	2434640	4300638	0.13	0.07	NC_031000.1	NC_072845.1
2258316	2258465	2321095	2321244	150	150	100.00	2434640	4259108	0.01	0.00	NC_031000.1	NC_072846.1
2263413	2263595	2696482	2696300	183	183	96.17	2434640	4259108	0.01	0.00	NC_031000.1	NC_072846.1
2271112	2272301	3390554	3391743	1190	1190	99.08	2434640	4259108	0.05	0.03	NC_031000.1	NC_072846.1
2283357	2283884	2414213	2414743	528	531	92.47	2434640	4259108	0.02	0.01	NC_031000.1	NC_072846.1
2283371	2284260	2618756	2617866	890	891	88.91	2434640	4259108	0.04	0.02	NC_031000.1	NC_072846.1
2293397	2295261	189171	187307	1865	1865	98.45	2434640	4259108	0.08	0.04	NC_031000.1	NC_072846.1
2319290	2319687	2838753	2838357	398	397	98.49	2434640	4259108	0.02	0.01	NC_031000.1	NC_072846.1
2332654	2333102	2431985	2431537	449	449	97.55	2434640	4259108	0.02	0.01	NC_031000.1	NC_072846.1
2337966	2339400	3618593	3620026	1435	1434	86.38	2434640	4259108	0.06	0.03	NC_031000.1	NC_072846.1
2342851	2343056	2229268	2229063	206	206	98.54	2434640	4259108	0.01	0.00	NC_031000.1	NC_072846.1
2351282	2351377	2660470	2660565	96	96	100.00	2434640	4259108	0.00	0.00	NC_031000.1	NC_072846.1
2351473	2351631	3126680	3126837	159	158	94.41	2434640	4259108	0.01	0.00	NC_031000.1	NC_072846.1
2352661	2352855	521752	521945	195	194	95.41	2434640	4259108	0.01	0.00	NC_031000.1	NC_072846.1
2358753	2359017	2442412	2442676	265	265	97.74	2434640	4259108	0.01	0.01	NC_031000.1	NC_072846.1
2378309	2378548	5553852	5553615	240	238	88.33	2434640	5611497	0.01	0.00	NC_031000.1	NC_072841.1
