1	5803	127191	132992	5803	5802	99.98	6854980	6551299	0.08	0.09	NC_030986.1	CM012187.1
5951	12511	133045	139607	6561	6563	99.94	6854980	6551299	0.10	0.10	NC_030986.1	CM012187.1
33863	75748	157831	199711	41886	41881	99.98	6854980	6551299	0.61	0.64	NC_030986.1	CM012187.1
76401	129074	199697	252372	52674	52676	99.98	6854980	6551299	0.77	0.80	NC_030986.1	CM012187.1
129275	162899	252451	286067	33625	33617	99.94	6854980	6551299	0.49	0.51	NC_030986.1	CM012187.1
163586	216308	286088	338784	52723	52697	99.77	6854980	6551299	0.77	0.80	NC_030986.1	CM012187.1
216954	240836	338768	362639	23883	23872	99.91	6854980	6551299	0.35	0.36	NC_030986.1	CM012187.1
243297	274794	364782	396276	31498	31495	99.96	6854980	6551299	0.46	0.48	NC_030986.1	CM012187.1
275032	288195	396493	409654	13164	13162	99.98	6854980	6551299	0.19	0.20	NC_030986.1	CM012187.1
288043	438830	414898	565666	150788	150769	99.97	6854980	6551299	2.20	2.30	NC_030986.1	CM012187.1
438970	539794	565793	666626	100825	100834	99.97	6854980	6551299	1.47	1.54	NC_030986.1	CM012187.1
539941	577955	666757	704768	38015	38012	99.98	6854980	6551299	0.55	0.58	NC_030986.1	CM012187.1
578148	637619	704960	764426	59472	59467	99.98	6854980	6551299	0.87	0.91	NC_030986.1	CM012187.1
638790	640417	765686	767312	1628	1627	99.94	6854980	6551299	0.02	0.02	NC_030986.1	CM012187.1
640737	642387	767489	769139	1651	1651	99.88	6854980	6551299	0.02	0.03	NC_030986.1	CM012187.1
643088	691454	769546	817908	48367	48363	99.99	6854980	6551299	0.71	0.74	NC_030986.1	CM012187.1
691581	737649	818017	864080	46069	46064	99.93	6854980	6551299	0.67	0.70	NC_030986.1	CM012187.1
738266	764513	864501	890738	26248	26238	99.90	6854980	6551299	0.38	0.40	NC_030986.1	CM012187.1
764681	847960	890839	974082	83280	83244	99.88	6854980	6551299	1.21	1.27	NC_030986.1	CM012187.1
848100	855774	974239	981913	7675	7675	99.96	6854980	6551299	0.11	0.12	NC_030986.1	CM012187.1
856350	937471	982450	1063505	81122	81056	99.89	6854980	6551299	1.18	1.24	NC_030986.1	CM012187.1
937971	973717	1064072	1099801	35747	35730	99.82	6854980	6551299	0.52	0.55	NC_030986.1	CM012187.1
973872	1025821	1099950	1151898	51950	51949	99.99	6854980	6551299	0.76	0.79	NC_030986.1	CM012187.1
1026042	1062598	1152116	1188673	36557	36558	99.99	6854980	6551299	0.53	0.56	NC_030986.1	CM012187.1
1062724	1123970	1188782	1250027	61247	61246	99.98	6854980	6551299	0.89	0.93	NC_030986.1	CM012187.1
1127153	1137952	1253393	1264191	10800	10799	99.99	6854980	6551299	0.16	0.16	NC_030986.1	CM012187.1
1138110	1157906	1264338	1284134	19797	19797	99.98	6854980	6551299	0.29	0.30	NC_030986.1	CM012187.1
1158045	1243454	1284143	1369539	85410	85397	99.98	6854980	6551299	1.25	1.30	NC_030986.1	CM012187.1
1244348	1268316	1370481	1394446	23969	23966	99.98	6854980	6551299	0.35	0.37	NC_030986.1	CM012187.1
1268967	1396925	1394431	1522361	127959	127931	99.92	6854980	6551299	1.87	1.95	NC_030986.1	CM012187.1
1397117	1400314	1522492	1525688	3198	3197	99.97	6854980	6551299	0.05	0.05	NC_030986.1	CM012187.1
1401055	1474366	1526266	1599570	73312	73305	99.99	6854980	6551299	1.07	1.12	NC_030986.1	CM012187.1
1474365	1488438	1601431	1615504	14074	14074	99.96	6854980	6551299	0.21	0.21	NC_030986.1	CM012187.1
1488584	1565615	1615577	1692605	77032	77029	99.98	6854980	6551299	1.12	1.18	NC_030986.1	CM012187.1
1566059	1574979	1692988	1701907	8921	8920	99.96	6854980	6551299	0.13	0.14	NC_030986.1	CM012187.1
1575150	1597084	1702066	1723997	21935	21932	99.99	6854980	6551299	0.32	0.33	NC_030986.1	CM012187.1
1597077	1603705	1724757	1731389	6629	6633	99.92	6854980	6551299	0.10	0.10	NC_030986.1	CM012187.1
1604706	1608527	1782583	1786399	3822	3817	99.82	6854980	6551299	0.06	0.06	NC_030986.1	CM012187.1
1610345	1632854	1787982	1810492	22510	22511	99.97	6854980	6551299	0.33	0.34	NC_030986.1	CM012187.1
1632839	1711439	1811149	1889739	78601	78591	99.95	6854980	6551299	1.15	1.20	NC_030986.1	CM012187.1
1711538	1733541	1889842	1911860	22004	22019	99.86	6854980	6551299	0.32	0.34	NC_030986.1	CM012187.1
1734177	1755293	1912335	1933449	21117	21115	99.98	6854980	6551299	0.31	0.32	NC_030986.1	CM012187.1
1755402	1784806	1933563	1962965	29405	29403	99.99	6854980	6551299	0.43	0.45	NC_030986.1	CM012187.1
1784962	1838835	1963045	2016868	53874	53824	99.86	6854980	6551299	0.79	0.82	NC_030986.1	CM012187.1
1839424	1859148	2017450	2037168	19725	19719	99.89	6854980	6551299	0.29	0.30	NC_030986.1	CM012187.1
1859805	1866177	2037157	2043526	6373	6370	99.78	6854980	6551299	0.09	0.10	NC_030986.1	CM012187.1
1867886	1879114	2045049	2056276	11229	11228	99.99	6854980	6551299	0.16	0.17	NC_030986.1	CM012187.1
1879755	1910582	2056783	2087596	30828	30814	99.93	6854980	6551299	0.45	0.47	NC_030986.1	CM012187.1
1911218	1922059	2088044	2098886	10842	10843	99.99	6854980	6551299	0.16	0.17	NC_030986.1	CM012187.1
1922046	1930505	2099547	2108005	8460	8459	99.93	6854980	6551299	0.12	0.13	NC_030986.1	CM012187.1
1930961	1960778	2108080	2137892	29818	29813	99.94	6854980	6551299	0.43	0.46	NC_030986.1	CM012187.1
1961366	1988142	2138416	2165190	26777	26775	99.99	6854980	6551299	0.39	0.41	NC_030986.1	CM012187.1
1988595	2017609	2165561	2194568	29015	29008	99.97	6854980	6551299	0.42	0.44	NC_030986.1	CM012187.1
2017716	2035931	2194584	2212741	18216	18158	99.49	6854980	6551299	0.27	0.28	NC_030986.1	CM012187.1
2036757	2040066	2213284	2216591	3310	3308	99.91	6854980	6551299	0.05	0.05	NC_030986.1	CM012187.1
2040529	2053768	2217146	2230375	13240	13230	99.60	6854980	6551299	0.19	0.20	NC_030986.1	CM012187.1
2054278	2087448	2231096	2264264	33171	33169	99.91	6854980	6551299	0.48	0.51	NC_030986.1	CM012187.1
2087897	2250774	2264882	2427745	162878	162864	99.97	6854980	6551299	2.38	2.49	NC_030986.1	CM012187.1
2251303	2252610	2428145	2429451	1308	1307	99.92	6854980	6551299	0.02	0.02	NC_030986.1	CM012187.1
2252711	2308623	2429577	2485492	55913	55916	99.97	6854980	6551299	0.82	0.85	NC_030986.1	CM012187.1
2308743	2376118	2485606	2552997	67376	67392	99.94	6854980	6551299	0.98	1.03	NC_030986.1	CM012187.1
2376108	2560638	2553096	2737615	184531	184520	99.97	6854980	6551299	2.69	2.82	NC_030986.1	CM012187.1
2561019	2632522	2737873	2809369	71504	71497	99.84	6854980	6551299	1.04	1.09	NC_030986.1	CM012187.1
2634086	2662913	2810606	2839432	28828	28827	99.99	6854980	6551299	0.42	0.44	NC_030986.1	CM012187.1
2663282	2678201	2839659	2854571	14920	14913	99.93	6854980	6551299	0.22	0.23	NC_030986.1	CM012187.1
2678481	2704155	2854860	2880559	25675	25700	99.90	6854980	6551299	0.37	0.39	NC_030986.1	CM012187.1
2704315	2899757	2880718	3076134	195443	195417	99.96	6854980	6551299	2.85	2.98	NC_030986.1	CM012187.1
2900220	2909690	3076628	3086099	9471	9472	99.89	6854980	6551299	0.14	0.14	NC_030986.1	CM012187.1
2910154	2950021	3086400	3126271	39868	39872	99.92	6854980	6551299	0.58	0.61	NC_030986.1	CM012187.1
2950138	2975731	3126392	3151984	25594	25593	99.92	6854980	6551299	0.37	0.39	NC_030986.1	CM012187.1
2977184	2992114	3152765	3167695	14931	14931	100.00	6854980	6551299	0.22	0.23	NC_030986.1	CM012187.1
2992343	3274241	3167838	3449699	281899	281862	99.98	6854980	6551299	4.11	4.30	NC_030986.1	CM012187.1
3274487	3279088	3449939	3454539	4602	4601	99.98	6854980	6551299	0.07	0.07	NC_030986.1	CM012187.1
3279404	3328448	3454893	3503923	49045	49031	99.92	6854980	6551299	0.72	0.75	NC_030986.1	CM012187.1
3328637	3341020	3503975	3516357	12384	12383	99.98	6854980	6551299	0.18	0.19	NC_030986.1	CM012187.1
3341779	3384547	3517230	3559995	42769	42766	99.99	6854980	6551299	0.62	0.65	NC_030986.1	CM012187.1
3384727	3511518	3560182	3686947	126792	126766	99.97	6854980	6551299	1.85	1.93	NC_030986.1	CM012187.1
3511845	3625585	3687433	3801161	113741	113729	99.99	6854980	6551299	1.66	1.74	NC_030986.1	CM012187.1
3625719	3630814	3801293	3806361	5096	5069	98.33	6854980	6551299	0.07	0.08	NC_030986.1	CM012187.1
3631043	3632428	3806493	3807878	1386	1386	99.57	6854980	6551299	0.02	0.02	NC_030986.1	CM012187.1
3632626	3714483	3808112	3889961	81858	81850	99.98	6854980	6551299	1.19	1.25	NC_030986.1	CM012187.1
3715878	3737476	3891373	3912968	21599	21596	99.98	6854980	6551299	0.32	0.33	NC_030986.1	CM012187.1
3737602	3749639	3912969	3925005	12038	12037	99.99	6854980	6551299	0.18	0.18	NC_030986.1	CM012187.1
3749763	3825770	3925122	4001080	76008	75959	99.90	6854980	6551299	1.11	1.16	NC_030986.1	CM012187.1
3826146	3903713	4001435	4078990	77568	77556	99.96	6854980	6551299	1.13	1.18	NC_030986.1	CM012187.1
3905334	3927165	4079701	4101435	21832	21735	99.40	6854980	6551299	0.32	0.33	NC_030986.1	CM012187.1
3927500	3959592	4101685	4133781	32093	32097	99.79	6854980	6551299	0.47	0.49	NC_030986.1	CM012187.1
3959736	3979754	4133850	4153863	20019	20014	99.96	6854980	6551299	0.29	0.31	NC_030986.1	CM012187.1
3979900	3983062	4153995	4157158	3163	3164	99.78	6854980	6551299	0.05	0.05	NC_030986.1	CM012187.1
3983165	4031489	4157139	4205456	48325	48318	99.98	6854980	6551299	0.70	0.74	NC_030986.1	CM012187.1
4032198	4038151	4206090	4212043	5954	5954	99.95	6854980	6551299	0.09	0.09	NC_030986.1	CM012187.1
4038497	4067950	4212282	4241718	29454	29437	99.78	6854980	6551299	0.43	0.45	NC_030986.1	CM012187.1
4068605	4276331	4241706	4449358	207727	207653	99.94	6854980	6551299	3.03	3.17	NC_030986.1	CM012187.1
4276884	4282115	4449861	4455092	5232	5232	99.75	6854980	6551299	0.08	0.08	NC_030986.1	CM012187.1
4282846	4294882	4455291	4467326	12037	12036	99.96	6854980	6551299	0.18	0.18	NC_030986.1	CM012187.1
4295893	4308855	4468305	4481264	12963	12960	99.98	6854980	6551299	0.19	0.20	NC_030986.1	CM012187.1
4308841	4313534	4481928	4486617	4694	4690	99.85	6854980	6551299	0.07	0.07	NC_030986.1	CM012187.1
4313681	4343293	4486647	4516169	29613	29523	99.63	6854980	6551299	0.43	0.45	NC_030986.1	CM012187.1
4343647	4454226	4516433	4626935	110580	110503	99.89	6854980	6551299	1.61	1.69	NC_030986.1	CM012187.1
4454402	4456309	4627108	4629012	1908	1905	99.74	6854980	6551299	0.03	0.03	NC_030986.1	CM012187.1
4456443	4467888	4629028	4640467	11446	11440	99.76	6854980	6551299	0.17	0.17	NC_030986.1	CM012187.1
4468134	4485570	4640607	4658042	17437	17436	99.99	6854980	6551299	0.25	0.27	NC_030986.1	CM012187.1
4487516	4489031	4658508	4660020	1516	1513	99.47	6854980	6551299	0.02	0.02	NC_030986.1	CM012187.1
4491869	4493145	4662349	4663626	1277	1278	99.69	6854980	6551299	0.02	0.02	NC_030986.1	CM012187.1
4493247	4524813	4663992	4695555	31567	31564	99.99	6854980	6551299	0.46	0.48	NC_030986.1	CM012187.1
4524977	4580341	4695718	4751077	55365	55360	99.99	6854980	6551299	0.81	0.85	NC_030986.1	CM012187.1
4580549	4607646	4751269	4778362	27098	27094	99.98	6854980	6551299	0.40	0.41	NC_030986.1	CM012187.1
4607633	4812752	4779018	4984080	205120	205063	99.94	6854980	6551299	2.99	3.13	NC_030986.1	CM012187.1
4812902	4814386	4984231	4985715	1485	1485	100.00	6854980	6551299	0.02	0.02	NC_030986.1	CM012187.1
4815043	4823462	4985702	4994123	8420	8422	99.81	6854980	6551299	0.12	0.13	NC_030986.1	CM012187.1
4823692	4927338	4994233	5097873	103647	103641	99.99	6854980	6551299	1.51	1.58	NC_030986.1	CM012187.1
4927848	4945864	5098055	5116067	18017	18013	99.77	6854980	6551299	0.26	0.27	NC_030986.1	CM012187.1
4945964	4949000	5116068	5119104	3037	3037	99.90	6854980	6551299	0.04	0.05	NC_030986.1	CM012187.1
4949450	4952427	5119456	5122434	2978	2979	99.97	6854980	6551299	0.04	0.05	NC_030986.1	CM012187.1
4952812	4955394	5122687	5125270	2583	2584	99.88	6854980	6551299	0.04	0.04	NC_030986.1	CM012187.1
4955992	4975590	5125927	5145548	19599	19622	99.84	6854980	6551299	0.29	0.30	NC_030986.1	CM012187.1
4975717	5124523	5145726	5294520	148807	148795	99.94	6854980	6551299	2.17	2.27	NC_030986.1	CM012187.1
5125631	5158304	5295618	5328291	32674	32674	99.98	6854980	6551299	0.48	0.50	NC_030986.1	CM012187.1
5158565	5292343	5328481	5462236	133779	133756	99.93	6854980	6551299	1.95	2.04	NC_030986.1	CM012187.1
5292449	5308002	5462334	5477882	15554	15549	99.95	6854980	6551299	0.23	0.24	NC_030986.1	CM012187.1
5308135	5346658	5478074	5516593	38524	38520	99.98	6854980	6551299	0.56	0.59	NC_030986.1	CM012187.1
5347195	5361443	5517084	5531332	14249	14249	100.00	6854980	6551299	0.21	0.22	NC_030986.1	CM012187.1
5361588	5378674	5531500	5548586	17087	17087	99.95	6854980	6551299	0.25	0.26	NC_030986.1	CM012187.1
5378856	5412580	5548672	5582394	33725	33723	99.99	6854980	6551299	0.49	0.51	NC_030986.1	CM012187.1
5412697	5453300	5582500	5623059	40604	40560	99.82	6854980	6551299	0.59	0.62	NC_030986.1	CM012187.1
5453482	5500589	5623212	5670319	47108	47108	99.99	6854980	6551299	0.69	0.72	NC_030986.1	CM012187.1
5500575	5534061	5670980	5704468	33487	33489	99.97	6854980	6551299	0.49	0.51	NC_030986.1	CM012187.1
5534379	5552654	5704704	5722979	18276	18276	99.98	6854980	6551299	0.27	0.28	NC_030986.1	CM012187.1
5553108	5635023	5723401	5805304	81916	81904	99.94	6854980	6551299	1.19	1.25	NC_030986.1	CM012187.1
5637913	5642946	5807080	5812111	5034	5032	99.86	6854980	6551299	0.07	0.08	NC_030986.1	CM012187.1
5643248	5650316	5812356	5819421	7069	7066	99.96	6854980	6551299	0.10	0.11	NC_030986.1	CM012187.1
5650475	5759985	5819588	5929099	109511	109512	99.99	6854980	6551299	1.60	1.67	NC_030986.1	CM012187.1
5760597	5851505	5929734	6020633	90909	90900	99.95	6854980	6551299	1.33	1.39	NC_030986.1	CM012187.1
5851653	5859669	6020700	6028701	8017	8002	99.70	6854980	6551299	0.12	0.12	NC_030986.1	CM012187.1
5860204	5863629	6029149	6032575	3426	3427	99.97	6854980	6551299	0.05	0.05	NC_030986.1	CM012187.1
5863916	5864049	6032649	6032780	134	132	96.27	6854980	6551299	0.00	0.00	NC_030986.1	CM012187.1
5867964	5891207	48425	71662	23244	23238	99.66	6854980	105766	0.34	21.97	NC_030986.1	RBXW01000006.1
5891188	5895225	77709	81746	4038	4038	100.00	6854980	105766	0.06	3.82	NC_030986.1	RBXW01000006.1
5895844	5919215	82425	105766	23372	23342	99.76	6854980	105766	0.34	22.07	NC_030986.1	RBXW01000006.1
5920777	5941947	1	21167	21171	21167	99.68	6854980	2135404	0.31	0.99	NC_030986.1	RBXW01000007.1
5963944	5986384	78822	101261	22441	22440	99.46	6854980	2135404	0.33	1.05	NC_030986.1	RBXW01000007.1
6036256	6055667	154711	174122	19412	19412	99.99	6854980	2135404	0.28	0.91	NC_030986.1	RBXW01000007.1
6140564	6178265	257967	295656	37702	37690	99.92	6854980	2135404	0.55	1.77	NC_030986.1	RBXW01000007.1
6216648	6216843	51885	52080	196	196	91.84	6854980	3452555	0.00	0.01	NC_030986.1	CM012194.1
6246214	6364830	375976	494577	118617	118602	99.99	6854980	2135404	1.73	5.55	NC_030986.1	RBXW01000007.1
6364942	6366609	494678	496344	1668	1667	99.94	6854980	2135404	0.02	0.08	NC_030986.1	RBXW01000007.1
6367321	6368050	497055	497782	730	728	99.73	6854980	2135404	0.01	0.03	NC_030986.1	RBXW01000007.1
6373308	6432146	502918	561749	58839	58832	99.94	6854980	2135404	0.86	2.76	NC_030986.1	RBXW01000007.1
6438305	6512273	567941	641903	73969	73963	99.94	6854980	2135404	1.08	3.46	NC_030986.1	RBXW01000007.1
6516734	6520025	646255	649547	3292	3293	99.94	6854980	2135404	0.05	0.15	NC_030986.1	RBXW01000007.1
6524535	6557109	649354	681922	32575	32569	99.97	6854980	2135404	0.48	1.53	NC_030986.1	RBXW01000007.1
6557416	6609808	682083	734470	52393	52388	99.96	6854980	2135404	0.76	2.45	NC_030986.1	RBXW01000007.1
6650576	6663519	767199	780140	12944	12942	99.82	6854980	2135404	0.19	0.61	NC_030986.1	RBXW01000007.1
6671249	6686110	785415	800275	14862	14861	99.61	6854980	2135404	0.22	0.70	NC_030986.1	RBXW01000007.1
6689627	6749206	802317	861884	59580	59568	99.97	6854980	2135404	0.87	2.79	NC_030986.1	RBXW01000007.1
6749306	6854980	861892	967505	105675	105614	99.84	6854980	2135404	1.54	4.95	NC_030986.1	RBXW01000007.1
36375	51847	73993	89467	15473	15475	99.98	5577357	4845296	0.28	0.32	NC_030987.1	CM012188.1
52326	66573	89563	103810	14248	14248	99.97	5577357	4845296	0.26	0.29	NC_030987.1	CM012188.1
85914	159468	126485	200016	73555	73532	99.90	5577357	4845296	1.32	1.52	NC_030987.1	CM012188.1
159704	179009	200089	219394	19306	19306	99.97	5577357	4845296	0.35	0.40	NC_030987.1	CM012188.1
179981	181740	220355	222115	1760	1761	99.89	5577357	4845296	0.03	0.04	NC_030987.1	CM012188.1
182809	208089	223068	248344	25281	25277	99.75	5577357	4845296	0.45	0.52	NC_030987.1	CM012188.1
208299	211503	248353	251557	3205	3205	99.97	5577357	4845296	0.06	0.07	NC_030987.1	CM012188.1
211682	223691	251693	263701	12010	12009	99.99	5577357	4845296	0.22	0.25	NC_030987.1	CM012188.1
223677	278632	264351	319304	54956	54954	99.93	5577357	4845296	0.99	1.13	NC_030987.1	CM012188.1
280003	286874	320397	327267	6872	6871	99.99	5577357	4845296	0.12	0.14	NC_030987.1	CM012188.1
287728	288936	328081	329288	1209	1208	99.92	5577357	4845296	0.02	0.02	NC_030987.1	CM012188.1
289681	302046	330060	342420	12366	12361	99.94	5577357	4845296	0.22	0.26	NC_030987.1	CM012188.1
302221	305807	342437	346020	3587	3584	99.86	5577357	4845296	0.06	0.07	NC_030987.1	CM012188.1
305945	308258	346136	348449	2314	2314	99.96	5577357	4845296	0.04	0.05	NC_030987.1	CM012188.1
308699	338987	348747	379032	30289	30286	99.99	5577357	4845296	0.54	0.63	NC_030987.1	CM012188.1
339350	340818	379362	380824	1469	1463	98.78	5577357	4845296	0.03	0.03	NC_030987.1	CM012188.1
341090	395746	380930	435580	54657	54651	99.99	5577357	4845296	0.98	1.13	NC_030987.1	CM012188.1
396693	408047	436147	447502	11355	11356	99.64	5577357	4845296	0.20	0.23	NC_030987.1	CM012188.1
408161	417102	447621	456556	8942	8936	99.75	5577357	4845296	0.16	0.18	NC_030987.1	CM012188.1
417280	631721	456749	671176	214442	214428	99.96	5577357	4845296	3.84	4.43	NC_030987.1	CM012188.1
631878	646633	671305	686058	14756	14754	99.98	5577357	4845296	0.26	0.30	NC_030987.1	CM012188.1
646845	717676	686217	757053	70832	70837	99.97	5577357	4845296	1.27	1.46	NC_030987.1	CM012188.1
717781	831284	757057	870550	113504	113494	99.97	5577357	4845296	2.04	2.34	NC_030987.1	CM012188.1
831430	850630	870671	889871	19201	19201	100.00	5577357	4845296	0.34	0.40	NC_030987.1	CM012188.1
850623	944922	890631	984925	94300	94295	99.99	5577357	4845296	1.69	1.95	NC_030987.1	CM012188.1
945177	1046302	985177	1086296	101126	101120	99.98	5577357	4845296	1.81	2.09	NC_030987.1	CM012188.1
1046546	1082321	1086451	1122228	35776	35778	99.98	5577357	4845296	0.64	0.74	NC_030987.1	CM012188.1
1082841	1148668	1122436	1188141	65828	65706	99.75	5577357	4845296	1.18	1.36	NC_030987.1	CM012188.1
1148848	1185962	1188153	1225194	37115	37042	99.75	5577357	4845296	0.67	0.76	NC_030987.1	CM012188.1
1186119	1254407	1225328	1293592	68289	68265	99.96	5577357	4845296	1.22	1.41	NC_030987.1	CM012188.1
1254809	1259670	1293982	1298846	4862	4865	99.57	5577357	4845296	0.09	0.10	NC_030987.1	CM012188.1
1259823	1319754	1298981	1358909	59932	59929	99.99	5577357	4845296	1.07	1.24	NC_030987.1	CM012188.1
1319746	1361102	1359668	1401019	41357	41352	99.99	5577357	4845296	0.74	0.85	NC_030987.1	CM012188.1
1361359	1363687	1401214	1403542	2329	2329	99.91	5577357	4845296	0.04	0.05	NC_030987.1	CM012188.1
1365393	1403852	1403967	1442415	38460	38449	99.94	5577357	4845296	0.69	0.79	NC_030987.1	CM012188.1
1404492	1458993	1442861	1497357	54502	54497	99.99	5577357	4845296	0.98	1.12	NC_030987.1	CM012188.1
1459227	1522998	1497571	1561274	63772	63704	99.87	5577357	4845296	1.14	1.31	NC_030987.1	CM012188.1
1523951	1597438	1562403	1635883	73488	73481	99.98	5577357	4845296	1.32	1.52	NC_030987.1	CM012188.1
1597593	1606735	1636009	1645150	9143	9142	99.95	5577357	4845296	0.16	0.19	NC_030987.1	CM012188.1
1606989	1637135	1645485	1675630	30147	30146	99.99	5577357	4845296	0.54	0.62	NC_030987.1	CM012188.1
1637281	1690980	1675638	1729331	53700	53694	99.98	5577357	4845296	0.96	1.11	NC_030987.1	CM012188.1
1691081	1741694	1729337	1779947	50614	50611	99.97	5577357	4845296	0.91	1.04	NC_030987.1	CM012188.1
1741979	1850871	1780085	1888984	108893	108900	99.96	5577357	4845296	1.95	2.25	NC_030987.1	CM012188.1
1851043	1857185	1889140	1895282	6143	6143	100.00	5577357	4845296	0.11	0.13	NC_030987.1	CM012188.1
1857298	2029157	1895411	2067260	171860	171850	99.97	5577357	4845296	3.08	3.55	NC_030987.1	CM012188.1
2029158	2029320	41972	42134	163	163	99.39	5577357	52353	0.00	0.31	NC_030987.1	CM012197.1
2029319	2070892	2067414	2108975	41574	41562	99.96	5577357	4845296	0.75	0.86	NC_030987.1	CM012188.1
2071109	2073353	2109037	2111282	2245	2246	99.78	5577357	4845296	0.04	0.05	NC_030987.1	CM012188.1
2075235	2146037	2113185	2183978	70803	70794	99.99	5577357	4845296	1.27	1.46	NC_030987.1	CM012188.1
2146179	2152511	2184074	2190405	6333	6332	99.98	5577357	4845296	0.11	0.13	NC_030987.1	CM012188.1
2152775	2153172	2190651	2191048	398	398	100.00	5577357	4845296	0.01	0.01	NC_030987.1	CM012188.1
2153640	2174767	2191535	2212661	21128	21127	99.97	5577357	4845296	0.38	0.44	NC_030987.1	CM012188.1
2174913	2196626	2212794	2234497	21714	21704	99.94	5577357	4845296	0.39	0.45	NC_030987.1	CM012188.1
2196796	2216126	2234664	2253993	19331	19330	99.99	5577357	4845296	0.35	0.40	NC_030987.1	CM012188.1
2216249	2220237	2254098	2258085	3989	3988	99.92	5577357	4845296	0.07	0.08	NC_030987.1	CM012188.1
2220826	2225872	2258581	2263612	5047	5032	99.64	5577357	4845296	0.09	0.10	NC_030987.1	CM012188.1
2226040	2230918	2263752	2268627	4879	4876	99.86	5577357	4845296	0.09	0.10	NC_030987.1	CM012188.1
2231305	2339381	2268948	2377008	108077	108061	99.91	5577357	4845296	1.94	2.23	NC_030987.1	CM012188.1
2339581	2368977	2377181	2406576	29397	29396	99.99	5577357	4845296	0.53	0.61	NC_030987.1	CM012188.1
2369160	2424776	2406714	2462321	55617	55608	99.90	5577357	4845296	1.00	1.15	NC_030987.1	CM012188.1
2425071	2515623	2462497	2553040	90553	90544	99.98	5577357	4845296	1.62	1.87	NC_030987.1	CM012188.1
2516055	2538185	2553299	2575428	22131	22130	99.93	5577357	4845296	0.40	0.46	NC_030987.1	CM012188.1
2538637	2542109	2575804	2579284	3473	3481	99.77	5577357	4845296	0.06	0.07	NC_030987.1	CM012188.1
2542663	2572681	2579763	2609780	30019	30018	99.99	5577357	4845296	0.54	0.62	NC_030987.1	CM012188.1
2573658	2585234	2610266	2621839	11577	11574	99.97	5577357	4845296	0.21	0.24	NC_030987.1	CM012188.1
2585436	2628186	2622011	2664667	42751	42657	99.72	5577357	4845296	0.77	0.88	NC_030987.1	CM012188.1
2629067	2645700	2665489	2682121	16634	16633	99.97	5577357	4845296	0.30	0.34	NC_030987.1	CM012188.1
2645801	2657023	2682128	2693346	11223	11219	99.95	5577357	4845296	0.20	0.23	NC_030987.1	CM012188.1
2658024	2669555	2744611	2756137	11532	11527	99.95	5577357	4845296	0.21	0.24	NC_030987.1	CM012188.1
2669797	2697569	2756375	2784147	27773	27773	99.77	5577357	4845296	0.50	0.57	NC_030987.1	CM012188.1
2698152	2730664	2784523	2817032	32513	32510	99.98	5577357	4845296	0.58	0.67	NC_030987.1	CM012188.1
2730765	2770341	2817166	2856738	39577	39573	99.95	5577357	4845296	0.71	0.82	NC_030987.1	CM012188.1
2770322	2840848	2862272	2932741	70527	70470	99.89	5577357	4845296	1.26	1.45	NC_030987.1	CM012188.1
2841505	2841621	2932728	2932844	117	117	100.00	5577357	4845296	0.00	0.00	NC_030987.1	CM012188.1
2841607	2899928	2933498	2991818	58322	58321	99.99	5577357	4845296	1.05	1.20	NC_030987.1	CM012188.1
2900388	2950075	2992159	3041842	49688	49684	99.97	5577357	4845296	0.89	1.03	NC_030987.1	CM012188.1
2950371	2977376	3042069	3069070	27006	27002	99.97	5577357	4845296	0.48	0.56	NC_030987.1	CM012188.1
2977649	2982983	3069260	3074594	5335	5335	100.00	5577357	4845296	0.10	0.11	NC_030987.1	CM012188.1
2983082	2986659	3074706	3078283	3578	3578	100.00	5577357	4845296	0.06	0.07	NC_030987.1	CM012188.1
2986766	2995472	3078380	3087085	8707	8706	99.97	5577357	4845296	0.16	0.18	NC_030987.1	CM012188.1
2995602	3067898	3087210	3159501	72297	72292	99.98	5577357	4845296	1.30	1.49	NC_030987.1	CM012188.1
3069138	3087055	3160541	3178457	17918	17917	99.99	5577357	4845296	0.32	0.37	NC_030987.1	CM012188.1
3087615	3107255	3178771	3198405	19641	19635	99.95	5577357	4845296	0.35	0.41	NC_030987.1	CM012188.1
3107355	3111930	3198510	3203085	4576	4576	100.00	5577357	4845296	0.08	0.09	NC_030987.1	CM012188.1
3114863	3288908	3203069	3377111	174046	174043	99.96	5577357	4845296	3.12	3.59	NC_030987.1	CM012188.1
3289212	3353681	3377261	3441726	64470	64466	99.98	5577357	4845296	1.16	1.33	NC_030987.1	CM012188.1
3354270	3381450	3442611	3469728	27181	27118	99.70	5577357	4845296	0.49	0.56	NC_030987.1	CM012188.1
3381745	3475442	3469879	3563564	93698	93686	99.97	5577357	4845296	1.68	1.93	NC_030987.1	CM012188.1
3475718	3520246	3563877	3608400	44529	44524	99.97	5577357	4845296	0.80	0.92	NC_030987.1	CM012188.1
3520475	3576624	3608616	3664763	56150	56148	99.99	5577357	4845296	1.01	1.16	NC_030987.1	CM012188.1
3576780	3607558	3664918	3695680	30779	30763	99.93	5577357	4845296	0.55	0.63	NC_030987.1	CM012188.1
3587557	3639219	3675697	3727336	51663	51640	99.95	5577357	4845296	0.93	1.07	NC_030987.1	CM012188.1
3639344	3743849	3727459	3831937	104506	104479	99.95	5577357	4845296	1.87	2.16	NC_030987.1	CM012188.1
3744058	3756458	3832132	3844539	12401	12408	99.91	5577357	4845296	0.22	0.26	NC_030987.1	CM012188.1
3756625	3775910	3844627	3863909	19286	19283	99.93	5577357	4845296	0.35	0.40	NC_030987.1	CM012188.1
3777190	3818866	3865161	3906835	41677	41675	99.99	5577357	4845296	0.75	0.86	NC_030987.1	CM012188.1
3818973	3895057	3906842	3982921	76085	76080	99.96	5577357	4845296	1.36	1.57	NC_030987.1	CM012188.1
3895520	3928973	3983262	4016713	33454	33452	99.99	5577357	4845296	0.60	0.69	NC_030987.1	CM012188.1
3929335	3965835	4016968	4053465	36501	36498	99.95	5577357	4845296	0.65	0.75	NC_030987.1	CM012188.1
3966090	3972261	4053695	4059865	6172	6171	99.98	5577357	4845296	0.11	0.13	NC_030987.1	CM012188.1
3972562	3976581	4060014	4064032	4020	4019	99.90	5577357	4845296	0.07	0.08	NC_030987.1	CM012188.1
3976818	4033039	4064174	4120321	56222	56148	99.86	5577357	4845296	1.01	1.16	NC_030987.1	CM012188.1
4033457	4101807	4120715	4189064	68351	68350	99.99	5577357	4845296	1.23	1.41	NC_030987.1	CM012188.1
4101794	4303634	4189718	4391537	201841	201820	99.98	5577357	4845296	3.62	4.17	NC_030987.1	CM012188.1
4303483	4371455	4391734	4459556	67973	67823	99.74	5577357	4845296	1.22	1.40	NC_030987.1	CM012188.1
4371608	4455673	4459573	4543629	84066	84057	99.98	5577357	4845296	1.51	1.73	NC_030987.1	CM012188.1
4455858	4462215	4543794	4550142	6358	6349	99.73	5577357	4845296	0.11	0.13	NC_030987.1	CM012188.1
4462346	4478995	4550283	4566933	16650	16651	99.98	5577357	4845296	0.30	0.34	NC_030987.1	CM012188.1
4479095	4481769	4567107	4569782	2675	2676	99.96	5577357	4845296	0.05	0.06	NC_030987.1	CM012188.1
4482454	4500520	4569875	4587942	18067	18068	99.93	5577357	4845296	0.32	0.37	NC_030987.1	CM012188.1
4500881	4551361	4588149	4638555	50481	50407	99.76	5577357	4845296	0.91	1.04	NC_030987.1	CM012188.1
4551353	4606627	4639313	4694584	55275	55272	99.97	5577357	4845296	0.99	1.14	NC_030987.1	CM012188.1
4609722	4661986	4694576	4746829	52265	52254	99.94	5577357	4845296	0.94	1.08	NC_030987.1	CM012188.1
4662846	4723668	4747651	4808467	60823	60817	99.70	5577357	4845296	1.09	1.26	NC_030987.1	CM012188.1
4722303	4733684	4807228	4818608	11382	11381	99.14	5577357	4845296	0.20	0.23	NC_030987.1	CM012188.1
4903159	4905687	94377	96851	2529	2475	88.53	5577357	312224	0.05	0.79	NC_030987.1	RBXW01000024.1
4918379	4918628	1895279	1895528	250	250	98.00	5577357	5801746	0.00	0.00	NC_030987.1	RBXW01000002.1
4936522	4938558	2379478	2381513	2037	2036	94.50	5577357	5801746	0.04	0.04	NC_030987.1	RBXW01000002.1
4940624	4941004	6516857	6517238	381	382	90.31	5577357	6551299	0.01	0.01	NC_030987.1	CM012187.1
4941333	4944361	1330837	1333880	3029	3044	87.99	5577357	5801746	0.05	0.05	NC_030987.1	RBXW01000002.1
4956270	4958288	3231537	3229488	2019	2050	94.84	5577357	5801746	0.04	0.04	NC_030987.1	RBXW01000002.1
4958371	4958923	3228924	3229484	553	561	89.61	5577357	5801746	0.01	0.01	NC_030987.1	RBXW01000002.1
4967781	4968119	2372187	2371849	339	339	92.63	5577357	5801746	0.01	0.01	NC_030987.1	RBXW01000002.1
4993016	4994590	1329205	1327633	1575	1573	93.22	5577357	5801746	0.03	0.03	NC_030987.1	RBXW01000002.1
5056130	5056299	2328726	2328895	170	170	98.24	5577357	5801746	0.00	0.00	NC_030987.1	RBXW01000002.1
5088485	5090233	5030614	5032352	1749	1739	88.91	5577357	5140509	0.03	0.03	NC_030987.1	CM012190.1
5110029	5112973	2832057	2835001	2945	2945	93.62	5577357	5801746	0.05	0.05	NC_030987.1	RBXW01000002.1
5122511	5123437	1683319	1684245	927	927	99.24	5577357	5801746	0.02	0.02	NC_030987.1	RBXW01000002.1
5124809	5125003	360717	360529	195	189	87.18	5577357	2918466	0.00	0.01	NC_030987.1	CM012195.1
5124870	5125131	2278952	2279211	262	260	90.84	5577357	5801746	0.00	0.00	NC_030987.1	RBXW01000002.1
5132274	5135765	1684244	1687736	3492	3493	98.94	5577357	5801746	0.06	0.06	NC_030987.1	RBXW01000002.1
5136159	5138884	1688054	1690783	2726	2730	99.16	5577357	5801746	0.05	0.05	NC_030987.1	RBXW01000002.1
5138938	5145493	1691443	1697995	6556	6553	93.64	5577357	5801746	0.12	0.11	NC_030987.1	RBXW01000002.1
5145716	5149323	1698235	1701847	3608	3613	91.73	5577357	5801746	0.06	0.06	NC_030987.1	RBXW01000002.1
5149320	5149567	2106650	2106359	248	292	81.85	5577357	2138808	0.00	0.01	NC_030987.1	CM012196.1
5158891	5159706	2067803	2066991	816	813	83.58	5577357	2138808	0.01	0.04	NC_030987.1	CM012196.1
5165879	5171395	48771	43255	5517	5517	100.00	5577357	5433907	0.10	0.10	NC_030987.1	CM012189.1
5189242	5190128	26293	27185	887	893	81.01	5577357	1929982	0.02	0.05	NC_030987.1	RBXW01000017.1
5193349	5193575	1542313	1542540	227	228	89.96	5577357	5801746	0.00	0.00	NC_030987.1	RBXW01000002.1
5194059	5195225	3371955	3373123	1167	1169	85.49	5577357	3452555	0.02	0.03	NC_030987.1	CM012194.1
5199433	5201181	3185383	3183647	1749	1737	92.26	5577357	5801746	0.03	0.03	NC_030987.1	RBXW01000002.1
5226464	5227378	2107947	2108861	915	915	87.21	5577357	2138808	0.02	0.04	NC_030987.1	CM012196.1
5239927	5241024	2325355	2326405	1098	1051	87.98	5577357	5801746	0.02	0.02	NC_030987.1	RBXW01000002.1
5269153	5269747	238014	237419	595	596	99.83	5577357	312224	0.01	0.19	NC_030987.1	RBXW01000024.1
5269910	5281305	237311	225915	11396	11397	99.65	5577357	312224	0.20	3.65	NC_030987.1	RBXW01000024.1
5281657	5286683	225851	220825	5027	5027	100.00	5577357	312224	0.09	1.61	NC_030987.1	RBXW01000024.1
5286677	5286887	215139	214929	211	211	100.00	5577357	312224	0.00	0.07	NC_030987.1	RBXW01000024.1
5288748	5303766	214930	199911	15019	15020	99.98	5577357	312224	0.27	4.81	NC_030987.1	RBXW01000024.1
5303752	5357305	199249	145696	53554	53554	99.97	5577357	312224	0.96	17.15	NC_030987.1	RBXW01000024.1
5357549	5363505	145467	139512	5957	5956	99.24	5577357	312224	0.11	1.91	NC_030987.1	RBXW01000024.1
5363492	5371435	138854	131002	7944	7853	98.83	5577357	312224	0.14	2.52	NC_030987.1	RBXW01000024.1
5371687	5384771	130842	117771	13085	13072	99.63	5577357	312224	0.23	4.19	NC_030987.1	RBXW01000024.1
5384896	5387956	117607	114549	3061	3059	99.84	5577357	312224	0.05	0.98	NC_030987.1	RBXW01000024.1
5388525	5394941	74195	80594	6417	6400	99.74	5577357	6551299	0.12	0.10	NC_030987.1	CM012187.1
5388815	5401159	113824	101481	12345	12344	99.98	5577357	312224	0.22	3.95	NC_030987.1	RBXW01000024.1
5401269	5404463	101471	98277	3195	3195	99.94	5577357	312224	0.06	1.02	NC_030987.1	RBXW01000024.1
5405058	5407560	97604	95103	2503	2502	99.96	5577357	312224	0.04	0.80	NC_030987.1	RBXW01000024.1
5412033	5415268	91191	87964	3236	3228	99.69	5577357	312224	0.06	1.03	NC_030987.1	RBXW01000024.1
5415744	5420195	87474	83023	4452	4452	100.00	5577357	312224	0.08	1.43	NC_030987.1	RBXW01000024.1
5420955	5433751	83030	70235	12797	12796	99.99	5577357	312224	0.23	4.10	NC_030987.1	RBXW01000024.1
5433747	5443395	65106	55459	9649	9648	99.99	5577357	312224	0.17	3.09	NC_030987.1	RBXW01000024.1
5459616	5490930	48272	16958	31315	31315	99.99	5577357	312224	0.56	10.03	NC_030987.1	RBXW01000024.1
1	25386	1564048	1538663	25386	25386	99.99	5634991	1573990	0.45	1.61	NC_030988.1	RBXW01000022.1
25486	25817	1538655	1538324	332	332	100.00	5634991	1573990	0.01	0.02	NC_030988.1	RBXW01000022.1
67206	93329	1499237	1473117	26124	26121	99.97	5634991	1573990	0.46	1.66	NC_030988.1	RBXW01000022.1
92825	120271	1466542	1439096	27447	27447	99.90	5634991	1573990	0.49	1.74	NC_030988.1	RBXW01000022.1
122449	124414	265897	267861	1966	1965	99.75	5634991	2138808	0.03	0.09	NC_030988.1	CM012196.1
122958	124414	678746	677288	1457	1459	99.52	5634991	2138808	0.03	0.07	NC_030988.1	CM012196.1
128027	133249	267322	272544	5223	5223	99.41	5634991	2138808	0.09	0.24	NC_030988.1	CM012196.1
133350	140286	271727	278669	6937	6943	99.28	5634991	2138808	0.12	0.32	NC_030988.1	CM012196.1
144441	178121	1424715	1391035	33681	33681	99.99	5634991	1573990	0.60	2.14	NC_030988.1	RBXW01000022.1
179138	185864	2051995	2045245	6727	6751	98.08	5634991	2138808	0.12	0.32	NC_030988.1	CM012196.1
179138	185870	1332452	1325697	6733	6756	97.64	5634991	1573990	0.12	0.43	NC_030988.1	RBXW01000022.1
190607	196592	1321121	1315136	5986	5986	99.67	5634991	1573990	0.11	0.38	NC_030988.1	RBXW01000022.1
197776	203582	1314102	1308296	5807	5807	99.64	5634991	1573990	0.10	0.37	NC_030988.1	RBXW01000022.1
203576	203859	3030861	3030577	284	285	99.30	5634991	3452555	0.01	0.01	NC_030988.1	CM012194.1
223043	239759	1289904	1273186	16717	16719	99.93	5634991	1573990	0.30	1.06	NC_030988.1	RBXW01000022.1
240408	246360	1272416	1266470	5953	5947	99.41	5634991	1573990	0.11	0.38	NC_030988.1	RBXW01000022.1
240678	246577	1992842	1986967	5900	5876	96.63	5634991	2138808	0.10	0.27	NC_030988.1	CM012196.1
246574	246644	1986516	1986446	71	71	100.00	5634991	2138808	0.00	0.00	NC_030988.1	CM012196.1
247399	326173	1265556	1186789	78775	78768	99.85	5634991	1573990	1.40	5.00	NC_030988.1	RBXW01000022.1
329047	404727	1184370	1108699	75681	75672	99.99	5634991	1573990	1.34	4.81	NC_030988.1	RBXW01000022.1
404728	404931	5806668	5806465	204	204	95.10	5634991	6551299	0.00	0.00	NC_030988.1	CM012187.1
450123	455974	1062531	1056680	5852	5852	100.00	5634991	1573990	0.10	0.37	NC_030988.1	RBXW01000022.1
461628	489243	1056692	1029076	27616	27617	99.99	5634991	1573990	0.49	1.75	NC_030988.1	RBXW01000022.1
489461	494486	1029206	1024180	5026	5027	99.98	5634991	1573990	0.09	0.32	NC_030988.1	RBXW01000022.1
492162	496180	925747	921729	4019	4019	100.00	5634991	1573990	0.07	0.26	NC_030988.1	RBXW01000022.1
523526	562373	895292	856448	38848	38845	99.99	5634991	1573990	0.69	2.47	NC_030988.1	RBXW01000022.1
643015	673419	780035	749633	30405	30403	99.86	5634991	1573990	0.54	1.93	NC_030988.1	RBXW01000022.1
701017	703072	715867	713812	2056	2056	100.00	5634991	1573990	0.04	0.13	NC_030988.1	RBXW01000022.1
703205	708254	713710	708663	5050	5048	99.94	5634991	1573990	0.09	0.32	NC_030988.1	RBXW01000022.1
820688	833796	596866	583759	13109	13108	99.99	5634991	1573990	0.23	0.83	NC_030988.1	RBXW01000022.1
939477	941521	476207	474170	2045	2038	99.22	5634991	1573990	0.04	0.13	NC_030988.1	RBXW01000022.1
943872	949670	472262	466478	5799	5785	99.64	5634991	1573990	0.10	0.37	NC_030988.1	RBXW01000022.1
949670	978073	466344	437953	28404	28392	99.94	5634991	1573990	0.50	1.80	NC_030988.1	RBXW01000022.1
1094833	1120751	321254	295337	25919	25918	99.99	5634991	1573990	0.46	1.65	NC_030988.1	RBXW01000022.1
1266079	1287594	413536	392028	21516	21509	99.96	5634991	1573990	0.38	1.37	NC_030988.1	RBXW01000022.1
1300488	1312164	369561	381232	11677	11672	99.96	5634991	1573990	0.21	0.74	NC_030988.1	RBXW01000022.1
1438119	1513541	237057	161638	75423	75420	99.94	5634991	1573990	1.34	4.79	NC_030988.1	RBXW01000022.1
1641523	1661678	4774285	4754127	20156	20159	99.63	5634991	5801746	0.36	0.35	NC_030988.1	RBXW01000002.1
1660635	1700736	4755043	4714943	40102	40101	99.78	5634991	5801746	0.71	0.69	NC_030988.1	RBXW01000002.1
1773400	1801906	4632183	4603705	28507	28479	99.86	5634991	5801746	0.51	0.49	NC_030988.1	RBXW01000002.1
1807773	1807996	44929	44706	224	224	99.55	5634991	2135404	0.00	0.01	NC_030988.1	RBXW01000007.1
1807994	1829686	4598096	4576408	21693	21689	99.98	5634991	5801746	0.38	0.37	NC_030988.1	RBXW01000002.1
1829677	1859962	4573468	4543184	30286	30285	99.95	5634991	5801746	0.54	0.52	NC_030988.1	RBXW01000002.1
2004478	2009292	4397891	4393077	4815	4815	99.90	5634991	5801746	0.09	0.08	NC_030988.1	RBXW01000002.1
2020239	2083748	4381261	4317757	63510	63505	99.98	5634991	5801746	1.13	1.09	NC_030988.1	RBXW01000002.1
2356029	2374460	4003947	3985485	18432	18463	99.73	5634991	5801746	0.33	0.32	NC_030988.1	RBXW01000002.1
2405548	2477937	3954573	3882183	72390	72391	99.82	5634991	5801746	1.28	1.25	NC_030988.1	RBXW01000002.1
2477938	2478157	349370	349589	220	220	100.00	5634991	2918466	0.00	0.01	NC_030988.1	CM012195.1
2478156	2503367	3881982	3856776	25212	25207	99.97	5634991	5801746	0.45	0.43	NC_030988.1	RBXW01000002.1
2524967	2533915	3829917	3820972	8949	8946	99.93	5634991	5801746	0.16	0.15	NC_030988.1	RBXW01000002.1
2557205	2557336	2246978	2247110	132	133	91.73	5634991	5801746	0.00	0.00	NC_030988.1	RBXW01000002.1
2628289	2631395	2021105	2017999	3107	3107	99.90	5634991	5801746	0.06	0.05	NC_030988.1	RBXW01000002.1
2690878	2703313	1358195	1370638	12436	12444	98.24	5634991	5801746	0.22	0.21	NC_030988.1	RBXW01000002.1
2714396	2718417	1385214	1389236	4022	4023	99.40	5634991	5801746	0.07	0.07	NC_030988.1	RBXW01000002.1
2807503	2808721	1272857	1274077	1219	1221	92.55	5634991	5801746	0.02	0.02	NC_030988.1	RBXW01000002.1
2811602	2813065	1944599	1943136	1464	1464	98.50	5634991	5801746	0.03	0.03	NC_030988.1	RBXW01000002.1
2826158	2826297	1002624	1002763	140	140	96.43	5634991	2135404	0.00	0.01	NC_030988.1	RBXW01000007.1
3055495	3064373	3825584	3816706	8879	8879	99.97	5634991	5801746	0.16	0.15	NC_030988.1	RBXW01000002.1
3088388	3089812	2027700	2029115	1425	1416	83.26	5634991	5801746	0.03	0.02	NC_030988.1	RBXW01000002.1
3146916	3147176	1003036	1002768	261	269	94.81	5634991	2135404	0.00	0.01	NC_030988.1	RBXW01000007.1
3188956	3189987	5034103	5033072	1032	1032	94.77	5634991	5140509	0.02	0.02	NC_030988.1	CM012190.1
3214961	3216985	1307091	1304981	2025	2111	93.47	5634991	5801746	0.04	0.04	NC_030988.1	RBXW01000002.1
3248536	3250775	1881224	1883463	2240	2240	87.28	5634991	5801746	0.04	0.04	NC_030988.1	RBXW01000002.1
3276114	3276990	1915281	1914400	877	882	79.05	5634991	5801746	0.02	0.02	NC_030988.1	RBXW01000002.1
3300659	3300812	4066775	4066928	154	154	99.35	5634991	4117910	0.00	0.00	NC_030988.1	CM012192.1
3419736	3428628	1385216	1376324	8893	8893	99.87	5634991	5801746	0.16	0.15	NC_030988.1	RBXW01000002.1
3574299	3575225	1472811	1471885	927	927	92.35	5634991	1573990	0.02	0.06	NC_030988.1	RBXW01000022.1
3638480	3643666	3834391	3829205	5187	5187	100.00	5634991	5801746	0.09	0.09	NC_030988.1	RBXW01000002.1
3647362	3674460	3859703	3886771	27099	27069	99.69	5634991	5801746	0.48	0.47	NC_030988.1	RBXW01000002.1
3708036	3745134	3920418	3957528	37099	37111	99.91	5634991	5801746	0.66	0.64	NC_030988.1	RBXW01000002.1
3748074	3761552	3957519	3970992	13479	13474	99.82	5634991	5801746	0.24	0.23	NC_030988.1	RBXW01000002.1
3777440	3788443	3667421	3678463	11004	11043	97.88	5634991	5801746	0.20	0.19	NC_030988.1	RBXW01000002.1
3879655	3932763	4091202	4144236	53109	53035	99.69	5634991	5801746	0.94	0.91	NC_030988.1	RBXW01000002.1
3962172	4012757	4172974	4223479	50586	50506	99.78	5634991	5801746	0.90	0.87	NC_030988.1	RBXW01000002.1
4061266	4075950	4268722	4283405	14685	14684	99.99	5634991	5801746	0.26	0.25	NC_030988.1	RBXW01000002.1
4075942	4094718	4284164	4302938	18777	18775	99.98	5634991	5801746	0.33	0.32	NC_030988.1	RBXW01000002.1
4149458	4175918	4357455	4383909	26461	26455	99.96	5634991	5801746	0.47	0.46	NC_030988.1	RBXW01000002.1
4189879	4223719	4398409	4432239	33841	33831	99.93	5634991	5801746	0.60	0.58	NC_030988.1	RBXW01000002.1
4223712	4234214	4432999	4443501	10503	10503	99.99	5634991	5801746	0.19	0.18	NC_030988.1	RBXW01000002.1
4332025	4333973	4540881	4542829	1949	1949	100.00	5634991	5801746	0.03	0.03	NC_030988.1	RBXW01000002.1
4380739	4392270	4592431	4603961	11532	11531	99.90	5634991	5801746	0.20	0.20	NC_030988.1	RBXW01000002.1
4444200	4521519	4665658	4742973	77320	77316	99.99	5634991	5801746	1.37	1.33	NC_030988.1	RBXW01000002.1
4581495	4601823	4804396	4824721	20329	20326	99.99	5634991	5801746	0.36	0.35	NC_030988.1	RBXW01000002.1
4602582	4657057	4824713	4879179	54476	54467	99.96	5634991	5801746	0.97	0.94	NC_030988.1	RBXW01000002.1
4657046	4669750	4882267	4894970	12705	12704	99.98	5634991	5801746	0.23	0.22	NC_030988.1	RBXW01000002.1
4670106	4671650	4895068	4896612	1545	1545	100.00	5634991	5801746	0.03	0.03	NC_030988.1	RBXW01000002.1
4671750	4681054	4895189	4904493	9305	9305	100.00	5634991	5801746	0.17	0.16	NC_030988.1	RBXW01000002.1
4681155	4690617	4900895	4910354	9463	9460	99.97	5634991	5801746	0.17	0.16	NC_030988.1	RBXW01000002.1
4691866	4693500	4911538	4913171	1635	1634	99.94	5634991	5801746	0.03	0.03	NC_030988.1	RBXW01000002.1
4694812	4706983	4914272	4926443	12172	12172	99.99	5634991	5801746	0.22	0.21	NC_030988.1	RBXW01000002.1
4711243	4724579	4930600	4943930	13337	13331	99.47	5634991	5801746	0.24	0.23	NC_030988.1	RBXW01000002.1
4725580	4763305	4985381	5023100	37726	37720	99.94	5634991	5801746	0.67	0.65	NC_030988.1	RBXW01000002.1
4763960	4879722	5023086	5138792	115763	115707	99.83	5634991	5801746	2.05	1.99	NC_030988.1	RBXW01000002.1
4880482	4897315	5138785	5155618	16834	16834	100.00	5634991	5801746	0.30	0.29	NC_030988.1	RBXW01000002.1
4897315	4939763	5161724	5204170	42449	42447	99.99	5634991	5801746	0.75	0.73	NC_030988.1	RBXW01000002.1
4940429	4970141	5204152	5233864	29713	29713	99.98	5634991	5801746	0.53	0.51	NC_030988.1	RBXW01000002.1
4973339	4989879	5233857	5250394	16541	16538	99.93	5634991	5801746	0.29	0.29	NC_030988.1	RBXW01000002.1
4990512	4992572	5250950	5252996	2061	2047	98.25	5634991	5801746	0.04	0.04	NC_030988.1	RBXW01000002.1
4998971	5094091	5259714	5354827	95121	95114	99.88	5634991	5801746	1.69	1.64	NC_030988.1	RBXW01000002.1
5094680	5106512	5354821	5366651	11833	11831	99.95	5634991	5801746	0.21	0.20	NC_030988.1	RBXW01000002.1
5106671	5113811	5366683	5373759	7141	7077	99.05	5634991	5801746	0.13	0.12	NC_030988.1	RBXW01000002.1
5113948	5171056	5373893	5430993	57109	57101	99.91	5634991	5801746	1.01	0.98	NC_030988.1	RBXW01000002.1
5171492	5199555	5431003	5459001	28064	27999	99.69	5634991	5801746	0.50	0.48	NC_030988.1	RBXW01000002.1
5199805	5204570	5459053	5463817	4766	4765	99.98	5634991	5801746	0.08	0.08	NC_030988.1	RBXW01000002.1
5204563	5227083	5464577	5487092	22521	22516	99.96	5634991	5801746	0.40	0.39	NC_030988.1	RBXW01000002.1
5227346	5233999	5487341	5493994	6654	6654	99.97	5634991	5801746	0.12	0.11	NC_030988.1	RBXW01000002.1
5234368	5321295	5494336	5581261	86928	86926	99.98	5634991	5801746	1.54	1.50	NC_030988.1	RBXW01000002.1
5321481	5325123	5581367	5585008	3643	3642	99.81	5634991	5801746	0.06	0.06	NC_030988.1	RBXW01000002.1
5325226	5327379	5585137	5587289	2154	2153	99.95	5634991	5801746	0.04	0.04	NC_030988.1	RBXW01000002.1
5328139	5334748	5587282	5593891	6610	6610	100.00	5634991	5801746	0.12	0.11	NC_030988.1	RBXW01000002.1
5337840	5356929	5593883	5612972	19090	19090	99.75	5634991	5801746	0.34	0.33	NC_030988.1	RBXW01000002.1
5357051	5375375	5613081	5631404	18325	18324	99.96	5634991	5801746	0.33	0.32	NC_030988.1	RBXW01000002.1
5375548	5418834	5631472	5674736	43287	43265	99.80	5634991	5801746	0.77	0.75	NC_030988.1	RBXW01000002.1
5418825	5463928	5675494	5720593	45104	45100	99.99	5634991	5801746	0.80	0.78	NC_030988.1	RBXW01000002.1
5464142	5485293	5720819	5741970	21152	21152	99.89	5634991	5801746	0.38	0.36	NC_030988.1	RBXW01000002.1
5485273	5511272	5742623	5768616	26000	25994	99.96	5634991	5801746	0.46	0.45	NC_030988.1	RBXW01000002.1
5557451	5559465	31737	29724	2015	2014	99.95	5634991	4845296	0.04	0.04	NC_030988.1	CM012188.1
5560090	5590554	24951	55413	30465	30463	99.44	5634991	1573990	0.54	1.94	NC_030988.1	RBXW01000022.1
5589210	5598613	54168	63569	9404	9402	99.45	5634991	1573990	0.17	0.60	NC_030988.1	RBXW01000022.1
5598835	5634984	63662	99802	36150	36141	99.81	5634991	1573990	0.64	2.30	NC_030988.1	RBXW01000022.1
1	28300	5298889	5270591	28300	28299	99.95	5212762	5433907	0.54	0.52	NC_030989.1	CM012189.1
28575	29373	5270253	5269455	799	799	100.00	5212762	5433907	0.02	0.01	NC_030989.1	CM012189.1
39358	64259	5252572	5227671	24902	24902	99.99	5212762	5433907	0.48	0.46	NC_030989.1	CM012189.1
75614	77321	5215812	5214107	1708	1706	98.13	5212762	5433907	0.03	0.03	NC_030989.1	CM012189.1
79078	176762	5212347	5114652	97685	97696	99.88	5212762	5433907	1.87	1.80	NC_030989.1	CM012189.1
178622	261035	5114654	5032244	82414	82411	99.99	5212762	5433907	1.58	1.52	NC_030989.1	CM012189.1
261467	314710	5031868	4978632	53244	53237	99.98	5212762	5433907	1.02	0.98	NC_030989.1	CM012189.1
314853	315520	4978488	4977822	668	667	99.55	5212762	5433907	0.01	0.01	NC_030989.1	CM012189.1
316128	332249	4977307	4961181	16122	16127	99.70	5212762	5433907	0.31	0.30	NC_030989.1	CM012189.1
333318	378043	4961120	4916405	44726	44716	99.97	5212762	5433907	0.86	0.82	NC_030989.1	CM012189.1
378164	482329	4916300	4812197	104166	104104	99.85	5212762	5433907	2.00	1.92	NC_030989.1	CM012189.1
482742	484774	4811987	4809955	2033	2033	100.00	5212762	5433907	0.04	0.04	NC_030989.1	CM012189.1
485588	562267	4809211	4732549	76680	76663	99.95	5212762	5433907	1.47	1.41	NC_030989.1	CM012189.1
562371	593915	4732387	4700843	31545	31545	99.97	5212762	5433907	0.61	0.58	NC_030989.1	CM012189.1
594078	685358	4700722	4609455	91281	91268	99.98	5212762	5433907	1.75	1.68	NC_030989.1	CM012189.1
685478	883869	4609347	4410971	198392	198377	99.99	5212762	5433907	3.81	3.65	NC_030989.1	CM012189.1
884012	904545	4410669	4390146	20534	20524	99.88	5212762	5433907	0.39	0.38	NC_030989.1	CM012189.1
904747	915158	4389927	4379520	10412	10408	99.95	5212762	5433907	0.20	0.19	NC_030989.1	CM012189.1
915325	973365	4379359	4321323	58041	58037	99.99	5212762	5433907	1.11	1.07	NC_030989.1	CM012189.1
973470	975355	4320403	4318517	1886	1887	99.84	5212762	5433907	0.04	0.03	NC_030989.1	CM012189.1
976552	1208399	4317943	4086137	231848	231807	99.93	5212762	5433907	4.45	4.27	NC_030989.1	CM012189.1
1208548	1244708	4086012	4049853	36161	36160	99.93	5212762	5433907	0.69	0.67	NC_030989.1	CM012189.1
1244905	1282464	4049665	4012108	37560	37558	99.99	5212762	5433907	0.72	0.69	NC_030989.1	CM012189.1
1282747	1308207	4012029	3986573	25461	25457	99.98	5212762	5433907	0.49	0.47	NC_030989.1	CM012189.1
1308193	1360242	3985916	3933882	52050	52035	99.93	5212762	5433907	1.00	0.96	NC_030989.1	CM012189.1
1340246	1367001	3953869	3927126	26756	26744	99.96	5212762	5433907	0.51	0.49	NC_030989.1	CM012189.1
1367961	1437465	3926243	3856832	69505	69412	99.76	5212762	5433907	1.33	1.28	NC_030989.1	CM012189.1
1440341	1602852	3854135	3691713	162512	162423	99.92	5212762	5433907	3.12	2.99	NC_030989.1	CM012189.1
1603189	1795353	3691461	3499320	192165	192142	99.98	5212762	5433907	3.69	3.54	NC_030989.1	CM012189.1
1796693	1800878	3498194	3494011	4186	4184	99.90	5212762	5433907	0.08	0.08	NC_030989.1	CM012189.1
1801644	1804652	3493302	3490302	3009	3001	99.60	5212762	5433907	0.06	0.06	NC_030989.1	CM012189.1
1805099	1806335	3489340	3488106	1237	1235	98.14	5212762	5433907	0.02	0.02	NC_030989.1	CM012189.1
1807842	1810407	3487158	3484601	2566	2558	99.30	5212762	5433907	0.05	0.05	NC_030989.1	CM012189.1
1810815	1949030	3484204	3346008	138216	138197	99.96	5212762	5433907	2.65	2.54	NC_030989.1	CM012189.1
1949336	2013103	3345530	3281767	63768	63764	99.99	5212762	5433907	1.22	1.17	NC_030989.1	CM012189.1
2013318	2243201	3281540	3051744	229884	229797	99.95	5212762	5433907	4.41	4.23	NC_030989.1	CM012189.1
2243358	2255826	3051583	3039119	12469	12465	99.89	5212762	5433907	0.24	0.23	NC_030989.1	CM012189.1
2256850	2269835	3038077	3025093	12986	12985	99.99	5212762	5433907	0.25	0.24	NC_030989.1	CM012189.1
2270016	2305892	3024912	2989041	35877	35872	99.99	5212762	5433907	0.69	0.66	NC_030989.1	CM012189.1
2306121	2321880	2988884	2973128	15760	15757	99.87	5212762	5433907	0.30	0.29	NC_030989.1	CM012189.1
2322864	2328039	2972290	2967116	5176	5175	99.96	5212762	5433907	0.10	0.10	NC_030989.1	CM012189.1
2329039	2369608	2907714	2867202	40570	40513	99.83	5212762	5433907	0.78	0.75	NC_030989.1	CM012189.1
2370121	2387163	2866701	2849660	17043	17042	99.97	5212762	5433907	0.33	0.31	NC_030989.1	CM012189.1
2387353	2393974	2849565	2842944	6622	6622	99.85	5212762	5433907	0.13	0.12	NC_030989.1	CM012189.1
2394328	2472767	2842821	2764383	78440	78439	99.96	5212762	5433907	1.50	1.44	NC_030989.1	CM012189.1
2472871	2619044	2764274	2618112	146174	146163	99.99	5212762	5433907	2.80	2.69	NC_030989.1	CM012189.1
2619223	2670839	2617944	2566333	51617	51612	99.99	5212762	5433907	0.99	0.95	NC_030989.1	CM012189.1
2671488	2812248	2566345	2425587	140761	140759	99.99	5212762	5433907	2.70	2.59	NC_030989.1	CM012189.1
2812234	2847931	2424925	2389223	35698	35703	99.97	5212762	5433907	0.68	0.66	NC_030989.1	CM012189.1
2848344	2880180	2388943	2357112	31837	31832	99.97	5212762	5433907	0.61	0.59	NC_030989.1	CM012189.1
2880482	2951216	2356958	2286223	70735	70736	99.98	5212762	5433907	1.36	1.30	NC_030989.1	CM012189.1
2951525	2965341	2285925	2272109	13817	13817	99.99	5212762	5433907	0.27	0.25	NC_030989.1	CM012189.1
2965329	3059223	2271439	2177551	93895	93889	99.98	5212762	5433907	1.80	1.73	NC_030989.1	CM012189.1
3092345	3095882	2177552	2174015	3538	3538	100.00	5212762	5433907	0.07	0.07	NC_030989.1	CM012189.1
3096221	3137546	2173664	2132345	41326	41320	99.98	5212762	5433907	0.79	0.76	NC_030989.1	CM012189.1
3138305	3179345	2132353	2091314	41041	41040	99.99	5212762	5433907	0.79	0.76	NC_030989.1	CM012189.1
3179534	3243140	2091307	2027710	63607	63598	99.97	5212762	5433907	1.22	1.17	NC_030989.1	CM012189.1
3243799	3433523	2027724	1838037	189725	189688	99.96	5212762	5433907	3.64	3.49	NC_030989.1	CM012189.1
3433503	3474718	1837289	1796082	41216	41208	99.97	5212762	5433907	0.79	0.76	NC_030989.1	CM012189.1
3475235	3476599	1795699	1794336	1365	1364	99.93	5212762	5433907	0.03	0.03	NC_030989.1	CM012189.1
3478505	3509849	1792399	1761055	31345	31345	99.99	5212762	5433907	0.60	0.58	NC_030989.1	CM012189.1
3515114	3517792	1761059	1758381	2679	2679	100.00	5212762	5433907	0.05	0.05	NC_030989.1	CM012189.1
3517944	3542676	1758354	1733611	24733	24744	99.84	5212762	5433907	0.47	0.46	NC_030989.1	CM012189.1
3542879	3601717	1733510	1674680	58839	58831	99.97	5212762	5433907	1.13	1.08	NC_030989.1	CM012189.1
3601912	3635442	1674433	1640907	33531	33527	99.96	5212762	5433907	0.64	0.62	NC_030989.1	CM012189.1
3636094	3652843	1640920	1624172	16750	16749	99.98	5212762	5433907	0.32	0.31	NC_030989.1	CM012189.1
3652972	3694722	1624097	1582344	41751	41754	99.98	5212762	5433907	0.80	0.77	NC_030989.1	CM012189.1
3694831	3749282	1582240	1527802	54452	54439	99.94	5212762	5433907	1.04	1.00	NC_030989.1	CM012189.1
3749506	3770852	1527678	1506332	21347	21347	100.00	5212762	5433907	0.41	0.39	NC_030989.1	CM012189.1
3770838	3784473	1505676	1492042	13636	13635	99.99	5212762	5433907	0.26	0.25	NC_030989.1	CM012189.1
3784709	3814283	1491818	1462247	29575	29572	99.98	5212762	5433907	0.57	0.54	NC_030989.1	CM012189.1
3814482	3830668	1462065	1445882	16187	16184	99.98	5212762	5433907	0.31	0.30	NC_030989.1	CM012189.1
3830932	3855128	1445598	1421397	24197	24202	99.96	5212762	5433907	0.46	0.45	NC_030989.1	CM012189.1
3856400	3891531	1420188	1385074	35132	35115	99.93	5212762	5433907	0.67	0.65	NC_030989.1	CM012189.1
3891633	3930982	1385066	1345719	39350	39348	99.99	5212762	5433907	0.75	0.72	NC_030989.1	CM012189.1
3931636	3933937	1345733	1343432	2302	2302	100.00	5212762	5433907	0.04	0.04	NC_030989.1	CM012189.1
3934408	3984357	1343094	1293160	49950	49935	99.94	5212762	5433907	0.96	0.92	NC_030989.1	CM012189.1
3984937	4017289	1292578	1260231	32353	32348	99.98	5212762	5433907	0.62	0.60	NC_030989.1	CM012189.1
4017572	4020946	1260054	1256678	3375	3377	99.94	5212762	5433907	0.06	0.06	NC_030989.1	CM012189.1
4021864	4069386	1255919	1208409	47523	47511	99.93	5212762	5433907	0.91	0.87	NC_030989.1	CM012189.1
4069625	4105022	1208194	1172807	35398	35388	99.97	5212762	5433907	0.68	0.65	NC_030989.1	CM012189.1
4105686	4127785	1172821	1150815	22100	22007	99.57	5212762	5433907	0.42	0.40	NC_030989.1	CM012189.1
4127928	4222289	1150767	1056410	94362	94358	99.99	5212762	5433907	1.81	1.74	NC_030989.1	CM012189.1
4222530	4245217	1056254	1033566	22688	22689	99.97	5212762	5433907	0.44	0.42	NC_030989.1	CM012189.1
4245471	4256719	1033232	1021986	11249	11247	99.96	5212762	5433907	0.22	0.21	NC_030989.1	CM012189.1
4256841	4272371	1021971	1006442	15531	15530	99.99	5212762	5433907	0.30	0.29	NC_030989.1	CM012189.1
4272568	4350128	1006253	928700	77561	77554	99.99	5212762	5433907	1.49	1.43	NC_030989.1	CM012189.1
4350406	4353281	928643	925773	2876	2871	99.48	5212762	5433907	0.06	0.05	NC_030989.1	CM012189.1
4353441	4415960	925094	862579	62520	62516	99.99	5212762	5433907	1.20	1.15	NC_030989.1	CM012189.1
4416107	4509582	862569	769100	93476	93470	99.99	5212762	5433907	1.79	1.72	NC_030989.1	CM012189.1
4509575	4657208	768340	620714	147634	147627	99.97	5212762	5433907	2.83	2.72	NC_030989.1	CM012189.1
4657209	4776066	592629	473787	118858	118843	99.96	5212762	5433907	2.28	2.19	NC_030989.1	CM012189.1
4777188	4805021	471125	443293	27834	27833	99.99	5212762	5433907	0.53	0.51	NC_030989.1	CM012189.1
4805364	4823933	442954	424388	18570	18567	99.98	5212762	5433907	0.36	0.34	NC_030989.1	CM012189.1
4824181	4869747	424331	378771	45567	45561	99.96	5212762	5433907	0.87	0.84	NC_030989.1	CM012189.1
4870093	4967831	378616	280898	97739	97719	99.93	5212762	5433907	1.87	1.80	NC_030989.1	CM012189.1
4967826	4971177	275213	271947	3352	3267	97.34	5212762	5433907	0.06	0.06	NC_030989.1	CM012189.1
4971169	4971856	271188	270501	688	688	99.56	5212762	5433907	0.01	0.01	NC_030989.1	CM012189.1
4972517	5001938	269563	240144	29422	29420	99.88	5212762	5433907	0.56	0.54	NC_030989.1	CM012189.1
5002775	5023090	239339	219102	20316	20238	99.56	5212762	5433907	0.39	0.37	NC_030989.1	CM012189.1
5023263	5037978	219016	204302	14716	14715	99.97	5212762	5433907	0.28	0.27	NC_030989.1	CM012189.1
5041360	5140617	200720	101482	99258	99239	99.92	5212762	5433907	1.90	1.83	NC_030989.1	CM012189.1
5140616	5164240	99621	76000	23625	23622	99.96	5212762	5433907	0.45	0.43	NC_030989.1	CM012189.1
5164236	5174830	70312	59814	10595	10499	98.75	5212762	5433907	0.20	0.19	NC_030989.1	CM012189.1
5174958	5185820	59633	48771	10863	10863	99.92	5212762	5433907	0.21	0.20	NC_030989.1	CM012189.1
5185816	5186420	43083	42479	605	605	100.00	5212762	5433907	0.01	0.01	NC_030989.1	CM012189.1
5186416	5195458	36929	27892	9043	9038	99.80	5212762	5433907	0.17	0.17	NC_030989.1	CM012189.1
5195684	5197660	27622	25647	1977	1976	99.24	5212762	5433907	0.04	0.04	NC_030989.1	CM012189.1
5198199	5212648	25200	10751	14450	14450	99.99	5212762	5433907	0.28	0.27	NC_030989.1	CM012189.1
2	22812	4923477	4900671	22811	22807	99.87	4914260	5140509	0.46	0.44	NC_030990.1	CM012190.1
22965	65793	4900540	4857719	42829	42822	99.94	4914260	5140509	0.87	0.83	NC_030990.1	CM012190.1
65793	65937	1219928	1219784	145	145	95.17	4914260	1558014	0.00	0.01	NC_030990.1	RBXW01000015.1
65942	68549	4857576	4854969	2608	2608	100.00	4914260	5140509	0.05	0.05	NC_030990.1	CM012190.1
68657	99551	4854872	4823979	30895	30894	99.99	4914260	5140509	0.63	0.60	NC_030990.1	CM012190.1
99698	105514	4823837	4818021	5817	5817	99.97	4914260	5140509	0.12	0.11	NC_030990.1	CM012190.1
106100	139098	4817608	4784609	32999	33000	99.96	4914260	5140509	0.67	0.64	NC_030990.1	CM012190.1
139863	192386	4783832	4731314	52524	52519	99.96	4914260	5140509	1.07	1.02	NC_030990.1	CM012190.1
192758	228440	4730934	4695254	35683	35681	99.97	4914260	5140509	0.73	0.69	NC_030990.1	CM012190.1
228650	232135	4695089	4691600	3486	3490	99.86	4914260	5140509	0.07	0.07	NC_030990.1	CM012190.1
232319	238783	4691417	4684953	6465	6465	99.97	4914260	5140509	0.13	0.13	NC_030990.1	CM012190.1
239014	245311	4684746	4678450	6298	6297	99.94	4914260	5140509	0.13	0.12	NC_030990.1	CM012190.1
246015	365144	4677630	4558507	119130	119124	99.97	4914260	5140509	2.42	2.32	NC_030990.1	CM012190.1
365306	460173	4558431	4463571	94868	94861	99.98	4914260	5140509	1.93	1.85	NC_030990.1	CM012190.1
460825	476213	4463583	4448195	15389	15389	100.00	4914260	5140509	0.31	0.30	NC_030990.1	CM012190.1
478073	482619	4448197	4443735	4547	4463	98.11	4914260	5140509	0.09	0.09	NC_030990.1	CM012190.1
483268	763006	4442968	4163230	279739	279739	99.97	4914260	5140509	5.69	5.44	NC_030990.1	CM012190.1
763529	819839	4162818	4106514	56311	56305	99.98	4914260	5140509	1.15	1.10	NC_030990.1	CM012190.1
820473	832205	4106271	4094539	11733	11733	99.93	4914260	5140509	0.24	0.23	NC_030990.1	CM012190.1
832814	852378	4093949	4074385	19565	19565	99.96	4914260	5140509	0.40	0.38	NC_030990.1	CM012190.1
852782	879105	4074123	4047833	26324	26291	99.75	4914260	5140509	0.54	0.51	NC_030990.1	CM012190.1
880110	936144	3987865	3931862	56035	56004	99.91	4914260	5140509	1.14	1.09	NC_030990.1	CM012190.1
936291	1077391	3931731	3790657	141101	141075	99.97	4914260	5140509	2.87	2.74	NC_030990.1	CM012190.1
1077628	1105673	3790428	3762387	28046	28042	99.98	4914260	5140509	0.57	0.55	NC_030990.1	CM012190.1
1105787	1112704	3762278	3755362	6918	6917	99.99	4914260	5140509	0.14	0.13	NC_030990.1	CM012190.1
1112692	1112963	3754712	3754440	272	273	99.63	4914260	5140509	0.01	0.01	NC_030990.1	CM012190.1
1113516	1116787	3753992	3750722	3272	3271	99.76	4914260	5140509	0.07	0.06	NC_030990.1	CM012190.1
1117163	1158737	3750394	3708828	41575	41567	99.96	4914260	5140509	0.85	0.81	NC_030990.1	CM012190.1
1158896	1288397	3708678	3579198	129502	129481	99.93	4914260	5140509	2.64	2.52	NC_030990.1	CM012190.1
1288877	1312953	3578914	3554840	24077	24075	99.99	4914260	5140509	0.49	0.47	NC_030990.1	CM012190.1
1313165	1328597	3554627	3539195	15433	15433	99.99	4914260	5140509	0.31	0.30	NC_030990.1	CM012190.1
1328707	1395841	3539100	3471972	67135	67129	99.99	4914260	5140509	1.37	1.31	NC_030990.1	CM012190.1
1395941	1399926	3471972	3467994	3986	3979	99.50	4914260	5140509	0.08	0.08	NC_030990.1	CM012190.1
1400427	1513020	3467563	3354988	112594	112576	99.93	4914260	5140509	2.29	2.19	NC_030990.1	CM012190.1
1514158	1521934	3353783	3346011	7777	7773	99.95	4914260	5140509	0.16	0.15	NC_030990.1	CM012190.1
1522393	1553378	3346054	3315071	30986	30984	99.99	4914260	5140509	0.63	0.60	NC_030990.1	CM012190.1
1553369	1599215	3314313	3268473	45847	45841	99.98	4914260	5140509	0.93	0.89	NC_030990.1	CM012190.1
1599551	1601459	3268254	3266348	1909	1907	99.63	4914260	5140509	0.04	0.04	NC_030990.1	CM012190.1
1601969	1602755	3265407	3264618	787	790	99.62	4914260	5140509	0.02	0.02	NC_030990.1	CM012190.1
1603087	1639602	3264319	3227810	36516	36510	99.95	4914260	5140509	0.74	0.71	NC_030990.1	CM012190.1
1639984	1653690	3227435	3213734	13707	13702	99.95	4914260	5140509	0.28	0.27	NC_030990.1	CM012190.1
1656507	1660730	3210880	3206661	4224	4220	99.81	4914260	5140509	0.09	0.08	NC_030990.1	CM012190.1
1660909	1743620	3206623	3123940	82712	82684	99.83	4914260	5140509	1.68	1.61	NC_030990.1	CM012190.1
1743983	1778772	3123870	3089085	34790	34786	99.88	4914260	5140509	0.71	0.68	NC_030990.1	CM012190.1
1779182	1937867	3088759	2930092	158686	158668	99.97	4914260	5140509	3.23	3.09	NC_030990.1	CM012190.1
1937988	1942065	2929977	2925901	4078	4077	99.98	4914260	5140509	0.08	0.08	NC_030990.1	CM012190.1
1942211	1945020	2925763	2922955	2810	2809	99.93	4914260	5140509	0.06	0.05	NC_030990.1	CM012190.1
1945151	1950447	2922831	2917535	5297	5297	100.00	4914260	5140509	0.11	0.10	NC_030990.1	CM012190.1
1950611	2035318	2917384	2832693	84708	84692	99.97	4914260	5140509	1.72	1.65	NC_030990.1	CM012190.1
2036215	2149535	2831890	2718583	113321	113308	99.95	4914260	5140509	2.31	2.20	NC_030990.1	CM012190.1
2150196	2153476	2718597	2715321	3281	3277	99.85	4914260	5140509	0.07	0.06	NC_030990.1	CM012190.1
2153631	2254821	2715287	2614102	101191	101186	99.99	4914260	5140509	2.06	1.97	NC_030990.1	CM012190.1
2255478	2298058	2614115	2571547	42581	42569	99.81	4914260	5140509	0.87	0.83	NC_030990.1	CM012190.1
2298534	2348600	2571281	2521225	50067	50057	99.98	4914260	5140509	1.02	0.97	NC_030990.1	CM012190.1
2348761	2374917	2521066	2494908	26157	26159	99.99	4914260	5140509	0.53	0.51	NC_030990.1	CM012190.1
2376625	2379983	2493629	2490274	3359	3356	99.76	4914260	5140509	0.07	0.07	NC_030990.1	CM012190.1
2380085	2413819	2490142	2456420	33735	33723	99.94	4914260	5140509	0.69	0.66	NC_030990.1	CM012190.1
2414081	2419159	2456299	2451222	5079	5078	99.92	4914260	5140509	0.10	0.10	NC_030990.1	CM012190.1
2419390	2452137	2451136	2418392	32748	32745	99.98	4914260	5140509	0.67	0.64	NC_030990.1	CM012190.1
2452322	2455542	2418309	2415089	3221	3221	99.32	4914260	5140509	0.07	0.06	NC_030990.1	CM012190.1
2456198	2467134	2414592	2403656	10937	10937	99.95	4914260	5140509	0.22	0.21	NC_030990.1	CM012190.1
2467273	2526183	2403543	2344641	58911	58903	99.98	4914260	5140509	1.20	1.15	NC_030990.1	CM012190.1
2526574	2549092	2344383	2321863	22519	22521	99.98	4914260	5140509	0.46	0.44	NC_030990.1	CM012190.1
2549191	2599873	2321693	2271019	50683	50675	99.98	4914260	5140509	1.03	0.99	NC_030990.1	CM012190.1
2600518	2614030	2271032	2257525	13513	13508	99.91	4914260	5140509	0.27	0.26	NC_030990.1	CM012190.1
2614609	2616355	2256918	2255173	1747	1746	99.94	4914260	5140509	0.04	0.03	NC_030990.1	CM012190.1
2616342	2622090	2254510	2248762	5749	5749	100.00	4914260	5140509	0.12	0.11	NC_030990.1	CM012190.1
2622191	2666681	2248430	2203944	44491	44487	99.96	4914260	5140509	0.91	0.87	NC_030990.1	CM012190.1
2666820	2783909	2203825	2086754	117090	117072	99.95	4914260	5140509	2.38	2.28	NC_030990.1	CM012190.1
2784337	2836751	2085981	2033577	52415	52405	99.98	4914260	5140509	1.07	1.02	NC_030990.1	CM012190.1
2836867	2889670	2033472	1980682	52804	52791	99.97	4914260	5140509	1.07	1.03	NC_030990.1	CM012190.1
2889841	2892199	1980614	1978257	2359	2358	99.96	4914260	5140509	0.05	0.05	NC_030990.1	CM012190.1
2892663	2917525	1977948	1953096	24863	24853	99.91	4914260	5140509	0.51	0.48	NC_030990.1	CM012190.1
2918055	3053866	1952772	1817057	135812	135716	99.90	4914260	5140509	2.76	2.64	NC_030990.1	CM012190.1
3054307	3088168	1816687	1782829	33862	33859	99.98	4914260	5140509	0.69	0.66	NC_030990.1	CM012190.1
3088324	3201469	1782712	1669575	113146	113138	99.98	4914260	5140509	2.30	2.20	NC_030990.1	CM012190.1
3201618	3212138	1669430	1658911	10521	10520	99.99	4914260	5140509	0.21	0.20	NC_030990.1	CM012190.1
3212902	3257861	1658227	1613273	44960	44955	99.98	4914260	5140509	0.91	0.87	NC_030990.1	CM012190.1
3258036	3398310	1613169	1472993	140275	140177	99.93	4914260	5140509	2.85	2.73	NC_030990.1	CM012190.1
3399484	3431185	1471806	1440109	31702	31698	99.97	4914260	5140509	0.65	0.62	NC_030990.1	CM012190.1
3431409	3439561	1439773	1431631	8153	8143	99.78	4914260	5140509	0.17	0.16	NC_030990.1	CM012190.1
3439848	3491487	1431564	1379931	51640	51634	99.97	4914260	5140509	1.05	1.00	NC_030990.1	CM012190.1
3491994	3538560	1379426	1332860	46567	46567	99.98	4914260	5140509	0.95	0.91	NC_030990.1	CM012190.1
3538804	3593888	1332626	1277555	55085	55072	99.93	4914260	5140509	1.12	1.07	NC_030990.1	CM012190.1
3594217	3635816	1277299	1235701	41600	41599	99.99	4914260	5140509	0.85	0.81	NC_030990.1	CM012190.1
3636544	3724787	1235369	1147125	88244	88245	99.99	4914260	5140509	1.80	1.72	NC_030990.1	CM012190.1
3725546	3729596	1146082	1142035	4051	4048	99.85	4914260	5140509	0.08	0.08	NC_030990.1	CM012190.1
3729739	3744445	1141990	1127300	14707	14691	99.65	4914260	5140509	0.30	0.29	NC_030990.1	CM012190.1
3744691	3813655	1127174	1058218	68965	68957	99.98	4914260	5140509	1.40	1.34	NC_030990.1	CM012190.1
3813806	3814420	1058079	1057468	615	612	93.52	4914260	5140509	0.01	0.01	NC_030990.1	CM012190.1
3814827	3839598	1057094	1032331	24772	24764	99.94	4914260	5140509	0.50	0.48	NC_030990.1	CM012190.1
3839943	3991034	1032229	881148	151092	151082	99.92	4914260	5140509	3.07	2.94	NC_030990.1	CM012190.1
3991021	4023430	880482	848079	32410	32404	99.98	4914260	5140509	0.66	0.63	NC_030990.1	CM012190.1
4023561	4054245	847949	817272	30685	30678	99.96	4914260	5140509	0.62	0.60	NC_030990.1	CM012190.1
4054535	4084154	817101	787482	29620	29620	99.95	4914260	5140509	0.60	0.58	NC_030990.1	CM012190.1
4084836	4133392	786934	738382	48557	48553	99.99	4914260	5140509	0.99	0.94	NC_030990.1	CM012190.1
4133764	4195908	738082	675940	62145	62143	99.99	4914260	5140509	1.26	1.21	NC_030990.1	CM012190.1
4196332	4225615	675615	646335	29284	29281	99.99	4914260	5140509	0.60	0.57	NC_030990.1	CM012190.1
4225715	4395156	646234	476838	169442	169397	99.94	4914260	5140509	3.45	3.30	NC_030990.1	CM012190.1
4395282	4405523	476716	466475	10242	10242	99.99	4914260	5140509	0.21	0.20	NC_030990.1	CM012190.1
4405514	4469678	464622	400457	64165	64166	99.98	4914260	5140509	1.31	1.25	NC_030990.1	CM012190.1
4470529	4497374	399668	372826	26846	26843	99.84	4914260	5140509	0.55	0.52	NC_030990.1	CM012190.1
4497939	4505468	372096	364575	7530	7522	99.80	4914260	5140509	0.15	0.15	NC_030990.1	CM012190.1
4499750	4505638	20183	26065	5889	5883	99.71	4914260	1929982	0.12	0.30	NC_030990.1	RBXW01000017.1
4505621	4508179	364425	361871	2559	2555	99.77	4914260	5140509	0.05	0.05	NC_030990.1	CM012190.1
4508865	4610663	361327	259668	101799	101660	99.81	4914260	5140509	2.07	1.98	NC_030990.1	CM012190.1
4611696	4638864	258605	231423	27169	27183	99.93	4914260	5140509	0.55	0.53	NC_030990.1	CM012190.1
4639077	4676156	231292	194214	37080	37079	99.99	4914260	5140509	0.75	0.72	NC_030990.1	CM012190.1
4676280	4695784	194109	174604	19505	19506	99.99	4914260	5140509	0.40	0.38	NC_030990.1	CM012190.1
4696051	4708455	174365	161960	12405	12406	99.95	4914260	5140509	0.25	0.24	NC_030990.1	CM012190.1
4708943	4740142	161555	130358	31200	31198	99.99	4914260	5140509	0.63	0.61	NC_030990.1	CM012190.1
4740141	4740802	138850	139511	662	662	100.00	4914260	312224	0.01	0.21	NC_030990.1	RBXW01000024.1
4740803	4762416	130370	108755	21614	21616	99.87	4914260	5140509	0.44	0.42	NC_030990.1	CM012190.1
4762755	4771883	108463	99335	9129	9129	99.95	4914260	5140509	0.19	0.18	NC_030990.1	CM012190.1
4771878	4775135	94437	91181	3258	3257	99.97	4914260	5140509	0.07	0.06	NC_030990.1	CM012190.1
4775792	4785235	91194	81752	9444	9443	99.99	4914260	5140509	0.19	0.18	NC_030990.1	CM012190.1
4785994	4792967	81760	74787	6974	6974	99.99	4914260	5140509	0.14	0.14	NC_030990.1	CM012190.1
4793099	4811078	74666	56688	17980	17979	99.99	4914260	5140509	0.37	0.35	NC_030990.1	CM012190.1
4811669	4824615	56317	43368	12947	12950	99.83	4914260	5140509	0.26	0.25	NC_030990.1	CM012190.1
4824726	4828177	43255	39808	3452	3448	99.68	4914260	5140509	0.07	0.07	NC_030990.1	CM012190.1
4828570	4830543	39468	37496	1974	1973	99.95	4914260	5140509	0.04	0.04	NC_030990.1	CM012190.1
4831122	4832571	36130	34701	1450	1430	96.14	4914260	5140509	0.03	0.03	NC_030990.1	CM012190.1
4832794	4842530	34521	24786	9737	9736	99.97	4914260	5140509	0.20	0.19	NC_030990.1	CM012190.1
4872957	4873187	650900	650670	231	231	91.77	4914260	1558014	0.00	0.01	NC_030990.1	RBXW01000015.1
4873496	4873666	2741941	2741767	171	175	89.14	4914260	4845296	0.00	0.00	NC_030990.1	CM012188.1
4905634	4905918	28320	28036	285	285	95.44	4914260	3452555	0.01	0.01	NC_030990.1	CM012194.1
1941	10732	33952	25165	8792	8788	99.91	4589937	2138808	0.19	0.41	NC_030991.1	CM012196.1
36855	65676	2560690	2589509	28822	28820	99.93	4589937	5801746	0.63	0.50	NC_030991.1	RBXW01000002.1
65674	81219	2589592	2605136	15546	15545	99.86	4589937	5801746	0.34	0.27	NC_030991.1	RBXW01000002.1
87323	92126	2611002	2615803	4804	4802	99.13	4589937	5801746	0.10	0.08	NC_030991.1	RBXW01000002.1
92472	109658	2616111	2633285	17187	17175	99.52	4589937	5801746	0.37	0.30	NC_030991.1	RBXW01000002.1
109780	159718	2633397	2683352	49939	49956	99.94	4589937	5801746	1.09	0.86	NC_030991.1	RBXW01000002.1
172083	177849	2914869	2920643	5767	5775	95.36	4589937	5801746	0.13	0.10	NC_030991.1	RBXW01000002.1
199101	202378	95285	98564	3278	3280	92.01	4589937	5801746	0.07	0.06	NC_030991.1	RBXW01000002.1
255100	263061	3207444	3215417	7962	7974	96.90	4589937	5801746	0.17	0.14	NC_030991.1	RBXW01000002.1
263060	264635	3218393	3219972	1576	1580	97.09	4589937	5801746	0.03	0.03	NC_030991.1	RBXW01000002.1
267037	267598	1746571	1747130	562	560	94.84	4589937	5801746	0.01	0.01	NC_030991.1	RBXW01000002.1
278863	284145	6504275	6509461	5283	5187	91.59	4589937	6551299	0.12	0.08	NC_030991.1	CM012187.1
296288	301187	3194044	3189147	4900	4898	94.85	4589937	5801746	0.11	0.08	NC_030991.1	RBXW01000002.1
305752	306769	1458066	1459078	1018	1013	86.20	4589937	5801746	0.02	0.02	NC_030991.1	RBXW01000002.1
310188	313926	3442547	3438841	3739	3707	88.12	4589937	5801746	0.08	0.06	NC_030991.1	RBXW01000002.1
337259	346822	3081038	3090618	9564	9581	99.41	4589937	5801746	0.21	0.17	NC_030991.1	RBXW01000002.1
346821	347256	4678265	4678700	436	436	97.02	4589937	5140509	0.01	0.01	NC_030991.1	CM012190.1
373690	375305	5324908	5326523	1616	1616	87.71	4589937	5433907	0.04	0.03	NC_030991.1	CM012189.1
378319	378649	68265	68599	331	335	93.73	4589937	6551299	0.01	0.01	NC_030991.1	CM012187.1
382276	387295	3082466	3077446	5020	5021	99.96	4589937	5801746	0.11	0.09	NC_030991.1	RBXW01000002.1
389288	390232	3137238	3136294	945	945	100.00	4589937	5801746	0.02	0.02	NC_030991.1	RBXW01000002.1
390393	399684	2685700	2694990	9292	9291	99.97	4589937	5801746	0.20	0.16	NC_030991.1	RBXW01000002.1
399856	495521	2695159	2790810	95666	95652	99.97	4589937	5801746	2.08	1.65	NC_030991.1	RBXW01000002.1
498613	527866	2790802	2820027	29254	29226	99.77	4589937	5801746	0.64	0.50	NC_030991.1	RBXW01000002.1
522170	527923	3360047	3365801	5754	5755	99.88	4589937	3386631	0.13	0.17	NC_030991.1	CM012193.1
529735	533587	2820035	2823886	3853	3852	99.79	4589937	5801746	0.08	0.07	NC_030991.1	RBXW01000002.1
533740	543192	2824041	2833492	9453	9452	99.87	4589937	5801746	0.21	0.16	NC_030991.1	RBXW01000002.1
544667	577235	2834963	2867444	32569	32482	99.66	4589937	5801746	0.71	0.56	NC_030991.1	RBXW01000002.1
577483	607246	2867675	2897438	29764	29764	99.98	4589937	5801746	0.65	0.51	NC_030991.1	RBXW01000002.1
607235	617650	2898032	2908445	10416	10414	99.92	4589937	5801746	0.23	0.18	NC_030991.1	RBXW01000002.1
618673	623878	2909487	2914691	5206	5205	99.44	4589937	5801746	0.11	0.09	NC_030991.1	RBXW01000002.1
629827	723211	2920938	3014306	93385	93369	99.95	4589937	5801746	2.03	1.61	NC_030991.1	RBXW01000002.1
723465	740438	3014509	3031479	16974	16971	99.95	4589937	5801746	0.37	0.29	NC_030991.1	RBXW01000002.1
740431	749563	3032239	3041368	9133	9130	99.97	4589937	5801746	0.20	0.16	NC_030991.1	RBXW01000002.1
749774	785812	3041420	3077453	36039	36034	99.84	4589937	5801746	0.79	0.62	NC_030991.1	RBXW01000002.1
789608	793942	3218765	3223098	4335	4334	99.98	4589937	5801746	0.09	0.07	NC_030991.1	RBXW01000002.1
796341	797436	3225384	3226479	1096	1096	100.00	4589937	5801746	0.02	0.02	NC_030991.1	RBXW01000002.1
803746	825811	3087593	3109589	22066	21997	98.92	4589937	5801746	0.48	0.38	NC_030991.1	RBXW01000002.1
817672	825967	3244747	3253047	8296	8301	99.57	4589937	5801746	0.18	0.14	NC_030991.1	RBXW01000002.1
826068	842443	3251423	3267796	16376	16374	99.98	4589937	5801746	0.36	0.28	NC_030991.1	RBXW01000002.1
846959	860621	3272104	3285767	13663	13664	99.87	4589937	5801746	0.30	0.24	NC_030991.1	RBXW01000002.1
860788	966942	3285940	3392091	106155	106152	99.97	4589937	5801746	2.31	1.83	NC_030991.1	RBXW01000002.1
969291	1006256	3394140	3431084	36966	36945	99.87	4589937	5801746	0.81	0.64	NC_030991.1	RBXW01000002.1
1006837	1014850	3431574	3439614	8014	8041	99.38	4589937	5801746	0.17	0.14	NC_030991.1	RBXW01000002.1
1017120	1018084	3441905	3442869	965	965	100.00	4589937	5801746	0.02	0.02	NC_030991.1	RBXW01000002.1
1022766	1024167	3448202	3449602	1402	1401	99.79	4589937	5801746	0.03	0.02	NC_030991.1	RBXW01000002.1
1024670	1026751	3449801	3451887	2082	2087	99.66	4589937	5801746	0.05	0.04	NC_030991.1	RBXW01000002.1
1027484	1059357	3452497	3484307	31874	31811	99.75	4589937	5801746	0.69	0.55	NC_030991.1	RBXW01000002.1
1061632	1073239	3486308	3497915	11608	11608	100.00	4589937	5801746	0.25	0.20	NC_030991.1	RBXW01000002.1
1073486	1143065	3498050	3567638	69580	69589	99.96	4589937	5801746	1.52	1.20	NC_030991.1	RBXW01000002.1
1143322	1206630	3567817	3631104	63309	63288	99.82	4589937	5801746	1.38	1.09	NC_030991.1	RBXW01000002.1
1206899	1209046	3631287	3633432	2148	2146	99.81	4589937	5801746	0.05	0.04	NC_030991.1	RBXW01000002.1
1210507	1212032	3635064	3636589	1526	1526	99.21	4589937	5801746	0.03	0.03	NC_030991.1	RBXW01000002.1
1212266	1221842	3636524	3646100	9577	9577	100.00	4589937	5801746	0.21	0.17	NC_030991.1	RBXW01000002.1
1221943	1247664	3646265	3671989	25722	25725	99.95	4589937	5801746	0.56	0.44	NC_030991.1	RBXW01000002.1
1253114	1299681	3678047	3724576	46568	46530	99.72	4589937	5801746	1.01	0.80	NC_030991.1	RBXW01000002.1
1300268	1315423	3724982	3740144	15156	15163	99.93	4589937	5801746	0.33	0.26	NC_030991.1	RBXW01000002.1
1315647	1355418	3740342	3780095	39772	39754	99.92	4589937	5801746	0.87	0.69	NC_030991.1	RBXW01000002.1
1362093	1364162	3786419	3788477	2070	2059	95.42	4589937	5801746	0.05	0.04	NC_030991.1	RBXW01000002.1
1364760	1376059	3789035	3800330	11300	11296	99.90	4589937	5801746	0.25	0.19	NC_030991.1	RBXW01000002.1
1383709	1394609	3809820	3820723	10901	10904	99.88	4589937	5801746	0.24	0.19	NC_030991.1	RBXW01000002.1
1411742	1412312	1876746	1876218	571	529	85.34	4589937	5801746	0.01	0.01	NC_030991.1	RBXW01000002.1
1418878	1419111	3783491	3783258	234	234	89.74	4589937	5801746	0.01	0.00	NC_030991.1	RBXW01000002.1
1433351	1434778	43058	44485	1428	1428	82.08	4589937	2135404	0.03	0.07	NC_030991.1	RBXW01000007.1
1435297	1435646	1002309	1001960	350	350	98.00	4589937	2135404	0.01	0.02	NC_030991.1	RBXW01000007.1
1502115	1502268	36914	37067	154	154	90.26	4589937	6551299	0.00	0.00	NC_030991.1	CM012187.1
1504038	1504525	38450	38940	488	491	90.26	4589937	6551299	0.01	0.01	NC_030991.1	CM012187.1
1505748	1507262	39399	40910	1515	1512	88.59	4589937	6551299	0.03	0.02	NC_030991.1	CM012187.1
1525166	1534697	31697	22161	9532	9537	99.55	4589937	1573990	0.21	0.61	NC_030991.1	RBXW01000022.1
1541970	1542702	1739140	1738408	733	733	98.09	4589937	5801746	0.02	0.01	NC_030991.1	RBXW01000002.1
1553069	1554870	1593495	1591695	1802	1801	95.40	4589937	5801746	0.04	0.03	NC_030991.1	RBXW01000002.1
1553229	1557995	1321235	1325982	4767	4748	96.00	4589937	5801746	0.10	0.08	NC_030991.1	RBXW01000002.1
1585128	1590055	76866	71950	4928	4917	94.15	4589937	2918466	0.11	0.17	NC_030991.1	CM012195.1
1596996	1597277	5064261	5064540	282	280	88.65	4589937	5140509	0.01	0.01	NC_030991.1	CM012190.1
1628412	1628528	2252236	2252120	117	117	94.87	4589937	5801746	0.00	0.00	NC_030991.1	RBXW01000002.1
1630738	1631696	2252121	2251164	959	958	95.20	4589937	5801746	0.02	0.02	NC_030991.1	RBXW01000002.1
1631853	1632007	2251164	2251010	155	155	97.42	4589937	5801746	0.00	0.00	NC_030991.1	RBXW01000002.1
1637183	1638198	1813122	1812108	1016	1015	84.05	4589937	5801746	0.02	0.02	NC_030991.1	RBXW01000002.1
1638981	1639284	125774	125470	304	305	89.18	4589937	1573990	0.01	0.02	NC_030991.1	RBXW01000022.1
1655766	1658737	3454964	3451985	2972	2980	95.54	4589937	5801746	0.06	0.05	NC_030991.1	RBXW01000002.1
1666432	1666556	199166	199047	125	120	92.00	4589937	4117910	0.00	0.00	NC_030991.1	CM012192.1
1675489	1675665	2002733	2002908	177	176	94.35	4589937	5801746	0.00	0.00	NC_030991.1	RBXW01000002.1
1681977	1682356	41607	41986	380	380	96.58	4589937	2135404	0.01	0.02	NC_030991.1	RBXW01000007.1
1682150	1682365	6509668	6509455	216	214	95.37	4589937	6551299	0.00	0.00	NC_030991.1	CM012187.1
1779371	1780116	1940194	1940939	746	746	98.26	4589937	5801746	0.02	0.01	NC_030991.1	RBXW01000002.1
1858505	1865693	136433	143618	7189	7186	99.96	4589937	516787	0.16	1.39	NC_030991.1	RBXW01000016.1
1874839	1875963	5384787	5385936	1125	1150	85.22	4589937	5433907	0.02	0.02	NC_030991.1	CM012189.1
1876989	1877415	5387573	5387998	427	426	93.68	4589937	5433907	0.01	0.01	NC_030991.1	CM012189.1
1925554	1925998	1445162	1445604	445	443	96.18	4589937	5801746	0.01	0.01	NC_030991.1	RBXW01000002.1
1934879	1945485	3853685	3843081	10607	10605	99.98	4589937	5801746	0.23	0.18	NC_030991.1	RBXW01000002.1
1946144	1951754	3843093	3837483	5611	5611	100.00	4589937	5801746	0.12	0.10	NC_030991.1	RBXW01000002.1
2063650	2086680	3959364	3982392	23031	23029	99.99	4589937	5801746	0.50	0.40	NC_030991.1	RBXW01000002.1
2106340	2193733	4004869	4092251	87394	87383	99.95	4589937	5801746	1.90	1.51	NC_030991.1	RBXW01000002.1
2246196	2288560	4143940	4186308	42365	42369	99.87	4589937	5801746	0.92	0.73	NC_030991.1	RBXW01000002.1
2318568	2336865	4216102	4234397	18298	18296	99.99	4589937	5801746	0.40	0.32	NC_030991.1	RBXW01000002.1
2336990	2371164	4234514	4268687	34175	34174	99.85	4589937	5801746	0.74	0.59	NC_030991.1	RBXW01000002.1
2371165	2375755	3201956	3206546	4591	4591	99.91	4589937	5801746	0.10	0.08	NC_030991.1	RBXW01000002.1
2444003	2452751	4384552	4393299	8749	8748	99.99	4589937	5801746	0.19	0.15	NC_030991.1	RBXW01000002.1
2501938	2532136	4444261	4474456	30199	30196	99.99	4589937	5801746	0.66	0.52	NC_030991.1	RBXW01000002.1
2532895	2599461	4474448	4541010	66567	66563	99.92	4589937	5801746	1.45	1.15	NC_030991.1	RBXW01000002.1
2687922	2711353	4636682	4660111	23432	23430	99.93	4589937	5801746	0.51	0.40	NC_030991.1	RBXW01000002.1
2819986	2846182	4775044	4801236	26197	26193	99.98	4589937	5801746	0.57	0.45	NC_030991.1	RBXW01000002.1
2846170	2848596	4801991	4804409	2427	2419	99.67	4589937	5801746	0.05	0.04	NC_030991.1	RBXW01000002.1
3023683	3035905	237238	249460	12223	12223	99.98	4589937	1573990	0.27	0.78	NC_030991.1	RBXW01000022.1
3108460	3135538	321242	348318	27079	27077	99.98	4589937	1573990	0.59	1.72	NC_030991.1	RBXW01000022.1
3160536	3175701	369574	354412	15166	15163	99.96	4589937	1573990	0.33	0.96	NC_030991.1	RBXW01000022.1
3195314	3207573	149392	161651	12260	12260	99.95	4589937	1573990	0.27	0.78	NC_030991.1	RBXW01000022.1
3223353	3283927	178099	238637	60575	60539	99.91	4589937	1573990	1.32	3.85	NC_030991.1	RBXW01000022.1
3294506	3339735	250119	295344	45230	45226	99.98	4589937	1573990	0.99	2.87	NC_030991.1	RBXW01000022.1
3453852	3502715	412411	461271	48864	48861	99.95	4589937	1573990	1.06	3.10	NC_030991.1	RBXW01000022.1
3502912	3507796	461464	466346	4885	4883	99.84	4589937	1573990	0.11	0.31	NC_030991.1	RBXW01000022.1
3517192	3520380	475756	478926	3189	3171	99.12	4589937	1573990	0.07	0.20	NC_030991.1	RBXW01000022.1
3520381	3523372	479303	476312	2992	2992	100.00	4589937	1573990	0.07	0.19	NC_030991.1	RBXW01000022.1
3523372	3524783	479296	480707	1412	1412	100.00	4589937	1573990	0.03	0.09	NC_030991.1	RBXW01000022.1
3524997	3578175	480985	534158	53179	53174	99.99	4589937	1573990	1.16	3.38	NC_030991.1	RBXW01000022.1
3578165	3580843	534915	537592	2679	2678	99.96	4589937	1573990	0.06	0.17	NC_030991.1	RBXW01000022.1
3581511	3622782	537581	578861	41272	41281	99.92	4589937	1573990	0.90	2.62	NC_030991.1	RBXW01000022.1
3636120	3693317	597032	654223	57198	57192	99.97	4589937	1573990	1.25	3.63	NC_030991.1	RBXW01000022.1
3694128	3699429	656437	661738	5302	5302	99.96	4589937	1573990	0.12	0.34	NC_030991.1	RBXW01000022.1
3701600	3701852	663801	664053	253	253	100.00	4589937	1573990	0.01	0.02	NC_030991.1	RBXW01000022.1
3702612	3746126	664046	707556	43515	43511	99.98	4589937	1573990	0.95	2.76	NC_030991.1	RBXW01000022.1
3747330	3752384	708658	713710	5055	5053	99.96	4589937	1573990	0.11	0.32	NC_030991.1	RBXW01000022.1
3755424	3782614	716823	744008	27191	27186	99.98	4589937	1573990	0.59	1.73	NC_030991.1	RBXW01000022.1
3813168	3822901	780160	789894	9734	9735	99.95	4589937	1573990	0.21	0.62	NC_030991.1	RBXW01000022.1
3818592	3824187	694587	688991	5596	5597	99.82	4589937	2138808	0.12	0.26	NC_030991.1	CM012196.1
3828628	3881826	793278	846474	53199	53197	99.99	4589937	1573990	1.16	3.38	NC_030991.1	RBXW01000022.1
3882099	3891080	846708	855688	8982	8981	99.99	4589937	1573990	0.20	0.57	NC_030991.1	RBXW01000022.1
3930414	3956498	895654	921736	26085	26083	99.99	4589937	1573990	0.57	1.66	NC_030991.1	RBXW01000022.1
3991814	3997464	1564762	1570412	5651	5651	100.00	4589937	2138808	0.12	0.26	NC_030991.1	CM012196.1
4003310	4124406	1063291	1184370	121097	121080	99.97	4589937	1573990	2.64	7.69	NC_030991.1	RBXW01000022.1
4212278	4212483	1272386	1272591	206	206	99.51	4589937	1573990	0.00	0.01	NC_030991.1	RBXW01000022.1
4213058	4235273	1273343	1295564	22216	22222	99.31	4589937	1573990	0.48	1.41	NC_030991.1	RBXW01000022.1
4227291	4235275	2005751	2013727	7985	7977	96.54	4589937	2138808	0.17	0.37	NC_030991.1	CM012196.1
4236532	4239116	1296860	1299444	2585	2585	99.11	4589937	1573990	0.06	0.16	NC_030991.1	RBXW01000022.1
4268741	4271386	1295271	1297912	2646	2642	99.81	4589937	1573990	0.06	0.17	NC_030991.1	RBXW01000022.1
4272322	4282233	1298837	1308758	9912	9922	99.38	4589937	1573990	0.22	0.63	NC_030991.1	RBXW01000022.1
4278466	4283928	2028386	2033848	5463	5463	99.58	4589937	2138808	0.12	0.26	NC_030991.1	CM012196.1
4284201	4294473	2034089	2044360	10273	10272	99.56	4589937	2138808	0.22	0.48	NC_030991.1	CM012196.1
4289593	4294979	1319917	1325302	5387	5386	98.98	4589937	1573990	0.12	0.34	NC_030991.1	RBXW01000022.1
4301380	4331690	1328095	1358405	30311	30311	99.99	4589937	1573990	0.66	1.93	NC_030991.1	RBXW01000022.1
4331863	4333998	1358634	1360769	2136	2136	100.00	4589937	1573990	0.05	0.14	NC_030991.1	RBXW01000022.1
4334638	4335787	1361153	1362302	1150	1150	100.00	4589937	1573990	0.03	0.07	NC_030991.1	RBXW01000022.1
4336444	4364095	1362290	1389941	27652	27652	100.00	4589937	1573990	0.60	1.76	NC_030991.1	RBXW01000022.1
4418168	4453996	1499997	1535823	35829	35827	99.99	4589937	1573990	0.78	2.28	NC_030991.1	RBXW01000022.1
4454636	4457102	1535848	1538314	2467	2467	100.00	4589937	1573990	0.05	0.16	NC_030991.1	RBXW01000022.1
4462066	4468878	284470	291304	6813	6835	98.63	4589937	2138808	0.15	0.32	NC_030991.1	CM012196.1
4469957	4474832	688427	683559	4876	4869	98.75	4589937	2138808	0.11	0.23	NC_030991.1	CM012196.1
4474933	4482892	541874	533915	7960	7960	99.95	4589937	2138808	0.17	0.37	NC_030991.1	CM012196.1
4490816	4497442	524547	517920	6627	6628	99.97	4589937	2138808	0.14	0.31	NC_030991.1	CM012196.1
4494472	4518480	568308	592312	24009	24005	99.98	4589937	2138808	0.52	1.12	NC_030991.1	CM012196.1
4518467	4524765	592972	599270	6299	6299	100.00	4589937	2138808	0.14	0.29	NC_030991.1	CM012196.1
4529961	4548089	599266	617355	18129	18090	99.63	4589937	2138808	0.39	0.85	NC_030991.1	CM012196.1
4548847	4557115	617346	625605	8269	8260	99.87	4589937	2138808	0.18	0.39	NC_030991.1	CM012196.1
4570976	4575499	637643	642167	4524	4525	99.69	4589937	2138808	0.10	0.21	NC_030991.1	CM012196.1
4575599	4582319	647604	654304	6721	6701	98.99	4589937	2138808	0.15	0.31	NC_030991.1	CM012196.1
4580827	4586215	318758	324148	5389	5391	99.48	4589937	2138808	0.12	0.25	NC_030991.1	CM012196.1
4584281	4587432	632113	628962	3152	3152	99.97	4589937	2138808	0.07	0.15	NC_030991.1	CM012196.1
4587423	4589937	281232	278718	2515	2515	100.00	4589937	2138808	0.05	0.12	NC_030991.1	CM012196.1
6403	10574	11473	15644	4172	4172	99.98	4347182	4117910	0.10	0.10	NC_030992.1	CM012192.1
10574	98505	15647	103562	87932	87916	99.98	4347182	4408267	2.02	1.99	NC_030992.1	CM012191.1
99157	114470	103547	118799	15314	15253	99.49	4347182	4408267	0.35	0.35	NC_030992.1	CM012191.1
114635	133181	118947	137447	18547	18501	99.64	4347182	4408267	0.43	0.42	NC_030992.1	CM012191.1
133467	145766	137771	150072	12300	12302	99.93	4347182	4408267	0.28	0.28	NC_030992.1	CM012191.1
146191	167521	150373	171703	21331	21331	99.99	4347182	4408267	0.49	0.48	NC_030992.1	CM012191.1
170980	179319	175143	183376	8340	8234	98.24	4347182	4408267	0.19	0.19	NC_030992.1	CM012191.1
181179	182582	183373	184776	1404	1404	99.64	4347182	4408267	0.03	0.03	NC_030992.1	CM012191.1
182745	205499	184878	207630	22755	22753	99.92	4347182	4408267	0.52	0.52	NC_030992.1	CM012191.1
206063	209228	208130	211297	3166	3168	99.94	4347182	4408267	0.07	0.07	NC_030992.1	CM012191.1
213669	219901	215769	222001	6233	6233	100.00	4347182	4408267	0.14	0.14	NC_030992.1	CM012191.1
220025	230766	222016	232656	10742	10641	98.32	4347182	4408267	0.25	0.24	NC_030992.1	CM012191.1
231302	312636	233502	314830	81335	81329	99.93	4347182	4408267	1.87	1.84	NC_030992.1	CM012191.1
312624	467633	315503	470511	155010	155009	99.98	4347182	4408267	3.57	3.52	NC_030992.1	CM012191.1
467846	493678	470613	496446	25833	25834	99.99	4347182	4408267	0.59	0.59	NC_030992.1	CM012191.1
493671	513124	497206	516658	19454	19453	99.99	4347182	4408267	0.45	0.44	NC_030992.1	CM012191.1
513794	543300	516645	546149	29507	29505	99.99	4347182	4408267	0.68	0.67	NC_030992.1	CM012191.1
543554	574586	546247	577285	31033	31039	99.97	4347182	4408267	0.71	0.70	NC_030992.1	CM012191.1
576506	584886	579102	587487	8381	8386	99.93	4347182	4408267	0.19	0.19	NC_030992.1	CM012191.1
585291	673851	587865	676412	88561	88548	99.98	4347182	4408267	2.04	2.01	NC_030992.1	CM012191.1
674052	692455	676564	694967	18404	18404	99.99	4347182	4408267	0.42	0.42	NC_030992.1	CM012191.1
692854	697210	695278	699630	4357	4353	99.70	4347182	4408267	0.10	0.10	NC_030992.1	CM012191.1
697401	730770	699654	733018	33370	33365	99.95	4347182	4408267	0.77	0.76	NC_030992.1	CM012191.1
730986	733922	733227	736162	2937	2936	99.97	4347182	4408267	0.07	0.07	NC_030992.1	CM012191.1
734987	758460	736765	760209	23474	23445	99.79	4347182	4408267	0.54	0.53	NC_030992.1	CM012191.1
758559	787069	760356	788865	28511	28510	99.99	4347182	4408267	0.66	0.65	NC_030992.1	CM012191.1
787603	835951	789285	837630	48349	48346	99.99	4347182	4408267	1.11	1.10	NC_030992.1	CM012191.1
837073	926169	838624	927643	89097	89020	99.87	4347182	4408267	2.05	2.02	NC_030992.1	CM012191.1
926155	986814	928301	988952	60660	60652	99.97	4347182	4408267	1.40	1.38	NC_030992.1	CM012191.1
987141	1025996	989112	1027967	38856	38856	99.98	4347182	4408267	0.89	0.88	NC_030992.1	CM012191.1
1026596	1250996	1028483	1252859	224401	224377	99.97	4347182	4408267	5.16	5.09	NC_030992.1	CM012191.1
1251319	1320174	1253137	1321981	68856	68845	99.97	4347182	4408267	1.58	1.56	NC_030992.1	CM012191.1
1320544	1335332	1322288	1337069	14789	14782	99.91	4347182	4408267	0.34	0.34	NC_030992.1	CM012191.1
1335477	1361174	1337196	1362925	25698	25730	99.77	4347182	4408267	0.59	0.58	NC_030992.1	CM012191.1
1361543	1501828	1363466	1503738	140286	140273	99.95	4347182	4408267	3.23	3.18	NC_030992.1	CM012191.1
1502041	1562016	1503943	1563912	59976	59970	99.98	4347182	4408267	1.38	1.36	NC_030992.1	CM012191.1
1562911	1653746	1564533	1655356	90836	90824	99.98	4347182	4408267	2.09	2.06	NC_030992.1	CM012191.1
1653972	1703427	1655557	1705002	49456	49446	99.98	4347182	4408267	1.14	1.12	NC_030992.1	CM012191.1
1703427	1703717	5382314	5382605	291	292	99.66	4347182	5433907	0.01	0.01	NC_030992.1	CM012189.1
1703818	1711896	1705185	1713260	8079	8076	99.96	4347182	4408267	0.19	0.18	NC_030992.1	CM012191.1
1712560	1734419	1713247	1735107	21860	21861	99.99	4347182	4408267	0.50	0.50	NC_030992.1	CM012191.1
1734560	1740309	1735183	1740931	5750	5749	99.86	4347182	4408267	0.13	0.13	NC_030992.1	CM012191.1
1741466	1772270	1742037	1772838	30805	30802	99.98	4347182	4408267	0.71	0.70	NC_030992.1	CM012191.1
1772640	1785640	1773132	1786132	13001	13001	99.99	4347182	4408267	0.30	0.29	NC_030992.1	CM012191.1
1786050	1824388	1786393	1824726	38339	38334	99.83	4347182	4408267	0.88	0.87	NC_030992.1	CM012191.1
1824577	1850565	1824730	1850717	25989	25988	99.93	4347182	4408267	0.60	0.59	NC_030992.1	CM012191.1
1850847	1855571	1850810	1855532	4725	4723	99.94	4347182	4408267	0.11	0.11	NC_030992.1	CM012191.1
1855804	1857094	1855578	1856864	1291	1287	99.54	4347182	4408267	0.03	0.03	NC_030992.1	CM012191.1
1858298	1860576	1857180	1859458	2279	2279	99.96	4347182	4408267	0.05	0.05	NC_030992.1	CM012191.1
1860874	1964832	1860215	1964112	103959	103898	99.93	4347182	4408267	2.39	2.36	NC_030992.1	CM012191.1
1965325	1968365	1964413	1967454	3041	3042	99.97	4347182	4408267	0.07	0.07	NC_030992.1	CM012191.1
1969624	1997072	1968805	1996244	27449	27440	99.96	4347182	4408267	0.63	0.62	NC_030992.1	CM012191.1
1998903	2000805	1997453	1999358	1903	1906	99.79	4347182	4408267	0.04	0.04	NC_030992.1	CM012191.1
2000907	2003828	1999998	2002919	2922	2922	99.42	4347182	4408267	0.07	0.07	NC_030992.1	CM012191.1
2004978	2056068	2003957	2055031	51091	51075	99.94	4347182	4408267	1.18	1.16	NC_030992.1	CM012191.1
2056342	2242379	2055329	2241320	186038	185992	99.94	4347182	4408267	4.28	4.22	NC_030992.1	CM012191.1
2242532	2281972	2241471	2280908	39441	39438	99.98	4347182	4408267	0.91	0.89	NC_030992.1	CM012191.1
2283477	2285464	2283610	2285598	1988	1989	98.25	4347182	4408267	0.05	0.05	NC_030992.1	CM012191.1
2286018	2384351	2285685	2384012	98334	98328	99.98	4347182	4408267	2.26	2.23	NC_030992.1	CM012191.1
2384457	2409226	2384110	2408877	24770	24768	99.98	4347182	4408267	0.57	0.56	NC_030992.1	CM012191.1
2409356	2410392	2408996	2410032	1037	1037	100.00	4347182	4408267	0.02	0.02	NC_030992.1	CM012191.1
2410496	2509886	2410397	2509778	99391	99382	99.99	4347182	4408267	2.29	2.25	NC_030992.1	CM012191.1
2510565	2514831	2510227	2514491	4267	4265	99.70	4347182	4408267	0.10	0.10	NC_030992.1	CM012191.1
2515425	2561537	2515215	2561321	46113	46107	99.98	4347182	4408267	1.06	1.05	NC_030992.1	CM012191.1
2561659	2688630	2561416	2688359	126972	126944	99.95	4347182	4408267	2.92	2.88	NC_030992.1	CM012191.1
2689633	2754735	2729565	2794665	65103	65101	99.99	4347182	4408267	1.50	1.48	NC_030992.1	CM012191.1
2754959	2758815	2794898	2798753	3857	3856	99.97	4347182	4408267	0.09	0.09	NC_030992.1	CM012191.1
2758923	2786826	2798860	2826746	27904	27887	99.85	4347182	4408267	0.64	0.63	NC_030992.1	CM012191.1
2786940	2945360	2826856	2985263	158421	158408	99.98	4347182	4408267	3.64	3.59	NC_030992.1	CM012191.1
2945717	2991060	2985562	3030891	45344	45330	99.87	4347182	4408267	1.04	1.03	NC_030992.1	CM012191.1
2992851	3031491	3032235	3070873	38641	38639	99.97	4347182	4408267	0.89	0.88	NC_030992.1	CM012191.1
3031684	3122200	3071062	3161576	90517	90515	99.99	4347182	4408267	2.08	2.05	NC_030992.1	CM012191.1
3122429	3143159	3161792	3182519	20731	20728	99.98	4347182	4408267	0.48	0.47	NC_030992.1	CM012191.1
3143320	3147000	3182633	3186313	3681	3681	99.92	4347182	4408267	0.08	0.08	NC_030992.1	CM012191.1
3146992	3159926	3187072	3200006	12935	12935	100.00	4347182	4408267	0.30	0.29	NC_030992.1	CM012191.1
3160595	3216380	3199994	3255761	55786	55768	99.92	4347182	4408267	1.28	1.27	NC_030992.1	CM012191.1
3216725	3316152	3255878	3355286	99428	99409	99.91	4347182	4408267	2.29	2.26	NC_030992.1	CM012191.1
3316573	3415605	3355635	3454658	99033	99024	99.99	4347182	4408267	2.28	2.25	NC_030992.1	CM012191.1
3415593	3439544	3455310	3479261	23952	23952	100.00	4347182	4408267	0.55	0.54	NC_030992.1	CM012191.1
3439854	3485511	3479576	3525229	45658	45654	99.98	4347182	4408267	1.05	1.04	NC_030992.1	CM012191.1
3485619	3492428	3525238	3532048	6810	6811	99.96	4347182	4408267	0.16	0.15	NC_030992.1	CM012191.1
3492795	3499964	3532305	3539472	7170	7168	99.87	4347182	4408267	0.16	0.16	NC_030992.1	CM012191.1
3500760	3502594	3540200	3542035	1835	1836	99.89	4347182	4408267	0.04	0.04	NC_030992.1	CM012191.1
3502708	3504205	3542139	3543637	1498	1499	99.87	4347182	4408267	0.03	0.03	NC_030992.1	CM012191.1
3504493	3547618	3543826	3586943	43126	43118	99.95	4347182	4408267	0.99	0.98	NC_030992.1	CM012191.1
3547605	3569254	3587596	3609241	21650	21646	99.98	4347182	4408267	0.50	0.49	NC_030992.1	CM012191.1
3570111	3583095	3609903	3622888	12985	12986	99.96	4347182	4408267	0.30	0.29	NC_030992.1	CM012191.1
3583291	3595012	3623007	3634727	11722	11721	99.96	4347182	4408267	0.27	0.27	NC_030992.1	CM012191.1
3595183	3616750	3634829	3656393	21568	21565	99.98	4347182	4408267	0.50	0.49	NC_030992.1	CM012191.1
3617401	3726767	3656380	3765732	109367	109353	99.98	4347182	4408267	2.52	2.48	NC_030992.1	CM012191.1
3727534	3996161	3766447	4034946	268628	268500	99.94	4347182	4408267	6.18	6.09	NC_030992.1	CM012191.1
3996536	4024099	4035317	4062857	27564	27541	99.92	4347182	4408267	0.63	0.62	NC_030992.1	CM012191.1
4004098	4111708	4042878	4150377	107611	107500	99.86	4347182	4408267	2.48	2.44	NC_030992.1	CM012191.1
4111464	4120478	4155630	4164671	9015	9042	99.41	4347182	4408267	0.21	0.21	NC_030992.1	CM012191.1
4120915	4190305	4165095	4234480	69391	69386	99.98	4347182	4408267	1.60	1.57	NC_030992.1	CM012191.1
4190637	4196897	4237301	4243560	6261	6260	99.98	4347182	4408267	0.14	0.14	NC_030992.1	CM012191.1
4197551	4215349	4243543	4261338	17799	17796	99.96	4347182	4408267	0.41	0.40	NC_030992.1	CM012191.1
4215536	4225564	4261367	4271395	10029	10029	99.77	4347182	4408267	0.23	0.23	NC_030992.1	CM012191.1
4226232	4275334	4271381	4320482	49103	49102	99.98	4347182	4408267	1.13	1.11	NC_030992.1	CM012191.1
4275455	4281875	4320506	4326925	6421	6420	99.86	4347182	4408267	0.15	0.15	NC_030992.1	CM012191.1
4282087	4282676	4326992	4327581	590	590	100.00	4347182	4408267	0.01	0.01	NC_030992.1	CM012191.1
4282663	4291721	4328232	4337292	9059	9061	99.98	4347182	4408267	0.21	0.21	NC_030992.1	CM012191.1
4293997	4333321	4339410	4378736	39325	39327	99.99	4347182	4408267	0.90	0.89	NC_030992.1	CM012191.1
4333430	4338653	4378751	4383973	5224	5223	99.96	4347182	4408267	0.12	0.12	NC_030992.1	CM012191.1
4338972	4347182	295477	303687	8211	8211	100.00	4347182	312224	0.19	2.63	NC_030992.1	RBXW01000024.1
108	630	19572	20092	523	521	99.62	3984410	4117910	0.01	0.01	NC_030993.1	CM012192.1
1597	5716	15471	19566	4120	4096	99.08	3984410	4117910	0.10	0.10	NC_030993.1	CM012192.1
5840	14531	19670	28363	8692	8694	99.15	3984410	4117910	0.22	0.21	NC_030993.1	CM012192.1
14517	24074	29035	38592	9558	9558	100.00	3984410	4117910	0.24	0.23	NC_030993.1	CM012192.1
27070	94684	38577	106192	67615	67616	99.99	3984410	4117910	1.70	1.64	NC_030993.1	CM012192.1
98786	104600	489402	495217	5815	5816	99.86	3984410	3452555	0.15	0.17	NC_030993.1	CM012194.1
104601	105283	106188	106870	683	683	100.00	3984410	4117910	0.02	0.02	NC_030993.1	CM012192.1
106343	113281	108084	115022	6939	6939	99.97	3984410	4117910	0.17	0.17	NC_030993.1	CM012192.1
113799	126266	115578	128042	12468	12465	99.94	3984410	4117910	0.31	0.30	NC_030993.1	CM012192.1
127873	156966	129507	158592	29094	29086	99.94	3984410	4117910	0.73	0.71	NC_030993.1	CM012192.1
157173	162022	158793	163642	4850	4850	100.00	3984410	4117910	0.12	0.12	NC_030993.1	CM012192.1
162341	178580	163901	180137	16240	16237	99.93	3984410	4117910	0.41	0.39	NC_030993.1	CM012192.1
187169	188812	3230520	3228878	1644	1643	88.75	3984410	3452555	0.04	0.05	NC_030993.1	CM012194.1
187827	188949	2866704	2865583	1123	1122	87.53	3984410	2918466	0.03	0.04	NC_030993.1	CM012195.1
189087	193365	214761	219036	4279	4276	90.03	3984410	4117910	0.11	0.10	NC_030993.1	CM012192.1
193470	209640	218062	234230	16171	16169	99.97	3984410	4117910	0.41	0.39	NC_030993.1	CM012192.1
209912	213395	234317	237791	3484	3475	99.66	3984410	4117910	0.09	0.08	NC_030993.1	CM012192.1
213535	222222	237825	246516	8688	8692	99.92	3984410	4117910	0.22	0.21	NC_030993.1	CM012192.1
222655	226024	246871	250242	3370	3372	99.76	3984410	4117910	0.08	0.08	NC_030993.1	CM012192.1
226125	367880	250231	391959	141756	141729	99.93	3984410	4117910	3.56	3.44	NC_030993.1	CM012192.1
368544	550532	391946	573845	181989	181900	99.94	3984410	4117910	4.57	4.42	NC_030993.1	CM012192.1
551333	595048	574739	618455	43716	43717	99.99	3984410	4117910	1.10	1.06	NC_030993.1	CM012192.1
596070	795509	619447	818883	199440	199437	99.98	3984410	4117910	5.01	4.84	NC_030993.1	CM012192.1
795491	851658	819531	875682	56168	56152	99.85	3984410	4117910	1.41	1.36	NC_030993.1	CM012192.1
851954	879132	875858	903035	27179	27178	99.98	3984410	4117910	0.68	0.66	NC_030993.1	CM012192.1
879661	891696	903494	915529	12036	12036	100.00	3984410	4117910	0.30	0.29	NC_030993.1	CM012192.1
891960	925810	915659	949507	33851	33849	99.99	3984410	4117910	0.85	0.82	NC_030993.1	CM012192.1
926116	934369	949689	957939	8254	8251	99.93	3984410	4117910	0.21	0.20	NC_030993.1	CM012192.1
934754	1147662	958279	1171177	212909	212899	99.98	3984410	4117910	5.34	5.17	NC_030993.1	CM012192.1
1147887	1186355	1171255	1209723	38469	38469	99.97	3984410	4117910	0.97	0.93	NC_030993.1	CM012192.1
1186530	1202070	1209896	1225436	15541	15541	99.97	3984410	4117910	0.39	0.38	NC_030993.1	CM012192.1
1202425	1216381	1225522	1239469	13957	13948	99.86	3984410	4117910	0.35	0.34	NC_030993.1	CM012192.1
1216489	1238775	1239574	1261852	22287	22279	99.96	3984410	4117910	0.56	0.54	NC_030993.1	CM012192.1
1239892	1271096	1262765	1293961	31205	31197	99.80	3984410	4117910	0.78	0.76	NC_030993.1	CM012192.1
1271216	1333406	1294078	1356265	62191	62188	99.98	3984410	4117910	1.56	1.51	NC_030993.1	CM012192.1
1335048	1375551	1357545	1397957	40504	40413	99.69	3984410	4117910	1.02	0.98	NC_030993.1	CM012192.1
1376137	1408508	1398556	1430924	32372	32369	99.98	3984410	4117910	0.81	0.79	NC_030993.1	CM012192.1
1408707	1427216	1431131	1449640	18510	18510	99.97	3984410	4117910	0.46	0.45	NC_030993.1	CM012192.1
1427336	1508497	1449750	1530908	81162	81159	99.98	3984410	4117910	2.04	1.97	NC_030993.1	CM012192.1
1508943	1511207	1531196	1533461	2265	2266	99.87	3984410	4117910	0.06	0.06	NC_030993.1	CM012192.1
1511327	1539980	1533615	1562266	28654	28652	99.99	3984410	4117910	0.72	0.70	NC_030993.1	CM012192.1
1540192	1588186	1562389	1610371	47995	47983	99.97	3984410	4117910	1.20	1.17	NC_030993.1	CM012192.1
1588488	1596956	1610587	1619057	8469	8471	99.98	3984410	4117910	0.21	0.21	NC_030993.1	CM012192.1
1597712	1598565	1620082	1620935	854	854	100.00	3984410	4117910	0.02	0.02	NC_030993.1	CM012192.1
1598761	1725783	1621093	1748104	127023	127012	99.97	3984410	4117910	3.19	3.08	NC_030993.1	CM012192.1
1725908	1822832	1748214	1845135	96925	96922	99.99	3984410	4117910	2.43	2.35	NC_030993.1	CM012192.1
1823035	1850514	1845338	1872815	27480	27478	99.98	3984410	4117910	0.69	0.67	NC_030993.1	CM012192.1
1852080	1869281	1874887	1892078	17202	17192	99.90	3984410	4117910	0.43	0.42	NC_030993.1	CM012192.1
1869456	1891762	1892301	1914610	22307	22310	99.96	3984410	4117910	0.56	0.54	NC_030993.1	CM012192.1
1892160	1900326	1914912	1923069	8167	8158	99.79	3984410	4117910	0.20	0.20	NC_030993.1	CM012192.1
1900478	1903946	1923159	1926626	3469	3468	99.97	3984410	4117910	0.09	0.08	NC_030993.1	CM012192.1
1904070	1923398	1926735	1946059	19329	19325	99.93	3984410	4117910	0.49	0.47	NC_030993.1	CM012192.1
1922724	1948601	1946055	1971931	25878	25877	99.94	3984410	4117910	0.65	0.63	NC_030993.1	CM012192.1
1950564	1951781	1973578	1974797	1218	1220	99.84	3984410	4117910	0.03	0.03	NC_030993.1	CM012192.1
1951885	2185264	1974931	2208299	233380	233369	99.99	3984410	4117910	5.86	5.67	NC_030993.1	CM012192.1
2185251	2242236	2208962	2265943	56986	56982	99.99	3984410	4117910	1.43	1.38	NC_030993.1	CM012192.1
2244635	2245794	2268153	2269310	1160	1158	99.83	3984410	4117910	0.03	0.03	NC_030993.1	CM012192.1
2246493	2247424	2269616	2270546	932	931	99.57	3984410	4117910	0.02	0.02	NC_030993.1	CM012192.1
2251542	2351601	2275674	2375716	100060	100043	99.95	3984410	4117910	2.51	2.43	NC_030993.1	CM012192.1
2351718	2418803	2375825	2442911	67086	67087	99.97	3984410	4117910	1.68	1.63	NC_030993.1	CM012192.1
2419874	2457778	2444432	2482333	37905	37902	99.98	3984410	4117910	0.95	0.92	NC_030993.1	CM012192.1
2457940	2499650	2482473	2524182	41711	41710	99.98	3984410	4117910	1.05	1.01	NC_030993.1	CM012192.1
2499754	2556414	2524356	2581010	56661	56655	99.99	3984410	4117910	1.42	1.38	NC_030993.1	CM012192.1
2556832	2573004	2581250	2597415	16173	16166	99.90	3984410	4117910	0.41	0.39	NC_030993.1	CM012192.1
2573512	2628074	2597812	2652382	54563	54571	99.95	3984410	4117910	1.37	1.33	NC_030993.1	CM012192.1
2628203	2656897	2652503	2681187	28695	28685	99.92	3984410	4117910	0.72	0.70	NC_030993.1	CM012192.1
2658743	2683976	2683700	2708927	25234	25228	99.96	3984410	4117910	0.63	0.61	NC_030993.1	CM012192.1
2684090	2695181	2709030	2720121	11092	11092	100.00	3984410	4117910	0.28	0.27	NC_030993.1	CM012192.1
2695345	2714626	2720274	2739554	19282	19281	99.99	3984410	4117910	0.48	0.47	NC_030993.1	CM012192.1
2714612	2736844	2740209	2762431	22233	22223	99.77	3984410	4117910	0.56	0.54	NC_030993.1	CM012192.1
2737465	2783545	2762843	2808916	46081	46074	99.90	3984410	4117910	1.16	1.12	NC_030993.1	CM012192.1
2784119	2792131	2809408	2817412	8013	8005	99.86	3984410	4117910	0.20	0.19	NC_030993.1	CM012192.1
2792229	2801563	2817413	2826746	9335	9334	99.97	3984410	4117910	0.23	0.23	NC_030993.1	CM012192.1
2801699	2899893	2826868	2924970	98195	98103	99.80	3984410	4117910	2.46	2.38	NC_030993.1	CM012192.1
2900197	2926761	2925162	2951723	26565	26562	99.95	3984410	4117910	0.67	0.65	NC_030993.1	CM012192.1
2926889	3029183	2951848	3054136	102295	102289	99.99	3984410	4117910	2.57	2.48	NC_030993.1	CM012192.1
3030743	3140522	3055782	3165541	109780	109760	99.96	3984410	4117910	2.76	2.67	NC_030993.1	CM012192.1
3140412	3177291	3165561	3202440	36880	36880	99.98	3984410	4117910	0.93	0.90	NC_030993.1	CM012192.1
3177475	3183056	3202611	3208188	5582	5578	99.89	3984410	4117910	0.14	0.14	NC_030993.1	CM012192.1
3183618	3307332	3208800	3332476	123715	123677	99.88	3984410	4117910	3.10	3.00	NC_030993.1	CM012192.1
3308341	3349355	3372635	3413643	41015	41009	99.91	3984410	4117910	1.03	1.00	NC_030993.1	CM012192.1
3349786	3378827	3414108	3443147	29042	29040	99.99	3984410	4117910	0.73	0.71	NC_030993.1	CM012192.1
3379276	3392730	3443264	3456708	13455	13445	99.90	3984410	4117910	0.34	0.33	NC_030993.1	CM012192.1
3393168	3462343	3457121	3526242	69176	69122	99.89	3984410	4117910	1.74	1.68	NC_030993.1	CM012192.1
3463102	3469822	3526234	3532952	6721	6719	99.94	3984410	4117910	0.17	0.16	NC_030993.1	CM012192.1
3470079	3471809	3533129	3534858	1731	1730	99.88	3984410	4117910	0.04	0.04	NC_030993.1	CM012192.1
3472186	3484227	3535223	3547266	12042	12044	99.95	3984410	4117910	0.30	0.29	NC_030993.1	CM012192.1
3484220	3490166	3550262	3556208	5947	5947	99.97	3984410	4117910	0.15	0.14	NC_030993.1	CM012192.1
3491453	3524481	3557353	3590376	33029	33024	99.96	3984410	4117910	0.83	0.80	NC_030993.1	CM012192.1
3524935	3552418	3590977	3618470	27484	27494	99.81	3984410	4117910	0.69	0.67	NC_030993.1	CM012192.1
3552557	3559049	3618591	3625083	6493	6493	99.97	3984410	4117910	0.16	0.16	NC_030993.1	CM012192.1
3559284	3609594	3625223	3675529	50311	50307	99.99	3984410	4117910	1.26	1.22	NC_030993.1	CM012192.1
3610170	3672643	3676086	3738552	62474	62467	99.97	3984410	4117910	1.57	1.52	NC_030993.1	CM012192.1
3672760	3719515	3738656	3785405	46756	46750	99.99	3984410	4117910	1.17	1.14	NC_030993.1	CM012192.1
3720346	3745512	3786063	3811222	25167	25160	99.96	3984410	4117910	0.63	0.61	NC_030993.1	CM012192.1
3745705	3802790	3811408	3868483	57086	57076	99.94	3984410	4117910	1.43	1.39	NC_030993.1	CM012192.1
3802938	3805846	3868615	3871543	2909	2929	99.25	3984410	4117910	0.07	0.07	NC_030993.1	CM012192.1
3806638	3842116	3872279	3907761	35479	35483	99.96	3984410	4117910	0.89	0.86	NC_030993.1	CM012192.1
3842583	3884854	3908360	3950629	42272	42270	99.92	3984410	4117910	1.06	1.03	NC_030993.1	CM012192.1
3885614	3928431	3950622	3993437	42818	42816	99.99	3984410	4117910	1.07	1.04	NC_030993.1	CM012192.1
3928535	3930137	3993444	3995046	1603	1603	99.94	3984410	4117910	0.04	0.04	NC_030993.1	CM012192.1
3930897	3955307	3995039	4019447	24411	24409	99.98	3984410	4117910	0.61	0.59	NC_030993.1	CM012192.1
3955469	3984410	4019804	4048739	28942	28936	99.93	3984410	4117910	0.73	0.70	NC_030993.1	CM012192.1
1	22053	13700	35746	22053	22047	99.95	3304701	3386631	0.67	0.65	NC_030994.1	CM012193.1
22471	35911	36047	49481	13441	13435	99.90	3304701	3386631	0.41	0.40	NC_030994.1	CM012193.1
36074	47160	49512	60602	11087	11091	99.93	3304701	3386631	0.34	0.33	NC_030994.1	CM012193.1
47360	49730	60763	63134	2371	2372	99.92	3304701	3386631	0.07	0.07	NC_030994.1	CM012193.1
50584	58572	63984	71952	7989	7969	99.70	3304701	3386631	0.24	0.24	NC_030994.1	CM012193.1
58571	60436	111793	109928	1866	1866	100.00	3304701	6551299	0.06	0.03	NC_030994.1	CM012187.1
60432	120171	71950	131681	59740	59732	99.98	3304701	3386631	1.81	1.76	NC_030994.1	CM012193.1
120169	226620	133541	239981	106452	106441	99.97	3304701	3386631	3.22	3.14	NC_030994.1	CM012193.1
226612	229495	243071	245954	2884	2884	100.00	3304701	3386631	0.09	0.09	NC_030994.1	CM012193.1
229494	332403	247815	350704	102910	102890	99.98	3304701	3386631	3.11	3.04	NC_030994.1	CM012193.1
333961	408731	351747	426515	74771	74769	99.97	3304701	3386631	2.26	2.21	NC_030994.1	CM012193.1
410592	435377	426514	451299	24786	24786	99.98	3304701	3386631	0.75	0.73	NC_030994.1	CM012193.1
435589	459260	451422	475093	23672	23672	99.99	3304701	3386631	0.72	0.70	NC_030994.1	CM012193.1
459253	610144	478185	629073	150892	150889	99.99	3304701	3386631	4.57	4.46	NC_030994.1	CM012193.1
610467	680690	629287	699511	70224	70225	99.95	3304701	3386631	2.12	2.07	NC_030994.1	CM012193.1
680999	684115	699511	702627	3117	3117	100.00	3304701	3386631	0.09	0.09	NC_030994.1	CM012193.1
684307	684391	702799	702883	85	85	100.00	3304701	3386631	0.00	0.00	NC_030994.1	CM012193.1
685147	694570	702872	712295	9424	9424	100.00	3304701	3386631	0.29	0.28	NC_030994.1	CM012193.1
694709	699418	712424	717133	4710	4710	100.00	3304701	3386631	0.14	0.14	NC_030994.1	CM012193.1
699578	707173	717177	724767	7596	7591	99.88	3304701	3386631	0.23	0.22	NC_030994.1	CM012193.1
707392	842327	724879	859801	134936	134923	99.97	3304701	3386631	4.08	3.98	NC_030994.1	CM012193.1
842498	880356	859820	897674	37859	37855	99.98	3304701	3386631	1.15	1.12	NC_030994.1	CM012193.1
880705	1029903	897829	1047013	149199	149185	99.99	3304701	3386631	4.51	4.41	NC_030994.1	CM012193.1
1032151	1056328	1048842	1072961	24178	24120	99.70	3304701	3386631	0.73	0.71	NC_030994.1	CM012193.1
1056316	1175224	1073615	1192493	118909	118879	99.90	3304701	3386631	3.60	3.51	NC_030994.1	CM012193.1
1175467	1250311	1192793	1267635	74845	74843	99.99	3304701	3386631	2.26	2.21	NC_030994.1	CM012193.1
1250297	1273298	1268295	1291295	23002	23001	99.99	3304701	3386631	0.70	0.68	NC_030994.1	CM012193.1
1273524	1282695	1291716	1300881	9172	9166	99.77	3304701	3386631	0.28	0.27	NC_030994.1	CM012193.1
1282932	1292352	1301101	1310520	9421	9420	99.97	3304701	3386631	0.29	0.28	NC_030994.1	CM012193.1
1292541	1344796	1310686	1362926	52256	52241	99.97	3304701	3386631	1.58	1.54	NC_030994.1	CM012193.1
1344897	1359929	1362928	1377960	15033	15033	99.96	3304701	3386631	0.45	0.44	NC_030994.1	CM012193.1
1360233	1369639	1378302	1387705	9407	9404	99.96	3304701	3386631	0.28	0.28	NC_030994.1	CM012193.1
1369857	1434348	1387797	1452277	64492	64481	99.98	3304701	3386631	1.95	1.90	NC_030994.1	CM012193.1
1434620	1479014	1452478	1496866	44395	44389	99.97	3304701	3386631	1.34	1.31	NC_030994.1	CM012193.1
1479166	1498241	1497115	1516187	19076	19073	99.97	3304701	3386631	0.58	0.56	NC_030994.1	CM012193.1
1498421	1526551	1516357	1544486	28131	28130	99.99	3304701	3386631	0.85	0.83	NC_030994.1	CM012193.1
1526879	1568687	1544761	1586562	41809	41802	99.98	3304701	3386631	1.27	1.23	NC_030994.1	CM012193.1
1569776	1574994	1587570	1592790	5219	5221	99.94	3304701	3386631	0.16	0.15	NC_030994.1	CM012193.1
1575884	1582935	1593621	1600674	7052	7054	99.96	3304701	3386631	0.21	0.21	NC_030994.1	CM012193.1
1583222	1600544	1600943	1618261	17323	17319	99.97	3304701	3386631	0.52	0.51	NC_030994.1	CM012193.1
1601074	1633716	1618797	1651433	32643	32637	99.98	3304701	3386631	0.99	0.96	NC_030994.1	CM012193.1
1633879	1763153	1651580	1780832	129275	129253	99.94	3304701	3386631	3.91	3.82	NC_030994.1	CM012193.1
1763619	1780789	1781195	1798371	17171	17177	99.95	3304701	3386631	0.52	0.51	NC_030994.1	CM012193.1
1780949	1815226	1798528	1832782	34278	34255	99.81	3304701	3386631	1.04	1.01	NC_030994.1	CM012193.1
1815460	1849816	1832920	1867274	34357	34355	99.99	3304701	3386631	1.04	1.01	NC_030994.1	CM012193.1
1851071	1852107	1868453	1869485	1037	1033	99.13	3304701	3386631	0.03	0.03	NC_030994.1	CM012193.1
1852442	1873290	1869478	1890326	20849	20849	99.98	3304701	3386631	0.63	0.62	NC_030994.1	CM012193.1
1874253	1881382	1890986	1898111	7130	7126	99.87	3304701	3386631	0.22	0.21	NC_030994.1	CM012193.1
1881482	1964329	1898379	1981216	82848	82838	99.97	3304701	3386631	2.51	2.45	NC_030994.1	CM012193.1
1964575	1969416	1981348	1986188	4842	4841	99.96	3304701	3386631	0.15	0.14	NC_030994.1	CM012193.1
1969632	1975910	1986423	1992696	6279	6274	99.75	3304701	3386631	0.19	0.19	NC_030994.1	CM012193.1
1977106	2019347	2037064	2079294	42242	42231	99.94	3304701	3386631	1.28	1.25	NC_030994.1	CM012193.1
2020011	2093396	2079281	2152663	73386	73383	99.99	3304701	3386631	2.22	2.17	NC_030994.1	CM012193.1
2093513	2141107	2152686	2200274	47595	47589	99.96	3304701	3386631	1.44	1.41	NC_030994.1	CM012193.1
2141216	2179908	2200397	2239089	38693	38693	99.89	3304701	3386631	1.17	1.14	NC_030994.1	CM012193.1
2180633	2311317	2239630	2370206	130685	130577	99.85	3304701	3386631	3.95	3.86	NC_030994.1	CM012193.1
2311416	2421523	2370347	2480419	110108	110073	99.94	3304701	3386631	3.33	3.25	NC_030994.1	CM012193.1
2422432	2470523	2481321	2529410	48092	48090	99.99	3304701	3386631	1.46	1.42	NC_030994.1	CM012193.1
2472388	2473879	2531320	2532811	1492	1492	100.00	3304701	3386631	0.05	0.04	NC_030994.1	CM012193.1
2473207	2510900	2532834	2570514	37694	37681	99.90	3304701	3386631	1.14	1.11	NC_030994.1	CM012193.1
2511326	2522268	2570888	2581748	10943	10861	99.19	3304701	3386631	0.33	0.32	NC_030994.1	CM012193.1
2522589	2565214	2581843	2624463	42626	42621	99.98	3304701	3386631	1.29	1.26	NC_030994.1	CM012193.1
2565209	2565320	194218	194107	112	112	94.64	3304701	2918466	0.00	0.00	NC_030994.1	CM012195.1
2565319	2576517	2624571	2635764	11199	11194	99.85	3304701	3386631	0.34	0.33	NC_030994.1	CM012193.1
2577394	2579385	2636892	2638879	1992	1988	99.80	3304701	3386631	0.06	0.06	NC_030994.1	CM012193.1
2579910	2581990	2638900	2640980	2081	2081	100.00	3304701	3386631	0.06	0.06	NC_030994.1	CM012193.1
2582451	2599765	2641263	2658579	17315	17317	99.88	3304701	3386631	0.52	0.51	NC_030994.1	CM012193.1
2599936	2627055	2658610	2685727	27120	27118	99.99	3304701	3386631	0.82	0.80	NC_030994.1	CM012193.1
2627163	2629532	2685826	2688195	2370	2370	100.00	3304701	3386631	0.07	0.07	NC_030994.1	CM012193.1
2629644	2851777	2688295	2910408	222134	222114	99.99	3304701	3386631	6.72	6.56	NC_030994.1	CM012193.1
2851970	2858670	2910580	2917280	6701	6701	99.91	3304701	3386631	0.20	0.20	NC_030994.1	CM012193.1
2858819	2873560	2917370	2932108	14742	14739	99.92	3304701	3386631	0.45	0.44	NC_030994.1	CM012193.1
2873771	2960358	2932353	3018935	86588	86583	99.98	3304701	3386631	2.62	2.56	NC_030994.1	CM012193.1
2961118	2995416	3018928	3053227	34299	34300	99.99	3304701	3386631	1.04	1.01	NC_030994.1	CM012193.1
2995719	2999612	3053423	3057316	3894	3894	100.00	3304701	3386631	0.12	0.11	NC_030994.1	CM012193.1
3001360	3007566	1010252	1004046	6207	6207	100.00	3304701	2135404	0.19	0.29	NC_030994.1	RBXW01000007.1
3001829	3037069	3196858	3161630	35241	35229	99.85	3304701	3386631	1.07	1.04	NC_030994.1	CM012193.1
3037229	3042261	3161485	3156453	5033	5033	100.00	3304701	3386631	0.15	0.15	NC_030994.1	CM012193.1
3042257	3060233	3151257	3133286	17977	17972	99.74	3304701	3386631	0.54	0.53	NC_030994.1	CM012193.1
3060234	3065428	528325	533519	5195	5195	99.98	3304701	2138808	0.16	0.24	NC_030994.1	CM012196.1
3065429	3115127	3133290	3083592	49699	49699	99.99	3304701	3386631	1.50	1.47	NC_030994.1	CM012193.1
3115294	3123574	3083450	3075170	8281	8281	99.98	3304701	3386631	0.25	0.24	NC_030994.1	CM012193.1
3123953	3141486	3074839	3057308	17534	17532	99.98	3304701	3386631	0.53	0.52	NC_030994.1	CM012193.1
3143339	3152946	3197199	3206804	9608	9606	99.98	3304701	3386631	0.29	0.28	NC_030994.1	CM012193.1
3153465	3156167	3207309	3210011	2703	2703	99.89	3304701	3386631	0.08	0.08	NC_030994.1	CM012193.1
3156729	3265163	3210483	3318914	108435	108432	99.99	3304701	3386631	3.28	3.20	NC_030994.1	CM012193.1
3265156	3273581	3322006	3330431	8426	8426	100.00	3304701	3386631	0.25	0.25	NC_030994.1	CM012193.1
3273581	3304701	3331869	3362986	31121	31118	99.98	3304701	3386631	0.94	0.92	NC_030994.1	CM012193.1
1	91675	3024266	2932610	91675	91657	99.97	2896840	3452555	3.16	2.65	NC_030995.1	CM012194.1
91963	123409	2932396	2900949	31447	31448	99.98	2896840	3452555	1.09	0.91	NC_030995.1	CM012194.1
123408	123635	23723	23496	228	228	100.00	2896840	52353	0.01	0.44	NC_030995.1	CM012197.1
123730	188495	2900956	2836191	64766	64766	99.92	2896840	3452555	2.24	1.88	NC_030995.1	CM012194.1
188741	265849	2836001	2758897	77109	77105	99.98	2896840	3452555	2.66	2.23	NC_030995.1	CM012194.1
266011	320723	2758788	2704083	54713	54706	99.99	2896840	3452555	1.89	1.58	NC_030995.1	CM012194.1
320934	357235	2703908	2667615	36302	36294	99.95	2896840	3452555	1.25	1.05	NC_030995.1	CM012194.1
357899	358484	2667269	2666690	586	580	96.25	2896840	3452555	0.02	0.02	NC_030995.1	CM012194.1
358641	368224	2666540	2656958	9584	9583	99.99	2896840	3452555	0.33	0.28	NC_030995.1	CM012194.1
368428	387791	2656773	2637410	19364	19364	99.99	2896840	3452555	0.67	0.56	NC_030995.1	CM012194.1
388114	468915	2637147	2556345	80802	80803	99.99	2896840	3452555	2.79	2.34	NC_030995.1	CM012194.1
469188	593609	2556318	2431896	124422	124423	99.94	2896840	3452555	4.30	3.60	NC_030995.1	CM012194.1
593841	603222	2431695	2422314	9382	9382	99.99	2896840	3452555	0.32	0.27	NC_030995.1	CM012194.1
603215	653923	2421554	2370849	50709	50706	99.88	2896840	3452555	1.75	1.47	NC_030995.1	CM012194.1
654056	673968	2370731	2350820	19913	19912	99.97	2896840	3452555	0.69	0.58	NC_030995.1	CM012194.1
674108	770678	2350759	2254197	96571	96563	99.98	2896840	3452555	3.33	2.80	NC_030995.1	CM012194.1
770792	773979	2254092	2250905	3188	3188	100.00	2896840	3452555	0.11	0.09	NC_030995.1	CM012194.1
774224	787129	2250678	2237774	12906	12905	99.98	2896840	3452555	0.45	0.37	NC_030995.1	CM012194.1
787256	974580	2237649	2050349	187325	187301	99.97	2896840	3452555	6.47	5.42	NC_030995.1	CM012194.1
974788	1033668	2050256	1991379	58881	58878	99.98	2896840	3452555	2.03	1.71	NC_030995.1	CM012194.1
1033907	1043469	1991142	1981585	9563	9558	99.87	2896840	3452555	0.33	0.28	NC_030995.1	CM012194.1
1043769	1153742	1981276	1871334	109974	109943	99.91	2896840	3452555	3.80	3.18	NC_030995.1	CM012194.1
1154742	1174294	1827743	1808191	19553	19553	99.98	2896840	3452555	0.67	0.57	NC_030995.1	CM012194.1
1174559	1177717	1807968	1804812	3159	3157	99.94	2896840	3452555	0.11	0.09	NC_030995.1	CM012194.1
1178204	1230696	1804292	1751806	52493	52487	99.99	2896840	3452555	1.81	1.52	NC_030995.1	CM012194.1
1230899	1254240	1751625	1728287	23342	23339	99.98	2896840	3452555	0.81	0.68	NC_030995.1	CM012194.1
1254231	1333810	1725196	1645641	79580	79556	99.92	2896840	3452555	2.75	2.30	NC_030995.1	CM012194.1
1334009	1362423	1645473	1617063	28415	28411	99.98	2896840	3452555	0.98	0.82	NC_030995.1	CM012194.1
1362629	1389387	1616855	1590100	26759	26756	99.96	2896840	3452555	0.92	0.77	NC_030995.1	CM012194.1
1390350	1391529	1589088	1587909	1180	1180	100.00	2896840	3452555	0.04	0.03	NC_030995.1	CM012194.1
1392344	1493253	1587425	1486529	100910	100897	99.98	2896840	3452555	3.48	2.92	NC_030995.1	CM012194.1
1493231	1727293	1485878	1251858	234063	234021	99.96	2896840	3452555	8.08	6.78	NC_030995.1	CM012194.1
1727394	1730369	1251724	1248749	2976	2976	100.00	2896840	3452555	0.10	0.09	NC_030995.1	CM012194.1
1730508	1740022	1248622	1239109	9515	9514	99.98	2896840	3452555	0.33	0.28	NC_030995.1	CM012194.1
1740189	1748531	1238950	1230613	8343	8338	99.93	2896840	3452555	0.29	0.24	NC_030995.1	CM012194.1
1748794	1765316	1230416	1213892	16523	16525	99.95	2896840	3452555	0.57	0.48	NC_030995.1	CM012194.1
1765440	1805381	1213472	1173537	39942	39936	99.98	2896840	3452555	1.38	1.16	NC_030995.1	CM012194.1
1810576	1853588	1173542	1130533	43013	43010	99.99	2896840	3452555	1.48	1.25	NC_030995.1	CM012194.1
1853714	1866473	1130408	1117649	12760	12760	100.00	2896840	3452555	0.44	0.37	NC_030995.1	CM012194.1
1866741	1869123	1117416	1115034	2383	2383	98.41	2896840	3452555	0.08	0.07	NC_030995.1	CM012194.1
1868460	1947018	1115020	1036467	78559	78554	99.98	2896840	3452555	2.71	2.28	NC_030995.1	CM012194.1
1947390	1958775	1036139	1024755	11386	11385	99.97	2896840	3452555	0.39	0.33	NC_030995.1	CM012194.1
1959071	2000417	1024546	983200	41347	41347	99.99	2896840	3452555	1.43	1.20	NC_030995.1	CM012194.1
2001453	2003785	982341	980009	2333	2333	100.00	2896840	3452555	0.08	0.07	NC_030995.1	CM012194.1
2004203	2006710	979664	977149	2508	2516	99.60	2896840	3452555	0.09	0.07	NC_030995.1	CM012194.1
2007174	2127422	976441	856281	120249	120161	99.83	2896840	3452555	4.15	3.48	NC_030995.1	CM012194.1
2127572	2128789	855387	854173	1218	1215	99.02	2896840	3452555	0.04	0.04	NC_030995.1	CM012194.1
2129499	2158628	854096	824964	29130	29133	99.92	2896840	3452555	1.01	0.84	NC_030995.1	CM012194.1
2158931	2183433	824760	800271	24503	24490	99.89	2896840	3452555	0.85	0.71	NC_030995.1	CM012194.1
2183426	2210565	797330	770196	27140	27135	99.92	2896840	3452555	0.94	0.79	NC_030995.1	CM012194.1
2210780	2274877	770117	706024	64098	64094	99.99	2896840	3452555	2.21	1.86	NC_030995.1	CM012194.1
2275688	2487412	705990	494300	211725	211691	99.94	2896840	3452555	7.31	6.13	NC_030995.1	CM012194.1
2493548	2554216	488071	427406	60669	60666	99.99	2896840	3452555	2.09	1.76	NC_030995.1	CM012194.1
2554468	2571377	427174	410265	16910	16910	100.00	2896840	3452555	0.58	0.49	NC_030995.1	CM012194.1
2572178	2590308	409652	391522	18131	18131	100.00	2896840	3452555	0.63	0.53	NC_030995.1	CM012194.1
2590621	2609122	391280	372778	18502	18503	99.98	2896840	3452555	0.64	0.54	NC_030995.1	CM012194.1
2609514	2652947	372485	329052	43434	43434	99.97	2896840	3452555	1.50	1.26	NC_030995.1	CM012194.1
2653978	2662301	328054	319733	8324	8322	99.95	2896840	3452555	0.29	0.24	NC_030995.1	CM012194.1
2662457	2684238	319623	297842	21782	21782	99.99	2896840	3452555	0.75	0.63	NC_030995.1	CM012194.1
2686213	2695981	295901	286133	9769	9769	100.00	2896840	3452555	0.34	0.28	NC_030995.1	CM012194.1
2696103	2697121	286011	284993	1019	1019	100.00	2896840	3452555	0.04	0.03	NC_030995.1	CM012194.1
2697224	2702953	285314	279586	5730	5729	99.98	2896840	3452555	0.20	0.17	NC_030995.1	CM012194.1
2704056	2724774	250122	229423	20719	20700	99.85	2896840	3452555	0.72	0.60	NC_030995.1	CM012194.1
2725404	2731459	228839	222789	6056	6051	99.87	2896840	3452555	0.21	0.18	NC_030995.1	CM012194.1
2732211	2733475	222249	220984	1265	1266	99.84	2896840	3452555	0.04	0.04	NC_030995.1	CM012194.1
2733698	2734983	220702	219421	1286	1282	99.61	2896840	3452555	0.04	0.04	NC_030995.1	CM012194.1
2735329	2764663	219127	189874	29335	29254	99.67	2896840	3452555	1.01	0.85	NC_030995.1	CM012194.1
2764962	2767816	189687	186833	2855	2855	99.58	2896840	3452555	0.10	0.08	NC_030995.1	CM012194.1
2768315	2838978	186326	115664	70664	70663	99.98	2896840	3452555	2.44	2.05	NC_030995.1	CM012194.1
2840272	2845099	114402	109575	4828	4828	100.00	2896840	3452555	0.17	0.14	NC_030995.1	CM012194.1
2846677	2846898	394684	394905	222	222	92.34	2896840	2918466	0.01	0.01	NC_030995.1	CM012195.1
2846681	2847035	2022456	2022103	355	354	87.89	2896840	2135404	0.01	0.02	NC_030995.1	RBXW01000007.1
2849857	2852392	1957500	1960049	2536	2550	95.42	2896840	5801746	0.09	0.04	NC_030995.1	RBXW01000002.1
2864885	2866197	25994	27303	1313	1310	84.97	2896840	2918466	0.05	0.04	NC_030995.1	CM012195.1
2865097	2866220	89512	88392	1124	1121	78.57	2896840	3452555	0.04	0.03	NC_030995.1	CM012194.1
2866221	2867021	1997451	1996641	801	811	90.92	2896840	3386631	0.03	0.02	NC_030995.1	CM012193.1
2866228	2867169	2921184	2922115	942	932	88.25	2896840	5433907	0.03	0.02	NC_030995.1	CM012189.1
2873470	2887708	83044	68808	14239	14237	99.96	2896840	3452555	0.49	0.41	NC_030995.1	CM012194.1
2888333	2896837	68820	60313	8505	8508	99.92	2896840	3452555	0.29	0.25	NC_030995.1	CM012194.1
3	17004	410131	427130	17002	17000	99.98	2337134	2918466	0.73	0.58	NC_030996.1	CM012195.1
18038	20094	428043	430100	2057	2058	99.95	2337134	2918466	0.09	0.07	NC_030996.1	CM012195.1
20779	201272	430845	611331	180494	180487	99.95	2337134	2918466	7.72	6.18	NC_030996.1	CM012195.1
201636	203979	611652	613995	2344	2344	98.72	2337134	2918466	0.10	0.08	NC_030996.1	CM012195.1
204632	302652	614555	712565	98021	98011	99.99	2337134	2918466	4.19	3.36	NC_030996.1	CM012195.1
303189	369706	713006	779518	66518	66513	99.96	2337134	2918466	2.85	2.28	NC_030996.1	CM012195.1
373386	404735	782777	814124	31350	31348	99.96	2337134	2918466	1.34	1.07	NC_030996.1	CM012195.1
405648	424937	814904	834195	19290	19292	99.93	2337134	2918466	0.83	0.66	NC_030996.1	CM012195.1
425361	436662	834522	845823	11302	11302	99.96	2337134	2918466	0.48	0.39	NC_030996.1	CM012195.1
436647	441633	846482	851462	4987	4981	99.62	2337134	2918466	0.21	0.17	NC_030996.1	CM012195.1
442316	448223	852031	857937	5908	5907	99.88	2337134	2918466	0.25	0.20	NC_030996.1	CM012195.1
448329	450356	857012	859039	2028	2028	100.00	2337134	2918466	0.09	0.07	NC_030996.1	CM012195.1
451559	459061	860253	867755	7503	7503	99.99	2337134	2918466	0.32	0.26	NC_030996.1	CM012195.1
458707	459555	867332	868183	849	852	98.71	2337134	2918466	0.04	0.03	NC_030996.1	CM012195.1
460659	494946	922481	956768	34288	34288	99.99	2337134	2918466	1.47	1.17	NC_030996.1	CM012195.1
495148	655067	956967	1116881	159920	159915	99.96	2337134	2918466	6.84	5.48	NC_030996.1	CM012195.1
655219	853390	1117057	1315163	198172	198107	99.94	2337134	2918466	8.48	6.79	NC_030996.1	CM012195.1
853525	926391	1315169	1388033	72867	72865	99.99	2337134	2918466	3.12	2.50	NC_030996.1	CM012195.1
929423	936193	1388026	1394796	6771	6771	100.00	2337134	2918466	0.29	0.23	NC_030996.1	CM012195.1
936952	950626	1394788	1408462	13675	13675	100.00	2337134	2918466	0.59	0.47	NC_030996.1	CM012195.1
950978	960230	1408684	1417935	9253	9252	99.92	2337134	2918466	0.40	0.32	NC_030996.1	CM012195.1
960986	1034704	1417924	1491636	73719	73713	99.99	2337134	2918466	3.15	2.53	NC_030996.1	CM012195.1
1035327	1095969	1492438	1553067	60643	60630	99.94	2337134	2918466	2.59	2.08	NC_030996.1	CM012195.1
1096116	1127684	1553171	1584722	31569	31552	99.92	2337134	2918466	1.35	1.08	NC_030996.1	CM012195.1
1127670	1193651	1585382	1651358	65982	65977	99.99	2337134	2918466	2.82	2.26	NC_030996.1	CM012195.1
1193782	1404606	1651494	1862296	210825	210803	99.97	2337134	2918466	9.02	7.22	NC_030996.1	CM012195.1
1404851	1535243	1862519	1992906	130393	130388	99.99	2337134	2918466	5.58	4.47	NC_030996.1	CM012195.1
1535581	1609799	1993232	2067439	74219	74208	99.96	2337134	2918466	3.18	2.54	NC_030996.1	CM012195.1
1609791	1657779	2070530	2118518	47989	47989	99.98	2337134	2918466	2.05	1.64	NC_030996.1	CM012195.1
1658427	1673575	2118504	2133651	15149	15148	99.99	2337134	2918466	0.65	0.52	NC_030996.1	CM012195.1
1673738	1878550	2133808	2338583	204813	204776	99.97	2337134	2918466	8.76	7.02	NC_030996.1	CM012195.1
1879631	1881846	2339640	2341855	2216	2216	99.68	2337134	2918466	0.09	0.08	NC_030996.1	CM012195.1
1883127	1884716	1559982	1561573	1590	1592	84.68	2337134	1929982	0.07	0.08	NC_030996.1	RBXW01000017.1
1899301	1952476	2359229	2412400	53176	53172	99.98	2337134	2918466	2.28	1.82	NC_030996.1	CM012195.1
1952594	2001514	2412509	2461423	48921	48915	99.98	2337134	2918466	2.09	1.68	NC_030996.1	CM012195.1
2001507	2019622	2462183	2480299	18116	18117	99.99	2337134	2918466	0.78	0.62	NC_030996.1	CM012195.1
2019615	2066504	2481059	2527948	46890	46890	99.99	2337134	2918466	2.01	1.61	NC_030996.1	CM012195.1
2067262	2162040	2527939	2622715	94779	94777	99.99	2337134	2918466	4.06	3.25	NC_030996.1	CM012195.1
2162778	2218709	2623302	2679223	55932	55922	99.97	2337134	2918466	2.39	1.92	NC_030996.1	CM012195.1
2218829	2257735	2679338	2718243	38907	38906	99.99	2337134	2918466	1.66	1.33	NC_030996.1	CM012195.1
2258049	2331545	2717236	2790724	73497	73489	99.97	2337134	2918466	3.14	2.52	NC_030996.1	CM012195.1
2332066	2337134	2790812	2795868	5069	5057	99.70	2337134	2918466	0.22	0.17	NC_030996.1	CM012195.1
1	42072	230613	272682	42072	42070	99.89	2233407	1929982	1.88	2.18	NC_030997.1	RBXW01000017.1
42289	125882	273039	356635	83594	83597	99.98	2233407	1929982	3.74	4.33	NC_030997.1	RBXW01000017.1
126136	184986	356676	415525	58851	58850	99.99	2233407	1929982	2.64	3.05	NC_030997.1	RBXW01000017.1
185400	188518	415943	419061	3119	3119	100.00	2233407	1929982	0.14	0.16	NC_030997.1	RBXW01000017.1
188785	218820	419208	449242	30036	30035	99.99	2233407	1929982	1.34	1.56	NC_030997.1	RBXW01000017.1
218804	222535	449893	453624	3732	3732	100.00	2233407	1929982	0.17	0.19	NC_030997.1	RBXW01000017.1
222991	253630	453996	484633	30640	30638	99.98	2233407	1929982	1.37	1.59	NC_030997.1	RBXW01000017.1
253623	309498	485393	541266	55876	55874	99.94	2233407	1929982	2.50	2.90	NC_030997.1	RBXW01000017.1
309701	328600	541297	560194	18900	18898	99.92	2233407	1929982	0.85	0.98	NC_030997.1	RBXW01000017.1
328751	423975	560227	655443	95225	95217	99.95	2233407	1929982	4.26	4.93	NC_030997.1	RBXW01000017.1
424219	435853	655667	667300	11635	11634	99.98	2233407	1929982	0.52	0.60	NC_030997.1	RBXW01000017.1
436131	556195	667606	787663	120065	120058	99.97	2233407	1929982	5.38	6.22	NC_030997.1	RBXW01000017.1
556183	564332	788333	796482	8150	8150	100.00	2233407	1929982	0.36	0.42	NC_030997.1	RBXW01000017.1
564468	648214	796606	880351	83747	83746	99.99	2233407	1929982	3.75	4.34	NC_030997.1	RBXW01000017.1
648628	694515	880656	926470	45888	45815	99.76	2233407	1929982	2.05	2.37	NC_030997.1	RBXW01000017.1
694673	729241	926618	961184	34569	34567	99.99	2233407	1929982	1.55	1.79	NC_030997.1	RBXW01000017.1
729234	838970	964148	1073879	109737	109732	99.99	2233407	1929982	4.91	5.69	NC_030997.1	RBXW01000017.1
838963	933346	1074639	1169009	94384	94371	99.95	2233407	1929982	4.23	4.89	NC_030997.1	RBXW01000017.1
936287	963046	1169001	1195759	26760	26759	99.99	2233407	1929982	1.20	1.39	NC_030997.1	RBXW01000017.1
963033	984187	1196513	1217667	21155	21155	99.99	2233407	1929982	0.95	1.10	NC_030997.1	RBXW01000017.1
984687	999831	1218116	1233260	15145	15145	100.00	2233407	1929982	0.68	0.78	NC_030997.1	RBXW01000017.1
1000012	1023443	1233436	1256867	23432	23432	100.00	2233407	1929982	1.05	1.21	NC_030997.1	RBXW01000017.1
1023436	1154891	1257627	1389070	131456	131444	99.88	2233407	1929982	5.89	6.81	NC_030997.1	RBXW01000017.1
1155544	1158931	1389055	1392441	3388	3387	99.47	2233407	1929982	0.15	0.18	NC_030997.1	RBXW01000017.1
1158534	1161534	1392172	1395175	3001	3004	98.17	2233407	1929982	0.13	0.16	NC_030997.1	RBXW01000017.1
1162714	1222367	1396305	1455955	59654	59651	99.98	2233407	1929982	2.67	3.09	NC_030997.1	RBXW01000017.1
1223401	1225324	1456943	1458866	1924	1924	100.00	2233407	1929982	0.09	0.10	NC_030997.1	RBXW01000017.1
1225434	1292150	1458966	1525679	66717	66714	99.99	2233407	1929982	2.99	3.46	NC_030997.1	RBXW01000017.1
1292417	1295355	1525816	1528754	2939	2939	99.86	2233407	1929982	0.13	0.15	NC_030997.1	RBXW01000017.1
1296356	1307151	1568275	1579070	10796	10796	99.97	2233407	1929982	0.48	0.56	NC_030997.1	RBXW01000017.1
1307283	1322775	1579198	1594689	15493	15492	99.99	2233407	1929982	0.69	0.80	NC_030997.1	RBXW01000017.1
1322980	1403274	1594883	1675166	80295	80284	99.93	2233407	1929982	3.60	4.16	NC_030997.1	RBXW01000017.1
1403406	1448588	1675298	1720465	45183	45168	99.88	2233407	1929982	2.02	2.34	NC_030997.1	RBXW01000017.1
1445699	1475191	1203487	1232978	29493	29492	99.98	2233407	2135404	1.32	1.38	NC_030997.1	RBXW01000007.1
1475347	1565495	1232985	1323128	90149	90144	99.99	2233407	2135404	4.04	4.22	NC_030997.1	RBXW01000007.1
1565717	1573858	1323268	1331385	8142	8118	99.47	2233407	2135404	0.36	0.38	NC_030997.1	RBXW01000007.1
1574047	1599378	1331495	1356823	25332	25329	99.99	2233407	2135404	1.13	1.19	NC_030997.1	RBXW01000007.1
1599371	1601035	1357583	1359247	1665	1665	100.00	2233407	2135404	0.07	0.08	NC_030997.1	RBXW01000007.1
1601396	1629013	1359639	1387253	27618	27615	99.98	2233407	2135404	1.24	1.29	NC_030997.1	RBXW01000007.1
1629610	1632526	1387245	1390160	2917	2916	99.97	2233407	2135404	0.13	0.14	NC_030997.1	RBXW01000007.1
1632515	1651597	1390916	1409998	19083	19083	99.99	2233407	2135404	0.85	0.89	NC_030997.1	RBXW01000007.1
1651753	1722079	1410135	1480378	70327	70244	99.86	2233407	2135404	3.15	3.29	NC_030997.1	RBXW01000007.1
1722185	1744669	1480378	1502857	22485	22480	99.96	2233407	2135404	1.01	1.05	NC_030997.1	RBXW01000007.1
1744790	1786033	1502886	1544123	41244	41238	99.96	2233407	2135404	1.85	1.93	NC_030997.1	RBXW01000007.1
1786689	1810050	1544109	1567468	23362	23360	99.99	2233407	2135404	1.05	1.09	NC_030997.1	RBXW01000007.1
1810680	1818188	1567907	1575413	7509	7507	99.97	2233407	2135404	0.34	0.35	NC_030997.1	RBXW01000007.1
1818179	1833433	1576171	1591436	15255	15266	99.74	2233407	2135404	0.68	0.71	NC_030997.1	RBXW01000007.1
1833430	1834190	1576174	1575414	761	761	100.00	2233407	2135404	0.03	0.04	NC_030997.1	RBXW01000007.1
1834187	1859486	1591423	1616668	25300	25246	99.59	2233407	2135404	1.13	1.18	NC_030997.1	RBXW01000007.1
1859847	1869003	1617093	1626249	9157	9157	99.88	2233407	2135404	0.41	0.43	NC_030997.1	RBXW01000007.1
1869463	1875020	1626608	1632154	5558	5547	99.78	2233407	2135404	0.25	0.26	NC_030997.1	RBXW01000007.1
1875361	1884730	1632233	1641602	9370	9370	99.94	2233407	2135404	0.42	0.44	NC_030997.1	RBXW01000007.1
1885119	1914366	1641871	1671116	29248	29246	99.99	2233407	2135404	1.31	1.37	NC_030997.1	RBXW01000007.1
1914486	1974342	1671219	1731067	59857	59849	99.98	2233407	2135404	2.68	2.80	NC_030997.1	RBXW01000007.1
1974329	2013818	1731735	1771222	39490	39488	99.99	2233407	2135404	1.77	1.85	NC_030997.1	RBXW01000007.1
2014040	2047382	1771425	1804763	33343	33339	99.97	2233407	2135404	1.49	1.56	NC_030997.1	RBXW01000007.1
2047688	2087109	1805018	1844434	39422	39417	99.93	2233407	2135404	1.77	1.85	NC_030997.1	RBXW01000007.1
2086745	2088380	1844160	1845809	1636	1650	98.67	2233407	2135404	0.07	0.08	NC_030997.1	RBXW01000007.1
2088844	2109286	1846018	1866457	20443	20440	99.99	2233407	2135404	0.92	0.96	NC_030997.1	RBXW01000007.1
2109417	2129495	1866592	1886669	20079	20078	99.89	2233407	2135404	0.90	0.94	NC_030997.1	RBXW01000007.1
2128916	2134465	1886486	1892035	5550	5550	97.17	2233407	2135404	0.25	0.26	NC_030997.1	RBXW01000007.1
2134891	2139603	1892200	1896882	4713	4683	98.98	2233407	2135404	0.21	0.22	NC_030997.1	RBXW01000007.1
2138420	2174121	1895601	1931308	35702	35708	99.38	2233407	2135404	1.60	1.67	NC_030997.1	RBXW01000007.1
2174530	2195214	1931586	1952268	20685	20683	99.97	2233407	2135404	0.93	0.97	NC_030997.1	RBXW01000007.1
2195329	2211306	1952289	1968260	15978	15972	99.94	2233407	2135404	0.72	0.75	NC_030997.1	RBXW01000007.1
2211632	2233407	1968603	1990377	21776	21775	99.97	2233407	2135404	0.98	1.02	NC_030997.1	RBXW01000007.1
1	15151	302574	317724	15151	15151	100.00	1751499	5801746	0.87	0.26	NC_030998.1	RBXW01000002.1
15385	19491	317946	322046	4107	4101	99.71	1751499	5801746	0.23	0.07	NC_030998.1	RBXW01000002.1
19835	21364	322403	323919	1530	1517	98.50	1751499	5801746	0.09	0.03	NC_030998.1	RBXW01000002.1
21614	31947	324218	334550	10334	10333	99.97	1751499	5801746	0.59	0.18	NC_030998.1	RBXW01000002.1
32094	64490	334652	367047	32397	32396	99.95	1751499	5801746	1.85	0.56	NC_030998.1	RBXW01000002.1
64670	78599	367065	380993	13930	13929	99.99	1751499	5801746	0.80	0.24	NC_030998.1	RBXW01000002.1
87832	99897	380985	393050	12066	12066	100.00	1751499	5801746	0.69	0.21	NC_030998.1	RBXW01000002.1
99998	143757	393150	436910	43760	43761	99.95	1751499	5801746	2.50	0.75	NC_030998.1	RBXW01000002.1
144431	215554	437601	508699	71124	71099	99.94	1751499	5801746	4.06	1.23	NC_030998.1	RBXW01000002.1
215753	267002	508933	560190	51250	51258	99.98	1751499	5801746	2.93	0.88	NC_030998.1	RBXW01000002.1
267420	383321	560913	676797	115902	115885	99.95	1751499	5801746	6.62	2.00	NC_030998.1	RBXW01000002.1
384699	409930	678106	703337	25232	25232	99.98	1751499	5801746	1.44	0.43	NC_030998.1	RBXW01000002.1
409915	441238	705944	737268	31324	31325	99.99	1751499	5801746	1.79	0.54	NC_030998.1	RBXW01000002.1
441491	584620	737506	880634	143130	143129	99.99	1751499	5801746	8.17	2.47	NC_030998.1	RBXW01000002.1
584839	663383	880727	959258	78545	78532	99.97	1751499	5801746	4.48	1.35	NC_030998.1	RBXW01000002.1
663945	671703	959765	967523	7759	7759	100.00	1751499	5801746	0.44	0.13	NC_030998.1	RBXW01000002.1
672224	696863	967952	992592	24640	24641	99.98	1751499	5801746	1.41	0.42	NC_030998.1	RBXW01000002.1
696987	824033	992712	1119745	127047	127034	99.98	1751499	5801746	7.25	2.19	NC_030998.1	RBXW01000002.1
824020	825808	1122458	1124246	1789	1789	100.00	1751499	5801746	0.10	0.03	NC_030998.1	RBXW01000002.1
825808	1021153	34033	229373	195346	195341	99.98	1751499	1558014	11.15	12.54	NC_030998.1	RBXW01000015.1
1021514	1144354	229632	352461	122841	122830	99.98	1751499	1558014	7.01	7.88	NC_030998.1	RBXW01000015.1
1145114	1153626	352454	360966	8513	8513	100.00	1751499	1558014	0.49	0.55	NC_030998.1	RBXW01000015.1
1153767	1168834	361078	376146	15068	15069	99.98	1751499	1558014	0.86	0.97	NC_030998.1	RBXW01000015.1
1168931	1265079	376307	472443	96149	96137	99.98	1751499	1558014	5.49	6.17	NC_030998.1	RBXW01000015.1
1265466	1267509	472789	474828	2044	2040	99.51	1751499	1558014	0.12	0.13	NC_030998.1	RBXW01000015.1
1267653	1271343	475163	478855	3691	3693	98.92	1751499	1558014	0.21	0.24	NC_030998.1	RBXW01000015.1
1271619	1342591	478989	549960	70973	70972	99.98	1751499	1558014	4.05	4.56	NC_030998.1	RBXW01000015.1
1344418	1377191	551747	584512	32774	32766	99.97	1751499	1558014	1.87	2.10	NC_030998.1	RBXW01000015.1
1378199	1381358	659661	662806	3160	3146	98.39	1751499	1558014	0.18	0.20	NC_030998.1	RBXW01000015.1
1381663	1384577	663097	666015	2915	2919	99.69	1751499	1558014	0.17	0.19	NC_030998.1	RBXW01000015.1
1384894	1442827	666271	724186	57934	57916	99.94	1751499	1558014	3.31	3.72	NC_030998.1	RBXW01000015.1
1443473	1574732	724613	855856	131260	131244	99.97	1751499	1558014	7.49	8.42	NC_030998.1	RBXW01000015.1
1574982	1595578	856090	876686	20597	20597	99.99	1751499	1558014	1.18	1.32	NC_030998.1	RBXW01000015.1
1595564	1609352	877343	891070	13789	13728	99.43	1751499	1558014	0.79	0.88	NC_030998.1	RBXW01000015.1
1612333	1617370	891451	896488	5038	5038	100.00	1751499	1558014	0.29	0.32	NC_030998.1	RBXW01000015.1
1617471	1624163	895059	901741	6693	6683	99.73	1751499	1558014	0.38	0.43	NC_030998.1	RBXW01000015.1
1626921	1630367	904477	907923	3447	3447	100.00	1751499	1558014	0.20	0.22	NC_030998.1	RBXW01000015.1
1630468	1634485	903117	907133	4018	4017	99.98	1751499	1558014	0.23	0.26	NC_030998.1	RBXW01000015.1
1634585	1638194	907935	911544	3610	3610	100.00	1751499	1558014	0.21	0.23	NC_030998.1	RBXW01000015.1
1643499	1674228	916737	947465	30730	30729	99.41	1751499	1558014	1.75	1.97	NC_030998.1	RBXW01000015.1
1679625	1693098	952097	965569	13474	13473	99.99	1751499	1558014	0.77	0.86	NC_030998.1	RBXW01000015.1
1693558	1695185	965940	967566	1628	1627	99.88	1751499	1558014	0.09	0.10	NC_030998.1	RBXW01000015.1
1695179	1751499	972464	1028781	56321	56318	99.99	1751499	1558014	3.22	3.61	NC_030998.1	RBXW01000015.1
1	12179	479219	467042	12179	12178	99.98	1838362	2138808	0.66	0.57	NC_030999.1	CM012196.1
12371	14784	466921	464509	2414	2413	99.96	1838362	2138808	0.13	0.11	NC_030999.1	CM012196.1
14777	26019	554690	565932	11243	11243	99.77	1838362	2138808	0.61	0.53	NC_030999.1	CM012196.1
26015	30498	566795	571278	4484	4484	100.00	1838362	2138808	0.24	0.21	NC_030999.1	CM012196.1
27528	41748	520890	506670	14221	14221	99.98	1838362	2138808	0.77	0.66	NC_030999.1	CM012196.1
43109	51032	505399	497476	7924	7924	99.90	1838362	2138808	0.43	0.37	NC_030999.1	CM012196.1
65563	71282	309191	314909	5720	5719	99.98	1838362	2138808	0.31	0.27	NC_030999.1	CM012196.1
74853	92012	447586	430429	17160	17158	99.98	1838362	2138808	0.93	0.80	NC_030999.1	CM012196.1
89399	92013	404903	407517	2615	2615	100.00	1838362	2138808	0.14	0.12	NC_030999.1	CM012196.1
106068	121145	1838997	1823920	15078	15078	100.00	1838362	2138808	0.82	0.70	NC_030999.1	CM012196.1
121249	189760	1823516	1755008	68512	68509	99.95	1838362	2138808	3.73	3.20	NC_030999.1	CM012196.1
189490	218981	1755188	1725736	29492	29453	99.79	1838362	2138808	1.60	1.38	NC_030999.1	CM012196.1
218974	245782	1722644	1695839	26809	26806	99.99	1838362	2138808	1.46	1.25	NC_030999.1	CM012196.1
245771	259084	1696516	1683204	13314	13313	99.80	1838362	2138808	0.72	0.62	NC_030999.1	CM012196.1
259201	260458	1683012	1681755	1258	1258	99.92	1838362	2138808	0.07	0.06	NC_030999.1	CM012196.1
265355	290209	1681760	1656911	24855	24850	99.98	1838362	2138808	1.35	1.16	NC_030999.1	CM012196.1
290866	346256	1656924	1601538	55391	55387	99.97	1838362	2138808	3.01	2.59	NC_030999.1	CM012196.1
357248	365744	1576117	1584613	8497	8497	99.99	1838362	2138808	0.46	0.40	NC_030999.1	CM012196.1
372871	374583	1587074	1588785	1713	1712	99.65	1838362	2138808	0.09	0.08	NC_030999.1	CM012196.1
375129	378099	1589247	1592224	2971	2978	99.06	1838362	2138808	0.16	0.14	NC_030999.1	CM012196.1
381340	383022	1593574	1595252	1683	1679	99.41	1838362	2138808	0.09	0.08	NC_030999.1	CM012196.1
390689	416617	1568654	1542705	25929	25950	99.60	1838362	2138808	1.41	1.21	NC_030999.1	CM012196.1
416760	499554	1542637	1459814	82795	82824	99.94	1838362	2138808	4.50	3.87	NC_030999.1	CM012196.1
489316	500449	1470082	1459004	11134	11079	98.94	1838362	2138808	0.61	0.52	NC_030999.1	CM012196.1
500318	544057	1459174	1415456	43740	43719	99.90	1838362	2138808	2.38	2.04	NC_030999.1	CM012196.1
544046	550420	1414862	1408489	6375	6374	99.92	1838362	2138808	0.35	0.30	NC_030999.1	CM012196.1
550633	556858	1408381	1402156	6226	6226	100.00	1838362	2138808	0.34	0.29	NC_030999.1	CM012196.1
556997	564457	1402020	1394560	7461	7461	99.92	1838362	2138808	0.41	0.35	NC_030999.1	CM012196.1
603957	607531	1383089	1379526	3575	3564	98.69	1838362	2138808	0.19	0.17	NC_030999.1	CM012196.1
608173	624085	1378394	1362482	15913	15913	99.85	1838362	2138808	0.87	0.74	NC_030999.1	CM012196.1
625324	634861	1361831	1352295	9538	9537	99.99	1838362	2138808	0.52	0.45	NC_030999.1	CM012196.1
637186	677868	1352303	1311623	40683	40681	99.83	1838362	2138808	2.21	1.90	NC_030999.1	CM012196.1
678628	680029	1311630	1310229	1402	1402	100.00	1838362	2138808	0.08	0.07	NC_030999.1	CM012196.1
698438	699050	1803928	1803317	613	612	94.29	1838362	5801746	0.03	0.01	NC_030999.1	RBXW01000002.1
700891	701398	1803319	1802813	508	507	96.65	1838362	5801746	0.03	0.01	NC_030999.1	RBXW01000002.1
701391	702247	1799939	1799084	857	856	93.47	1838362	5801746	0.05	0.01	NC_030999.1	RBXW01000002.1
731860	737878	866408	860391	6019	6018	99.90	1838362	2138808	0.33	0.28	NC_030999.1	CM012196.1
754805	761205	263592	257197	6401	6396	99.72	1838362	2138808	0.35	0.30	NC_030999.1	CM012196.1
755090	768691	1310249	1296706	13602	13544	99.51	1838362	2138808	0.74	0.63	NC_030999.1	CM012196.1
768819	796511	1296586	1268893	27693	27694	99.48	1838362	2138808	1.51	1.29	NC_030999.1	CM012196.1
796596	868142	1268808	1197345	71547	71464	99.82	1838362	2138808	3.89	3.34	NC_030999.1	CM012196.1
868267	883487	1197236	1182018	15221	15219	99.99	1838362	2138808	0.83	0.71	NC_030999.1	CM012196.1
883605	929810	1181895	1135696	46206	46200	99.96	1838362	2138808	2.51	2.16	NC_030999.1	CM012196.1
930570	946605	1135703	1119670	16036	16034	99.71	1838362	2138808	0.87	0.75	NC_030999.1	CM012196.1
946061	950838	1120814	1116047	4778	4768	97.39	1838362	2138808	0.26	0.22	NC_030999.1	CM012196.1
950831	978676	1112955	1085111	27846	27845	99.99	1838362	2138808	1.51	1.30	NC_030999.1	CM012196.1
979028	985506	1084914	1078437	6479	6478	99.75	1838362	2138808	0.35	0.30	NC_030999.1	CM012196.1
988431	988968	3332891	3332346	538	546	92.17	1838362	4117910	0.03	0.01	NC_030999.1	CM012192.1
999260	999505	113587	113835	246	249	82.73	1838362	1573990	0.01	0.02	NC_030999.1	RBXW01000022.1
1020829	1030613	1078798	1069015	9785	9784	99.97	1838362	2138808	0.53	0.46	NC_030999.1	CM012196.1
1031613	1044349	1015405	1002670	12737	12736	99.98	1838362	2138808	0.69	0.60	NC_030999.1	CM012196.1
1047070	1054806	999949	992214	7737	7736	99.99	1838362	2138808	0.42	0.36	NC_030999.1	CM012196.1
1055054	1064272	991991	982776	9219	9216	99.79	1838362	2138808	0.50	0.43	NC_030999.1	CM012196.1
1064518	1159919	982437	887055	95402	95383	99.90	1838362	2138808	5.19	4.46	NC_030999.1	CM012196.1
1157597	1170861	884132	870869	13265	13264	99.98	1838362	2138808	0.72	0.62	NC_030999.1	CM012196.1
1168376	1196203	787802	815597	27828	27796	99.87	1838362	2138808	1.51	1.30	NC_030999.1	CM012196.1
1198795	1203570	818219	822994	4776	4776	99.81	1838362	2138808	0.26	0.22	NC_030999.1	CM012196.1
1203514	1203678	823608	823772	165	165	100.00	1838362	2138808	0.01	0.01	NC_030999.1	CM012196.1
1209313	1217209	384133	392029	7897	7897	99.99	1838362	1573990	0.43	0.50	NC_030999.1	RBXW01000022.1
1217203	1222515	351236	345925	5313	5312	99.98	1838362	1573990	0.29	0.34	NC_030999.1	RBXW01000022.1
1242010	1254609	404903	392305	12600	12599	99.99	1838362	2138808	0.69	0.59	NC_030999.1	CM012196.1
1260218	1276894	392310	375634	16677	16677	99.97	1838362	2138808	0.91	0.78	NC_030999.1	CM012196.1
1277440	1277683	375383	375140	244	244	100.00	1838362	2138808	0.01	0.01	NC_030999.1	CM012196.1
1277659	1287207	374935	365385	9549	9551	99.95	1838362	2138808	0.52	0.45	NC_030999.1	CM012196.1
1287997	1293019	364657	359639	5023	5019	99.62	1838362	2138808	0.27	0.23	NC_030999.1	CM012196.1
1293415	1299709	359382	353091	6295	6292	99.92	1838362	2138808	0.34	0.29	NC_030999.1	CM012196.1
1298717	1324718	328090	354082	26002	25993	99.92	1838362	2138808	1.41	1.22	NC_030999.1	CM012196.1
1323726	1328667	329076	324146	4942	4931	99.60	1838362	2138808	0.27	0.23	NC_030999.1	CM012196.1
1342839	1345611	545583	542816	2773	2768	97.34	1838362	2138808	0.15	0.13	NC_030999.1	CM012196.1
1344487	1356762	296699	308965	12276	12267	98.79	1838362	2138808	0.67	0.57	NC_030999.1	CM012196.1
1357766	1368132	657011	667375	10367	10365	99.75	1838362	2138808	0.56	0.48	NC_030999.1	CM012196.1
1377471	1384377	796945	790039	6907	6907	100.00	1838362	1573990	0.38	0.44	NC_030999.1	RBXW01000022.1
1387471	1397836	690277	700642	10366	10366	99.94	1838362	2138808	0.56	0.48	NC_030999.1	CM012196.1
1398085	1472309	700870	775089	74225	74220	99.97	1838362	2138808	4.04	3.47	NC_030999.1	CM012196.1
1474056	1476225	776692	778861	2170	2170	99.91	1838362	2138808	0.12	0.10	NC_030999.1	CM012196.1
1478178	1486760	875019	866424	8583	8596	99.79	1838362	2138808	0.47	0.40	NC_030999.1	CM012196.1
1487856	1492073	859337	855121	4218	4217	99.98	1838362	2138808	0.23	0.20	NC_030999.1	CM012196.1
1493486	1495462	853844	851871	1977	1974	99.49	1838362	2138808	0.11	0.09	NC_030999.1	CM012196.1
1537606	1543740	54400	48266	6135	6135	100.00	1838362	312224	0.33	1.96	NC_030999.1	RBXW01000024.1
1543739	1567289	263306	239754	23551	23553	99.88	1838362	2138808	1.28	1.10	NC_030999.1	CM012196.1
1567413	1583401	239351	223359	15989	15993	99.58	1838362	2138808	0.87	0.75	NC_030999.1	CM012196.1
1583388	1631195	222707	174912	47808	47796	99.72	1838362	2138808	2.60	2.23	NC_030999.1	CM012196.1
1631826	1637265	1425573	1430988	5440	5416	98.90	1838362	1573990	0.30	0.34	NC_030999.1	RBXW01000022.1
1637252	1668428	168771	137587	31177	31185	99.92	1838362	2138808	1.70	1.46	NC_030999.1	CM012196.1
1668616	1674846	137423	131193	6231	6231	100.00	1838362	2138808	0.34	0.29	NC_030999.1	CM012196.1
1675047	1685303	131019	120762	10257	10258	99.66	1838362	2138808	0.56	0.48	NC_030999.1	CM012196.1
1694235	1720361	111244	85128	26127	26117	99.76	1838362	2138808	1.42	1.22	NC_030999.1	CM012196.1
1720493	1770751	84998	34745	50259	50254	99.99	1838362	2138808	2.73	2.35	NC_030999.1	CM012196.1
1777157	1778795	2354707	2353069	1639	1639	99.94	1838362	2918466	0.09	0.06	NC_030999.1	CM012195.1
1780898	1784975	25148	21071	4078	4078	100.00	1838362	2138808	0.22	0.19	NC_030999.1	CM012196.1
1784968	1792625	20311	12654	7658	7658	100.00	1838362	2138808	0.42	0.36	NC_030999.1	CM012196.1
1815963	1818816	47016	49849	2854	2834	99.09	1838362	49849	0.16	5.69	NC_030999.1	RBXW01000010.1
1828032	1835979	22986	30930	7948	7945	99.96	1838362	49849	0.43	15.94	NC_030999.1	RBXW01000010.1
1835964	1837005	31590	32631	1042	1042	100.00	1838362	49849	0.06	2.09	NC_030999.1	RBXW01000010.1
1837005	1838362	38738	40095	1358	1358	100.00	1838362	49849	0.07	2.72	NC_030999.1	RBXW01000010.1
2072	10947	1896	10770	8876	8875	99.99	2434640	3452555	0.36	0.26	NC_031000.1	CM012194.1
11082	115478	1920117	1815741	104397	104377	99.95	2434640	1929982	4.29	5.41	NC_031000.1	RBXW01000017.1
115467	126833	1814986	1803622	11367	11365	99.98	2434640	1929982	0.47	0.59	NC_031000.1	RBXW01000017.1
209939	256045	1206377	1160273	46107	46105	99.96	2434640	2135404	1.89	2.16	NC_031000.1	RBXW01000007.1
351875	355320	1068866	1065421	3446	3446	100.00	2434640	2135404	0.14	0.16	NC_031000.1	RBXW01000007.1
358510	387564	1061426	1032375	29055	29052	99.97	2434640	2135404	1.19	1.36	NC_031000.1	RBXW01000007.1
501183	531493	1804253	1773950	30311	30304	99.75	2434640	1929982	1.24	1.57	NC_031000.1	RBXW01000017.1
532187	587966	1773339	1717575	55780	55765	99.96	2434640	1929982	2.29	2.89	NC_031000.1	RBXW01000017.1
629835	634134	1161631	1157332	4300	4300	100.00	2434640	2135404	0.18	0.20	NC_031000.1	RBXW01000007.1
639031	729057	1157338	1067334	90027	90005	99.85	2434640	2135404	3.70	4.21	NC_031000.1	RBXW01000007.1
729268	763507	1067142	1032907	34240	34236	99.94	2434640	2135404	1.41	1.60	NC_031000.1	RBXW01000007.1
764507	770061	1000035	994481	5555	5555	100.00	2434640	2135404	0.23	0.26	NC_031000.1	RBXW01000007.1
770162	777202	998783	991743	7041	7041	99.99	2434640	2135404	0.29	0.33	NC_031000.1	RBXW01000007.1
772060	784354	970582	982876	12295	12295	99.99	2434640	2135404	0.51	0.58	NC_031000.1	RBXW01000007.1
784621	790461	983103	988943	5841	5841	100.00	2434640	2135404	0.24	0.27	NC_031000.1	RBXW01000007.1
793083	793437	991566	991920	355	355	99.44	2434640	2135404	0.01	0.02	NC_031000.1	RBXW01000007.1
793259	794416	970761	969604	1158	1158	100.00	2434640	2135404	0.05	0.05	NC_031000.1	RBXW01000007.1
795813	810137	968614	954290	14325	14325	99.62	2434640	2135404	0.59	0.67	NC_031000.1	RBXW01000007.1
886928	921865	877763	842828	34938	34936	99.99	2434640	2135404	1.44	1.64	NC_031000.1	RBXW01000007.1
963736	966458	802321	799598	2723	2724	99.96	2434640	2135404	0.11	0.13	NC_031000.1	RBXW01000007.1
969154	988795	796903	777274	19642	19630	99.72	2434640	2135404	0.81	0.92	NC_031000.1	RBXW01000007.1
1001806	1010350	771768	763225	8545	8544	99.98	2434640	2135404	0.35	0.40	NC_031000.1	RBXW01000007.1
1042785	1048615	763229	757398	5831	5832	99.73	2434640	2135404	0.24	0.27	NC_031000.1	RBXW01000007.1
1048715	1122705	756237	682251	73991	73987	99.97	2434640	2135404	3.04	3.46	NC_031000.1	RBXW01000007.1
1123079	1128271	681975	676786	5193	5190	99.94	2434640	2135404	0.21	0.24	NC_031000.1	RBXW01000007.1
1164111	1226830	646008	583348	62720	62661	99.86	2434640	2135404	2.58	2.93	NC_031000.1	RBXW01000007.1
1226975	1252708	583340	557650	25734	25691	99.77	2434640	2135404	1.06	1.20	NC_031000.1	RBXW01000007.1
1252919	1312702	557460	497683	59784	59778	99.99	2434640	2135404	2.46	2.80	NC_031000.1	RBXW01000007.1
1315163	1317658	497554	495061	2496	2494	99.84	2434640	2135404	0.10	0.12	NC_031000.1	RBXW01000007.1
1436301	1469543	369869	336628	33243	33242	99.99	2434640	2135404	1.37	1.56	NC_031000.1	RBXW01000007.1
1469536	1503710	335868	301686	34175	34183	99.81	2434640	2135404	1.40	1.60	NC_031000.1	RBXW01000007.1
1503698	1517460	295656	281898	13763	13759	99.85	2434640	2135404	0.57	0.64	NC_031000.1	RBXW01000007.1
1518397	1626261	280871	173080	107865	107792	99.88	2434640	2135404	4.43	5.05	NC_031000.1	RBXW01000007.1
1644722	1690800	151064	104990	46079	46075	99.90	2434640	2135404	1.89	2.16	NC_031000.1	RBXW01000007.1
1689603	1695729	100064	106187	6127	6124	99.95	2434640	2135404	0.25	0.29	NC_031000.1	RBXW01000007.1
1709868	1721890	85990	73973	12023	12018	99.84	2434640	2135404	0.49	0.56	NC_031000.1	RBXW01000007.1
1722890	1728537	2556941	2551294	5648	5648	99.56	2434640	5801746	0.23	0.10	NC_031000.1	RBXW01000002.1
1728638	1737350	2553921	2545224	8713	8698	99.40	2434640	5801746	0.36	0.15	NC_031000.1	RBXW01000002.1
1737449	1745699	2547323	2539073	8251	8251	99.98	2434640	5801746	0.34	0.14	NC_031000.1	RBXW01000002.1
1745797	1752809	2545214	2538202	7013	7013	99.97	2434640	5801746	0.29	0.12	NC_031000.1	RBXW01000002.1
1758498	1760641	3805084	3802941	2144	2144	100.00	2434640	5801746	0.09	0.04	NC_031000.1	RBXW01000002.1
1761637	1761739	42057	41955	103	103	95.19	2434640	2135404	0.00	0.00	NC_031000.1	RBXW01000007.1
1761735	1774974	41080	27839	13240	13242	99.76	2434640	2135404	0.54	0.62	NC_031000.1	RBXW01000007.1
1767930	1782181	2521973	2507721	14252	14253	99.67	2434640	5801746	0.59	0.25	NC_031000.1	RBXW01000002.1
1784760	1831398	2505378	2458859	46639	46520	99.68	2434640	5801746	1.92	0.80	NC_031000.1	RBXW01000002.1
1833178	1893832	2456943	2396322	60655	60622	99.69	2434640	5801746	2.49	1.04	NC_031000.1	RBXW01000002.1
1875645	1905307	516787	487138	29663	29650	99.93	2434640	516787	1.22	5.74	NC_031000.1	RBXW01000016.1
1905404	1999876	487022	392648	94473	94375	99.85	2434640	516787	3.88	18.26	NC_031000.1	RBXW01000016.1
2000336	2024681	392230	367887	24346	24344	99.97	2434640	516787	1.00	4.71	NC_031000.1	RBXW01000016.1
2025040	2060875	367683	331850	35836	35834	99.99	2434640	516787	1.47	6.93	NC_031000.1	RBXW01000016.1
2061154	2102125	331662	290694	40972	40969	99.99	2434640	516787	1.68	7.93	NC_031000.1	RBXW01000016.1
2105066	2132978	290702	262795	27913	27908	99.97	2434640	516787	1.15	5.40	NC_031000.1	RBXW01000016.1
2133738	2185495	262802	211101	51758	51702	99.82	2434640	516787	2.13	10.00	NC_031000.1	RBXW01000016.1
2185464	2245748	210656	150385	60285	60272	99.95	2434640	516787	2.48	11.66	NC_031000.1	RBXW01000016.1
2246835	2254112	149213	141940	7278	7274	99.84	2434640	516787	0.30	1.41	NC_031000.1	RBXW01000016.1
2263413	2263596	1325986	1326169	184	184	97.83	2434640	5801746	0.01	0.00	NC_031000.1	RBXW01000002.1
2266189	2275208	136295	127274	9020	9022	99.65	2434640	516787	0.37	1.75	NC_031000.1	RBXW01000016.1
2275309	2285994	129646	118962	10686	10685	99.99	2434640	516787	0.44	2.07	NC_031000.1	RBXW01000016.1
2287013	2309427	117768	95375	22415	22394	99.64	2434640	516787	0.92	4.33	NC_031000.1	RBXW01000016.1
2310660	2349317	95376	56746	38658	38631	99.84	2434640	516787	1.59	7.48	NC_031000.1	RBXW01000016.1
2349472	2353533	56659	52599	4062	4061	99.98	2434640	516787	0.17	0.79	NC_031000.1	RBXW01000016.1
2353825	2395255	52447	11030	41431	41418	99.93	2434640	516787	1.70	8.01	NC_031000.1	RBXW01000016.1
2425085	2429949	3240726	3235893	4865	4834	99.20	2434640	5801746	0.20	0.08	NC_031000.1	RBXW01000002.1
2429950	2434640	3236235	3231544	4691	4692	99.85	2434640	5801746	0.19	0.08	NC_031000.1	RBXW01000002.1
